id,ts,humedadSuelo,temperaturaSuelo,conductividad,iluminanciaPAR
lote-cultivo-03,2026-09-29T13:53:51.715Z,22,,,8736.5
lote-cultivo-03,2026-09-29T13:54:51.853Z,22,,,8834.5
lote-cultivo-03,2026-09-29T13:55:51.99Z,22,,,9153.9
lote-cultivo-01,2026-09-29T14:08:41.092Z,62.621521378556864,52.12557967709691,18.106130086021334,59.62220278794622
lote-cultivo-01,2026-09-29T14:09:55.63Z,36.7203110654779,48.961771654139426,68.07578546463748,27.07486429456359
lote-cultivo-03,2026-09-29T14:10:54.024Z,22,,,11543.5
lote-cultivo-03,2026-09-29T14:05:53.347Z,22,,,9390
lote-cultivo-03,2026-09-29T14:06:53.477Z,22,,,11585.5
lote-cultivo-03,2026-09-29T14:07:53.614Z,22,,,13088
lote-cultivo-01,2026-09-29T14:11:10.17Z,54.64175076518427,29.08806266144547,17.07669845664844,60.154921525099006
lote-cultivo-03,2026-09-29T14:12:54.281Z,22,,,11635.3
lote-cultivo-03,2026-09-29T14:13:54.413Z,22,,,10401.6
lote-cultivo-03,2026-09-29T14:14:54.551Z,22,,,10928.7
lote-cultivo-03,2026-09-29T14:15:54.68Z,22,,,12207.1
lote-cultivo-01,2026-09-29T14:17:22.814Z,55.78042632830964,50.35972652821313,56.70286010532243,76.60824495286866
lote-cultivo-03,2026-09-29T14:34:57.357Z,22,,,13892.8
lote-cultivo-01,2026-09-29T14:37:15.316Z,33.21066120235434,39.226034562437746,45.91993442391685,30.580453839271165
lote-cultivo-03,2026-09-29T14:37:57.763Z,22,,,13080.7
lote-cultivo-01,2026-09-29T14:38:29.848Z,63.746117462019456,26.26649561923443,79.81856536490984,56.13329141374573
lote-cultivo-01,2026-09-29T14:39:44.396Z,48.94157292194045,34.40054973749865,30.75598587719516,71.12855188005565
lote-cultivo-01,2026-09-29T14:40:58.933Z,11.249082212367291,44.93305016865109,64.32593531964012,38.551371411480304
lote-cultivo-03,2026-09-29T13:51:51.42Z,22,,,8826.5
lote-cultivo-03,2026-09-29T13:52:51.559Z,22,,,9527.1
lote-cultivo-03,2026-09-29T14:41:58.305Z,22,,,11468.6
lote-cultivo-01,2026-09-29T14:42:13.453Z,37.05899077616036,60.41356754915278,13.727437286758546,66.398764278366
lote-cultivo-03,2026-09-26T13:42:39.632Z,22,,,10140.8
lote-cultivo-01,2026-09-26T13:42:11.164Z,23.502851894838624,21.07559327178117,9.44428471691811,59.27554979316817
lote-cultivo-03,2026-09-26T13:41:39.496Z,22,,,10078.1
lote-cultivo-01,2026-09-26T13:40:56.646Z,50.44973384487158,46.71562635989078,59.71629299627376,42.29144163496347
lote-cultivo-03,2026-09-26T13:40:39.359Z,22,,,11086.5
lote-cultivo-01,2026-09-26T13:39:42.116Z,41.04961908963328,56.04265225189573,29.71899903064265,83.25131120252134
lote-cultivo-03,2026-09-26T13:39:39.215Z,22,,,8885.5
lote-cultivo-03,2026-09-26T13:38:39.078Z,22,,,10421.6
lote-cultivo-01,2026-09-26T13:38:27.595Z,6.788278055433078,71.12939446152127,67.16245959273502,26.76818279009911
lote-cultivo-03,2026-09-26T13:37:38.937Z,22,,,8992.2
lote-cultivo-01,2026-09-26T13:37:13.083Z,34.163358624020226,92.33485925324362,48.664161037405925,41.76247599176931
lote-cultivo-03,2026-09-26T13:36:38.813Z,22,,,11094.9
lote-cultivo-01,2026-09-26T13:35:58.57Z,75.72450643880484,76.17157062886317,64.32500981113466,47.89067565219528
lote-cultivo-03,2026-09-26T13:35:38.678Z,22,,,10052
lote-cultivo-01,2026-09-26T13:34:44.062Z,55.227429264917106,30.337928983611008,70.42108581665084,27.25199351316831
lote-cultivo-03,2026-09-26T13:34:38.527Z,22,,,8471.8
lote-cultivo-03,2026-09-26T13:33:38.402Z,22,,,8505.1
lote-cultivo-01,2026-09-26T13:33:29.535Z,38.14241960397172,11.38508594987332,25.77255078340561,97.08995417555316
lote-cultivo-03,2026-09-26T13:32:38.254Z,22,,,11056.3
lote-cultivo-01,2026-09-26T13:32:15.025Z,64.60796497003753,24.163496217566102,72.9048552059445,46.79291825901296
lote-cultivo-03,2026-09-26T13:31:38.113Z,22,,,10868.4
lote-cultivo-01,2026-09-26T13:31:00.495Z,53.74735451440619,36.75325376863028,14.510338290358824,45.99997690250382
lote-cultivo-03,2026-09-26T13:30:37.967Z,22,,,8100.5
lote-cultivo-01,2026-09-26T13:29:45.982Z,9.684878407645662,53.35853471514419,51.70128995239867,50.82159486669424
lote-cultivo-03,2026-09-26T13:29:37.842Z,22,,,7899.1
lote-cultivo-03,2026-09-26T13:28:37.687Z,22,,,9254.2
lote-cultivo-01,2026-09-26T13:28:31.459Z,25.935004656076917,78.71532699032365,41.67922096748311,6.552834792407588
lote-cultivo-03,2026-09-26T13:27:37.547Z,22,,,7617
lote-cultivo-01,2026-09-26T13:27:16.952Z,68.55758976191227,83.98730584341705,52.90090966480282,77.65556893312119
lote-cultivo-03,2026-09-26T13:26:37.418Z,22,,,8873.7
lote-cultivo-01,2026-09-26T13:26:02.423Z,55.9475891201167,64.91190572178101,60.54928001183809,56.198351581301424
lote-cultivo-03,2026-09-26T13:25:37.263Z,22,,,8273
lote-cultivo-01,2026-09-26T13:24:47.901Z,44.32893543767754,46.79946302142277,58.03014336990332,55.163314461956034
lote-cultivo-03,2026-09-26T13:24:37.133Z,22,,,8091.3
lote-cultivo-03,2026-09-26T13:23:36.983Z,22,,,8827.7
lote-cultivo-01,2026-09-26T13:23:33.392Z,78.12747233686494,30.209907481918265,68.36014798870642,65.22344509987356
lote-cultivo-03,2026-09-26T13:22:36.84Z,22,,,9885
lote-cultivo-01,2026-09-26T13:22:17.887Z,77.86483443078652,11.80641242792716,30.222857917516897,15.427615778391583
lote-cultivo-03,2026-09-26T13:21:36.701Z,22,,,7734
lote-cultivo-01,2026-09-26T13:21:03.376Z,31.193270043649868,25.012640835055063,66.31292596042148,56.56638543130479
lote-cultivo-03,2026-09-26T13:20:36.578Z,22,,,8118.6
lote-cultivo-01,2026-09-26T13:19:48.857Z,33.62023137143316,64.99229196110088,19.858221018103205,44.92156350146498
lote-cultivo-03,2026-09-26T13:19:36.433Z,22,,,9391.7
lote-cultivo-03,2026-09-26T13:18:36.279Z,22,,,7489.5
lote-cultivo-01,2026-09-26T13:18:34.34Z,69.87954778784002,79.63989730584936,43.86680582372235,53.239414943817806
lote-cultivo-03,2026-09-26T13:17:36.141Z,22,,,10085.7
lote-cultivo-01,2026-09-26T13:17:19.825Z,55.05111819027071,65.49389585265664,56.5452961267563,68.17058164002114
lote-cultivo-03,2026-09-26T13:16:35.995Z,22,,,9858.1
lote-cultivo-01,2026-09-26T13:16:05.305Z,36.36617595494776,61.91274713258505,34.70861022839251,34.37760873938064
lote-cultivo-03,2026-09-26T13:15:35.859Z,22,,,9916.5
lote-cultivo-01,2026-09-26T13:14:50.782Z,72.27169997647823,59.529935791023114,80.66399077383392,68.57976759487443
lote-cultivo-03,2026-09-26T13:14:35.719Z,22,,,9769.3
lote-cultivo-01,2026-09-26T13:13:36.253Z,85.3468841066574,32.96665943729986,43.60676444930441,35.186106394785654
lote-cultivo-03,2026-09-26T13:13:35.571Z,22,,,9045.4
lote-cultivo-03,2026-09-26T13:12:35.434Z,22,,,8198.3
lote-cultivo-01,2026-09-26T13:12:21.73Z,46.5241237363496,14.634992793886065,76.51485432439402,44.35530214416139
lote-cultivo-03,2026-09-26T13:11:35.289Z,22,,,8928.5
lote-cultivo-01,2026-09-26T13:11:07.213Z,46.223749814597845,33.48441314211357,27.435485777546532,55.58309758545732
lote-cultivo-03,2026-09-26T13:10:35.137Z,22,,,6830
lote-cultivo-01,2026-09-26T13:09:52.702Z,78.39679378053025,58.52080904736135,67.23191685569961,25.996744627895215
lote-cultivo-03,2026-09-26T13:09:34.999Z,22,,,7552.3
lote-cultivo-01,2026-09-26T13:08:38.187Z,56.604451581452906,66.58555606034486,19.03758045645526,85.85370072016936
lote-cultivo-03,2026-09-26T13:08:34.857Z,22,,,9243.6
lote-cultivo-03,2026-09-26T13:07:34.721Z,22,,,6988.8
lote-cultivo-01,2026-09-26T13:07:23.662Z,23.55269151916871,70.635517748824,44.12049429465555,48.725061536419965
lote-cultivo-03,2026-09-26T13:06:34.579Z,22,,,6671.9
lote-cultivo-01,2026-09-26T13:06:09.146Z,50.13652471249251,65.64991649906136,58.90438185000294,48.433827296775135
lote-cultivo-03,2026-09-26T13:05:34.446Z,22,,,9184.1
lote-cultivo-01,2026-09-26T13:04:54.625Z,67.9552461414549,43.76915735287892,28.277235579313487,56.96488724716862
lote-cultivo-03,2026-09-26T13:04:34.31Z,22,,,7947.8
lote-cultivo-01,2026-09-26T13:03:40.095Z,37.1790624610471,32.096303215042596,88.9830093206702,2.922316253842619
lote-cultivo-03,2026-09-26T13:03:34.168Z,22,,,8057.7
lote-cultivo-03,2026-09-26T13:02:34.031Z,22,,,8631.8
lote-cultivo-01,2026-09-26T13:02:25.588Z,40.99003750276054,41.6394104455493,34.32622002557833,71.86535069120778
lote-cultivo-03,2026-09-26T13:01:33.892Z,22,,,7740.7
lote-cultivo-01,2026-09-26T13:01:10.086Z,80.24540750166393,42.352661972578346,78.4544409206673,61.5555197672551
lote-cultivo-03,2026-09-26T13:00:33.739Z,22,,,8387.9
lote-cultivo-01,2026-09-26T12:59:55.57Z,64.55809146630584,40.85564153901931,30.032673433216715,53.585378713728026
lote-cultivo-03,2026-09-26T12:59:33.595Z,22,,,8388
lote-cultivo-01,2026-09-26T12:58:41.032Z,21.72359670883616,62.57170255710485,60.840684077585585,76.0908652393898
lote-cultivo-03,2026-09-26T12:58:33.45Z,22,,,7329.8
lote-cultivo-03,2026-09-26T12:57:33.316Z,22,,,7399.7
lote-cultivo-01,2026-09-26T12:57:26.501Z,34.82322961838194,78.1382747519612,21.53464593340988,8.274824932767476
lote-cultivo-03,2026-09-26T12:56:33.175Z,22,,,8582.8
lote-cultivo-01,2026-09-26T12:56:11.991Z,50.941678937834176,55.30475528934311,46.523249908156465,47.46731132629515
lote-cultivo-03,2026-09-26T12:55:33.034Z,22,,,6254.3
lote-cultivo-01,2026-09-26T12:54:57.471Z,20.204916630249027,31.70137543428836,55.92985534766676,50.06431127808523
lote-cultivo-03,2026-09-26T12:54:32.883Z,22,,,6755
lote-cultivo-01,2026-09-26T12:53:42.95Z,22.62954336594681,40.0500844451133,31.818238144051342,51.20604714732204
lote-cultivo-03,2026-09-26T12:53:32.75Z,22,,,6702.6
lote-cultivo-03,2026-09-26T12:52:32.62Z,22,,,8404.7
lote-cultivo-01,2026-09-26T12:52:28.428Z,72.14970248464157,49.514142880536546,88.79833488262094,82.94809431620722
lote-cultivo-03,2026-09-26T12:51:32.465Z,22,,,7902.9
lote-cultivo-01,2026-09-26T12:51:13.913Z,71.32753048328718,44.33945407678871,38.7579819344984,32.66168978757633
lote-cultivo-03,2026-09-26T12:50:32.335Z,22,,,7198.7
lote-cultivo-01,2026-09-26T12:49:59.385Z,32.78179717471271,50.97325144127836,70.27344412083349,52.561481589105455
lote-cultivo-03,2026-09-26T12:49:32.194Z,22,,,5864.9
lote-cultivo-01,2026-09-26T12:48:44.85Z,41.91637542714875,64.85636427856466,43.11738556248765,37.7396634373327
lote-cultivo-03,2026-09-26T12:48:32.021Z,22,,,6666.8
lote-cultivo-01,2026-09-26T12:47:30.335Z,55.29488012953606,59.60331139795092,45.65493717080921,41.08651679958697
lote-cultivo-01,2026-09-26T12:46:15.817Z,18.189582938321173,47.20102862298655,34.73811445545447,68.43515433009846
lote-cultivo-01,2026-09-26T12:45:01.295Z,10.058252025327354,43.77069484206553,38.555099945334334,33.787758723533386
lote-cultivo-01,2026-09-26T12:43:46.77Z,58.73334374716524,37.23245740429256,58.50873333550622,72.30414815435611
lote-cultivo-01,2026-09-26T12:42:32.265Z,68.54593809332378,35.59957129231029,32.05812017492324,45.948236276996965
lote-cultivo-01,2026-09-26T12:41:17.747Z,38.93612938940406,57.63643063545444,87.33620622344726,44.27967447771952
lote-cultivo-01,2026-09-26T12:40:03.229Z,54.46312513134719,74.37730890665199,41.897530118080425,64.19442749472071
lote-cultivo-01,2026-09-26T12:38:48.716Z,76.4242859959207,58.123878556742845,63.08789840600583,11.343924414465157
lote-cultivo-01,2026-09-26T12:37:34.196Z,40.44929171623061,42.46575045208863,56.34524469335753,66.84609490611889
lote-cultivo-01,2026-09-26T12:36:19.683Z,20.68168905879792,49.1496791296745,28.201504202437327,54.24128533759844
lote-cultivo-01,2026-09-26T12:35:05.175Z,58.61252138476096,44.69274541081379,52.77996596963083,52.048135367015114
lote-cultivo-01,2026-09-26T12:33:50.649Z,65.56220741733912,26.849002199901463,24.069842177471443,85.01342947139524
lote-cultivo-01,2026-09-26T12:32:36.137Z,33.997334736369034,37.34677179313823,67.73906280713514,10.233529566988214
lote-cultivo-01,2026-09-26T12:31:21.63Z,51.35028739428588,68.33283361096159,25.86425387056048,46.18909836448896
lote-cultivo-01,2026-09-26T12:30:07.098Z,85.67905562573758,75.32854237806042,92.59986127248784,45.82703218024318
lote-cultivo-01,2026-09-26T12:28:52.563Z,61.33521756419361,62.130340657716445,36.43827354041246,42.05738343177877
lote-cultivo-01,2026-09-26T12:27:38.057Z,40.70611955468339,52.53791418421825,67.0976836948296,95.83006985698022
lote-cultivo-01,2026-09-26T12:26:23.538Z,72.69257091330536,38.5537029162704,56.49456974121566,36.23148886875757
lote-cultivo-01,2026-09-26T12:25:09.015Z,73.82482089797591,23.801710537351443,23.97601564803689,47.218581701580774
lote-cultivo-01,2026-09-26T12:23:54.492Z,30.439532088573657,32.17627417943361,58.539388606603616,39.56106664522033
lote-cultivo-03,2026-09-26T12:22:51.659Z,22,,,5151.3
lote-cultivo-01,2026-09-26T12:22:39.98Z,35.943275765107366,51.579575717656056,20.713564570595015,27.79019202529404
lote-cultivo-03,2026-09-26T12:21:51.517Z,22,,,6108
lote-cultivo-01,2026-09-26T12:21:25.456Z,71.93919934101422,58.85275284314665,66.30015644487735,76.86161179782549
lote-cultivo-03,2026-09-26T12:20:51.375Z,22,,,5312.1
lote-cultivo-01,2026-09-26T12:20:10.949Z,57.11896244319432,68.99526797829283,30.378590633493424,45.12242698124755
lote-cultivo-03,2026-09-26T12:19:51.24Z,22,,,5524.8
lote-cultivo-01,2026-09-26T12:18:56.415Z,42.065101780581784,82.420513583637,88.02993277282951,63.95001036086288
lote-cultivo-03,2026-09-26T12:18:51.101Z,22,,,4646.1
lote-cultivo-03,2026-09-26T12:17:50.973Z,22,,,4719.7
lote-cultivo-01,2026-09-26T12:17:41.89Z,79.14302050520885,63.04143959808749,38.360598603203215,47.8594670228249
lote-cultivo-03,2026-09-26T12:16:50.83Z,22,,,4563.2
lote-cultivo-01,2026-09-26T12:16:27.374Z,85.67354113760749,22.075994769293455,67.75963346803678,34.6268645898353
lote-cultivo-03,2026-09-26T12:15:50.692Z,22,,,5279.5
lote-cultivo-01,2026-09-26T12:15:12.865Z,36.486798712193405,14.299670178373924,55.66710243666249,64.18039564612616
lote-cultivo-03,2026-09-26T12:14:50.552Z,22.04,,,5444.3
lote-cultivo-01,2026-09-26T12:13:58.328Z,27.165352286465616,36.646131769721464,23.843351612409805,25.827211246076924
lote-cultivo-03,2026-09-26T12:13:50.398Z,22.26,,,4910.8
lote-cultivo-03,2026-09-26T12:12:50.257Z,22.34,,,5000.2
lote-cultivo-01,2026-09-26T12:12:43.789Z,54.77621809146559,47.623351596269345,58.632011321668365,63.78386507137491
lote-cultivo-03,2026-09-26T12:11:50.134Z,22.37,,,4574.7
lote-cultivo-01,2026-09-26T12:11:29.261Z,38.39280033985051,55.7146539776431,24.138907617876676,51.33608590703515
lote-cultivo-03,2026-09-26T12:10:49.984Z,22.59,,,4504.3
lote-cultivo-01,2026-09-26T12:10:14.731Z,21.5258391898584,78.92973124499049,56.593191711263145,46.15603525933941
lote-cultivo-03,2026-09-26T12:09:49.848Z,22.72,,,4341
lote-cultivo-01,2026-09-26T12:09:00.208Z,63.62452150228876,85.57114937020191,45.82405977280249,82.90780335867778
lote-cultivo-03,2026-09-26T12:08:49.71Z,22.93,,,4584
lote-cultivo-03,2026-09-26T12:07:49.575Z,22.95,,,4317.6
lote-cultivo-01,2026-09-26T12:07:45.681Z,84.20524972228465,58.78358976029161,70.41241221290167,18.90673055381209
lote-cultivo-03,2026-09-26T12:06:49.428Z,23.05,,,4815.8
lote-cultivo-01,2026-09-26T12:06:31.168Z,43.15085417437769,31.382026673456448,54.05053459757355,50.461497282311726
lote-cultivo-03,2026-09-26T12:05:49.293Z,23.16,,,4481
lote-cultivo-01,2026-09-26T12:05:16.651Z,30.993584572311512,19.67776227802655,55.74615968743379,42.097532672897295
lote-cultivo-03,2026-09-26T12:04:49.162Z,23.26,,,4192.1
lote-cultivo-01,2026-09-26T12:04:02.132Z,55.00842960847265,16.850400274717487,65.27449063823435,33.24554662301697
lote-cultivo-03,2026-09-26T12:03:49.025Z,23.3,,,3459.7
lote-cultivo-03,2026-09-26T12:02:48.889Z,23.38,,,4718.9
lote-cultivo-01,2026-09-26T12:02:47.595Z,34.02563799854546,35.792616768442,14.85065340307463,98.39221188602122
lote-cultivo-03,2026-09-26T12:01:48.753Z,23.46,,,4197.4
lote-cultivo-01,2026-09-26T12:01:33.079Z,6.184152332695729,72.36439989546636,67.14509006236263,39.64250224447567
lote-cultivo-03,2026-09-26T12:00:48.616Z,23.61,,,3792.1
lote-cultivo-01,2026-09-26T12:00:18.556Z,42.11021620209785,85.74724501614402,18.718484404763423,51.70958179008062
lote-cultivo-03,2026-09-26T11:59:48.471Z,23.86,,,3505.8
lote-cultivo-01,2026-09-26T11:59:04.033Z,70.35108550977391,71.0721398601993,55.61972065800235,42.12398688043697
lote-cultivo-03,2026-09-26T11:58:48.329Z,24.03,,,4337.1
lote-cultivo-01,2026-09-26T11:57:49.488Z,40.02175868454079,61.74236228570987,53.85180711680929,12.76800748516245
lote-cultivo-03,2026-09-26T11:57:48.191Z,24.21,,,3797.6
lote-cultivo-03,2026-09-26T11:56:48.058Z,24.43,,,3361.7
lote-cultivo-01,2026-09-26T11:56:34.958Z,34.514793347805295,50.401104782028646,57.767107649220584,80.29732188872401
lote-cultivo-03,2026-09-26T11:55:47.909Z,24.52,,,3862.8
lote-cultivo-01,2026-09-26T11:55:20.436Z,67.44727853694692,17.58549184407224,66.87273477550525,51.740425735515046
lote-cultivo-03,2026-09-26T11:54:47.773Z,24.63,,,3223.5
lote-cultivo-01,2026-09-26T11:54:05.905Z,52.50450977551674,2.405812575874185,45.78315169071276,63.37381175997091
lote-cultivo-03,2026-09-26T11:53:47.634Z,24.76,,,3872
lote-cultivo-01,2026-09-26T11:52:51.378Z,17.075905804590814,35.50661657684934,72.67976591436461,56.42901498580157
lote-cultivo-03,2026-09-26T11:52:47.493Z,25.01,,,2949.2
lote-cultivo-03,2026-09-26T11:51:47.35Z,25.04,,,3110.7
lote-cultivo-01,2026-09-26T11:51:36.855Z,40.655845443508824,73.11026988850496,7.835621442534702,19.577207081868476
lote-cultivo-03,2026-09-26T11:50:47.195Z,25.05,,,3466.1
lote-cultivo-01,2026-09-26T11:50:22.337Z,64.76476802229986,79.46726024956034,75.44289169622137,59.92182225708288
lote-cultivo-03,2026-09-26T11:49:47.05Z,25.25,,,3337.1
lote-cultivo-01,2026-09-26T11:49:07.821Z,33.71102122855535,76.27114425744416,10.249524123493432,37.32691604149088
lote-cultivo-03,2026-09-26T11:48:46.913Z,25.28,,,2945.3
lote-cultivo-01,2026-09-26T11:47:53.303Z,28.59143878126853,70.28703643058292,61.25685938344933,62.166170862163725
lote-cultivo-03,2026-09-26T11:47:46.78Z,25.41,,,3208.2
lote-cultivo-03,2026-09-26T11:46:46.643Z,25.56,,,2923.9
lote-cultivo-01,2026-09-26T11:46:38.772Z,71.66752466543868,44.1316024004691,52.752051094027586,59.35692851218375
lote-cultivo-03,2026-09-26T11:45:46.503Z,25.75,,,2925.8
lote-cultivo-01,2026-09-26T11:45:24.252Z,71.77109183737839,17.52625032480053,55.24794718088851,38.47083699344765
lote-cultivo-03,2026-09-26T11:44:46.367Z,25.95,,,3288.3
lote-cultivo-01,2026-09-26T11:44:09.721Z,40.56288406148196,17.837373051812918,69.06717009540856,71.7736766574088
lote-cultivo-03,2026-09-26T11:43:46.22Z,26.03,,,2858
lote-cultivo-01,2026-09-26T11:42:55.2Z,59.22743458924115,31.783725318618533,47.48708543452281,27.67139688804624
lote-cultivo-03,2026-09-26T11:42:46.077Z,26.09,,,2809.2
lote-cultivo-03,2026-09-26T11:41:45.946Z,26.19,,,3169.9
lote-cultivo-01,2026-09-26T11:41:40.677Z,78.79792005458914,49.9765563545376,66.64595819788275,53.79616545455011
lote-cultivo-03,2026-09-26T11:40:45.791Z,26.26,,,2639.8
lote-cultivo-01,2026-09-26T11:40:26.161Z,39.25579771267639,79.78011017669235,16.1030999825695,46.20974474713684
lote-cultivo-03,2026-09-26T11:39:45.665Z,26.27,,,2362.1
lote-cultivo-01,2026-09-26T11:39:11.648Z,21.382933356627852,93.78828271641687,68.24316800539836,29.949560982281444
lote-cultivo-03,2026-09-26T11:38:45.528Z,26.38,,,2543.1
lote-cultivo-01,2026-09-26T11:37:57.128Z,61.72441507825624,65.65803831986314,15.390999070205304,89.7069451250429
lote-cultivo-03,2026-09-26T11:37:45.38Z,26.62,,,2599.6
lote-cultivo-03,2026-09-26T11:36:45.256Z,26.8,,,2340
lote-cultivo-01,2026-09-26T11:36:42.602Z,70.85171951729905,32.92507043889014,56.44992970978239,40.44034802436097
lote-cultivo-03,2026-09-26T11:35:45.111Z,26.84,,,2571.7
lote-cultivo-01,2026-09-26T11:35:28.087Z,47.00593758843905,30.248760790996045,58.962462998934285,58.639127440354486
lote-cultivo-03,2026-09-26T11:34:44.972Z,26.87,,,2388.8
lote-cultivo-01,2026-09-26T11:34:13.567Z,69.96148278900185,30.48748389276551,47.46383030691837,47.52982641138445
lote-cultivo-03,2026-09-26T11:33:44.828Z,26.97,,,2074.7
lote-cultivo-01,2026-09-26T11:32:59.052Z,95.69741322404356,23.04667114355432,75.26236328288581,5.727223887060771
lote-cultivo-03,2026-09-26T11:32:44.7Z,23.08,,,2312.4
lote-cultivo-03,2026-09-26T11:31:44.56Z,23.12,,,2208.8
lote-cultivo-01,2026-09-26T11:31:44.528Z,55.108621878038086,42.70874876525639,46.891679972076986,77.31622359055224
lote-cultivo-03,2026-09-26T11:30:44.417Z,23.19,,,2010.5
lote-cultivo-01,2026-09-26T11:30:30.013Z,23.833318980031805,80.41851234245192,60.20598435302767,49.13657495023736
lote-cultivo-03,2026-09-26T11:29:44.278Z,23.24,,,1739.6
lote-cultivo-01,2026-09-26T11:29:15.505Z,52.12103183570459,86.43308983920326,28.334768463415784,66.78388098569039
lote-cultivo-03,2026-09-26T11:28:44.137Z,23.39,,,2103.7
lote-cultivo-01,2026-09-26T11:28:00.999Z,57.53970073169257,63.1487071365402,54.18872806259193,69.16381725260324
lote-cultivo-03,2026-09-26T11:27:44.007Z,23.61,,,1523.1
lote-cultivo-01,2026-09-26T11:26:46.473Z,30.930828925379792,45.54252084564584,28.637776485360327,9.20079096773256
lote-cultivo-03,2026-09-26T11:26:43.851Z,23.81,,,1482
lote-cultivo-03,2026-09-26T11:25:43.726Z,23.99,,,1718.1
lote-cultivo-01,2026-09-26T11:25:31.965Z,54.5151947842887,32.725766191687875,43.751070612637264,55.58924426532338
lote-cultivo-03,2026-09-26T11:24:43.573Z,24.16,,,1734.8
lote-cultivo-01,2026-09-26T11:24:17.433Z,91.36583562863542,21.832806100689677,72.42884735991578,38.60445341660464
lote-cultivo-03,2026-09-26T11:23:43.444Z,24.33,,,1579.5
lote-cultivo-01,2026-09-26T11:23:02.914Z,61.815506605692704,32.866425961048044,31.985301766637946,58.68088232109406
lote-cultivo-03,2026-09-26T11:22:43.32Z,24.34,,,1660.2
lote-cultivo-01,2026-09-26T11:21:48.381Z,29.863108690736645,55.89812383038091,90.63944009754148,75.69519825570953
lote-cultivo-03,2026-09-26T11:21:43.175Z,24.43,,,1479.7
lote-cultivo-03,2026-09-26T11:20:43.03Z,24.54,,,1323.7
lote-cultivo-01,2026-09-26T11:20:33.853Z,53.16638892222812,63.32669599576739,35.51700159212412,33.55158087461832
lote-cultivo-03,2026-09-26T11:19:42.899Z,24.74,,,1448.7
lote-cultivo-01,2026-09-26T11:19:19.343Z,54.30953337650326,66.22780073329004,64.94693935561293,60.62761889892669
lote-cultivo-03,2026-09-26T11:18:42.756Z,24.85,,,1396.8
lote-cultivo-01,2026-09-26T11:18:04.816Z,17.35697903559219,73.76862697278375,30.235652378208556,31.75990676782327
lote-cultivo-03,2026-09-26T11:17:42.611Z,24.95,,,1028.5
lote-cultivo-01,2026-09-26T11:16:50.296Z,29.983293938357576,57.48807820559145,49.173837698529496,49.24646534120933
lote-cultivo-03,2026-09-26T11:16:42.46Z,25.01,,,993.4
lote-cultivo-03,2026-09-26T11:15:42.341Z,25.05,,,1060
lote-cultivo-01,2026-09-26T11:15:35.766Z,69.17632198663738,23.57511959606703,33.247851623069586,57.9049749427052
lote-cultivo-03,2026-09-26T11:14:42.19Z,25.13,,,1033.5
lote-cultivo-01,2026-09-26T11:14:21.237Z,50.28365422548035,21.985320424021733,40.641178922604624,33.799432612601116
lote-cultivo-03,2026-09-26T11:13:42.047Z,25.35,,,796
lote-cultivo-01,2026-09-26T11:13:06.705Z,25.599717023647973,49.11913439498189,75.49215976779425,77.16783332178146
lote-cultivo-03,2026-09-26T11:12:41.912Z,25.44,,,730.4
lote-cultivo-01,2026-09-26T11:11:52.155Z,56.27586408539288,57.48259223958632,26.79353714704475,39.70779578518317
lote-cultivo-03,2026-09-26T11:11:41.77Z,25.65,,,854.9
lote-cultivo-03,2026-09-26T11:10:41.633Z,25.71,,,741.8
lote-cultivo-01,2026-09-26T11:10:37.635Z,65.8075528224218,52.56607857245962,97.8273385360541,58.18309212117161
lote-cultivo-03,2026-09-26T11:09:41.493Z,25.83,,,593.6
lote-cultivo-01,2026-09-26T11:09:23.125Z,25.786564570409364,63.31241947385743,28.997703992484876,54.230192263006174
lote-cultivo-03,2026-09-26T11:08:41.36Z,26.03,,,562.8
lote-cultivo-01,2026-09-26T11:08:08.591Z,25.45752488191176,68.17046392628221,67.67917187095281,10.901161426539188
lote-cultivo-03,2026-09-26T11:07:41.22Z,26.06,,,541.8
lote-cultivo-01,2026-09-26T11:06:54.071Z,57.465496538697515,48.06767426563041,32.10831506509644,71.58866394341906
lote-cultivo-03,2026-09-26T11:06:41.081Z,26.24,,,469
lote-cultivo-03,2026-09-26T11:05:40.928Z,26.27,,,307.2
lote-cultivo-01,2026-09-26T11:05:39.537Z,38.18351553197986,33.12251476087595,45.48875694643037,42.37082842951903
lote-cultivo-03,2026-09-26T11:04:40.795Z,26.34,,,271.8
lote-cultivo-01,2026-09-26T11:04:25.016Z,13.263253269241094,37.80157412599803,34.63088836264205,66.64383702759385
lote-cultivo-03,2026-09-26T11:03:40.662Z,26.5,,,215.6
lote-cultivo-01,2026-09-26T11:03:10.487Z,50.754756397057285,43.29499311125696,43.93470634345352,78.3470746357474
lote-cultivo-03,2026-09-26T11:02:40.516Z,26.61,,,155.1
lote-cultivo-01,2026-09-26T11:01:55.967Z,76.12669073719745,51.898715626562094,68.23182471839566,9.147558772080558
lote-cultivo-03,2026-09-26T11:01:40.378Z,23.06,,,74.7
lote-cultivo-01,2026-09-26T11:00:41.446Z,45.67575229193632,67.61791723017036,35.00914134532855,54.97287010204901
lote-cultivo-03,2026-09-26T11:00:40.224Z,23.27,,,0
lote-cultivo-03,2026-09-26T10:59:40.095Z,23.45,,,0
lote-cultivo-01,2026-09-26T10:59:26.927Z,42.9487459735889,64.12214983375418,90.41823281401638,32.3758741316541
lote-cultivo-03,2026-09-26T10:58:39.939Z,23.46,,,0
lote-cultivo-01,2026-09-26T10:58:12.407Z,71.09908342333708,42.30766353304927,36.513342846246246,52.207986488456235
lote-cultivo-03,2026-09-26T10:57:39.805Z,23.49,,,0
lote-cultivo-01,2026-09-26T10:56:57.893Z,46.71814713658618,39.74072409057276,57.901377706919966,90.60582277701414
lote-cultivo-03,2026-09-26T10:56:39.673Z,23.62,,,0
lote-cultivo-01,2026-09-26T10:55:43.37Z,10.49362416906779,50.99141007753113,45.69633488199854,33.04514156795288
lote-cultivo-03,2026-09-26T10:55:39.538Z,23.85,,,0
lote-cultivo-03,2026-09-26T10:54:39.403Z,23.94,,,0
lote-cultivo-01,2026-09-26T10:54:28.849Z,41.481383324878834,43.28603176401456,30.226536919107375,57.51526395085536
lote-cultivo-03,2026-09-26T10:53:39.266Z,23.99,,,0
lote-cultivo-01,2026-09-26T10:53:14.324Z,73.9809505862301,37.336844750289025,47.38825203590984,30.93998352776599
lote-cultivo-03,2026-09-26T10:52:39.132Z,24.13,,,0
lote-cultivo-01,2026-09-26T10:51:59.803Z,53.282198291073435,60.44257995686555,37.174849790040774,36.24254548275343
lote-cultivo-03,2026-09-26T10:51:38.993Z,24.25,,,0
lote-cultivo-01,2026-09-26T10:50:45.281Z,55.63694433519593,75.62850235877082,68.0590078918458,71.19787011392664
lote-cultivo-03,2026-09-26T10:50:38.834Z,24.33,,,0
lote-cultivo-03,2026-09-26T10:49:38.695Z,24.41,,,0
lote-cultivo-01,2026-09-26T10:49:30.766Z,90.37595082427224,55.017489576825064,39.4457015556208,40.67711857899739
lote-cultivo-03,2026-09-26T10:48:38.557Z,24.6,,,0
lote-cultivo-01,2026-09-26T10:48:16.236Z,69.86580082635903,35.48533049861193,84.44957242303104,70.17515359562935
lote-cultivo-03,2026-09-26T10:47:38.417Z,24.84,,,0
lote-cultivo-01,2026-09-26T10:47:01.711Z,24.415081444955316,38.55283989035319,43.22701829564788,41.36771743343072
lote-cultivo-03,2026-09-26T10:46:38.293Z,24.93,,,0
lote-cultivo-01,2026-09-26T10:45:47.196Z,41.487720757913834,40.82615683365633,48.99271271007534,46.28374377691606
lote-cultivo-03,2026-09-26T10:45:38.14Z,24.94,,,0
lote-cultivo-03,2026-09-26T10:44:38.004Z,25.06,,,0
lote-cultivo-01,2026-09-26T10:44:32.656Z,68.1901251231791,42.321967962072485,58.8946748411619,58.84567347448735
lote-cultivo-03,2026-09-26T10:43:37.867Z,25.13,,,0
lote-cultivo-01,2026-09-26T10:43:18.147Z,44.88723224692139,58.11671449123704,13.468451037589416,23.01543939102136
lote-cultivo-03,2026-09-26T10:42:37.722Z,25.37,,,0
lote-cultivo-01,2026-09-26T10:42:03.631Z,45.09284774388903,68.69940680769984,64.23784936203883,67.44217779262213
lote-cultivo-03,2026-09-26T10:41:37.57Z,25.54,,,0
lote-cultivo-01,2026-09-26T10:40:49.125Z,87.25946947290748,61.0386071350394,24.19873561879065,40.048623944733755
lote-cultivo-03,2026-09-26T10:40:37.426Z,25.76,,,0
lote-cultivo-03,2026-09-26T10:39:37.288Z,25.91,,,0
lote-cultivo-01,2026-09-26T10:39:34.594Z,79.686261569298,55.19686730825529,74.87796910888017,59.885989995418385
lote-cultivo-03,2026-09-26T10:38:37.164Z,26.04,,,0
lote-cultivo-01,2026-09-26T10:38:20.063Z,37.326962158590845,48.82590188460752,36.93600410795288,78.65035648577847
lote-cultivo-03,2026-09-26T10:37:37.015Z,26.26,,,0
lote-cultivo-01,2026-09-26T10:37:05.538Z,49.050284488673014,26.68678617574817,85.85518228085017,17.496397331733366
lote-cultivo-03,2026-09-26T10:36:36.877Z,26.45,,,0
lote-cultivo-01,2026-09-26T10:35:51.023Z,70.82226892628279,19.109809058813156,40.939532657004506,58.42660745673734
lote-cultivo-03,2026-09-26T10:35:36.748Z,26.6,,,0
lote-cultivo-03,2026-09-26T10:34:36.594Z,26.65,,,0
lote-cultivo-01,2026-09-26T10:34:36.49Z,38.60900398142974,49.63401115647406,51.74550758705531,27.12426019259081
lote-cultivo-03,2026-09-26T10:33:36.468Z,26.65,,,0
lote-cultivo-01,2026-09-26T10:33:21.967Z,25.19288132639935,75.47259919262379,58.25367096699625,44.324065460542315
lote-cultivo-03,2026-09-26T10:32:36.323Z,26.87,,,0
lote-cultivo-01,2026-09-26T10:32:07.458Z,63.51408444074259,67.6406126706813,11.147392432034632,94.87656291177484
lote-cultivo-03,2026-09-26T10:31:36.19Z,27.04,,,0
lote-cultivo-01,2026-09-26T10:30:52.954Z,64.54033836811931,60.02325166384885,67.88044122484564,35.29545633587233
lote-cultivo-03,2026-09-26T10:30:36.037Z,27.08,,,0
lote-cultivo-01,2026-09-26T10:29:38.438Z,30.24176836924612,62.90658729673427,22.618828514066493,63.89743103978178
lote-cultivo-03,2026-09-26T10:29:35.884Z,27.28,,,0
lote-cultivo-03,2026-09-26T10:28:35.741Z,27.3,,,0
lote-cultivo-01,2026-09-26T10:28:23.916Z,47.724486160946704,44.5220020701634,71.69497085834738,30.09263375233168
lote-cultivo-03,2026-09-26T10:27:35.599Z,27.3,,,0
lote-cultivo-01,2026-09-26T10:27:09.396Z,77.57121723010853,16.973032794161465,43.63526654777129,21.321879536342287
lote-cultivo-03,2026-09-26T10:26:35.453Z,27.48,,,0
lote-cultivo-01,2026-09-26T10:25:54.875Z,46.10741826538304,21.058228035387543,78.95704710907174,78.2220285569643
lote-cultivo-03,2026-09-26T10:25:35.32Z,27.53,,,0
lote-cultivo-01,2026-09-26T10:24:40.358Z,20.63914716613286,46.67347953735271,44.56819548656217,43.77311032505486
lote-cultivo-03,2026-09-26T10:24:35.182Z,27.64,,,0
lote-cultivo-03,2026-09-26T10:23:35.049Z,27.69,,,0
lote-cultivo-01,2026-09-26T10:23:25.838Z,47.87724544517112,64.81784708111094,52.57991296524611,72.43645849233276
lote-cultivo-03,2026-09-26T10:22:34.893Z,27.89,,,0
lote-cultivo-01,2026-09-26T10:22:11.316Z,46.64616043061571,78.2373752260106,55.21195512524845,48.201987636550555
lote-cultivo-03,2026-09-26T10:21:34.75Z,27.99,,,0
lote-cultivo-01,2026-09-26T10:20:56.792Z,11.654478764288145,81.13904250955326,14.576994928779044,28.865348512322985
lote-cultivo-03,2026-09-26T10:20:34.62Z,28.06,,,0
lote-cultivo-01,2026-09-26T10:19:42.269Z,32.09823621718605,56.494797252745485,64.14224343244842,59.86458324806889
lote-cultivo-03,2026-09-26T10:19:34.467Z,28.18,,,0
lote-cultivo-03,2026-09-26T10:18:34.321Z,28.38,,,0
lote-cultivo-01,2026-09-26T10:18:27.742Z,75.53125454476637,28.441032243070545,29.02397516756944,31.632679872775338
lote-cultivo-03,2026-09-26T10:17:34.18Z,28.57,,,0
lote-cultivo-01,2026-09-26T10:17:13.233Z,57.4261436489822,25.729695889592303,59.80888561859968,66.46144824149181
lote-cultivo-03,2026-09-26T10:16:34.04Z,28.74,,,0
lote-cultivo-01,2026-09-26T10:15:58.701Z,33.00128480360923,28.78402345279232,60.706249807188286,48.478097367722434
lote-cultivo-03,2026-09-26T10:15:33.904Z,28.96,,,0
lote-cultivo-01,2026-09-26T10:14:44.184Z,56.46862771528285,28.810754580444197,59.848262592599625,48.6373064511798
lote-cultivo-03,2026-09-26T10:14:33.754Z,29.17,,,0
lote-cultivo-03,2026-09-26T10:13:33.606Z,29.4,,,0
lote-cultivo-01,2026-09-26T10:13:29.656Z,52.30913394385743,55.16922856777159,61.23663917757899,71.49428233351637
lote-cultivo-03,2026-09-26T10:12:33.468Z,29.51,,,0
lote-cultivo-01,2026-09-26T10:12:15.134Z,9.956271384463816,93.2669545596655,41.39270021125336,23.489794609203138
lote-cultivo-03,2026-09-26T10:11:33.321Z,29.7,,,0
lote-cultivo-01,2026-09-26T10:10:59.628Z,20.331810550151292,89.98063884960504,58.7798533375452,62.10901776090728
lote-cultivo-03,2026-09-26T10:10:33.176Z,29.86,,,0
lote-cultivo-01,2026-09-26T10:09:45.123Z,71.10121784003141,54.3970825945974,14.929267906737866,39.82134605815063
lote-cultivo-03,2026-09-26T10:09:33.035Z,29.95,,,0
lote-cultivo-03,2026-09-26T10:08:32.913Z,30.17,,,0
lote-cultivo-01,2026-09-26T10:08:29.622Z,67.03702850406543,33.51518817031743,65.9743715157484,36.45053209416284
lote-cultivo-03,2026-09-26T10:07:32.776Z,30.3,,,0
lote-cultivo-01,2026-09-26T10:07:15.116Z,44.93717067560484,26.455982185413234,31.708372511703935,89.69457334937792
lote-cultivo-03,2026-09-26T10:06:32.635Z,30.36,,,0
lote-cultivo-01,2026-09-26T10:05:59.615Z,66.96129225481603,17.203414463910416,58.76582973451424,33.01477150055283
lote-cultivo-03,2026-09-26T10:05:32.487Z,30.47,,,0
lote-cultivo-01,2026-09-26T10:04:45.109Z,73.70870138304907,27.716651623737555,74.74329733789648,60.050004479560194
lote-cultivo-03,2026-09-26T10:04:32.348Z,30.59,,,0
lote-cultivo-03,2026-09-26T10:03:32.194Z,30.77,,,0
lote-cultivo-01,2026-09-26T10:03:30.602Z,28.352215587118113,60.10240142510837,39.058412393953354,42.11954082076365
lote-cultivo-03,2026-09-26T10:02:32.052Z,30.8,,,0
lote-cultivo-01,2026-09-26T10:02:16.075Z,22.58337612786474,80.38731092384323,78.11388856103405,13.391861886612396
lote-cultivo-03,2026-09-26T10:01:31.91Z,31,,,0
lote-cultivo-01,2026-09-26T10:01:01.539Z,66.57801094792909,81.64186672836394,26.874280465978195,79.1648161473452
lote-cultivo-03,2026-09-26T10:00:31.774Z,31.09,,,0
lote-cultivo-01,2026-09-26T09:59:47.017Z,66.54817276099408,74.69116873375982,60.83503794540221,48.790480325430046
lote-cultivo-03,2026-09-26T09:59:31.636Z,31.19,,,0
lote-cultivo-01,2026-09-26T09:58:32.501Z,43.5148924157026,47.635630541248645,14.194973046282092,70.70424980823014
lote-cultivo-03,2026-09-26T09:58:31.506Z,31.19,,,0
lote-cultivo-03,2026-09-26T09:57:31.371Z,31.3,,,0
lote-cultivo-01,2026-09-26T09:57:17.981Z,71.11809711632179,11.52230385795145,66.65316827025156,56.5687888169084
lote-cultivo-03,2026-09-26T09:56:31.224Z,31.44,,,0
lote-cultivo-01,2026-09-26T09:56:03.451Z,89.62170500747455,11.060856138918728,29.30635643337868,13.714924696011844
lote-cultivo-03,2026-09-26T09:55:31.087Z,31.6,,,0
lote-cultivo-01,2026-09-26T09:54:48.944Z,48.77854027941538,41.90481464849842,60.907561031675584,54.360030421951464
lote-cultivo-03,2026-09-26T09:54:30.951Z,31.6,,,0
lote-cultivo-01,2026-09-26T09:53:34.417Z,34.28813594909125,57.9853946003728,74.84104886369214,37.66077152482425
lote-cultivo-03,2026-09-26T09:53:30.807Z,31.76,,,0
lote-cultivo-03,2026-09-26T09:52:30.669Z,31.87,,,0
lote-cultivo-01,2026-09-26T09:52:19.89Z,65.93338591900432,62.386869729683845,32.66667189890608,74.3714953349618
lote-cultivo-03,2026-09-26T09:51:30.532Z,32.1,,,0
lote-cultivo-01,2026-09-26T09:51:04.387Z,62.241201743844634,80.99106603809125,85.73593632098728,65.51750538218732
lote-cultivo-03,2026-09-26T09:50:30.392Z,32.29,,,0
lote-cultivo-01,2026-09-26T09:49:49.866Z,29.737954686050845,83.74790799949136,19.67118042374352,33.782720536730096
lote-cultivo-03,2026-09-26T09:49:30.255Z,32.32,,,0
lote-cultivo-01,2026-09-26T09:48:35.347Z,51.526762886492165,48.08284940112984,60.13502367183053,57.2813020615951
lote-cultivo-03,2026-09-26T09:48:30.118Z,32.51,,,0
lote-cultivo-03,2026-09-26T09:47:29.978Z,32.67,,,0
lote-cultivo-01,2026-09-26T09:47:20.822Z,80.60217597617745,17.0275071296231,20.46103789393034,19.95098009850648
lote-cultivo-03,2026-09-26T09:46:29.85Z,32.8,,,0
lote-cultivo-01,2026-09-26T09:46:06.306Z,51.36490049428033,20.288504934995338,59.71145738172977,63.41015601083875
lote-cultivo-03,2026-09-26T09:45:29.696Z,33.03,,,0
lote-cultivo-01,2026-09-26T09:44:51.786Z,36.81625776520557,34.13331280131712,34.57011151455926,59.07260679862235
lote-cultivo-03,2026-09-26T09:44:29.554Z,33.19,,,0
lote-cultivo-01,2026-09-26T09:43:37.258Z,71.02444483897906,48.6552177353027,62.60483347089703,36.94866044663186
lote-cultivo-03,2026-09-26T09:43:29.409Z,33.26,,,0
lote-cultivo-03,2026-09-26T09:42:29.283Z,33.41,,,0
lote-cultivo-01,2026-09-26T09:42:22.721Z,65.09352665932512,71.18965646281295,71.60826021631553,80.32257561606232
lote-cultivo-03,2026-09-26T09:41:29.109Z,33.47,,,0
lote-cultivo-01,2026-09-26T09:41:08.188Z,20.73795867341471,80.1474048877496,37.66626333648161,26.125262186074888
lote-cultivo-03,2026-09-26T09:40:28.967Z,33.66,,,0
lote-cultivo-01,2026-09-26T09:39:53.659Z,29.144202527388835,64.01922033760606,81.3875222786688,57.62760396330546
lote-cultivo-03,2026-09-26T09:39:28.839Z,33.73,,,0
lote-cultivo-01,2026-09-26T09:38:39.154Z,57.548884412816456,49.60009279785142,25.50023807468064,53.82872674931648
lote-cultivo-03,2026-09-26T09:38:28.691Z,33.88,,,0
lote-cultivo-03,2026-09-26T09:37:28.567Z,33.95,,,0
lote-cultivo-01,2026-09-26T09:37:24.627Z,35.075892972250564,41.77825495146429,50.15913334588311,15.99389249687438
lote-cultivo-03,2026-09-26T09:36:28.43Z,34.02,,,0
lote-cultivo-01,2026-09-26T09:36:10.109Z,25.96639089297708,23.62042320763509,35.482799132511836,78.56425945987421
lote-cultivo-03,2026-09-26T09:35:28.29Z,34.11,,,0
lote-cultivo-01,2026-09-26T09:34:55.586Z,69.65752636320869,19.466343965918263,42.235793820342586,41.78126005155557
lote-cultivo-03,2026-09-26T09:34:28.151Z,34.17,,,0
lote-cultivo-01,2026-09-26T09:33:41.052Z,75.11071259734076,52.26845985123754,49.851164895934765,64.75582198960423
lote-cultivo-03,2026-09-26T09:33:28.017Z,34.26,,,0
lote-cultivo-03,2026-09-26T09:32:27.863Z,34.36,,,0
lote-cultivo-01,2026-09-26T09:32:26.533Z,30.223152941962145,79.34889741521441,52.54946218730166,68.56271281307578
lote-cultivo-03,2026-09-26T09:31:27.737Z,34.4,,,0
lote-cultivo-01,2026-09-26T09:31:12.028Z,28.27876571744497,67.70985545994402,76.21121205737398,11.091056363992768
lote-cultivo-03,2026-09-26T09:30:27.584Z,34.52,,,0
lote-cultivo-01,2026-09-26T09:29:57.497Z,50.29337928136888,53.12573750700024,36.13343059553632,54.71680802877298
lote-cultivo-03,2026-09-26T09:29:27.447Z,34.53,,,0
lote-cultivo-01,2026-09-26T09:28:42.98Z,24.216334038341568,55.43040521478557,81.93188237957307,35.632603698398775
lote-cultivo-03,2026-09-26T09:28:27.314Z,34.77,,,0
lote-cultivo-01,2026-09-26T09:27:28.466Z,10.318466784406592,45.19858732117598,26.87232040832211,63.7356303482291
lote-cultivo-03,2026-09-26T09:27:27.169Z,34.78,,,0
lote-cultivo-03,2026-09-26T09:26:27.044Z,35.02,,,0
lote-cultivo-01,2026-09-26T09:26:13.941Z,58.06903237704363,26.20991889006703,44.74077007699327,81.17499502316531
lote-cultivo-03,2026-09-26T09:25:26.895Z,35.16,,,0
lote-cultivo-01,2026-09-26T09:24:59.424Z,78.2314069785755,32.8676314067594,46.827959129941945,34.845657538993805
lote-cultivo-03,2026-09-26T09:24:26.768Z,35.31,,,0
lote-cultivo-01,2026-09-26T09:23:44.907Z,43.71628680218445,54.41275333105573,26.260017843592458,52.57293485568937
lote-cultivo-03,2026-09-26T09:23:26.616Z,35.42,,,0
lote-cultivo-01,2026-09-26T09:22:30.402Z,43.85827412234327,62.57461610037627,66.1238223431971,20.890145775127586
lote-cultivo-03,2026-09-26T09:22:26.49Z,35.48,,,0
lote-cultivo-03,2026-09-26T09:21:26.336Z,35.51,,,0
lote-cultivo-01,2026-09-26T09:21:15.885Z,67.45370328846363,64.68363990639018,39.5108064995369,51.08875493227046
lote-cultivo-03,2026-09-26T09:20:26.208Z,35.62,,,0
lote-cultivo-01,2026-09-26T09:20:01.369Z,38.444193316181966,63.36532029412392,84.38076358041793,68.84936756409307
lote-cultivo-03,2026-09-26T09:19:26.054Z,35.63,,,0
lote-cultivo-01,2026-09-26T09:18:46.846Z,12.027742291339187,44.98629402446144,30.920658068702107,45.914855514641104
lote-cultivo-03,2026-09-26T09:18:25.92Z,35.87,,,0
lote-cultivo-01,2026-09-26T09:17:32.336Z,50.50429485340775,30.31106050477204,87.16626663491928,74.52007535031647
lote-cultivo-03,2026-09-26T09:17:25.777Z,36.03,,,0
lote-cultivo-03,2026-09-26T09:16:25.656Z,36.15,,,0
lote-cultivo-01,2026-09-26T09:16:17.834Z,73.42384640608046,42.93568952916466,21.285797342995227,24.68103668306249
lote-cultivo-03,2026-09-26T09:15:25.516Z,36.38,,,0
lote-cultivo-01,2026-09-26T09:15:03.316Z,44.589752153587234,54.61180408950853,49.56186213852105,49.666745816608824
lote-cultivo-03,2026-09-26T09:14:25.38Z,36.45,,,0
lote-cultivo-01,2026-09-26T09:13:48.792Z,49.95771219444665,46.75213766826351,45.40494852416986,56.4665602737574
lote-cultivo-03,2026-09-26T09:13:25.227Z,36.51,,,0
lote-cultivo-01,2026-09-26T09:12:34.269Z,84.36148426635349,51.47618643160838,23.909415919819647,25.7459782653531
lote-cultivo-03,2026-09-26T09:12:25.085Z,36.67,,,0
lote-cultivo-03,2026-09-26T09:11:24.953Z,33.35,,,0
lote-cultivo-01,2026-09-26T09:11:19.749Z,63.66577605941224,70.15449204308784,69.17355413081907,79.87758954516296
lote-cultivo-03,2026-09-26T09:10:24.797Z,33.51,,,0
lote-cultivo-01,2026-09-26T09:10:05.223Z,31.3787927722011,60.44783310408592,38.960076871186125,35.29592762430963
lote-cultivo-03,2026-09-26T09:09:24.657Z,33.54,,,0
lote-cultivo-01,2026-09-26T09:08:50.69Z,58.159560519487826,31.771493173780613,79.9961486545283,58.320956744054854
lote-cultivo-03,2026-09-26T09:08:24.519Z,33.65,,,0
lote-cultivo-01,2026-09-26T09:07:36.177Z,73.97584534098061,31.392416616725782,38.70543797285968,71.83892166666183
lote-cultivo-03,2026-09-26T09:07:24.368Z,33.74,,,0
lote-cultivo-03,2026-09-26T09:06:24.228Z,33.83,,,0
lote-cultivo-01,2026-09-26T09:06:21.653Z,37.75744052176511,50.48068785343089,79.64957928118925,14.225634075053032
lote-cultivo-03,2026-09-26T09:05:24.085Z,33.99,,,0
lote-cultivo-01,2026-09-26T09:05:07.135Z,36.90289087287423,55.08158511560304,26.02178050848913,62.542611650261456
lote-cultivo-03,2026-09-26T09:04:23.949Z,34.11,,,0
lote-cultivo-01,2026-09-26T09:03:52.612Z,77.52147035368043,55.97609551908565,47.785714508329306,30.994595673171755
lote-cultivo-03,2026-09-26T09:03:23.804Z,34.19,,,0
lote-cultivo-01,2026-09-26T09:02:38.1Z,71.96947709286829,64.58753872180958,45.87193409706827,50.49229329050269
lote-cultivo-03,2026-09-26T09:02:23.677Z,34.33,,,0
lote-cultivo-03,2026-09-26T09:01:23.532Z,34.48,,,0
lote-cultivo-01,2026-09-26T09:01:22.59Z,42.26454664423637,56.98372990888533,22.51087285821929,87.66584765982557
lote-cultivo-03,2026-09-26T09:00:23.378Z,34.57,,,0
lote-cultivo-01,2026-09-26T09:00:08.074Z,65.1871414220254,40.482225563864105,73.08037729188736,34.509356202504094
lote-cultivo-03,2026-09-26T08:59:23.23Z,34.75,,,0
lote-cultivo-01,2026-09-26T08:58:53.546Z,81.08130943615238,38.237333573669254,40.83886672351239,55.49999039416947
lote-cultivo-03,2026-09-26T08:58:23.088Z,34.76,,,0
lote-cultivo-01,2026-09-26T08:57:39.036Z,37.32032991997277,38.89908789712903,71.32747826494327,25.167889497838345
lote-cultivo-03,2026-09-26T08:57:22.948Z,34.81,,,0
lote-cultivo-01,2026-09-26T08:56:24.509Z,20.061771804322724,35.53074609277143,54.64467829436418,35.547704028243324
lote-cultivo-03,2026-09-26T08:56:22.816Z,34.9,,,0
lote-cultivo-03,2026-09-26T08:55:22.664Z,35.01,,,0
lote-cultivo-01,2026-09-26T08:55:10.002Z,55.60798261936991,53.375725863088356,59.39537845108846,75.79980452227441
lote-cultivo-03,2026-09-26T08:54:22.521Z,35.24,,,0
lote-cultivo-01,2026-09-26T08:53:55.477Z,55.62415972880101,81.21165228071135,41.74700527594205,51.57674152610946
lote-cultivo-03,2026-09-26T08:53:22.383Z,35.35,,,0
lote-cultivo-01,2026-09-26T08:52:40.95Z,31.96713728586477,73.5358873846903,35.67560207065096,74.35642671515814
lote-cultivo-03,2026-09-26T08:52:22.227Z,35.44,,,0
lote-cultivo-01,2026-09-26T08:51:26.431Z,60.99849711782902,42.83324507608332,54.91635970440531,29.386410533657457
lote-cultivo-03,2026-09-26T08:51:22.092Z,35.55,,,0
lote-cultivo-03,2026-09-26T08:50:21.937Z,35.67,,,0
lote-cultivo-01,2026-09-26T08:50:11.916Z,86.76737341065419,35.552652845228046,14.64833544084439,33.37058899186805
lote-cultivo-03,2026-09-26T08:49:21.803Z,35.75,,,0
lote-cultivo-01,2026-09-26T08:48:57.394Z,45.4387782552982,40.14991617942171,80.1179045026377,55.94650168822584
lote-cultivo-03,2026-09-26T08:48:21.666Z,35.94,,,0
lote-cultivo-01,2026-09-26T08:47:42.877Z,17.819361556041034,30.117334002611496,36.15964562722481,35.270352388452615
lote-cultivo-03,2026-09-26T08:47:21.51Z,36.09,,,0
lote-cultivo-01,2026-09-26T08:46:28.359Z,43.59952462690989,32.568491110655714,70.28155689555705,84.50902196208698
lote-cultivo-03,2026-09-26T08:46:21.378Z,36.18,,,0
lote-cultivo-03,2026-09-26T08:45:21.236Z,36.42,,,0
lote-cultivo-01,2026-09-26T08:45:13.825Z,40.14081042581499,62.74479844142197,62.5418401763563,40.513417891276035
lote-cultivo-03,2026-09-26T08:44:21.088Z,36.47,,,0
lote-cultivo-01,2026-09-26T08:43:59.31Z,12.530945236436002,81.88761029431461,46.85504916380668,45.61373907760399
lote-cultivo-03,2026-09-26T08:43:20.949Z,36.49,,,0
lote-cultivo-01,2026-09-26T08:42:44.765Z,41.94765068027394,72.75197142671733,54.78300494506206,64.9503640349421
lote-cultivo-03,2026-09-26T08:42:20.813Z,36.65,,,0
lote-cultivo-01,2026-09-26T08:41:30.244Z,80.32382125057767,57.45885048852719,25.75277710352938,16.918775264444292
lote-cultivo-03,2026-09-26T08:41:20.686Z,36.83,,,0
lote-cultivo-03,2026-09-26T08:40:20.545Z,37.06,,,0
lote-cultivo-01,2026-09-26T08:40:15.722Z,52.38268519966114,38.9153561855712,61.55583847434576,71.44089384823667
lote-cultivo-03,2026-09-26T08:39:20.412Z,31.49,,,0
lote-cultivo-01,2026-09-26T08:39:01.204Z,27.86005449228745,17.6139988925853,9.0283256013688,38.506457859094574
lote-cultivo-03,2026-09-26T08:38:20.274Z,31.58,,,0
lote-cultivo-01,2026-09-26T08:37:46.662Z,53.637613794098925,21.20891853845555,86.70159036686178,42.85834789941919
lote-cultivo-03,2026-09-26T08:37:20.126Z,31.74,,,0
lote-cultivo-01,2026-09-26T08:36:32.15Z,49.35404772507614,48.56234475341726,28.834271895374386,85.62185799845624
lote-cultivo-03,2026-09-26T08:36:19.972Z,31.96,,,0
lote-cultivo-03,2026-09-26T08:35:19.82Z,28.67,,,0
lote-cultivo-01,2026-09-26T08:35:17.63Z,12.16027020800184,63.379692639456785,75.66063751497568,29.740768281384568
lote-cultivo-03,2026-09-26T08:34:19.696Z,28.81,,,0
lote-cultivo-01,2026-09-26T08:34:03.113Z,30.250914726746732,67.54611294805628,61.294189522392806,64.10649832114849
lote-cultivo-03,2026-09-26T08:33:19.549Z,28.99,,,0
lote-cultivo-01,2026-09-26T08:32:48.571Z,69.6642950509127,81.30154130824084,44.836870685070494,33.77311029152084
lote-cultivo-03,2026-09-26T08:32:19.379Z,29.22,,,0
lote-cultivo-01,2026-09-26T08:31:34.051Z,50.25902079109505,76.37923721470422,56.87125822826944,23.348270237666775
lote-cultivo-03,2026-09-26T08:31:19.236Z,29.35,,,0
lote-cultivo-01,2026-09-26T08:30:19.52Z,32.15469626173778,34.56620928277747,27.53321438917027,77.06198479916284
lote-cultivo-03,2026-09-26T08:30:19.091Z,29.37,,,0
lote-cultivo-03,2026-09-26T08:29:18.945Z,29.37,,,0
lote-cultivo-01,2026-09-26T08:29:04.984Z,67.04224973303012,6.058434156728176,54.79747707071515,47.79868796922852
lote-cultivo-03,2026-09-26T08:28:18.791Z,29.56,,,0
lote-cultivo-01,2026-09-26T08:27:50.465Z,73.44620773321951,22.055248932018976,18.48750785230912,75.96641160259139
lote-cultivo-03,2026-09-26T08:27:18.661Z,29.66,,,0
lote-cultivo-01,2026-09-26T08:26:35.937Z,34.72345596192407,45.34678348148332,77.81130755751109,44.17033865069131
lote-cultivo-03,2026-09-26T08:26:18.508Z,29.8,,,0
lote-cultivo-01,2026-09-26T08:25:21.413Z,40.62401066260912,56.56445772870748,35.254316140599165,21.400270897801228
lote-cultivo-03,2026-09-26T08:25:18.366Z,30.03,,,0
lote-cultivo-03,2026-09-26T08:24:18.228Z,30.05,,,0
lote-cultivo-01,2026-09-26T08:24:06.892Z,71.76683675757924,74.99126224473424,70.54824865121829,52.218628665282054
lote-cultivo-03,2026-09-26T08:23:18.075Z,24.25,,,0
lote-cultivo-01,2026-09-26T08:22:52.374Z,47.936809940247485,87.54245224509324,67.2039761026412,36.785344273972235
lote-cultivo-01,2026-09-26T08:21:37.852Z,24.7042461880453,68.67834906336174,37.80168258956251,82.2574329182128
lote-cultivo-01,2026-09-26T08:20:23.338Z,63.04797852978139,38.99130998350659,62.67645117272443,54.81550503516398
lote-cultivo-01,2026-09-26T08:19:08.832Z,83.26210098902536,22.607656646296594,27.1230018609948,41.3028258896438
lote-cultivo-01,2026-09-26T08:17:54.319Z,53.25982179860198,13.960778366232374,47.90668033693018,55.083931289436784
lote-cultivo-01,2026-09-26T08:16:39.803Z,57.78773146858682,23.21198981492293,31.284940840457864,17.285013303742787
lote-cultivo-01,2026-09-26T08:15:25.287Z,86.09866612321363,61.41609980929241,62.44291823374961,72.03490505210767
lote-cultivo-01,2026-09-26T08:14:10.758Z,55.94042715206482,89.80315145762252,49.463009741789726,47.590272915031136
lote-cultivo-01,2026-09-26T08:12:56.246Z,18.299185043039255,78.3525844658864,57.728709558894664,44.584170615538895
lote-cultivo-01,2026-09-26T08:11:41.719Z,46.57892644665622,60.04502971565975,80.18854113035273,78.42671214174054
lote-cultivo-01,2026-09-26T08:10:27.203Z,69.95176083705968,53.904621213955814,23.71433946867663,22.551343219677975
lote-cultivo-01,2026-09-26T08:09:12.689Z,46.14290887508214,32.048537897346705,77.09411611915006,67.73595513027047
lote-cultivo-01,2026-09-26T08:07:58.171Z,54.85619105715459,5.418562639075632,16.26275819496506,41.99432438461718
lote-cultivo-01,2026-09-26T08:06:43.656Z,91.47126540080404,20.098307175389884,52.31615328417082,22.69262953743167
lote-cultivo-01,2026-09-26T08:05:29.115Z,67.20707872894074,61.532615518306535,33.365022424119196,77.72252058925696
lote-cultivo-01,2026-09-26T08:04:14.598Z,22.073963264321804,80.3434827885153,56.776097024239846,36.80005483179709
lote-cultivo-01,2026-09-26T08:03:00.089Z,37.958956589891514,77.79609426717215,54.58019054515925,75.44272740090008
lote-cultivo-01,2026-09-26T08:01:45.562Z,55.30548240414412,71.79876385673407,54.636858550920174,57.85798093646658
lote-cultivo-01,2026-09-26T08:00:31.049Z,26.72278598304643,51.250536161735425,82.38593149856919,16.521292051784858
lote-cultivo-01,2026-09-26T07:59:16.525Z,31.598685345591683,24.18063450817892,20.265607114003487,54.6581344914796
lote-cultivo-01,2026-09-26T07:58:02.016Z,75.87984037774933,20.236849348188088,82.71862484180117,30.35849245158807
lote-cultivo-03,2026-09-26T07:57:57.676Z,24.48,,,0
lote-cultivo-03,2026-09-26T07:56:57.506Z,24.66,,,0
lote-cultivo-01,2026-09-26T07:56:47.499Z,65.96935249956331,32.303897736026585,10.965937078942629,73.68477505784843
lote-cultivo-03,2026-09-26T07:55:57.372Z,24.85,,,0
lote-cultivo-01,2026-09-26T07:55:32.983Z,27.122633974511707,42.604324072380045,54.635363262053275,71.46144023403754
lote-cultivo-03,2026-09-26T07:54:57.229Z,24.91,,,0
lote-cultivo-01,2026-09-26T07:54:18.459Z,42.7049974135041,64.84653658517442,35.08205698874123,39.84433654614868
lote-cultivo-03,2026-09-26T07:53:57.093Z,25.12,,,0
lote-cultivo-01,2026-09-26T07:53:03.931Z,59.846442247052046,90.20221318569897,52.916468017470365,52.30758196181717
lote-cultivo-03,2026-09-26T07:52:56.966Z,25.19,,,0
lote-cultivo-03,2026-09-26T07:51:56.818Z,25.2,,,0
lote-cultivo-01,2026-09-26T07:51:49.414Z,24.46301776393963,77.39308762452359,56.057196373063555,16.130612559816758
lote-cultivo-03,2026-09-26T07:50:56.682Z,25.43,,,0
lote-cultivo-01,2026-09-26T07:50:34.9Z,16.247138026667375,38.87994174521357,57.95433761784754,60.94219210050396
lote-cultivo-03,2026-09-26T07:49:56.553Z,25.5,,,0
lote-cultivo-01,2026-09-26T07:49:20.38Z,56.4554534874268,27.06333900807015,74.57551958821324,58.95638362751152
lote-cultivo-03,2026-09-26T07:48:56.402Z,25.72,,,0
lote-cultivo-01,2026-09-26T07:48:05.869Z,54.122593953224154,36.24357085352312,30.006576726220104,51.1841153801964
lote-cultivo-03,2026-09-26T07:47:56.271Z,25.87,,,0
lote-cultivo-03,2026-09-26T07:46:56.13Z,26.03,,,0
lote-cultivo-01,2026-09-26T07:46:51.335Z,22.820632365637415,32.953081106237356,73.74446855828218,73.84829765311632
lote-cultivo-03,2026-09-26T07:45:55.992Z,26.11,,,0
lote-cultivo-01,2026-09-26T07:45:36.827Z,46.607568452205314,36.532119185941816,19.66955670020042,19.50314930478424
lote-cultivo-03,2026-09-26T07:44:55.87Z,26.31,,,0
lote-cultivo-01,2026-09-26T07:44:22.325Z,75.92372951406118,65.10806559708094,44.21094464480699,60.62067161188028
lote-cultivo-03,2026-09-26T07:43:55.713Z,26.39,,,0
lote-cultivo-01,2026-09-26T07:43:07.815Z,44.92459098456352,81.63219747719154,48.48051106420985,46.14328562041325
lote-cultivo-03,2026-09-26T07:42:55.57Z,26.41,,,0
lote-cultivo-03,2026-09-26T07:41:55.43Z,26.42,,,0
lote-cultivo-01,2026-09-26T07:41:53.296Z,27.485856318437545,66.654706551833,37.5355831211426,30.97535074730536
lote-cultivo-03,2026-09-26T07:40:55.278Z,26.66,,,0
lote-cultivo-01,2026-09-26T07:40:38.79Z,57.94484476520593,48.73574625375856,68.92270552247112,79.66013478024516
lote-cultivo-03,2026-09-26T07:39:55.137Z,26.9,,,0
lote-cultivo-01,2026-09-26T07:39:24.274Z,51.497948557656635,38.065480747637615,50.973527380519855,28.496390671698375
lote-cultivo-03,2026-09-26T07:38:55.001Z,27.15,,,0
lote-cultivo-01,2026-09-26T07:38:09.756Z,15.902352934223687,27.241521307543763,74.51539044053791,70.39073118415654
lote-cultivo-03,2026-09-26T07:37:54.871Z,27.35,,,0
lote-cultivo-01,2026-09-26T07:36:55.225Z,39.94884200276927,33.201295669775064,35.187562453529445,62.07534568697024
lote-cultivo-03,2026-09-26T07:36:54.731Z,24.01,,,0
lote-cultivo-03,2026-09-26T07:35:54.594Z,24.17,,,0
lote-cultivo-01,2026-09-26T07:35:40.709Z,81.59425548052455,56.47559390726984,67.09876638495236,18.595125570024894
lote-cultivo-03,2026-09-26T07:34:54.469Z,24.27,,,0
lote-cultivo-01,2026-09-26T07:34:26.194Z,63.538798403605114,63.68102348919299,26.916804970686577,63.6823932782641
lote-cultivo-03,2026-09-26T07:33:54.332Z,24.28,,,0
lote-cultivo-01,2026-09-26T07:33:11.678Z,48.32456093262707,55.9799026008111,35.4368272171303,22.861288972078075
lote-cultivo-03,2026-09-26T07:32:54.201Z,24.38,,,0
lote-cultivo-01,2026-09-26T07:31:57.164Z,77.09708060718877,61.598973020085026,60.63352483116054,63.274042727834015
lote-cultivo-03,2026-09-26T07:31:54.048Z,24.46,,,0
lote-cultivo-03,2026-09-26T07:30:53.925Z,24.69,,,0
lote-cultivo-01,2026-09-26T07:30:42.645Z,67.86169143018257,62.71617982359178,21.759168081400812,80.5528271591511
lote-cultivo-03,2026-09-26T07:29:53.773Z,24.71,,,0
lote-cultivo-01,2026-09-26T07:29:28.133Z,20.93724069860331,36.63337548745789,84.86505571996031,38.1060340211778
lote-cultivo-03,2026-09-26T07:28:53.636Z,24.78,,,0
lote-cultivo-01,2026-09-26T07:28:13.615Z,31.96733950929429,22.08532387529148,38.60739295275361,60.23990488015614
lote-cultivo-03,2026-09-26T07:27:53.502Z,24.91,,,0
lote-cultivo-01,2026-09-26T07:26:59.102Z,72.57093034268117,45.41233150259972,81.14398977080748,16.231074428561186
lote-cultivo-03,2026-09-26T07:26:53.37Z,24.95,,,0
lote-cultivo-03,2026-09-26T07:25:53.222Z,25.17,,,0
lote-cultivo-01,2026-09-26T07:25:44.599Z,60.68263813670725,64.79149839744453,33.35710788994305,44.20525418518342
lote-cultivo-03,2026-09-26T07:24:53.098Z,25.41,,,0
lote-cultivo-01,2026-09-26T07:24:30.094Z,49.59784606928566,57.21801697752708,67.96861309384538,67.23959325687994
lote-cultivo-03,2026-09-26T07:23:52.949Z,25.57,,,0
lote-cultivo-01,2026-09-26T07:23:15.568Z,85.19976104432062,53.522724548272315,25.008165425088652,53.760715269947426
lote-cultivo-03,2026-09-26T07:22:52.805Z,25.74,,,0
lote-cultivo-01,2026-09-26T07:22:01.064Z,84.63158027115257,58.06031649201893,38.45293179749107,76.27895514676065
lote-cultivo-03,2026-09-26T07:21:52.666Z,25.9,,,0
lote-cultivo-03,2026-09-26T07:20:52.512Z,25.91,,,0
lote-cultivo-01,2026-09-26T07:20:46.545Z,35.16972378672104,47.57275496211663,58.55587473638244,24.966665548526542
lote-cultivo-03,2026-09-26T07:19:52.375Z,26.07,,,0
lote-cultivo-01,2026-09-26T07:19:32.035Z,33.6042028490281,35.72684898900512,20.998317407211495,45.52106225683066
lote-cultivo-03,2026-09-26T07:18:52.224Z,26.14,,,0
lote-cultivo-01,2026-09-26T07:18:17.518Z,65.15023023560421,42.04303584415562,86.55737887367408,46.250005772237465
lote-cultivo-03,2026-09-26T07:17:52.088Z,26.36,,,0
lote-cultivo-01,2026-09-26T07:17:03.01Z,47.44578035129274,49.614434253878045,38.48990368235912,38.445390728474834
lote-cultivo-03,2026-09-26T07:16:51.942Z,26.52,,,0
lote-cultivo-03,2026-09-26T07:15:51.801Z,26.75,,,0
lote-cultivo-01,2026-09-26T07:15:48.493Z,29.5892616844596,52.93291294628829,76.95811833694971,82.11745167433884
lote-cultivo-03,2026-09-26T07:14:51.662Z,26.97,,,0
lote-cultivo-01,2026-09-26T07:14:33.983Z,66.9959027444662,65.53547887028802,41.476900502167254,31.51649406203836
lote-cultivo-03,2026-09-26T07:13:51.52Z,27.05,,,0
lote-cultivo-01,2026-09-26T07:13:19.456Z,79.38724366890364,67.47863918693803,59.90291161632532,62.16195202089699
lote-cultivo-03,2026-09-26T07:12:51.37Z,27.19,,,0
lote-cultivo-01,2026-09-26T07:12:04.937Z,39.218391942893035,41.70021596577882,29.880586798146503,56.66722950131374
lote-cultivo-03,2026-09-26T07:11:51.228Z,27.37,,,0
lote-cultivo-03,2026-09-26T07:10:51.107Z,27.38,,,0
lote-cultivo-01,2026-09-26T07:10:50.419Z,37.96736087038477,26.313146001254157,38.43671069309912,22.598999256630208
lote-cultivo-03,2026-09-26T07:09:50.969Z,27.41,,,0
lote-cultivo-01,2026-09-26T07:09:35.899Z,68.83394231265262,43.20086250299169,55.235987826391266,72.67300448727823
lote-cultivo-03,2026-09-26T07:08:50.82Z,27.51,,,0
lote-cultivo-01,2026-09-26T07:08:21.385Z,46.59721821676579,53.829541850992754,24.997888659837383,22.36771599059201
lote-cultivo-03,2026-09-26T07:07:50.681Z,27.64,,,0
lote-cultivo-01,2026-09-26T07:07:06.861Z,15.232714618086462,46.641756212478654,81.97335287158843,56.830992251426494
lote-cultivo-03,2026-09-26T07:06:50.556Z,27.85,,,0
lote-cultivo-01,2026-09-26T07:05:52.35Z,42.841736035298,56.90458436421658,45.46117511602033,78.43923869715276
lote-cultivo-03,2026-09-26T07:05:50.412Z,27.94,,,0
lote-cultivo-03,2026-09-26T07:04:50.285Z,28,,,0
lote-cultivo-01,2026-09-26T07:04:37.826Z,58.89439823474494,75.81907267588973,64.99416587580083,33.91513494644633
lote-cultivo-03,2026-09-26T07:03:50.134Z,28.17,,,0
lote-cultivo-01,2026-09-26T07:03:23.322Z,26.285187160389427,63.186890587977494,58.85730921692577,72.6224621467072
lote-cultivo-03,2026-09-26T07:02:50.001Z,28.2,,,0
lote-cultivo-01,2026-09-26T07:02:08.816Z,31.73921966953175,34.77485840054141,40.65969611148008,19.4320546409842
lote-cultivo-03,2026-09-26T07:01:49.857Z,28.31,,,0
lote-cultivo-01,2026-09-26T07:00:54.299Z,73.9279398458725,27.998889618068084,47.06878143757985,32.68732564692418
lote-cultivo-03,2026-09-26T07:00:49.719Z,28.33,,,0
lote-cultivo-03,2026-09-26T06:59:49.58Z,28.57,,,0
lote-cultivo-01,2026-09-26T06:59:39.79Z,60.22627541876434,32.88111971400165,27.87974956989407,71.06557786949251
lote-cultivo-03,2026-09-26T06:58:49.436Z,28.75,,,0
lote-cultivo-01,2026-09-26T06:58:24.286Z,22.23532635737122,40.65952620390839,60.243755609020674,48.67266274794205
lote-cultivo-03,2026-09-26T06:57:49.298Z,28.91,,,0
lote-cultivo-01,2026-09-26T06:57:09.773Z,38.21223783135603,61.28591162855436,24.42655026031136,81.32846188623213
lote-cultivo-03,2026-09-26T06:56:49.162Z,28.95,,,0
lote-cultivo-01,2026-09-26T06:55:55.242Z,52.59462395470816,78.12076865789321,84.37156590307798,34.86707525388174
lote-cultivo-03,2026-09-26T06:55:49.02Z,29.02,,,0
lote-cultivo-03,2026-09-26T06:54:48.879Z,29.05,,,0
lote-cultivo-01,2026-09-26T06:54:40.705Z,18.68664946596617,68.14916810834234,44.658494886319666,30.86437900622209
lote-cultivo-03,2026-09-26T06:53:48.737Z,29.23,,,0
lote-cultivo-01,2026-09-26T06:53:26.19Z,20.205346436342538,52.87875355611005,61.38682175618002,46.40997307777057
lote-cultivo-03,2026-09-26T06:52:48.61Z,29.47,,,0
lote-cultivo-01,2026-09-26T06:52:11.672Z,71.07426208673479,47.84893630629578,67.78097810113164,38.031935504216015
lote-cultivo-03,2026-09-26T06:51:48.468Z,29.57,,,0
lote-cultivo-01,2026-09-26T06:50:57.149Z,73.99409256306359,30.54077206343283,24.7967231284537,85.88895031430356
lote-cultivo-03,2026-09-26T06:50:48.319Z,29.6,,,0
lote-cultivo-03,2026-09-26T06:49:48.197Z,29.79,,,0
lote-cultivo-01,2026-09-26T06:49:42.643Z,41.88418590933983,11.74065232192011,61.1066659098546,45.07415314443956
lote-cultivo-03,2026-09-26T06:48:48.057Z,29.91,,,0
lote-cultivo-01,2026-09-26T06:48:28.125Z,55.9598632629033,33.01245086610117,17.395695888029003,51.766791048139005
lote-cultivo-03,2026-09-26T06:47:47.908Z,29.97,,,0
lote-cultivo-01,2026-09-26T06:47:13.608Z,68.62034602437367,74.3977148891206,65.72152884685781,49.0247559258117
lote-cultivo-03,2026-09-26T06:46:47.784Z,30.1,,,0
lote-cultivo-01,2026-09-26T06:45:59.089Z,27.5995203596136,82.53786392321707,21.691003070227687,19.7588044556036
lote-cultivo-03,2026-09-26T06:45:47.648Z,30.16,,,0
lote-cultivo-03,2026-09-26T06:44:47.505Z,30.22,,,0
lote-cultivo-01,2026-09-26T06:44:44.546Z,16.295430769880532,67.3601639108345,87.13011443995296,76.76156774244355
lote-cultivo-03,2026-09-26T06:43:47.375Z,30.31,,,0
lote-cultivo-01,2026-09-26T06:43:30.014Z,63.21046064777276,61.10857893437958,40.302358540523045,35.598555097078396
lote-cultivo-03,2026-09-26T06:42:47.228Z,30.4,,,0
lote-cultivo-01,2026-09-26T06:42:15.485Z,73.49552874665713,47.883484608232045,65.93787353603904,55.0297852077289
lote-cultivo-03,2026-09-26T06:41:47.075Z,30.57,,,0
lote-cultivo-01,2026-09-26T06:41:00.952Z,47.773402208535785,20.3237042652402,65.53365453580092,72.19719209027107
lote-cultivo-03,2026-09-26T06:40:46.938Z,30.79,,,0
lote-cultivo-03,2026-09-26T06:39:46.794Z,30.81,,,0
lote-cultivo-01,2026-09-26T06:39:46.417Z,67.05765025362545,13.855998322989093,24.289552255011102,24.06869170519144
lote-cultivo-03,2026-09-26T06:38:46.642Z,30.88,,,0
lote-cultivo-01,2026-09-26T06:38:31.9Z,88.76187195174128,36.11035587824074,62.083915201036824,75.40065496537028
lote-cultivo-03,2026-09-26T06:37:46.51Z,31.02,,,0
lote-cultivo-01,2026-09-26T06:37:17.387Z,49.64318270937527,59.13275686178454,19.747848533853745,29.61651283588865
lote-cultivo-03,2026-09-26T06:36:46.37Z,31.06,,,0
lote-cultivo-01,2026-09-26T06:36:02.858Z,26.752051551730165,77.81179572137572,58.105066977677545,32.03936516324341
lote-cultivo-03,2026-09-26T06:35:46.234Z,31.27,,,0
lote-cultivo-01,2026-09-26T06:34:48.336Z,61.879307799202785,89.59957533491621,32.860429992646985,72.21088490675224
lote-cultivo-03,2026-09-26T06:34:46.1Z,31.46,,,0
lote-cultivo-03,2026-09-26T06:33:45.965Z,31.51,,,0
lote-cultivo-01,2026-09-26T06:33:33.815Z,66.85880592706168,70.06857509066481,76.19755363783837,36.032059650112295
lote-cultivo-03,2026-09-26T06:32:45.836Z,31.75,,,0
lote-cultivo-01,2026-09-26T06:32:19.303Z,35.596468005158336,31.405853414121264,47.71075873286856,84.11242719091607
lote-cultivo-03,2026-09-26T06:31:45.695Z,31.75,,,0
lote-cultivo-01,2026-09-26T06:31:04.769Z,53.478438902678626,18.8206302406382,62.31498181304814,46.98942730496384
lote-cultivo-03,2026-09-26T06:30:45.553Z,31.85,,,0
lote-cultivo-01,2026-09-26T06:29:50.237Z,85.89222744334147,28.16408306040089,67.44802326514125,24.848099176895005
lote-cultivo-03,2026-09-26T06:29:45.417Z,32.09,,,0
lote-cultivo-03,2026-09-26T06:28:45.282Z,32.15,,,0
lote-cultivo-01,2026-09-26T06:28:35.728Z,58.56712253955572,29.514140716929877,22.738039900815323,50.34284365370604
lote-cultivo-03,2026-09-26T06:27:45.128Z,32.28,,,0
lote-cultivo-01,2026-09-26T06:27:21.217Z,36.487279148011325,42.34129925943612,62.699548695362765,28.887290394058812
lote-cultivo-03,2026-09-26T06:26:44.986Z,32.48,,,0
lote-cultivo-01,2026-09-26T06:26:06.685Z,67.97306716081852,81.16986061214868,23.302854936459443,81.05765061716733
lote-cultivo-03,2026-09-26T06:25:44.85Z,32.58,,,0
lote-cultivo-01,2026-09-26T06:24:52.156Z,68.77689466851598,98.2487604392054,47.822232761686,61.499321008020424
lote-cultivo-03,2026-09-26T06:24:44.725Z,32.73,,,0
lote-cultivo-03,2026-09-26T06:23:44.586Z,32.95,,,0
lote-cultivo-01,2026-09-26T06:23:37.64Z,25.583107322668564,68.79332001679248,49.059435544428595,47.88510206086591
lote-cultivo-03,2026-09-26T06:22:44.447Z,33.03,,,0
lote-cultivo-01,2026-09-26T06:22:23.115Z,30.431170240993083,36.449663047067595,57.47949579618098,48.09513645545781
lote-cultivo-03,2026-09-26T06:21:44.326Z,33.23,,,0
lote-cultivo-01,2026-09-26T06:21:08.604Z,62.93579355935365,25.74357646038648,64.43442355331467,15.850183697132875
lote-cultivo-03,2026-09-26T06:20:44.188Z,33.44,,,0
lote-cultivo-01,2026-09-26T06:19:54.098Z,44.1627046268209,19.376957407948083,49.45750047991597,67.94155892175603
lote-cultivo-03,2026-09-26T06:19:44.031Z,33.57,,,0
lote-cultivo-03,2026-09-26T06:18:43.901Z,33.7,,,0
lote-cultivo-01,2026-09-26T06:18:39.586Z,28.373127241534966,23.979689969813897,77.67601102688904,48.173105899975205
lote-cultivo-03,2026-09-26T06:17:43.76Z,33.72,,,0
lote-cultivo-01,2026-09-26T06:17:25.063Z,67.6742466457793,52.194549611214114,13.437766712015584,59.49609156697731
lote-cultivo-03,2026-09-26T06:16:43.621Z,33.84,,,0
lote-cultivo-01,2026-09-26T06:16:10.545Z,77.4135439651284,76.79559352056805,71.87231039208085,68.62788117177747
lote-cultivo-03,2026-09-26T06:15:54.829Z,26.72,,,0
lote-cultivo-01,2026-09-26T06:14:56.014Z,31.89843679885985,79.5355474180534,16.573188807779136,19.17062298887397
lote-cultivo-03,2026-09-26T06:14:54.664Z,26.85,,,0
lote-cultivo-03,2026-09-26T06:13:54.529Z,27.05,,,0
lote-cultivo-01,2026-09-26T06:13:41.49Z,24.452315441212107,75.35709326937787,49.17286765100149,69.62866031700612
lote-cultivo-03,2026-09-26T06:12:54.393Z,27.15,,,0
lote-cultivo-01,2026-09-26T06:12:26.975Z,49.45154853258193,59.10098823534638,53.7181971159544,34.718056446997345
lote-cultivo-03,2026-09-26T06:11:54.253Z,27.22,,,0
lote-cultivo-01,2026-09-26T06:11:12.439Z,28.63558556687035,22.556958831378324,48.89341300902923,39.47382348096588
lote-cultivo-03,2026-09-26T06:10:54.117Z,27.33,,,0
lote-cultivo-01,2026-09-26T06:09:57.912Z,10.329952132671044,5.527472172037931,72.4654365872122,74.63051763462138
lote-cultivo-03,2026-09-26T06:09:53.98Z,27.53,,,0
lote-cultivo-03,2026-09-26T06:08:53.827Z,27.56,,,0
lote-cultivo-01,2026-09-26T06:08:43.388Z,54.678337681566006,32.46477400161543,44.88212348177393,25.899998393075546
lote-cultivo-03,2026-09-26T06:07:53.688Z,27.64,,,0
lote-cultivo-01,2026-09-26T06:07:28.853Z,79.67153408715278,60.06019038929018,79.16056208034146,80.7583729068634
lote-cultivo-03,2026-09-26T06:06:53.536Z,27.69,,,0
lote-cultivo-01,2026-09-26T06:06:14.327Z,44.47974704012393,62.72731893885856,12.506677147230183,51.164261343953
lote-cultivo-03,2026-09-26T06:05:53.399Z,27.85,,,0
lote-cultivo-01,2026-09-26T06:04:59.805Z,36.9704480147378,70.48581731616605,74.568430727098,26.506461391881313
lote-cultivo-03,2026-09-26T06:04:53.261Z,28.06,,,0
lote-cultivo-03,2026-09-26T06:03:53.122Z,28.09,,,0
lote-cultivo-01,2026-09-26T06:03:45.284Z,61.08912899594354,81.70126938785502,12.650336242793884,60.235795223896574
lote-cultivo-03,2026-09-26T06:02:52.969Z,28.14,,,0
lote-cultivo-01,2026-09-26T06:02:30.756Z,36.98063389433655,60.53554103274264,51.80800659679944,18.666949943540047
lote-cultivo-03,2026-09-26T06:01:52.841Z,28.28,,,0
lote-cultivo-01,2026-09-26T06:01:16.239Z,7.271392733679735,24.610360120804007,54.04045892382605,73.23408549268308
lote-cultivo-03,2026-09-26T06:00:52.709Z,28.46,,,0
lote-cultivo-01,2026-09-26T06:00:01.705Z,43.74166005548064,17.947259370172,46.54504245330093,70.68067555444216
lote-cultivo-03,2026-09-26T05:59:52.563Z,28.69,,,0
lote-cultivo-03,2026-09-26T05:58:52.427Z,28.78,,,0
lote-cultivo-01,2026-09-26T05:58:47.179Z,74.0958676496937,32.61497412950886,73.03594854598312,44.99801211671348
lote-cultivo-03,2026-09-26T05:57:52.285Z,28.79,,,0
lote-cultivo-01,2026-09-26T05:57:32.659Z,47.46341694709054,46.305610528945735,49.56026331754027,57.65193391307317
lote-cultivo-03,2026-09-26T05:56:52.153Z,29,,,0
lote-cultivo-01,2026-09-26T05:56:18.142Z,45.88364819822976,65.07473268552914,68.87713317350143,12.272968792819874
lote-cultivo-03,2026-09-26T05:55:52.024Z,29.04,,,0
lote-cultivo-01,2026-09-26T05:55:03.617Z,79.48344186395609,78.84884681466586,25.927988604346854,53.455462558185054
lote-cultivo-03,2026-09-26T05:54:51.887Z,29.23,,,0
lote-cultivo-03,2026-09-26T05:53:51.748Z,29.36,,,0
lote-cultivo-01,2026-09-26T05:53:49.096Z,62.51416532310346,66.2220550245364,61.82170141084751,58.025480665758344
lote-cultivo-03,2026-09-26T05:52:51.629Z,29.46,,,0
lote-cultivo-01,2026-09-26T05:52:34.549Z,25.962115952577783,47.33016953478506,23.173185099184007,60.55979344780372
lote-cultivo-03,2026-09-26T05:51:51.491Z,29.61,,,0
lote-cultivo-01,2026-09-26T05:51:20.042Z,49.60466244621698,43.85931202688826,42.4162246874536,73.22592540491955
lote-cultivo-03,2026-09-26T05:50:51.351Z,29.84,,,0
lote-cultivo-01,2026-09-26T05:50:05.512Z,73.50076718866697,35.303644569244696,64.09090508569541,21.03150849205152
lote-cultivo-03,2026-09-26T05:49:51.214Z,30.03,,,0
lote-cultivo-03,2026-09-26T05:48:51.07Z,30.26,,,0
lote-cultivo-01,2026-09-26T05:48:50.998Z,42.52909757934847,22.202704164561908,35.646737359563105,54.847179445156634
lote-cultivo-03,2026-09-26T05:47:50.936Z,30.38,,,0
lote-cultivo-01,2026-09-26T05:47:36.455Z,37.30577738904932,40.30974109516464,81.80281747314402,36.83289587038093
lote-cultivo-03,2026-09-26T05:46:50.79Z,30.6,,,0
lote-cultivo-01,2026-09-26T05:46:21.941Z,78.2066940674459,74.59742136497438,46.74716969748489,45.86593221589394
lote-cultivo-03,2026-09-26T05:45:50.652Z,30.69,,,0
lote-cultivo-01,2026-09-26T05:45:07.429Z,75.13126523213658,74.37257381068451,64.05984989768156,79.21536570340741
lote-cultivo-03,2026-09-26T05:44:50.5Z,30.79,,,0
lote-cultivo-01,2026-09-26T05:43:52.916Z,43.26478350943503,51.65158756102771,36.88246519165604,26.68375961499299
lote-cultivo-03,2026-09-26T05:43:50.367Z,30.88,,,0
lote-cultivo-01,2026-09-29T14:27:19.081Z,24.25545092690896,53.851061068821295,69.27535126956224,49.03462963810703
lote-cultivo-01,2026-09-29T14:28:33.615Z,19.147036009869495,25.74847197226561,40.22961998099583,4.958655515298822
lote-cultivo-01,2026-09-29T14:29:48.133Z,56.43788031394637,28.365626158759135,59.150544617115706,69.84044846975323
lote-cultivo-03,2026-09-29T14:42:58.449Z,22,,,14816.5
lote-cultivo-03,2026-09-26T05:42:50.234Z,31.04,,,0
lote-cultivo-01,2026-09-26T05:42:38.394Z,63.39836216438027,47.71029253609594,48.95023170390103,72.26865047295352
lote-cultivo-03,2026-09-26T05:41:50.083Z,31.23,,,0
lote-cultivo-01,2026-09-26T05:41:23.882Z,83.49374805187993,48.84455820652806,35.10765926903346,46.72610348584342
lote-cultivo-03,2026-09-26T05:40:49.949Z,31.35,,,0
lote-cultivo-01,2026-09-26T05:40:09.365Z,43.12966785328225,35.34644382831876,31.57549690218055,29.92845674032929
lote-cultivo-03,2026-09-26T05:39:49.822Z,31.57,,,0
lote-cultivo-01,2026-09-26T05:38:54.839Z,23.05708833019352,33.50170062898141,75.3167078485591,70.73382782926666
lote-cultivo-03,2026-09-26T05:38:49.67Z,31.64,,,0
lote-cultivo-03,2026-09-26T05:37:49.53Z,31.79,,,0
lote-cultivo-01,2026-09-26T05:37:40.329Z,58.44877609789204,51.9991473380155,22.441587290681095,16.194300208708086
lote-cultivo-03,2026-09-26T05:36:49.402Z,31.97,,,0
lote-cultivo-01,2026-09-26T05:36:25.802Z,61.9457201701403,62.0243269724413,95.18452167703964,67.49153170884846
lote-cultivo-03,2026-09-26T05:35:49.258Z,32.02,,,0
lote-cultivo-01,2026-09-26T05:35:11.29Z,36.42646640558527,60.71585283397738,36.49847960124548,68.88933780026416
lote-cultivo-03,2026-09-26T05:34:49.042Z,32.11,,,0
lote-cultivo-01,2026-09-26T05:33:56.773Z,61.856762935898,60.7430585052298,68.66246988822635,40.338295094989384
lote-cultivo-03,2026-09-26T05:33:48.906Z,32.25,,,0
lote-cultivo-03,2026-09-26T05:32:48.771Z,32.38,,,0
lote-cultivo-01,2026-09-26T05:32:42.255Z,90.6067328662254,48.9693052223799,37.89618101248369,71.85920532743032
lote-cultivo-03,2026-09-26T05:31:48.631Z,32.42,,,0
lote-cultivo-01,2026-09-26T05:31:27.74Z,51.94348971149756,29.999584350420612,46.1060424352087,12.534538034692057
lote-cultivo-03,2026-09-26T05:30:48.514Z,32.59,,,0
lote-cultivo-01,2026-09-26T05:30:13.23Z,20.543570408088208,37.06535445728182,36.48445919293041,42.906071027515694
lote-cultivo-03,2026-09-26T05:29:48.36Z,32.76,,,0
lote-cultivo-01,2026-09-26T05:28:58.683Z,42.404235821151794,60.60018340016025,32.159389284105394,62.78254180063681
lote-cultivo-03,2026-09-26T05:28:48.237Z,32.95,,,0
lote-cultivo-03,2026-09-26T05:27:48.101Z,33.08,,,0
lote-cultivo-01,2026-09-26T05:27:43.177Z,45.82509230421799,58.98886695021525,74.11460302154747,54.214611675461946
lote-cultivo-03,2026-09-26T05:26:47.957Z,33.18,,,0
lote-cultivo-01,2026-09-26T05:26:28.655Z,17.617086752673707,48.70530759627491,24.068766066009943,81.42434292443946
lote-cultivo-03,2026-09-26T05:25:47.833Z,33.34,,,0
lote-cultivo-01,2026-09-26T05:25:14.141Z,41.38971757652653,59.369855290675325,97.14527984175832,27.644131169817506
lote-cultivo-03,2026-09-26T05:24:47.697Z,33.51,,,0
lote-cultivo-01,2026-09-26T05:23:59.619Z,82.4759571596452,61.85642765697862,34.17088843385831,40.34998738261672
lote-cultivo-03,2026-09-26T05:23:47.561Z,33.72,,,0
lote-cultivo-03,2026-09-26T05:22:47.419Z,33.74,,,0
lote-cultivo-01,2026-09-26T05:22:45.114Z,57.26301012718075,36.56742615080662,65.63152475126917,38.180610227864776
lote-cultivo-03,2026-09-26T05:21:47.27Z,33.89,,,0
lote-cultivo-01,2026-09-26T05:21:30.598Z,25.55216726184812,24.91757507144762,44.27668996571123,43.889842570438645
lote-cultivo-03,2026-09-26T05:20:47.132Z,34.11,,,0
lote-cultivo-01,2026-09-26T05:20:16.083Z,43.8906007640935,44.655744073286435,33.12755446155053,89.42724497527598
lote-cultivo-03,2026-09-26T05:19:46.99Z,34.13,,,0
lote-cultivo-01,2026-09-26T05:19:00.573Z,47.63862383638299,60.95159873820308,45.16671371528629,36.50505184295943
lote-cultivo-03,2026-09-26T05:18:46.861Z,34.28,,,0
lote-cultivo-03,2026-09-26T05:17:46.728Z,34.43,,,0
lote-cultivo-01,2026-09-26T05:17:46.053Z,12.214146404313531,63.54926208281061,35.217744738200174,58.81827451896975
lote-cultivo-03,2026-09-26T05:16:46.6Z,34.67,,,0
lote-cultivo-01,2026-09-26T05:16:31.533Z,25.302854930148985,67.07036179622227,65.87079959671239,40.2070094824883
lote-cultivo-03,2026-09-26T05:15:46.463Z,34.8,,,0
lote-cultivo-01,2026-09-26T05:15:17.028Z,70.66021585025499,59.67133995890157,36.8963319122328,22.80083499132475
lote-cultivo-03,2026-09-26T05:14:46.324Z,34.82,,,0
lote-cultivo-01,2026-09-26T05:14:02.495Z,58.09070778958646,38.078700721796515,86.27759600344429,80.9231204023807
lote-cultivo-03,2026-09-26T05:13:46.179Z,34.93,,,0
lote-cultivo-01,2026-09-26T05:12:47.975Z,31.50484808479464,30.81139377661225,42.663687091517446,30.739012242169135
lote-cultivo-03,2026-09-26T05:12:46.044Z,35.07,,,0
lote-cultivo-03,2026-09-26T05:11:45.893Z,31.01,,,0
lote-cultivo-01,2026-09-26T05:11:33.46Z,58.67082111026454,38.316068173878,54.86638283853665,63.56497802263795
lote-cultivo-03,2026-09-26T05:10:45.773Z,31.06,,,0
lote-cultivo-01,2026-09-26T05:10:18.952Z,69.4373894692618,38.368825151961886,56.65470786227373,64.25764631060702
lote-cultivo-03,2026-09-26T05:09:45.629Z,31.15,,,0
lote-cultivo-01,2026-09-26T05:09:04.406Z,30.28739276075308,47.293273407863225,19.83800567613764,25.661604132954412
lote-cultivo-03,2026-09-26T05:08:45.479Z,31.34,,,0
lote-cultivo-01,2026-09-26T05:07:49.903Z,29.73932958588677,77.60257834868919,56.36367405892986,75.67201938385982
lote-cultivo-03,2026-09-26T05:07:45.355Z,31.46,,,0
lote-cultivo-03,2026-09-26T05:06:45.213Z,31.55,,,0
lote-cultivo-01,2026-09-26T05:06:35.374Z,67.10728841879742,86.08942657000097,29.944994006575858,24.0219898402847
lote-cultivo-03,2026-09-26T05:05:45.076Z,31.64,,,0
lote-cultivo-01,2026-09-26T05:05:20.859Z,54.12500298505315,53.67396263738684,63.32054466574719,42.326500990378705
lote-cultivo-03,2026-09-26T05:04:44.941Z,31.85,,,0
lote-cultivo-01,2026-09-26T05:04:06.333Z,27.486705225433816,28.706867053986496,45.116523582190965,66.09372157067484
lote-cultivo-03,2026-09-26T05:03:44.822Z,32.01,,,0
lote-cultivo-01,2026-09-26T05:02:51.794Z,60.33324875751549,32.11342902776438,75.92834180022317,40.46956632505961
lote-cultivo-03,2026-09-26T05:02:44.67Z,32.25,,,0
lote-cultivo-03,2026-09-26T05:01:44.535Z,32.33,,,0
lote-cultivo-01,2026-09-26T05:01:37.265Z,85.34585293768701,32.2278266115602,52.50372896993868,84.07718115215104
lote-cultivo-03,2026-09-26T05:00:44.395Z,32.5,,,0
lote-cultivo-01,2026-09-26T05:00:22.754Z,54.00086590702982,31.0182125767978,45.28508202285787,37.544983911096764
lote-cultivo-03,2026-09-26T04:59:44.259Z,32.52,,,0
lote-cultivo-01,2026-09-26T04:59:08.229Z,48.46928360043036,54.95078584596131,68.1599611884278,33.962592964252515
lote-cultivo-03,2026-09-26T04:58:44.105Z,32.64,,,0
lote-cultivo-01,2026-09-26T04:57:53.704Z,78.98582044949659,81.89347628928586,5.880191312501023,43.22349972679851
lote-cultivo-03,2026-09-26T04:57:43.969Z,32.66,,,0
lote-cultivo-03,2026-09-26T04:56:43.832Z,32.85,,,0
lote-cultivo-01,2026-09-26T04:56:39.175Z,59.09612245279862,80.07560496690648,70.85270751625491,34.73620435362649
lote-cultivo-03,2026-09-26T04:55:43.699Z,32.93,,,0
lote-cultivo-01,2026-09-26T04:55:24.639Z,20.145280532202246,63.11332937146903,18.746068053463816,85.84510004675793
lote-cultivo-03,2026-09-26T04:54:43.564Z,33.11,,,0
lote-cultivo-01,2026-09-26T04:54:10.118Z,45.54397950661457,44.00174234761303,68.45708281515553,51.717512316876494
lote-cultivo-03,2026-09-26T04:53:43.425Z,33.2,,,0
lote-cultivo-01,2026-09-26T04:52:55.607Z,77.22420725101746,18.95792919843505,45.06529369203568,55.71757981099369
lote-cultivo-03,2026-09-26T04:52:43.29Z,33.24,,,0
lote-cultivo-03,2026-09-26T04:51:43.153Z,29.14,,,0
lote-cultivo-01,2026-09-26T04:51:41.094Z,55.47637037687261,11.739564496876524,74.21909054225476,39.16098295588508
lote-cultivo-03,2026-09-26T04:50:43.01Z,29.25,,,0
lote-cultivo-01,2026-09-26T04:50:26.583Z,54.00416500593096,39.49840280813737,52.61269624501266,17.673022366737364
lote-cultivo-03,2026-09-26T04:49:42.877Z,29.32,,,0
lote-cultivo-01,2026-09-26T04:49:12.074Z,89.08734913189036,66.27041420939263,47.79093149249321,74.72806285832262
lote-cultivo-03,2026-09-26T04:48:42.739Z,29.46,,,0
lote-cultivo-01,2026-09-26T04:47:57.565Z,71.21778290593322,69.4978370383468,65.3518040916698,41.36779754523595
lote-cultivo-03,2026-09-26T04:47:42.604Z,29.58,,,0
lote-cultivo-01,2026-09-26T04:46:43.047Z,22.016619386595412,75.5380593620595,7.21589340464235,68.51872942632535
lote-cultivo-03,2026-09-26T04:46:42.478Z,29.76,,,0
lote-cultivo-03,2026-09-26T04:45:42.323Z,25.55,,,0
lote-cultivo-01,2026-09-26T04:45:28.519Z,32.988427313966056,80.84031359939915,71.15066011193753,61.512865482266335
lote-cultivo-03,2026-09-26T04:44:42.202Z,25.57,,,0
lote-cultivo-01,2026-09-26T04:44:13.993Z,59.34749336920314,50.5959519922023,19.085910352248057,17.924745494714127
lote-cultivo-03,2026-09-26T04:43:42.07Z,25.65,,,0
lote-cultivo-01,2026-09-26T04:42:59.459Z,36.942489075834885,9.266023162139504,64.34889884337997,73.05115117706185
lote-cultivo-03,2026-09-26T04:42:41.92Z,25.78,,,0
lote-cultivo-01,2026-09-26T04:41:44.951Z,35.28646720141786,9.891633727938691,52.52817200565971,28.009764358237327
lote-cultivo-03,2026-09-26T04:41:41.796Z,26.02,,,0
lote-cultivo-03,2026-09-26T04:40:41.657Z,26.2,,,0
lote-cultivo-01,2026-09-26T04:40:30.433Z,78.63817285532147,38.58725501459493,66.04239533368784,49.09633925183653
lote-cultivo-03,2026-09-26T04:39:41.53Z,26.4,,,0
lote-cultivo-01,2026-09-26T04:39:15.899Z,74.38957928974718,56.78990924060832,57.27525543482663,70.33870825791453
lote-cultivo-03,2026-09-26T04:38:41.379Z,26.5,,,0
lote-cultivo-01,2026-09-26T04:38:01.377Z,28.87218953190222,71.44808953229096,49.0743325656372,27.483232618822257
lote-cultivo-03,2026-09-26T04:37:41.248Z,26.51,,,0
lote-cultivo-01,2026-09-26T04:36:46.866Z,34.609574165369075,86.13225770193164,59.46699018068847,82.87097520471156
lote-cultivo-03,2026-09-26T04:36:41.109Z,26.74,,,0
lote-cultivo-03,2026-09-26T04:35:40.971Z,26.75,,,0
lote-cultivo-01,2026-09-26T04:35:32.357Z,56.75047088255717,75.31926909292359,15.183409141058831,41.83969906460928
lote-cultivo-03,2026-09-26T04:34:40.835Z,26.9,,,0
lote-cultivo-01,2026-09-26T04:34:17.838Z,27.571359798060683,45.35663880267333,62.96149888853467,34.53622919758268
lote-cultivo-03,2026-09-26T04:33:40.683Z,27.13,,,0
lote-cultivo-01,2026-09-26T04:33:03.303Z,14.862818463718307,26.523318837816017,28.30318144978084,54.51516868967536
lote-cultivo-03,2026-09-26T04:32:40.552Z,27.29,,,0
lote-cultivo-01,2026-09-26T04:31:48.779Z,56.67715861071343,17.585063596940074,51.67524174036977,22.74765650584531
lote-cultivo-03,2026-09-26T04:31:40.412Z,27.42,,,0
lote-cultivo-03,2026-09-26T04:30:40.275Z,27.6,,,0
lote-cultivo-01,2026-09-26T04:30:34.244Z,63.53092161408506,17.353754156834555,69.43833901418861,78.89642208818348
lote-cultivo-03,2026-09-26T04:29:40.13Z,27.83,,,0
lote-cultivo-01,2026-09-26T04:29:19.712Z,28.11125923294947,46.87971771206818,47.07982887133601,61.04213644458498
lote-cultivo-03,2026-09-26T04:28:39.991Z,27.85,,,0
lote-cultivo-01,2026-09-26T04:28:05.19Z,40.214955360235415,86.35171578683838,73.85361732342652,52.622474670603935
lote-cultivo-03,2026-09-26T04:27:39.856Z,28.06,,,0
lote-cultivo-01,2026-09-26T04:26:50.663Z,70.61232642875237,87.26935279955936,38.59623372126933,49.1372196417781
lote-cultivo-03,2026-09-26T04:26:39.731Z,28.25,,,0
lote-cultivo-03,2026-09-26T04:25:39.593Z,28.3,,,0
lote-cultivo-01,2026-09-26T04:25:36.153Z,42.89255070441234,61.631648513352424,63.60397970769358,12.974479844236225
lote-cultivo-03,2026-09-26T04:24:39.457Z,28.52,,,0
lote-cultivo-01,2026-09-26T04:24:21.615Z,17.382192649030724,51.196871791317236,18.033987173692683,64.16375500107804
lote-cultivo-03,2026-09-26T04:23:39.32Z,28.53,,,0
lote-cultivo-01,2026-09-26T04:23:06.108Z,48.931618786430974,41.94631031671918,59.74928102534813,51.02784652892285
lote-cultivo-03,2026-09-26T04:22:39.167Z,28.59,,,0
lote-cultivo-01,2026-09-26T04:21:51.578Z,61.20049378899067,17.581172637969505,34.16281763050496,68.91607174951153
lote-cultivo-03,2026-09-26T04:21:39.046Z,28.81,,,0
lote-cultivo-03,2026-09-26T04:20:38.907Z,28.88,,,0
lote-cultivo-01,2026-09-26T04:20:36.072Z,28.283835159823585,14.208482052078294,49.036123760190186,67.86497429873219
lote-cultivo-03,2026-09-26T04:19:38.77Z,29.04,,,0
lote-cultivo-01,2026-09-26T04:19:21.557Z,39.05899418233134,47.51393855165571,80.65127138047785,9.995567654598764
lote-cultivo-03,2026-09-26T04:18:38.631Z,29.12,,,0
lote-cultivo-01,2026-09-26T04:18:07.053Z,82.08570069766438,74.92678279542659,31.5614111008304,59.85893563420627
lote-cultivo-03,2026-09-26T04:17:38.48Z,29.24,,,0
lote-cultivo-01,2026-09-26T04:16:52.526Z,67.86081523163709,77.40817576537775,88.66109475611752,33.766810146081305
lote-cultivo-03,2026-09-26T04:16:38.345Z,29.31,,,0
lote-cultivo-03,2026-09-26T04:15:38.204Z,29.49,,,0
lote-cultivo-01,2026-09-26T04:15:38.02Z,37.91078039415851,72.36507730628885,26.45699753815276,54.670793779926456
lote-cultivo-03,2026-09-26T04:14:38.053Z,29.57,,,0
lote-cultivo-01,2026-09-26T04:14:23.495Z,59.960899058325026,56.77394706211414,62.505766379203095,84.61108743919917
lote-cultivo-03,2026-09-26T04:13:37.908Z,29.72,,,0
lote-cultivo-01,2026-09-26T04:13:08.977Z,66.33687704232534,30.27101361538653,19.96566662712053,22.811083984242668
lote-cultivo-03,2026-09-26T04:12:37.775Z,26.28,,,0
lote-cultivo-01,2026-09-26T04:11:54.461Z,25.670928380532057,22.671656487326963,57.09965309679952,68.02601633717946
lote-cultivo-03,2026-09-26T04:11:37.636Z,26.44,,,0
lote-cultivo-01,2026-09-26T04:10:39.933Z,29.44165925555445,36.513889391419454,32.82671817078192,38.81214525644048
lote-cultivo-03,2026-09-26T04:10:37.492Z,26.54,,,0
lote-cultivo-03,2026-09-26T04:09:37.345Z,26.55,,,0
lote-cultivo-01,2026-09-26T04:09:25.414Z,77.8315063751764,43.63254259152107,51.98953803417613,32.89637006083024
lote-cultivo-03,2026-09-26T04:08:37.222Z,26.65,,,0
lote-cultivo-01,2026-09-26T04:08:10.884Z,76.22659378016772,52.01073503388286,77.70643003462638,72.80830734405347
lote-cultivo-03,2026-09-26T04:07:37.088Z,26.83,,,0
lote-cultivo-01,2026-09-26T04:06:56.369Z,51.85952045148938,77.03838256158974,32.43243829315494,25.226954327701733
lote-cultivo-03,2026-09-26T04:06:36.933Z,26.91,,,0
lote-cultivo-01,2026-09-26T04:05:41.867Z,74.79192346689648,82.55581145072364,89.37666161436923,69.8041889700152
lote-cultivo-03,2026-09-26T04:05:36.795Z,27.1,,,0
lote-cultivo-03,2026-09-26T04:04:36.656Z,27.17,,,0
lote-cultivo-01,2026-09-26T04:04:27.349Z,81.99731976877982,49.29889397213186,27.304008174365094,59.13042301486849
lote-cultivo-03,2026-09-26T04:03:36.522Z,27.2,,,0
lote-cultivo-01,2026-09-26T04:03:12.822Z,33.635919187013606,25.571364336614867,57.82751788670346,42.50572315322843
lote-cultivo-03,2026-09-26T04:02:36.382Z,27.41,,,0
lote-cultivo-01,2026-09-26T04:01:58.31Z,21.878669464943957,35.75497012549388,28.610699430133995,61.48459010305041
lote-cultivo-03,2026-09-26T04:01:36.232Z,27.5,,,0
lote-cultivo-01,2026-09-26T04:00:43.791Z,62.29021663791379,43.458781529834376,47.934927352103045,16.586789489872757
lote-cultivo-03,2026-09-26T04:00:36.095Z,27.61,,,0
lote-cultivo-03,2026-09-26T03:59:35.957Z,27.77,,,0
lote-cultivo-01,2026-09-26T03:59:29.271Z,62.38128812856106,40.72895005966867,38.32782342754183,54.51349602736551
lote-cultivo-03,2026-09-26T03:58:35.834Z,22,,,0
lote-cultivo-01,2026-09-26T03:58:14.746Z,39.8566221517749,54.76669174203194,51.63988445154799,55.01182012210455
lote-cultivo-01,2026-09-26T03:57:00.23Z,67.84177568085467,71.96093656184702,73.74785585856579,62.89605865809169
lote-cultivo-01,2026-09-26T03:55:45.707Z,86.85977527950405,64.60621143062522,37.85141522925512,74.94018214762703
lote-cultivo-01,2026-09-26T03:54:31.185Z,43.837872697229855,49.313262777252525,83.62305983822719,19.56711741540006
lote-cultivo-01,2026-09-26T03:53:16.665Z,24.538510361530808,42.55517774308316,35.141796046800614,48.88839706070968
lote-cultivo-01,2026-09-26T03:52:02.143Z,56.23041004636424,33.94227280984566,45.80329949568931,31.11921123655017
lote-cultivo-01,2026-09-26T03:50:47.606Z,50.38345436397257,34.120749366988065,45.76948573306092,53.48315147714236
lote-cultivo-01,2026-09-26T03:49:33.088Z,18.845444633237825,56.471889219765224,28.36531436484255,88.99922020305175
lote-cultivo-01,2026-09-26T03:48:18.566Z,42.72693638383592,69.20118292476934,55.63089676025261,30.729646544893303
lote-cultivo-01,2026-09-26T03:47:04.047Z,71.78295085177821,53.8328608673384,39.73103573557361,64.51881949362296
lote-cultivo-01,2026-09-26T03:45:49.515Z,41.72319144921703,46.32001945884651,79.93332337254299,30.83931794660405
lote-cultivo-01,2026-09-26T03:44:34.992Z,27.751695439611236,56.10421403901703,34.820128453026136,29.112117193484703
lote-cultivo-01,2026-09-26T03:43:20.458Z,63.17720828309735,47.18903638959304,85.83915038450995,81.53703385377568
lote-cultivo-01,2026-09-26T03:42:05.941Z,58.82772552143458,28.490983089541555,34.06708373365628,28.93445237091153
lote-cultivo-01,2026-09-26T03:40:51.428Z,17.588615765587676,41.41798313656692,43.630853733504,70.5201199724618
lote-cultivo-01,2026-09-26T03:39:36.894Z,28.47364857702771,67.71437492281056,53.10903169180422,54.756138779040384
lote-cultivo-01,2026-09-26T03:38:22.371Z,55.82644428233531,66.38442847434004,17.003051591486486,30.266800182790355
lote-cultivo-01,2026-09-26T03:37:07.853Z,31.02027177513589,52.30679540591291,67.14095103054758,72.51038902080154
lote-cultivo-01,2026-09-26T03:35:53.331Z,21.994776969107576,48.47240478381932,31.724690811281903,21.71392266585217
lote-cultivo-01,2026-09-26T03:34:38.797Z,67.97735697790235,41.2392075442032,83.07991281163505,52.084733549221575
lote-cultivo-01,2026-09-26T03:33:24.269Z,77.27456844264454,32.9124389593307,34.21764550041154,58.196758099655746
lote-cultivo-03,2026-09-26T03:32:55.465Z,22,,,0
lote-cultivo-01,2026-09-26T03:32:09.743Z,37.96862765382673,43.41181502773366,87.20704870479882,47.60979900295841
lote-cultivo-03,2026-09-26T03:31:55.335Z,22,,,0
lote-cultivo-01,2026-09-26T03:30:55.227Z,40.23841526699,57.56587668421807,30.70896461449248,80.31544642163895
lote-cultivo-03,2026-09-26T03:30:55.192Z,22,,,0
lote-cultivo-03,2026-09-26T03:29:55.052Z,22,,,0
lote-cultivo-01,2026-09-26T03:29:40.691Z,61.40818754869342,58.00774109138742,47.91842538794768,30.57609566163983
lote-cultivo-03,2026-09-26T03:28:54.913Z,22,,,0
lote-cultivo-01,2026-09-26T03:28:26.171Z,31.31416165330394,63.25470804249085,50.41800032127838,42.99118952714683
lote-cultivo-03,2026-09-26T03:27:54.779Z,22,,,0
lote-cultivo-01,2026-09-26T03:27:11.648Z,14.508976401550006,70.06286101245126,17.565205218674826,34.90806633103692
lote-cultivo-03,2026-09-26T03:26:54.628Z,22,,,0
lote-cultivo-01,2026-09-26T03:25:57.139Z,61.71216038037877,47.91885050336852,66.36649622794708,43.3967854701742
lote-cultivo-03,2026-09-26T03:25:54.491Z,22,,,0
lote-cultivo-03,2026-09-26T03:24:54.352Z,22,,,0
lote-cultivo-01,2026-09-26T03:24:42.607Z,83.65538394345879,18.180445577986713,36.164844022373785,87.02097614150112
lote-cultivo-03,2026-09-26T03:23:54.227Z,22,,,0
lote-cultivo-01,2026-09-26T03:23:28.1Z,53.87380850554868,26.89741271161387,73.07890736763984,43.95689160226542
lote-cultivo-03,2026-09-26T03:22:54.082Z,22,,,0
lote-cultivo-01,2026-09-26T03:22:13.567Z,58.43087898609712,53.65238111123328,47.922633264466405,62.820690213817734
lote-cultivo-03,2026-09-26T03:21:53.956Z,22,,,0
lote-cultivo-01,2026-09-26T03:20:59.03Z,81.93397667788068,58.33383669615073,73.72286218705221,29.05724471370731
lote-cultivo-03,2026-09-26T03:20:53.819Z,22,,,0
lote-cultivo-03,2026-09-26T03:19:53.671Z,22,,,0
lote-cultivo-01,2026-09-26T03:19:44.499Z,49.04234283555661,59.716756982503114,40.670991487533215,22.748753581760468
lote-cultivo-03,2026-09-26T03:18:53.531Z,22,,,0
lote-cultivo-01,2026-09-26T03:18:29.973Z,18.457909225744817,74.36467179900517,42.021002188512654,78.5672868626615
lote-cultivo-03,2026-09-26T03:17:53.395Z,22,,,0
lote-cultivo-01,2026-09-26T03:17:15.446Z,53.868493514099505,69.83046106098844,54.341321304821165,37.12276980237695
lote-cultivo-03,2026-09-26T03:16:53.254Z,22,,,0
lote-cultivo-01,2026-09-26T03:16:00.924Z,75.41998859358509,39.97386174616463,14.013424297772,76.50658240098623
lote-cultivo-03,2026-09-26T03:15:53.118Z,22,,,0
lote-cultivo-03,2026-09-26T03:14:52.965Z,22,,,0
lote-cultivo-01,2026-09-26T03:14:46.408Z,47.77243457916715,22.37159965170896,68.5086981089676,52.490675321691626
lote-cultivo-03,2026-09-26T03:13:52.826Z,22,,,0
lote-cultivo-01,2026-09-26T03:13:31.88Z,55.04952488308149,25.350640775615197,38.265138240962706,19.809620397869292
lote-cultivo-03,2026-09-26T03:12:52.685Z,22,,,0
lote-cultivo-01,2026-09-26T03:12:17.355Z,88.79725548541158,34.52818021462558,64.01774641964387,73.01188095710694
lote-cultivo-03,2026-09-26T03:11:52.561Z,22.02,,,0
lote-cultivo-01,2026-09-26T03:11:02.839Z,65.06957037186282,56.91299545079628,63.23517403710256,24.37271179724565
lote-cultivo-03,2026-09-26T03:10:52.42Z,22.22,,,0
lote-cultivo-03,2026-09-26T03:09:52.281Z,22.25,,,0
lote-cultivo-01,2026-09-26T03:09:48.317Z,30.00691681983504,83.19145104971155,55.87257303949905,58.679552589684256
lote-cultivo-03,2026-09-26T03:08:52.154Z,22.27,,,0
lote-cultivo-01,2026-09-26T03:08:33.775Z,54.83798133661361,79.4335997179225,56.84481717845975,63.959660740525216
lote-cultivo-03,2026-09-26T03:07:52.016Z,22.27,,,0
lote-cultivo-01,2026-09-26T03:07:19.252Z,69.24293547288488,54.93517690889082,29.709688085036767,32.15312029754807
lote-cultivo-03,2026-09-26T03:06:51.863Z,22.5,,,0
lote-cultivo-01,2026-09-26T03:06:04.731Z,32.70062671085813,44.418677891560584,64.08003173817252,80.61286560589896
lote-cultivo-03,2026-09-26T03:05:51.728Z,22.72,,,0
lote-cultivo-03,2026-09-26T03:04:51.579Z,22.92,,,0
lote-cultivo-01,2026-09-26T03:04:50.212Z,31.665241242961784,35.56004741056224,4.722679003036399,34.664580539137596
lote-cultivo-03,2026-09-26T03:03:51.443Z,23.16,,,0
lote-cultivo-01,2026-09-26T03:03:35.683Z,70.1418351606799,14.00820340196964,77.8643480441889,43.13184618462138
lote-cultivo-03,2026-09-26T03:02:51.309Z,23.17,,,0
lote-cultivo-01,2026-09-26T03:02:21.162Z,59.59896385270024,18.603361887011445,30.746668689406945,47.02262385345713
lote-cultivo-03,2026-09-26T03:01:51.167Z,23.41,,,0
lote-cultivo-01,2026-09-26T03:01:06.634Z,31.441024856364653,61.72318697966366,66.58131497746524,30.531365711919705
lote-cultivo-03,2026-09-26T03:00:51.029Z,23.62,,,0
lote-cultivo-01,2026-09-26T02:59:52.114Z,58.50387611835841,89.25388987242358,66.40590910867417,81.04900862724274
lote-cultivo-03,2026-09-26T02:59:50.893Z,23.63,,,0
lote-cultivo-03,2026-09-26T02:58:50.753Z,23.72,,,0
lote-cultivo-01,2026-09-26T02:58:37.594Z,75.02351374531554,78.27266399323669,49.51433077857072,52.55914332370283
lote-cultivo-03,2026-09-26T02:57:50.602Z,23.78,,,0
lote-cultivo-01,2026-09-26T02:57:23.078Z,31.893287420036128,62.87768509049987,62.45898848446122,60.4060148655134
lote-cultivo-03,2026-09-26T02:56:50.461Z,23.97,,,0
lote-cultivo-01,2026-09-26T02:56:08.559Z,16.305966689790086,50.209896346207806,27.98392558965837,38.58881468206894
lote-cultivo-03,2026-09-26T02:55:50.321Z,24.09,,,0
lote-cultivo-01,2026-09-26T02:54:54.051Z,48.16351289082321,25.548911263386557,62.67910702418404,17.258487515419663
lote-cultivo-03,2026-09-26T02:54:50.185Z,24.17,,,0
lote-cultivo-03,2026-09-26T02:53:50.048Z,24.33,,,0
lote-cultivo-01,2026-09-26T02:53:39.533Z,41.477975732555215,11.767608837967108,6.561758450434739,67.26728547596883
lote-cultivo-03,2026-09-26T02:52:49.912Z,24.43,,,0
lote-cultivo-01,2026-09-26T02:52:25.009Z,17.860304253231078,28.487067192470988,77.71234633509599,43.990275369178505
lote-cultivo-03,2026-09-26T02:51:49.766Z,24.61,,,0
lote-cultivo-01,2026-09-26T02:51:10.479Z,52.44579194884926,52.62444388918287,29.137959992974626,79.60715954347636
lote-cultivo-03,2026-09-26T02:50:49.624Z,24.73,,,0
lote-cultivo-01,2026-09-26T02:49:55.964Z,82.73231901835511,71.4118539119909,67.30055572182674,57.40285231878027
lote-cultivo-03,2026-09-26T02:49:49.479Z,24.8,,,0
lote-cultivo-03,2026-09-26T02:48:49.329Z,24.86,,,0
lote-cultivo-01,2026-09-26T02:48:41.441Z,46.60230364317795,89.49471837435946,68.03405865759092,17.343696738214057
lote-cultivo-03,2026-09-26T02:47:49.193Z,25.05,,,0
lote-cultivo-01,2026-09-26T02:47:26.914Z,24.801599212250785,83.13090693853201,46.59500254906004,63.949234133121934
lote-cultivo-03,2026-09-26T02:46:49.045Z,25.14,,,0
lote-cultivo-01,2026-09-26T02:46:12.381Z,49.45514812874345,42.60068372266256,63.24570396472859,23.2073467084966
lote-cultivo-03,2026-09-26T02:45:48.817Z,25.39,,,0
lote-cultivo-01,2026-09-26T02:44:57.855Z,38.81146458699168,14.800001162276304,32.95720756654547,65.74343291331623
lote-cultivo-03,2026-09-26T02:44:48.679Z,25.57,,,0
lote-cultivo-03,2026-09-26T02:43:48.535Z,25.76,,,0
lote-cultivo-01,2026-09-26T02:43:43.323Z,8.214902507793944,23.61922110304398,51.546635670830234,71.74710803393792
lote-cultivo-03,2026-09-26T02:42:48.397Z,25.85,,,0
lote-cultivo-01,2026-09-26T02:42:28.796Z,40.03011822092075,33.549255395311214,21.08133964655997,26.350998079472586
lote-cultivo-03,2026-09-26T02:41:48.257Z,26,,,0
lote-cultivo-01,2026-09-26T02:41:14.275Z,80.93759512463154,37.72351433780429,63.42615652831016,76.79476662191352
lote-cultivo-03,2026-09-26T02:40:48.115Z,26.22,,,0
lote-cultivo-01,2026-09-26T02:39:59.755Z,57.74802204874609,65.5800237712202,41.24348921225714,29.363167329358653
lote-cultivo-03,2026-09-26T02:39:47.985Z,26.41,,,0
lote-cultivo-03,2026-09-26T02:38:47.85Z,26.46,,,0
lote-cultivo-01,2026-09-26T02:38:45.24Z,40.960487260536624,95.09463573721273,56.17789837739504,44.8438636633601
lote-cultivo-03,2026-09-26T02:37:47.707Z,26.67,,,0
lote-cultivo-01,2026-09-26T02:37:30.721Z,68.91847512863292,81.71111469607555,79.90155022642641,62.087860477839484
lote-cultivo-03,2026-09-26T02:36:47.569Z,26.74,,,0
lote-cultivo-01,2026-09-26T02:36:16.196Z,59.74823121354527,45.64350480420673,34.03809804733907,23.11269583240475
lote-cultivo-03,2026-09-26T02:35:47.428Z,26.77,,,0
lote-cultivo-01,2026-09-26T02:35:01.668Z,19.48113942668309,27.12675605463999,73.80268508081083,76.94754557952986
lote-cultivo-03,2026-09-26T02:34:47.291Z,26.86,,,0
lote-cultivo-03,2026-09-26T02:33:47.14Z,27.09,,,0
lote-cultivo-01,2026-09-26T02:33:47.123Z,37.61689195398284,20.89183418619898,28.45225087879564,51.51837241865197
lote-cultivo-03,2026-09-26T02:32:46.992Z,27.27,,,0
lote-cultivo-01,2026-09-26T02:32:32.61Z,75.17723976703334,22.18074449697336,48.41512180627431,54.05240618620493
lote-cultivo-03,2026-09-26T02:31:46.863Z,22.74,,,0
lote-cultivo-01,2026-09-26T02:31:18.094Z,55.128963876985736,45.2361610441483,30.182070117296146,55.145500007980274
lote-cultivo-03,2026-09-26T02:30:46.717Z,22.87,,,0
lote-cultivo-01,2026-09-26T02:30:03.575Z,40.81642274040175,72.06629464064697,52.30589017188086,15.25534214769529
lote-cultivo-03,2026-09-26T02:29:46.567Z,23.11,,,0
lote-cultivo-01,2026-09-26T02:28:49.062Z,77.24784698950212,75.90025941450017,51.26531503901715,57.86111421432765
lote-cultivo-03,2026-09-26T02:28:46.429Z,23.23,,,0
lote-cultivo-03,2026-09-26T02:27:46.28Z,23.27,,,0
lote-cultivo-01,2026-09-26T02:27:34.533Z,80.19301607179317,71.17880054247537,47.29935084717595,46.87867742485323
lote-cultivo-03,2026-09-26T02:26:46.144Z,23.46,,,0
lote-cultivo-01,2026-09-26T02:26:20.024Z,40.68632839804174,65.79311654033827,89.39056389288858,72.99016892050913
lote-cultivo-03,2026-09-26T02:25:45.992Z,23.59,,,0
lote-cultivo-01,2026-09-26T02:25:05.498Z,48.71873594084238,38.60628211947123,22.66803231621026,68.17059315504096
lote-cultivo-03,2026-09-26T02:24:45.855Z,23.73,,,0
lote-cultivo-01,2026-09-26T02:23:50.993Z,77.67721499715411,8.9425627975205,85.99361173543109,22.644176481608007
lote-cultivo-03,2026-09-26T02:23:45.715Z,23.87,,,0
lote-cultivo-03,2026-09-26T02:22:45.579Z,23.92,,,0
lote-cultivo-01,2026-09-26T02:22:36.468Z,49.65994259544607,21.832478800296403,19.20377953983331,53.025402655333394
lote-cultivo-03,2026-09-26T02:21:45.437Z,24.1,,,0
lote-cultivo-01,2026-09-26T02:21:21.965Z,25.341789577310447,56.9542222296772,52.531242504122325,21.648006343904093
lote-cultivo-03,2026-09-26T02:20:45.3Z,24.15,,,0
lote-cultivo-01,2026-09-26T02:20:07.438Z,60.99259174911625,66.06587255334128,30.873596441772968,64.16173201908435
lote-cultivo-03,2026-09-26T02:19:45.146Z,24.23,,,0
lote-cultivo-01,2026-09-26T02:18:52.922Z,75.5221467795203,62.878912662707535,49.88759387212956,78.13326924601894
lote-cultivo-03,2026-09-26T02:18:45.023Z,24.28,,,0
lote-cultivo-03,2026-09-26T02:17:44.89Z,24.53,,,0
lote-cultivo-01,2026-09-26T02:17:38.397Z,45.17649845569206,71.80866254851253,51.15885994973745,32.68028247396547
lote-cultivo-03,2026-09-26T02:16:44.747Z,24.63,,,0
lote-cultivo-01,2026-09-26T02:16:23.87Z,55.06783464032537,66.22897423447844,50.6877921581291,72.49175373019182
lote-cultivo-03,2026-09-26T02:15:44.614Z,24.73,,,0
lote-cultivo-01,2026-09-26T02:15:09.349Z,85.65273406681176,36.90859000718373,84.19414955106558,20.95797808276364
lote-cultivo-03,2026-09-26T02:14:44.476Z,24.94,,,0
lote-cultivo-01,2026-09-26T02:13:54.825Z,54.13868500568928,22.238813330232105,27.109759039865335,42.84247170797233
lote-cultivo-03,2026-09-26T02:13:44.323Z,25.06,,,0
lote-cultivo-03,2026-09-26T02:12:44.175Z,25.11,,,0
lote-cultivo-01,2026-09-26T02:12:40.297Z,15.619405619980244,32.50950564419571,83.34521919348727,71.45334915668819
lote-cultivo-03,2026-09-26T02:11:44.037Z,25.27,,,0
lote-cultivo-01,2026-09-26T02:11:25.778Z,39.63859654546567,44.503114582851055,22.2271935775783,25.037643672832345
lote-cultivo-03,2026-09-26T02:10:43.894Z,25.42,,,0
lote-cultivo-01,2026-09-26T02:10:11.259Z,54.6082512114483,58.726919428531055,46.839618687292614,78.93322150122358
lote-cultivo-03,2026-09-26T02:09:43.77Z,25.56,,,0
lote-cultivo-01,2026-09-26T02:08:56.743Z,27.948940439288716,74.60300444404825,39.69335285575723,44.41439359393226
lote-cultivo-03,2026-09-26T02:08:43.645Z,25.64,,,0
lote-cultivo-03,2026-09-26T02:07:43.49Z,25.85,,,0
lote-cultivo-01,2026-09-26T02:07:42.219Z,42.0712133725567,67.04543198596218,40.69141971539383,44.13848445613382
lote-cultivo-03,2026-09-26T02:06:43.367Z,25.91,,,0
lote-cultivo-01,2026-09-26T02:06:27.682Z,84.02961731682905,44.12375235537972,56.25052696894565,68.47848321302936
lote-cultivo-03,2026-09-26T02:05:43.069Z,26.08,,,0
lote-cultivo-01,2026-09-26T02:05:13.152Z,62.937642336418,41.01814238898229,52.08635884442974,16.496627987236458
lote-cultivo-03,2026-09-26T02:04:42.921Z,26.16,,,0
lote-cultivo-01,2026-09-26T02:03:58.626Z,21.578278496244263,46.20289793524395,76.97784213189021,57.93728502562955
lote-cultivo-03,2026-09-26T02:03:42.78Z,26.39,,,0
lote-cultivo-01,2026-09-26T02:02:44.097Z,37.075331815182025,34.716226629981946,37.02917550226317,47.4725779685181
lote-cultivo-03,2026-09-26T02:02:42.65Z,26.53,,,0
lote-cultivo-03,2026-09-26T02:01:42.509Z,22,,,0
lote-cultivo-01,2026-09-26T02:01:29.574Z,47.50446784831473,34.95398787254111,73.24222470502055,57.67244938948197
lote-cultivo-03,2026-09-26T02:00:42.372Z,22,,,0
lote-cultivo-01,2026-09-26T02:00:15.062Z,14.663270018085116,63.89388113085642,32.85552921332395,78.4120106455722
lote-cultivo-03,2026-09-26T01:59:42.239Z,22,,,0
lote-cultivo-01,2026-09-26T01:59:00.537Z,22.531262033067552,76.26321709745802,33.8388805955889,29.49369836005277
lote-cultivo-03,2026-09-26T01:58:42.101Z,22,,,0
lote-cultivo-01,2026-09-26T01:57:46.015Z,70.58201488011846,53.84646117290119,56.28800717069726,48.31424476935619
lote-cultivo-03,2026-09-26T01:57:41.963Z,22,,,0
lote-cultivo-03,2026-09-26T01:56:41.842Z,22,,,0
lote-cultivo-01,2026-09-26T01:56:31.491Z,63.74388363496387,39.23349366701031,22.26295620947894,24.919612186105255
lote-cultivo-03,2026-09-26T01:55:41.699Z,22,,,0
lote-cultivo-01,2026-09-26T01:55:16.989Z,30.73161611245519,44.74590817223704,72.11506217500873,51.99726478863166
lote-cultivo-03,2026-09-26T01:54:41.544Z,22,,,0
lote-cultivo-01,2026-09-26T01:54:02.443Z,50.11256002946409,43.3231382692563,42.23839722073833,80.83933872467458
lote-cultivo-03,2026-09-26T01:53:41.411Z,22,,,0
lote-cultivo-01,2026-09-26T01:52:47.921Z,64.59481129464224,41.017409705058526,80.0395872390836,44.12846114370999
lote-cultivo-03,2026-09-26T01:52:41.272Z,22,,,0
lote-cultivo-03,2026-09-26T01:51:41.134Z,22,,,0
lote-cultivo-01,2026-09-26T01:51:33.4Z,27.016454745517382,54.29555836757455,38.246608710464265,69.97821065643922
lote-cultivo-03,2026-09-26T01:50:40.98Z,22,,,0
lote-cultivo-01,2026-09-26T01:50:18.874Z,21.195949814623987,62.63860143252804,71.11228890840532,19.24766750443545
lote-cultivo-03,2026-09-26T01:49:40.84Z,22,,,0
lote-cultivo-01,2026-09-26T01:49:04.337Z,62.46281335308437,56.22062660109177,34.835959580986724,35.110843777620474
lote-cultivo-03,2026-09-26T01:48:40.702Z,22,,,0
lote-cultivo-01,2026-09-26T01:47:49.8Z,58.915456667832565,54.022760655763825,30.732640059456717,70.77827616297881
lote-cultivo-03,2026-09-26T01:47:40.583Z,22,,,0
lote-cultivo-03,2026-09-26T01:46:40.444Z,22,,,0
lote-cultivo-01,2026-09-26T01:46:35.284Z,29.522166620943963,49.53034107326315,62.66316872083141,33.275529710006126
lote-cultivo-03,2026-09-26T01:45:40.305Z,22,,,0
lote-cultivo-01,2026-09-26T01:45:20.752Z,55.66966208394105,31.23847902594746,12.642361003989569,84.6303220756431
lote-cultivo-03,2026-09-26T01:44:40.17Z,22,,,0
lote-cultivo-01,2026-09-26T01:44:06.224Z,83.68364806123819,30.385743335206623,81.96466128092264,40.326135262268366
lote-cultivo-03,2026-09-26T01:43:40.02Z,22,,,0
lote-cultivo-01,2026-09-26T01:42:51.699Z,52.838375290623915,59.13310603948712,35.87336499457891,34.18759936634726
lote-cultivo-03,2026-09-26T01:42:39.869Z,22,,,0
lote-cultivo-03,2026-09-26T01:41:39.732Z,22,,,0
lote-cultivo-01,2026-09-26T01:41:37.185Z,39.699247767644344,72.27561183856542,81.22772124928647,70.5607191164092
lote-cultivo-03,2026-09-26T01:40:39.593Z,22,,,0
lote-cultivo-01,2026-09-26T01:40:22.643Z,71.69880194774385,56.00056897346055,40.324972566852686,18.112273667902336
lote-cultivo-03,2026-09-26T01:39:39.453Z,22,,,0
lote-cultivo-01,2026-09-26T01:39:08.118Z,61.78550607033328,50.58242439753534,69.6493212875223,66.67622670073884
lote-cultivo-03,2026-09-26T01:38:39.318Z,22,,,0
lote-cultivo-01,2026-09-26T01:37:53.58Z,23.064658425763717,56.64489504208077,33.07730591590073,50.04832295561592
lote-cultivo-03,2026-09-26T01:37:39.183Z,22,,,0
lote-cultivo-03,2026-09-29T14:25:56.091Z,22,,,13140.9
lote-cultivo-03,2026-09-29T14:26:56.229Z,22,,,11549.3
lote-cultivo-03,2026-09-29T14:27:56.369Z,22,,,11249.7
lote-cultivo-03,2026-09-29T14:40:58.179Z,22,,,13026.2
lote-cultivo-03,2026-09-29T13:48:51.01Z,22,,,10094.9
lote-cultivo-03,2026-09-29T13:49:51.132Z,22,,,11612.4
lote-cultivo-03,2026-09-29T13:50:51.283Z,22,,,10167
lote-cultivo-01,2026-09-29T13:52:32.233Z,35.12134749956864,44.745861648107926,82.73453793154243,87.64964209444605
lote-cultivo-01,2026-09-29T13:53:46.751Z,48.07014447840244,50.9353443600324,39.451780530332464,24.139946050069305
lote-cultivo-01,2026-09-29T13:55:01.29Z,74.4306709412758,62.39923200160561,59.95072540001839,55.13082090909225
lote-cultivo-01,2026-09-29T13:58:44.867Z,60.212792744007906,45.58705608430755,69.1630633437778,94.87518022550844
lote-cultivo-03,2026-09-29T13:58:52.399Z,22,,,10345.3
lote-cultivo-03,2026-09-29T13:59:52.53Z,22,,,11073.2
lote-cultivo-01,2026-09-29T13:59:59.41Z,74.49907420564674,35.86072529753543,16.515441607500815,42.59930828544094
lote-cultivo-03,2026-09-29T14:00:52.668Z,22,,,11059.9
lote-cultivo-01,2026-09-29T14:01:13.943Z,47.85508637711605,29.54743352475772,75.61102277613824,63.73241447896055
lote-cultivo-03,2026-09-29T14:08:53.755Z,22,,,10957.9
lote-cultivo-03,2026-09-29T14:09:53.882Z,22,,,9966.4
lote-cultivo-03,2026-09-29T14:22:55.674Z,22,,,12955.6
lote-cultivo-03,2026-09-29T14:23:55.814Z,22,,,12788.4
lote-cultivo-03,2026-09-29T14:24:55.958Z,22,,,12726.2
lote-cultivo-01,2026-09-29T14:33:31.718Z,47.18815304880902,56.49328458442885,17.731163072586117,73.2170230300072
lote-cultivo-03,2026-09-29T14:33:57.211Z,22,,,10580.2
lote-cultivo-01,2026-09-29T14:34:46.254Z,74.52803919140648,61.699872056765926,66.71800112534419,17.114338245154304
lote-cultivo-03,2026-09-29T14:35:57.488Z,22,,,13853.4
lote-cultivo-01,2026-09-29T14:36:00.779Z,43.443089522603486,61.0941935556635,62.64195312255465,55.993044695885565
lote-cultivo-03,2026-09-29T14:36:57.608Z,22,,,12825.2
lote-cultivo-01,2026-09-29T13:56:15.826Z,42.4932815352758,76.79201897619063,51.91205628165929,32.273197149065034
lote-cultivo-03,2026-09-29T13:56:52.113Z,22,,,11175.4
lote-cultivo-03,2026-09-29T13:57:52.251Z,22,,,10117.1
lote-cultivo-03,2026-09-29T14:02:52.95Z,22,,,10632.5
lote-cultivo-01,2026-09-29T14:03:42.984Z,93.43607926529828,54.162730430808395,82.92999173026914,11.493876568826485
lote-cultivo-03,2026-09-29T14:03:53.072Z,22,,,9171.7
lote-cultivo-03,2026-09-29T14:04:53.204Z,22,,,11016.5
lote-cultivo-01,2026-09-29T14:04:57.508Z,58.771114853831754,76.16767155970524,39.095383237879496,72.36312221341473
lote-cultivo-01,2026-09-29T14:06:12.039Z,23.05116502094628,63.78475561111715,62.654419019395434,44.518265104722424
lote-cultivo-03,2026-09-29T14:11:54.145Z,22,,,11331.2
lote-cultivo-01,2026-09-29T14:12:24.684Z,94.83280749129752,33.86553960284703,72.20406200541798,31.138570443247087
lote-cultivo-03,2026-09-29T14:16:54.815Z,22,,,11569.4
lote-cultivo-03,2026-09-29T14:17:54.973Z,22,,,9624.7
lote-cultivo-03,2026-09-29T14:18:55.109Z,22,,,11124.2
lote-cultivo-03,2026-09-29T14:19:55.247Z,22,,,11254.5
lote-cultivo-03,2026-09-29T14:20:55.378Z,22,,,10213.5
lote-cultivo-03,2026-09-29T14:21:55.536Z,22,,,12610.9
lote-cultivo-03,2026-09-29T14:28:56.507Z,22,,,11269.6
lote-cultivo-03,2026-09-29T14:29:56.638Z,22,,,9990.4
lote-cultivo-03,2026-09-29T14:30:56.783Z,22,,,13954.8
lote-cultivo-03,2026-09-29T14:38:57.898Z,22,,,10721.4
lote-cultivo-01,2026-09-29T14:13:39.221Z,69.83319497078446,61.81077196148094,47.37798306263663,59.830494679565696
lote-cultivo-01,2026-09-29T14:14:53.757Z,30.655245425419658,68.73981408641548,71.5690987792878,53.432769822021854
lote-cultivo-01,2026-09-29T14:18:37.341Z,21.015361350749547,44.96455381556285,48.43424751172722,30.596320219655997
lote-cultivo-01,2026-09-29T14:19:51.868Z,29.86798467605924,35.74695298908604,20.70923075863497,57.878773730748456
lote-cultivo-01,2026-09-29T14:21:06.412Z,74.03726670787694,42.95131368239911,64.56062915545958,38.21423725924059
lote-cultivo-01,2026-09-29T14:22:20.955Z,61.51083724149855,57.20681078519591,21.492649439323372,25.63790541579309
lote-cultivo-01,2026-09-29T14:23:35.485Z,29.44885213132195,55.27256101358403,64.5949569670341,86.73271941481461
lote-cultivo-01,2026-09-29T13:51:17.718Z,70.89177882792048,23.499086288291434,42.93355105065165,50.18070991201093
lote-cultivo-01,2026-09-29T13:57:30.36Z,21.202351810951313,67.1052726295099,14.931504527798584,28.35292770231039
lote-cultivo-01,2026-09-29T14:16:08.276Z,48.55771711261106,55.83328995436404,49.61337555088173,42.58087187022158
lote-cultivo-01,2026-09-29T14:31:02.658Z,46.463158278361064,57.12671428793108,14.600129084582154,40.89788264453098
lote-cultivo-03,2026-09-29T14:31:56.924Z,22,,,11597.4
lote-cultivo-01,2026-09-29T14:32:17.197Z,17.413097655075216,64.62119797993306,68.7802486760046,71.52088915787861
lote-cultivo-03,2026-09-29T14:32:57.069Z,22,,,12427.9
lote-cultivo-01,2026-09-29T13:48:48.671Z,28.59485215645592,46.67637437759093,30.11758706674706,60.88181026615078
lote-cultivo-01,2026-09-29T13:50:03.196Z,68.17258004251124,13.94507163309,66.36658799441348,43.18175962188193
lote-cultivo-03,2026-09-29T14:01:52.799Z,22,,,10599.5
lote-cultivo-01,2026-09-29T14:02:28.462Z,63.66947533097538,29.78575596278869,39.264728916561715,42.497714736081
lote-cultivo-01,2026-09-29T14:07:26.568Z,49.70837974157632,46.75539355162066,47.79022573633064,68.59846098072109
lote-cultivo-01,2026-09-29T14:24:50.023Z,51.62430694809523,54.232282660748034,60.54756022700401,41.81041885126724
lote-cultivo-01,2026-09-29T14:26:04.562Z,63.72202446827217,64.38116249988983,53.276826815310194,69.63750987522207
lote-cultivo-01,2026-09-26T01:36:39.041Z,44.37494675743401,40.99731433594127,35.36024334548403,41.93020869818013
lote-cultivo-03,2026-09-26T01:36:39.028Z,22,,,0
lote-cultivo-03,2026-09-26T01:35:38.901Z,22,,,0
lote-cultivo-01,2026-09-26T01:35:24.496Z,81.38101213200378,22.616063828143897,57.5504535302496,82.09179563758829
lote-cultivo-03,2026-09-26T01:34:38.766Z,22,,,0
lote-cultivo-01,2026-09-26T01:34:09.983Z,62.09391156982076,36.32273928203442,16.53632063563973,30.557461823899807
lote-cultivo-03,2026-09-26T01:33:38.618Z,22,,,0
lote-cultivo-01,2026-09-26T01:32:55.459Z,52.04322018963769,60.795416781894154,78.28542206084913,51.30167066153536
lote-cultivo-03,2026-09-26T01:32:38.469Z,22,,,0
lote-cultivo-01,2026-09-26T01:31:40.929Z,84.90680597778415,68.82748601734684,42.34225442583312,35.1542203718922
lote-cultivo-03,2026-09-26T01:31:38.333Z,22,,,0
lote-cultivo-03,2026-09-26T01:30:38.195Z,22,,,0
lote-cultivo-01,2026-09-26T01:30:26.408Z,74.23817426649725,70.56937560726263,69.89536435035531,36.32363916234216
lote-cultivo-03,2026-09-26T01:29:38.062Z,22,,,0
lote-cultivo-01,2026-09-26T01:29:11.882Z,24.07399407001928,64.54286243985331,55.346099510857925,79.91892886421354
lote-cultivo-03,2026-09-26T01:28:37.917Z,22,,,0
lote-cultivo-01,2026-09-26T01:27:57.365Z,30.436930343850797,40.19456997839225,55.08262963414544,50.326970580772226
lote-cultivo-03,2026-09-26T01:27:37.765Z,22,,,0
lote-cultivo-01,2026-09-26T01:26:42.84Z,63.5521770213545,23.531664949590738,43.23598391143716,68.63738980494489
lote-cultivo-03,2026-09-26T01:26:37.629Z,22,,,0
lote-cultivo-03,2026-09-26T01:25:37.49Z,22,,,0
lote-cultivo-01,2026-09-26T01:25:28.313Z,47.27375883186954,32.96185385339294,31.084146447780213,29.018289802152065
lote-cultivo-03,2026-09-26T01:24:37.361Z,22,,,0
lote-cultivo-01,2026-09-26T01:24:13.798Z,39.40715868939321,41.90667132369031,57.72593715448258,25.521259712380196
lote-cultivo-03,2026-09-26T01:23:37.215Z,22,,,0
lote-cultivo-01,2026-09-26T01:22:59.279Z,79.9389835297572,45.25987852148059,17.929293528933513,63.15954419134603
lote-cultivo-03,2026-09-26T01:22:37.077Z,22,,,0
lote-cultivo-01,2026-09-26T01:21:44.75Z,80.91029970005948,69.11104092099576,75.6353810002524,40.2913434520148
lote-cultivo-03,2026-09-26T01:21:36.942Z,22,,,0
lote-cultivo-03,2026-09-26T01:20:36.784Z,22,,,0
lote-cultivo-01,2026-09-26T01:20:30.235Z,31.79671531200962,91.30035316726446,47.855370390157944,87.66537881446627
lote-cultivo-03,2026-09-26T01:19:36.649Z,22,,,0
lote-cultivo-01,2026-09-26T01:19:15.714Z,29.048093106877893,69.21126972982854,58.962265132386534,45.588774296856315
lote-cultivo-03,2026-09-26T01:18:36.513Z,22,,,0
lote-cultivo-01,2026-09-26T01:18:01.187Z,55.15098563230312,30.52161147084832,71.74120396757347,29.053395356755686
lote-cultivo-03,2026-09-26T01:17:36.376Z,22,,,0
lote-cultivo-01,2026-09-26T01:16:46.656Z,32.98471567644165,22.693752167681243,36.61577094267609,62.45890922644449
lote-cultivo-03,2026-09-26T01:16:36.256Z,22,,,0
lote-cultivo-03,2026-09-26T01:15:36.121Z,22,,,0
lote-cultivo-01,2026-09-26T01:15:32.139Z,16.645856979447867,30.171192120505086,59.5244662063528,17.59731711257063
lote-cultivo-03,2026-09-26T01:14:35.975Z,22,,,0
lote-cultivo-01,2026-09-26T01:14:17.609Z,57.56445397402056,31.66567367496189,19.97264127356258,75.14806674671297
lote-cultivo-03,2026-09-26T01:13:35.823Z,22,,,0
lote-cultivo-01,2026-09-26T01:13:03.088Z,71.42989178853239,48.42820142205538,64.34457163879812,56.34886532620198
lote-cultivo-03,2026-09-26T01:12:35.684Z,22,,,0
lote-cultivo-01,2026-09-26T01:11:48.558Z,33.271150855268786,78.07146665089861,13.006729026056863,35.12584146051886
lote-cultivo-03,2026-09-26T01:11:35.533Z,22,,,0
lote-cultivo-03,2026-09-26T01:10:35.397Z,22,,,0
lote-cultivo-01,2026-09-26T01:10:34.026Z,34.48546478921767,84.92635609908106,80.63071815449402,79.41127750538169
lote-cultivo-03,2026-09-26T01:09:35.272Z,22,,,0
lote-cultivo-01,2026-09-26T01:09:19.493Z,64.87820773173709,68.64611009634783,43.34201443101057,23.831335949697564
lote-cultivo-03,2026-09-26T01:08:35.134Z,22,,,0
lote-cultivo-01,2026-09-26T01:08:04.972Z,41.86799223585723,49.63428027936081,60.40214911693915,56.39918102953621
lote-cultivo-03,2026-09-26T01:07:34.994Z,22,,,0
lote-cultivo-01,2026-09-26T01:06:50.442Z,13.34167862100256,24.889427270139432,74.87168113266239,48.61154149032617
lote-cultivo-03,2026-09-26T01:06:34.867Z,22,,,0
lote-cultivo-01,2026-09-26T01:05:35.897Z,43.78832171480178,6.895280255225189,30.49855983114171,26.580447903602767
lote-cultivo-03,2026-09-26T01:05:34.73Z,22,,,0
lote-cultivo-03,2026-09-26T01:04:34.597Z,22,,,0
lote-cultivo-01,2026-09-26T01:04:21.369Z,59.29035704001534,26.556544407818773,64.7039324546951,78.99183018370138
lote-cultivo-03,2026-09-26T01:03:34.437Z,22,,,0
lote-cultivo-01,2026-09-26T01:03:06.844Z,26.218875905153343,63.86838510506944,19.08985310121404,46.4590159000741
lote-cultivo-03,2026-09-26T01:02:34.28Z,22,,,0
lote-cultivo-01,2026-09-26T01:01:52.325Z,33.064568639673034,74.84936942886172,60.8179221262117,65.33952481678934
lote-cultivo-03,2026-09-26T01:01:34.153Z,22,,,0
lote-cultivo-01,2026-09-26T01:00:37.807Z,76.18523155430582,72.11970882462256,17.9869412355545,46.02656300914966
lote-cultivo-03,2026-09-26T01:00:34.011Z,22.02,,,0
lote-cultivo-03,2026-09-26T00:59:33.871Z,22.2,,,0
lote-cultivo-01,2026-09-26T00:59:23.268Z,64.70018664502447,78.12125026306774,77.56746136474679,19.042836927612296
lote-cultivo-03,2026-09-26T00:58:33.737Z,22.29,,,0
lote-cultivo-01,2026-09-26T00:58:08.74Z,33.47895577434849,63.40004467337141,43.318870664574675,57.20622503888936
lote-cultivo-03,2026-09-26T00:57:33.59Z,22.46,,,0
lote-cultivo-01,2026-09-26T00:56:54.209Z,54.493882169444376,20.824096006159667,61.89152028614969,41.614845545318886
lote-cultivo-03,2026-09-26T00:56:33.455Z,22.57,,,0
lote-cultivo-01,2026-09-26T00:55:39.669Z,64.37325064157595,3.2122858101005716,74.08320278323102,82.21185687609038
lote-cultivo-03,2026-09-26T00:55:33.302Z,22.78,,,0
lote-cultivo-03,2026-09-26T00:54:33.166Z,22.78,,,0
lote-cultivo-01,2026-09-26T00:54:25.128Z,24.58457294120762,27.917143584389603,30.4676837097068,58.641227659100856
lote-cultivo-03,2026-09-26T00:53:33.044Z,22.8,,,0
lote-cultivo-01,2026-09-26T00:53:10.596Z,24.658200313379034,54.482881791206815,62.8125603596417,29.817085042312257
lote-cultivo-03,2026-09-26T00:52:32.907Z,22.85,,,0
lote-cultivo-01,2026-09-26T00:51:56.081Z,73.30371419709856,69.23883777994882,26.237334321967225,52.817236520885594
lote-cultivo-03,2026-09-26T00:51:32.766Z,22.91,,,0
lote-cultivo-01,2026-09-26T00:50:41.533Z,75.31884166629969,83.37492153060504,47.26291656446528,16.11921110871222
lote-cultivo-03,2026-09-26T00:50:32.629Z,22.92,,,0
lote-cultivo-03,2026-09-26T00:49:32.488Z,23.09,,,0
lote-cultivo-01,2026-09-26T00:49:27.002Z,50.44670637863068,79.7321468145271,35.45114343196824,74.19392705796068
lote-cultivo-03,2026-09-26T00:48:32.338Z,23.17,,,0
lote-cultivo-01,2026-09-26T00:48:12.472Z,72.37359891547541,51.677781224327546,60.69851785137384,65.17162200412032
lote-cultivo-03,2026-09-26T00:47:32.21Z,23.27,,,0
lote-cultivo-01,2026-09-26T00:46:57.935Z,83.49331693082729,29.75909508005411,56.60035314005747,39.12507865517762
lote-cultivo-03,2026-09-26T00:46:32.072Z,23.5,,,0
lote-cultivo-01,2026-09-26T00:45:43.407Z,36.79567219918556,22.75931802371139,52.19791284025821,74.50161294573725
lote-cultivo-03,2026-09-26T00:45:31.917Z,23.67,,,0
lote-cultivo-03,2026-09-26T00:44:31.796Z,23.79,,,0
lote-cultivo-01,2026-09-26T00:44:28.897Z,21.52828530484286,18.18961440034319,82.31091376209689,14.660945985411724
lote-cultivo-03,2026-09-26T00:43:31.653Z,23.82,,,0
lote-cultivo-01,2026-09-26T00:43:14.372Z,61.93848186650334,34.01127980236593,22.659969329339862,55.99768464125556
lote-cultivo-03,2026-09-26T00:42:31.512Z,23.93,,,0
lote-cultivo-01,2026-09-26T00:41:59.849Z,65.92659370850154,75.28736161022391,68.91706166687209,58.58838580965403
lote-cultivo-03,2026-09-26T00:41:31.361Z,24.1,,,0
lote-cultivo-01,2026-09-26T00:40:45.327Z,43.078499457330295,93.1722252179012,25.215558546221622,27.52812775528277
lote-cultivo-03,2026-09-26T00:40:31.228Z,24.27,,,0
lote-cultivo-03,2026-09-26T00:39:31.075Z,24.37,,,0
lote-cultivo-01,2026-09-26T00:39:30.815Z,69.57989561117526,68.68996953286522,41.16952151174013,81.74984123674116
lote-cultivo-03,2026-09-26T00:38:30.931Z,24.39,,,0
lote-cultivo-01,2026-09-26T00:38:16.291Z,91.90516606241349,47.290252713104096,47.38551106454062,36.57438795770941
lote-cultivo-03,2026-09-26T00:37:30.762Z,24.47,,,0
lote-cultivo-01,2026-09-26T00:37:01.767Z,50.456769774960975,43.58673488290496,46.67407325819185,58.10974455287092
lote-cultivo-03,2026-09-26T00:36:30.621Z,24.72,,,0
lote-cultivo-01,2026-09-26T00:35:47.252Z,27.188762431610524,28.185600895322153,68.52027756669376,60.02002238853768
lote-cultivo-03,2026-09-26T00:35:30.471Z,24.73,,,0
lote-cultivo-01,2026-09-26T00:34:32.721Z,57.969556450285374,14.723121651898378,43.50376664347466,17.473076491650904
lote-cultivo-03,2026-09-26T00:34:30.333Z,24.89,,,0
lote-cultivo-03,2026-09-26T00:33:30.181Z,25.12,,,0
lote-cultivo-01,2026-09-26T00:33:18.183Z,55.583260912642594,36.91130404384074,89.34660963082408,60.00846772347598
lote-cultivo-03,2026-09-26T00:32:30.042Z,25.15,,,0
lote-cultivo-01,2026-09-26T00:32:03.662Z,23.577414200039556,70.27664695679377,15.062253503168552,38.96798129354179
lote-cultivo-03,2026-09-26T00:31:29.915Z,25.19,,,0
lote-cultivo-01,2026-09-26T00:30:49.131Z,45.079560792128966,78.3049939504469,77.46189714881298,68.54438914253019
lote-cultivo-03,2026-09-26T00:30:29.779Z,25.36,,,0
lote-cultivo-01,2026-09-26T00:29:34.593Z,76.53272004498677,71.67460737614864,18.154367978713218,71.7016719193655
lote-cultivo-03,2026-09-26T00:29:29.642Z,25.44,,,0
lote-cultivo-03,2026-09-26T00:28:29.511Z,25.54,,,0
lote-cultivo-01,2026-09-26T00:28:20.029Z,47.74038160075373,60.29118426643642,44.002907601515695,32.596125893631104
lote-cultivo-03,2026-09-26T00:27:29.373Z,25.55,,,0
lote-cultivo-01,2026-09-26T00:27:05.49Z,29.02556665322278,36.535217289030115,49.166557977498854,50.15285043410921
lote-cultivo-03,2026-09-26T00:26:29.213Z,25.59,,,0
lote-cultivo-01,2026-09-26T00:25:50.967Z,62.33837450656048,21.554983788657022,43.2743066529883,17.541699482230186
lote-cultivo-03,2026-09-26T00:25:29.076Z,25.64,,,0
lote-cultivo-01,2026-09-26T00:24:36.435Z,61.03771490020934,34.48572558475403,69.49623358766311,61.89564510728377
lote-cultivo-03,2026-09-26T00:24:28.936Z,25.86,,,0
lote-cultivo-03,2026-09-26T00:23:28.794Z,25.88,,,0
lote-cultivo-01,2026-09-26T00:23:21.888Z,19.290559376444453,48.31339640443392,47.42381436010944,71.64450378703779
lote-cultivo-03,2026-09-26T00:22:28.656Z,25.96,,,0
lote-cultivo-01,2026-09-26T00:22:07.362Z,27.078026378360885,49.93731035547558,81.8074130063509,48.00092502363299
lote-cultivo-03,2026-09-26T00:21:28.534Z,26.13,,,0
lote-cultivo-01,2026-09-26T00:20:52.818Z,56.42996839301993,64.87352367173239,22.673604915450312,72.31796381897193
lote-cultivo-03,2026-09-26T00:20:28.385Z,26.19,,,0
lote-cultivo-01,2026-09-26T00:19:38.285Z,33.30834010571787,81.36392698897663,71.89751567970978,11.73506986216436
lote-cultivo-03,2026-09-26T00:19:28.245Z,26.25,,,0
lote-cultivo-03,2026-09-26T00:18:28.109Z,26.31,,,0
lote-cultivo-01,2026-09-26T00:18:23.733Z,19.60477025198185,60.902259622939745,21.83297780969632,47.66014836241263
lote-cultivo-03,2026-09-26T00:17:27.983Z,26.56,,,0
lote-cultivo-01,2026-09-26T00:17:09.187Z,62.88018498084521,27.72202845744064,39.743498101429765,60.74204049576885
lote-cultivo-03,2026-09-26T00:16:27.844Z,26.69,,,0
lote-cultivo-01,2026-09-26T00:15:54.654Z,75.32604558120501,29.20185618564651,55.47832828927965,35.29380135353758
lote-cultivo-03,2026-09-26T00:15:27.708Z,26.76,,,0
lote-cultivo-01,2026-09-26T00:14:40.116Z,35.78994315587726,46.39626120738684,36.92249830299149,87.82486517711297
lote-cultivo-03,2026-09-26T00:14:27.57Z,26.88,,,0
lote-cultivo-03,2026-09-26T00:13:27.431Z,26.94,,,0
lote-cultivo-01,2026-09-26T00:13:25.585Z,34.66998866562689,47.06822975286137,72.0934336467161,30.499748832824817
lote-cultivo-03,2026-09-26T00:12:27.304Z,27.04,,,0
lote-cultivo-01,2026-09-26T00:12:11.064Z,57.76105874851949,50.52781725491824,51.89328997301534,48.128866690483896
lote-cultivo-03,2026-09-26T00:11:27.166Z,27.16,,,0
lote-cultivo-01,2026-09-26T00:10:56.542Z,30.331171481663233,65.94125284616655,70.3989046631081,63.23048703809077
lote-cultivo-03,2026-09-26T00:10:27.014Z,27.2,,,0
lote-cultivo-01,2026-09-26T00:09:42.02Z,9.90322558816947,65.19436917541917,37.63326391196545,18.4506262411779
lote-cultivo-03,2026-09-26T00:09:26.877Z,27.27,,,0
lote-cultivo-01,2026-09-26T00:08:27.484Z,54.921773894317546,49.26491307508311,57.102254158262575,70.81835612372299
lote-cultivo-03,2026-09-26T00:08:26.744Z,22,,,0
lote-cultivo-03,2026-09-26T00:07:26.59Z,22,,,0
lote-cultivo-01,2026-09-26T00:07:12.955Z,80.95505754763525,42.57024749021737,34.92844849398551,38.56026869736734
lote-cultivo-03,2026-09-26T00:06:26.453Z,22,,,0
lote-cultivo-01,2026-09-26T00:05:58.421Z,51.99866460662477,39.15380762479786,27.158118257987653,53.57984661695851
lote-cultivo-03,2026-09-26T00:05:26.313Z,22,,,0
lote-cultivo-01,2026-09-26T00:04:43.888Z,53.1877576410639,35.08956724720893,69.3053956522187,77.41673918384741
lote-cultivo-03,2026-09-26T00:04:26.163Z,22,,,0
lote-cultivo-01,2026-09-26T00:03:29.356Z,78.35525767481563,50.64927159730757,22.18175025540228,31.18177254320193
lote-cultivo-03,2026-09-26T00:03:26.029Z,22,,,0
lote-cultivo-03,2026-09-26T00:02:25.896Z,22,,,0
lote-cultivo-01,2026-09-26T00:02:14.833Z,48.73818423406661,71.34862634415346,84.5631533676975,56.04741468702195
lote-cultivo-03,2026-09-26T00:01:25.759Z,22,,,0
lote-cultivo-01,2026-09-26T00:01:00.322Z,15.314794141499988,61.406838546979046,45.38803919590891,24.85492725614428
lote-cultivo-03,2026-09-26T00:00:25.62Z,22,,,0
lote-cultivo-01,2026-09-25T23:59:45.794Z,48.956537510269506,41.14358874744815,69.55066132168967,45.384794275178294
lote-cultivo-03,2026-09-25T23:59:25.484Z,22,,,0
lote-cultivo-01,2026-09-25T23:58:31.265Z,75.38858457962799,46.0799160512334,43.665998878994984,74.39143445753128
lote-cultivo-03,2026-09-25T23:58:25.338Z,22,,,0
lote-cultivo-03,2026-09-25T23:57:25.211Z,22,,,0
lote-cultivo-01,2026-09-25T23:57:16.739Z,49.964826287545456,51.610045261439005,50.01941918613729,51.78014163161443
lote-cultivo-03,2026-09-25T23:56:25.071Z,22,,,0
lote-cultivo-01,2026-09-25T23:56:02.217Z,54.42807069855883,36.36373600735227,40.43915072726749,73.08640859501895
lote-cultivo-03,2026-09-25T23:55:24.932Z,22,,,0
lote-cultivo-01,2026-09-25T23:54:47.698Z,89.45736610805753,36.57204667801357,22.946148758202582,20.101694236826877
lote-cultivo-03,2026-09-25T23:54:24.779Z,22,,,0
lote-cultivo-01,2026-09-25T23:53:33.177Z,68.96641388646796,63.24807438976332,74.32188170374447,35.90178841707308
lote-cultivo-03,2026-09-25T23:53:24.637Z,22,,,0
lote-cultivo-03,2026-09-25T23:52:24.511Z,22,,,0
lote-cultivo-01,2026-09-25T23:52:18.642Z,31.03160608427961,72.9278927615766,14.87991831401054,56.006332613477625
lote-cultivo-03,2026-09-25T23:51:24.373Z,22,,,0
lote-cultivo-01,2026-09-25T23:51:04.117Z,53.39275718436989,56.43309021045586,92.55247955162436,41.40428307793694
lote-cultivo-03,2026-09-25T23:50:24.235Z,22,,,0
lote-cultivo-01,2026-09-25T23:49:49.592Z,72.32889411738971,45.03380030976889,39.799436556465,91.9842538065726
lote-cultivo-03,2026-09-25T23:49:24.097Z,22,,,0
lote-cultivo-01,2026-09-25T23:48:35.068Z,38.573517365535025,39.72820923572392,70.57423412549531,34.862529048584996
lote-cultivo-03,2026-09-25T23:48:23.961Z,22,,,0
lote-cultivo-03,2026-09-25T23:47:23.834Z,22,,,0
lote-cultivo-01,2026-09-25T23:47:20.545Z,34.856298409083514,31.49851664901085,46.29517972380474,41.63834288072454
lote-cultivo-03,2026-09-25T23:46:23.677Z,22,,,0
lote-cultivo-01,2026-09-25T23:46:06.02Z,74.099664651501,38.77015064901932,47.65005557681767,56.43300638548392
lote-cultivo-03,2026-09-25T23:45:23.557Z,22,,,0
lote-cultivo-01,2026-09-25T23:44:51.492Z,66.62851603665531,59.02968058371761,39.06116084981357,17.76191984160661
lote-cultivo-03,2026-09-25T23:44:23.415Z,22,,,0
lote-cultivo-01,2026-09-25T23:43:36.974Z,35.31404284116055,63.95682146959603,28.935500158906446,81.02056674135925
lote-cultivo-03,2026-09-25T23:43:23.265Z,22,,,0
lote-cultivo-03,2026-09-25T23:42:23.118Z,22,,,0
lote-cultivo-01,2026-09-25T23:42:22.455Z,54.99905382679937,61.53420193618145,67.11712112596368,47.53876371583554
lote-cultivo-03,2026-09-25T23:41:22.98Z,22,,,0
lote-cultivo-01,2026-09-25T23:41:06.953Z,75.89030948197379,67.67895454785592,23.18613517003475,43.452235496566345
lote-cultivo-03,2026-09-25T23:40:22.853Z,22,,,0
lote-cultivo-01,2026-09-25T23:39:52.434Z,36.600334917265,56.66946690991061,88.0340589572213,73.78776677393772
lote-cultivo-03,2026-09-25T23:39:22.709Z,22,,,0
lote-cultivo-01,2026-09-25T23:38:37.909Z,16.86180485305354,22.237541048517045,45.1938950620139,22.58654375139285
lote-cultivo-03,2026-09-25T23:38:22.565Z,22.12,,,0
lote-cultivo-01,2026-09-25T23:37:23.389Z,49.92178389163661,14.280729473287504,60.65605300375495,62.42183615607956
lote-cultivo-03,2026-09-25T23:37:22.436Z,22.12,,,0
lote-cultivo-03,2026-09-25T23:36:22.288Z,22.19,,,0
lote-cultivo-01,2026-09-25T23:36:08.856Z,49.55870563490783,44.5138364087067,58.83843619093986,39.41025485379467
lote-cultivo-03,2026-09-25T23:35:22.146Z,22.38,,,0
lote-cultivo-01,2026-09-25T23:34:54.338Z,22.39675262425541,64.51297218335571,32.803542750111966,36.46682177236701
lote-cultivo-03,2026-09-25T23:34:22.015Z,22.49,,,0
lote-cultivo-01,2026-09-25T23:33:39.808Z,49.694239478984706,64.03710306364164,47.39548157684805,75.00190645375122
lote-cultivo-03,2026-09-25T23:33:21.878Z,22.5,,,0
lote-cultivo-01,2026-09-25T23:32:25.29Z,82.40571780649451,71.30340611958944,29.38357924460052,44.891676097783034
lote-cultivo-01,2026-09-25T23:31:10.763Z,48.363512096369725,73.22238495033633,59.460178942621845,71.1982858184258
lote-cultivo-01,2026-09-25T23:29:56.253Z,20.32936383140912,47.650528960329694,33.82503306392038,34.86169575848685
lote-cultivo-01,2026-09-25T23:28:41.737Z,44.1934694502095,22.197560938663685,76.95082125864514,27.86153603122823
lote-cultivo-01,2026-09-25T23:27:27.216Z,40.24475850653295,20.973878585133043,56.26422198520282,54.48307628513209
lote-cultivo-01,2026-09-25T23:26:12.7Z,8.700103989500207,30.48756980023259,47.87021388691768,40.746824463266584
lote-cultivo-01,2026-09-25T23:24:58.178Z,35.372216585600135,49.49965254835635,74.81802455811903,89.80295032187581
lote-cultivo-01,2026-09-25T23:23:43.661Z,79.88246552201555,80.17929637064688,15.50281517137496,47.384106245379606
lote-cultivo-01,2026-09-25T23:22:29.142Z,59.78082610070364,88.94794496793112,62.48203891379555,36.823356637386
lote-cultivo-01,2026-09-25T23:21:14.627Z,36.11104301503596,62.54016315369248,20.1678026686762,49.36022853053855
lote-cultivo-01,2026-09-25T23:20:00.118Z,60.738329612742305,40.73759170071486,61.939495194025994,14.604031601904834
lote-cultivo-01,2026-09-25T23:18:45.589Z,56.6642771944835,36.28217050949941,35.1554873226891,83.02448041687052
lote-cultivo-01,2026-09-25T23:17:31.06Z,15.897552647814756,21.766531507956625,74.96924036926205,55.149912633753694
lote-cultivo-01,2026-09-25T23:16:16.539Z,29.939638067242075,13.314260638680125,57.08744690886095,46.41736930396572
lote-cultivo-01,2026-09-25T23:15:02.034Z,72.94637476488589,45.98924157381081,46.93551052930036,70.81682095095573
lote-cultivo-01,2026-09-25T23:13:47.51Z,59.226870549864366,86.87803405623777,78.25768743795778,11.56721536842332
lote-cultivo-01,2026-09-25T23:12:32.975Z,40.35707303632709,87.8302947081516,9.560007394058394,64.50435494761312
lote-cultivo-01,2026-09-25T23:11:18.45Z,73.049051150255,66.8712616596851,68.74028461088237,48.89627760388279
lote-cultivo-01,2026-09-25T23:10:03.935Z,79.94357938573792,51.50549963768781,17.124463819297112,35.397230635317534
lote-cultivo-01,2026-09-25T23:08:49.414Z,38.95686876075988,30.98509974269285,60.19890450396027,79.29421047704986
lote-cultivo-03,2026-09-25T23:08:01.555Z,22.66,,,0
lote-cultivo-01,2026-09-25T23:07:34.889Z,41.19218745389278,12.562551870984024,39.53337568299784,33.09113511209259
lote-cultivo-03,2026-09-25T23:07:01.412Z,22.77,,,0
lote-cultivo-01,2026-09-25T23:06:20.341Z,74.90581216496271,22.730306840173327,71.70302602134986,66.05009477425394
lote-cultivo-03,2026-09-25T23:06:01.26Z,22.81,,,0
lote-cultivo-01,2026-09-25T23:05:05.813Z,55.085759550604315,48.56041123696021,56.21224679990371,49.40653016609387
lote-cultivo-03,2026-09-25T23:05:01.135Z,22.99,,,0
lote-cultivo-03,2026-09-25T23:04:00.983Z,23.12,,,0
lote-cultivo-01,2026-09-25T23:03:51.283Z,28.71900721377503,66.4365245597365,51.85945141683921,24.6590062829408
lote-cultivo-03,2026-09-25T23:03:00.833Z,23.17,,,0
lote-cultivo-01,2026-09-25T23:02:36.741Z,62.07628322491028,83.1774555133757,71.75368364293765,58.53249593337997
lote-cultivo-03,2026-09-25T23:02:00.689Z,23.18,,,0
lote-cultivo-01,2026-09-25T23:01:22.211Z,81.62683389651394,88.86963700679775,15.635108767013172,36.021107898003514
lote-cultivo-03,2026-09-25T23:01:00.55Z,23.39,,,0
lote-cultivo-01,2026-09-25T23:00:07.683Z,50.05044333846092,57.27398910672281,62.6502788809317,77.78838061233489
lote-cultivo-03,2026-09-25T23:00:00.366Z,23.62,,,0
lote-cultivo-03,2026-09-25T22:59:00.226Z,23.64,,,64.9
lote-cultivo-01,2026-09-25T22:58:53.141Z,51.88839587915308,16.998183650522762,25.927471773067985,60.98040291605654
lote-cultivo-03,2026-09-25T22:58:00.077Z,23.79,,,202.7
lote-cultivo-01,2026-09-25T22:57:38.607Z,84.04057344216017,15.85073816199611,46.72344478031763,38.28301982017381
lote-cultivo-03,2026-09-25T22:56:59.94Z,24,,,263.8
lote-cultivo-01,2026-09-25T22:56:24.087Z,59.239600870323194,34.801278495740284,56.531846179606205,48.1462685342614
lote-cultivo-03,2026-09-25T22:55:59.817Z,24,,,338.1
lote-cultivo-01,2026-09-25T22:55:09.56Z,18.46372303841416,40.514166872238654,55.32742435481376,13.784654187983165
lote-cultivo-03,2026-09-25T22:54:59.683Z,24.16,,,336.3
lote-cultivo-03,2026-09-25T22:53:59.544Z,24.24,,,508.5
lote-cultivo-01,2026-09-25T22:53:55.024Z,40.3141745788268,54.83040216558439,67.68206083203711,72.3482352097674
lote-cultivo-03,2026-09-25T22:52:59.396Z,24.25,,,494.7
lote-cultivo-01,2026-09-25T22:52:40.481Z,62.022199937830926,85.45818930858202,46.86450308943121,62.331457353751944
lote-cultivo-03,2026-09-25T22:51:59.258Z,24.48,,,570.5
lote-cultivo-01,2026-09-25T22:51:25.968Z,36.574189409466875,88.47513526758412,72.05516481023962,53.789373991643075
lote-cultivo-03,2026-09-25T22:50:59.133Z,24.73,,,726.5
lote-cultivo-01,2026-09-25T22:50:11.456Z,43.070719646200054,55.68839266456938,17.315036408308963,70.13551253877971
lote-cultivo-03,2026-09-25T22:49:58.989Z,24.91,,,685.2
lote-cultivo-03,2026-09-25T22:48:58.839Z,24.91,,,847.3
lote-cultivo-01,2026-09-25T22:48:56.924Z,84.59665195711781,29.66476222301917,59.99567885051891,6.344786352565554
lote-cultivo-03,2026-09-25T22:47:58.716Z,25,,,727
lote-cultivo-01,2026-09-25T22:47:42.386Z,68.04027443410858,22.622682980724836,31.089627390756895,57.8149202285289
lote-cultivo-03,2026-09-25T22:46:58.571Z,25.11,,,982.6
lote-cultivo-01,2026-09-25T22:46:27.879Z,22.082023983877452,22.306248333385923,36.698934743659386,51.60278130255617
lote-cultivo-03,2026-09-25T22:45:58.419Z,25.14,,,880.9
lote-cultivo-01,2026-09-25T22:45:13.355Z,32.74024885858859,38.99245959392958,71.4683338184916,41.66880526648099
lote-cultivo-03,2026-09-25T22:44:58.27Z,25.3,,,1236.2
lote-cultivo-01,2026-09-25T22:43:58.836Z,48.91793478713607,67.82626508662145,38.27235638185615,86.87344717002563
lote-cultivo-03,2026-09-25T22:43:58.134Z,25.49,,,943.6
lote-cultivo-03,2026-09-25T22:42:57.99Z,25.52,,,1410.4
lote-cultivo-01,2026-09-25T22:42:44.287Z,19.349287982525603,76.23259555331144,82.26364199091935,24.440052519145368
lote-cultivo-03,2026-09-25T22:41:57.846Z,22,,,1150
lote-cultivo-01,2026-09-25T22:41:29.756Z,21.791863973714193,66.95271359908807,37.58627466109455,57.92502076772416
lote-cultivo-03,2026-09-25T22:40:57.708Z,22,,,1541.6
lote-cultivo-01,2026-09-25T22:40:15.237Z,70.51794693486448,63.71550323624343,76.68639111714252,53.742831122225645
lote-cultivo-03,2026-09-25T22:39:57.564Z,22.18,,,1545.8
lote-cultivo-01,2026-09-25T22:39:00.696Z,69.09725810832366,50.51665242792114,14.333012087888154,24.114117178458812
lote-cultivo-03,2026-09-25T22:38:57.424Z,22.42,,,1372.2
lote-cultivo-03,2026-09-25T22:37:57.278Z,22.52,,,1570.1
lote-cultivo-01,2026-09-25T22:37:46.166Z,30.838638694672255,19.35695634932508,63.80074906475963,70.95961319833219
lote-cultivo-03,2026-09-25T22:36:57.128Z,22.65,,,1326.1
lote-cultivo-01,2026-09-25T22:36:31.646Z,42.43089999137562,14.65553874065928,26.79448977575599,32.635676236846265
lote-cultivo-03,2026-09-25T22:35:57.011Z,22.84,,,1632.3
lote-cultivo-01,2026-09-25T22:35:17.129Z,59.99128206083726,48.63289196389966,39.12341484265069,63.84822699231112
lote-cultivo-03,2026-09-25T22:34:56.858Z,22.85,,,1782.4
lote-cultivo-01,2026-09-25T22:34:02.607Z,25.192143157553936,69.94139356584296,72.44682883828926,68.27392663851789
lote-cultivo-03,2026-09-25T22:33:56.731Z,22.9,,,1557.1
lote-cultivo-03,2026-09-25T22:32:56.583Z,22.9,,,1922.9
lote-cultivo-01,2026-09-25T22:32:48.097Z,14.682079431591871,63.10220603499646,34.99856138825906,35.71784385751775
lote-cultivo-03,2026-09-25T22:31:56.455Z,23.04,,,2104.9
lote-cultivo-01,2026-09-25T22:31:33.57Z,57.9183425593071,62.6111737579809,84.19188043498089,55.98993179684536
lote-cultivo-03,2026-09-25T22:30:56.305Z,23.19,,,2246.9
lote-cultivo-01,2026-09-25T22:30:19.054Z,62.60377402355951,65.05570646431856,40.08781746502343,18.486358728414743
lote-cultivo-03,2026-09-25T22:29:56.182Z,23.42,,,2144.5
lote-cultivo-01,2026-09-25T22:29:04.529Z,31.09703186013505,45.7862947888283,69.89241464036384,56.06578155117952
lote-cultivo-03,2026-09-25T22:28:56.03Z,23.58,,,2108.2
lote-cultivo-03,2026-09-25T22:27:55.896Z,23.6,,,2030.1
lote-cultivo-01,2026-09-25T22:27:50.004Z,49.98187083458813,26.931029450226923,22.692970678473745,66.19696526860875
lote-cultivo-03,2026-09-25T22:26:55.761Z,23.71,,,2124.3
lote-cultivo-01,2026-09-25T22:26:35.47Z,79.73787464823415,32.870611861127344,57.817892964628705,56.42452544912213
lote-cultivo-03,2026-09-25T22:25:55.625Z,23.82,,,2434.5
lote-cultivo-01,2026-09-25T22:25:20.941Z,50.54684963289792,45.14210309992318,28.9145398274887,72.91935384272375
lote-cultivo-03,2026-09-25T22:24:55.491Z,23.86,,,2481.7
lote-cultivo-01,2026-09-25T22:24:06.41Z,31.26399390847433,54.40207643028293,39.53457052899347,12.4923450907017
lote-cultivo-03,2026-09-25T22:23:55.352Z,23.96,,,2516.9
lote-cultivo-03,2026-09-25T22:22:55.219Z,23.99,,,2447.5
lote-cultivo-01,2026-09-25T22:22:51.868Z,63.88029734329271,69.08138929827943,71.68130710760344,46.272847731169726
lote-cultivo-03,2026-09-25T22:21:55.096Z,24.18,,,2318.2
lote-cultivo-01,2026-09-25T22:21:37.345Z,63.38088339757918,69.5990362401428,35.65262949463515,48.234527377168085
lote-cultivo-03,2026-09-25T22:20:54.943Z,24.33,,,2797.3
lote-cultivo-01,2026-09-25T22:20:22.808Z,25.78794953597597,45.732619259128334,81.33216984758005,46.59869638747558
lote-cultivo-03,2026-09-25T22:19:54.813Z,24.51,,,3108.6
lote-cultivo-01,2026-09-25T22:19:08.27Z,42.25506841326692,34.28288136867034,48.36645536936739,93.12715179401782
lote-cultivo-03,2026-09-25T22:18:54.676Z,24.69,,,2560.2
lote-cultivo-03,2026-09-25T22:17:54.543Z,24.83,,,3296.9
lote-cultivo-01,2026-09-25T22:17:53.731Z,82.50579809744467,46.971966601019375,55.05964972774292,26.563763396034933
lote-cultivo-03,2026-09-25T22:16:54.387Z,24.96,,,3402.1
lote-cultivo-01,2026-09-25T22:16:39.211Z,66.08433668459342,47.4124684893647,41.41912635878748,51.26230490997981
lote-cultivo-03,2026-09-25T22:15:54.252Z,25.08,,,3361.2
lote-cultivo-01,2026-09-25T22:15:24.684Z,49.06343861395567,37.773900970281225,39.70983688918791,48.12333025110506
lote-cultivo-03,2026-09-25T22:14:54.116Z,25.15,,,3437
lote-cultivo-01,2026-09-25T22:14:10.167Z,79.55583719614381,53.526695910736336,43.050847779452305,22.343366665966617
lote-cultivo-03,2026-09-25T22:13:53.978Z,25.34,,,3280.9
lote-cultivo-01,2026-09-25T22:12:55.634Z,76.21120605358053,74.1645430493833,29.52288576254612,83.45718440449555
lote-cultivo-03,2026-09-25T22:12:53.841Z,25.47,,,3282.1
lote-cultivo-03,2026-09-25T22:11:53.702Z,25.56,,,3148.6
lote-cultivo-01,2026-09-25T22:11:41.111Z,27.10180111327634,60.0892278558867,79.6239410004487,34.94904255843173
lote-cultivo-03,2026-09-25T22:10:53.561Z,25.71,,,3389.3
lote-cultivo-01,2026-09-25T22:10:26.595Z,29.174328394709093,36.36710896850783,28.108090242176655,56.46254977678129
lote-cultivo-03,2026-09-25T22:09:53.423Z,25.82,,,3785.3
lote-cultivo-01,2026-09-25T22:09:12.084Z,66.8865240939072,37.58984518683393,87.23851399711815,67.51569289633076
lote-cultivo-03,2026-09-25T22:08:53.299Z,26.06,,,3399
lote-cultivo-01,2026-09-25T22:07:57.55Z,56.2678875191151,45.21148244668049,46.99204703697781,26.516233526705037
lote-cultivo-03,2026-09-25T22:07:53.146Z,26.21,,,3139.2
lote-cultivo-03,2026-09-25T22:06:53.006Z,26.26,,,3790.5
lote-cultivo-01,2026-09-25T22:06:43.028Z,43.191700724282,45.862297888916466,50.04135882874303,66.87979930854286
lote-cultivo-03,2026-09-25T22:05:52.872Z,26.49,,,3690.6
lote-cultivo-01,2026-09-25T22:05:28.502Z,80.17083956684077,55.8774577138106,52.027321896255295,27.432461486057935
lote-cultivo-03,2026-09-25T22:04:52.734Z,26.54,,,3064.4
lote-cultivo-01,2026-09-25T22:04:13.981Z,86.15372316528422,65.77647384592859,27.579671462913424,44.908759517000505
lote-cultivo-03,2026-09-25T22:03:52.602Z,26.7,,,4301.1
lote-cultivo-01,2026-09-25T22:02:59.451Z,35.89388363767843,56.95830200990907,52.74897202642076,68.63280811417233
lote-cultivo-03,2026-09-25T22:02:52.465Z,26.73,,,3718
lote-cultivo-03,2026-09-25T22:01:52.329Z,26.88,,,4520.1
lote-cultivo-01,2026-09-25T22:01:44.923Z,26.025006622089577,47.804458927232275,23.50869917843581,48.573813192990144
lote-cultivo-03,2026-09-25T22:00:52.176Z,27.08,,,3549.9
lote-cultivo-01,2026-09-25T22:00:30.406Z,55.10407066795197,47.73751778313519,83.47825228061936,75.88511010390765
lote-cultivo-03,2026-09-25T21:59:52.045Z,27.32,,,4459.2
lote-cultivo-01,2026-09-25T21:59:15.892Z,39.71982851575536,36.09424702492034,23.578339769942943,26.72712323677356
lote-cultivo-03,2026-09-25T21:58:51.9Z,27.38,,,3395.2
lote-cultivo-01,2026-09-25T21:58:01.371Z,20.514646068113738,26.484342695089808,93.15065049424628,36.34040031097562
lote-cultivo-03,2026-09-25T21:57:51.763Z,27.58,,,3944.7
lote-cultivo-03,2026-09-25T21:56:51.638Z,27.77,,,4280.6
lote-cultivo-01,2026-09-25T21:56:46.845Z,59.018979891018944,50.32747473185518,41.646063025236096,45.99191564509546
lote-cultivo-03,2026-09-25T21:55:51.502Z,27.8,,,4002.1
lote-cultivo-01,2026-09-25T21:55:32.341Z,78.35017676929975,78.29395785983041,52.554572883855045,44.292529690120745
lote-cultivo-03,2026-09-25T21:54:51.363Z,28.02,,,4206.9
lote-cultivo-01,2026-09-25T21:54:17.821Z,38.914090456420304,68.83973632657292,53.097758657913474,92.35556336581182
lote-cultivo-03,2026-09-25T21:53:51.225Z,28.27,,,4324.4
lote-cultivo-01,2026-09-25T21:53:03.295Z,30.751252825829383,48.94807934153214,25.898745798499885,38.8968515411846
lote-cultivo-03,2026-09-25T21:52:51.097Z,28.49,,,4964
lote-cultivo-03,2026-09-25T21:51:50.923Z,28.68,,,4647.5
lote-cultivo-01,2026-09-25T21:51:48.768Z,60.41170898223572,49.11399665712351,51.23052993542328,48.81685885848317
lote-cultivo-03,2026-09-25T21:50:50.755Z,28.87,,,5115.5
lote-cultivo-01,2026-09-25T21:50:34.243Z,42.43416963414987,43.48905104541286,30.17222898204731,40.75670721087044
lote-cultivo-03,2026-09-25T21:49:50.619Z,28.93,,,4793.4
lote-cultivo-01,2026-09-25T21:49:19.72Z,11.171802368191218,24.60624774840159,72.66706193756414,18.528251791190662
lote-cultivo-03,2026-09-25T21:48:50.481Z,29.02,,,4830.7
lote-cultivo-01,2026-09-25T21:48:05.195Z,39.80477714926417,28.941673516358552,34.76949640664938,86.37791492800298
lote-cultivo-03,2026-09-25T21:47:50.336Z,29.23,,,5002.9
lote-cultivo-01,2026-09-25T21:46:50.667Z,62.528751992907495,56.340990083862486,84.11534361271349,42.244480407160154
lote-cultivo-03,2026-09-25T21:46:50.195Z,29.39,,,4375.4
lote-cultivo-03,2026-09-25T21:45:50.053Z,29.43,,,4205.8
lote-cultivo-01,2026-09-25T21:45:36.153Z,31.12811245470063,72.04353036429497,48.50600214417465,58.58311565045749
lote-cultivo-03,2026-09-25T21:44:49.93Z,25.77,,,4219.4
lote-cultivo-01,2026-09-25T21:44:21.61Z,29.65921550444689,73.93629383264053,45.97068024756303,63.711388484688214
lote-cultivo-03,2026-09-25T21:43:49.79Z,25.95,,,4894
lote-cultivo-01,2026-09-25T21:43:07.066Z,70.73483612868307,69.65593821743,60.77618013746082,14.748386688444176
lote-cultivo-03,2026-09-25T21:42:49.653Z,22,,,4971.9
lote-cultivo-01,2026-09-25T21:41:52.531Z,62.86312756911832,46.554685578099594,18.713598085612492,72.0088047165006
lote-cultivo-03,2026-09-25T21:41:49.531Z,22,,,5554.1
lote-cultivo-03,2026-09-25T21:40:49.396Z,22,,,5825
lote-cultivo-01,2026-09-25T21:40:38.015Z,27.52662427637407,19.931832644228574,54.223928285876056,35.3586947326198
lote-cultivo-03,2026-09-25T21:39:49.257Z,22,,,5843
lote-cultivo-01,2026-09-25T21:39:23.472Z,45.06228165138659,23.627190985793888,34.44329148417614,44.283880411706434
lote-cultivo-03,2026-09-25T21:38:49.122Z,22,,,4699.3
lote-cultivo-01,2026-09-25T21:38:08.968Z,62.200787508755425,42.22691833810745,61.25668755082524,72.90994607005017
lote-cultivo-03,2026-09-25T21:37:48.984Z,22,,,4552.3
lote-cultivo-01,2026-09-25T21:36:54.425Z,26.635412217469263,47.85810490808219,49.81273148499081,34.04464015573683
lote-cultivo-03,2026-09-25T21:36:48.857Z,22,,,5208.9
lote-cultivo-03,2026-09-25T21:35:48.726Z,22,,,4624.6
lote-cultivo-01,2026-09-25T21:35:39.923Z,21.36912758092874,61.18426727216644,69.31814952940506,75.30857718527093
lote-cultivo-03,2026-09-25T21:34:48.576Z,22,,,6127.8
lote-cultivo-01,2026-09-25T21:34:25.397Z,69.7181024859932,88.18025907492006,61.393501297071126,39.49814358527562
lote-cultivo-03,2026-09-25T21:33:48.439Z,22,,,6454.2
lote-cultivo-01,2026-09-25T21:33:10.867Z,76.71724728262384,83.02210183847745,33.94887613635658,31.999122525958533
lote-cultivo-03,2026-09-25T21:32:48.291Z,22,,,6163.7
lote-cultivo-01,2026-09-25T21:31:56.347Z,48.201359946128605,40.87694243763145,73.92205543044194,51.83532027275744
lote-cultivo-03,2026-09-25T21:31:48.167Z,22,,,5694.8
lote-cultivo-03,2026-09-25T21:30:48.017Z,22,,,5402.2
lote-cultivo-01,2026-09-25T21:30:41.829Z,64.70394288885903,16.614097506508326,4.826753658940498,35.67895731552316
lote-cultivo-03,2026-09-25T21:29:47.88Z,22,,,5810.2
lote-cultivo-01,2026-09-25T21:29:27.302Z,80.71823933915995,23.81563155533833,66.08387324834165,84.28120747183202
lote-cultivo-03,2026-09-25T21:28:47.752Z,22,,,5207.1
lote-cultivo-01,2026-09-25T21:28:12.775Z,38.01107071745474,31.90584256903502,27.921401835093977,53.15182535584453
lote-cultivo-03,2026-09-25T21:27:47.62Z,22,,,6247.4
lote-cultivo-03,2026-09-29T14:39:58.042Z,22,,,11814.3
lote-cultivo-01,2026-09-25T21:26:58.256Z,18.247104429903477,44.247608367981215,60.91076379124605,47.78853263784996
lote-cultivo-03,2026-09-25T21:26:47.498Z,22,,,6783.4
lote-cultivo-03,2026-09-25T21:25:47.351Z,22,,,5743.4
lote-cultivo-01,2026-09-25T21:25:43.727Z,59.67822556964557,72.27814790195562,54.50957082883282,41.28098085897821
lote-cultivo-03,2026-09-25T21:24:47.191Z,22,,,5597.8
lote-cultivo-01,2026-09-25T21:24:29.209Z,71.37005338655719,87.16991768252166,64.16621889320784,14.892237130772322
lote-cultivo-03,2026-09-25T21:23:47.038Z,22,,,6159.5
lote-cultivo-01,2026-09-25T21:23:14.676Z,47.57457642774604,73.7462123407919,64.19743759621316,77.3068341466956
lote-cultivo-03,2026-09-25T21:22:46.902Z,22,,,6470.8
lote-cultivo-01,2026-09-25T21:22:00.161Z,68.64267902242894,54.05044752901957,33.28082206369462,51.04351304222994
lote-cultivo-03,2026-09-25T21:21:46.764Z,22,,,6267.8
lote-cultivo-03,2026-09-25T21:20:46.625Z,22,,,5919.7
lote-cultivo-01,2026-09-25T21:20:45.624Z,94.14996754165948,32.61988067950688,75.02377942951567,64.72926415322698
lote-cultivo-03,2026-09-25T21:19:46.502Z,22,,,7413.6
lote-cultivo-01,2026-09-25T21:19:31.112Z,55.06110044920448,8.697622711654752,1.7835440104262796,63.170975842269584
lote-cultivo-03,2026-09-25T21:18:46.359Z,22,,,7062.7
lote-cultivo-01,2026-09-25T21:18:16.568Z,25.274728749343794,14.34820258876224,70.10953234757021,8.145093220071375
lote-cultivo-03,2026-09-25T21:17:46.221Z,22,,,6322.1
lote-cultivo-01,2026-09-25T21:17:02.042Z,55.189387085397,54.610256123277104,25.800216562589252,66.88756352933206
lote-cultivo-03,2026-09-25T21:16:46.081Z,22,,,5864.3
lote-cultivo-01,2026-09-25T21:15:47.53Z,60.85767369878877,79.5675059472266,59.145187927356616,37.9023355447035
lote-cultivo-03,2026-09-25T21:15:45.941Z,22,,,6722.9
lote-cultivo-03,2026-09-25T21:14:45.8Z,22,,,6473.3
lote-cultivo-01,2026-09-25T21:14:32.999Z,30.156174616391382,74.02477816109848,58.86912149178928,51.0105473394518
lote-cultivo-03,2026-09-25T21:13:45.662Z,22,,,7981.1
lote-cultivo-01,2026-09-25T21:13:18.485Z,47.74200703102108,72.34196002556614,60.97909922622306,79.90790512718439
lote-cultivo-03,2026-09-25T21:12:45.528Z,22,,,7106.1
lote-cultivo-01,2026-09-25T21:12:03.961Z,82.7297527769273,68.85960876292036,62.634494583449296,22.871393530132163
lote-cultivo-03,2026-09-25T21:11:45.388Z,22,,,6075.9
lote-cultivo-01,2026-09-25T21:10:49.441Z,56.43081890853699,35.528342090093716,40.49684185239941,70.48270340509627
lote-cultivo-03,2026-09-25T21:10:45.252Z,22,,,7135.5
lote-cultivo-03,2026-09-25T21:09:45.097Z,22,,,7082
lote-cultivo-01,2026-09-25T21:09:34.888Z,29.79302935564882,4.513671379067552,64.57088315665851,42.85429471543099
lote-cultivo-03,2026-09-25T21:08:44.976Z,22,,,6970.5
lote-cultivo-01,2026-09-25T21:08:20.34Z,58.733688070048,17.22606800918158,12.424902577814384,31.941206632375348
lote-cultivo-03,2026-09-25T21:07:44.835Z,22,,,7129.5
lote-cultivo-01,2026-09-25T21:07:05.811Z,62.96649329098496,48.923130196951945,60.37566312628857,65.39679057783609
lote-cultivo-03,2026-09-25T21:06:44.69Z,22,,,8103.2
lote-cultivo-01,2026-09-25T21:05:51.294Z,22.044423877551335,67.42580909957046,36.08752265761069,27.660559179493532
lote-cultivo-03,2026-09-25T21:05:44.532Z,22,,,6440.3
lote-cultivo-03,2026-09-25T21:04:44.387Z,22.1,,,6337.2
lote-cultivo-01,2026-09-25T21:04:36.763Z,26.01253078529933,80.09096280660124,46.234762276133615,73.84764733755244
lote-cultivo-03,2026-09-25T21:03:44.247Z,22.27,,,7020.1
lote-cultivo-01,2026-09-25T21:03:22.221Z,59.62239629811308,82.07533367585278,74.28654660626913,60.38230306679871
lote-cultivo-03,2026-09-25T21:02:44.116Z,22.33,,,6876.2
lote-cultivo-01,2026-09-25T21:02:07.691Z,41.100572391389726,58.21012165042618,46.418821049653936,44.03861938003116
lote-cultivo-03,2026-09-25T21:01:43.979Z,22.49,,,8477.4
lote-cultivo-01,2026-09-25T21:00:53.166Z,20.86248647365275,32.035374536242784,71.9013243215562,51.959583188813376
lote-cultivo-03,2026-09-25T21:00:43.84Z,22.52,,,7586.9
lote-cultivo-03,2026-09-25T20:59:43.695Z,22.53,,,8811.5
lote-cultivo-01,2026-09-25T20:59:38.621Z,58.73351942705749,25.95056678909206,38.80489039768254,14.920566853245097
lote-cultivo-03,2026-09-25T20:58:43.557Z,22.76,,,8636.8
lote-cultivo-01,2026-09-25T20:58:24.096Z,74.7126851144428,23.742493097048023,59.88796323453101,62.89620543058487
lote-cultivo-03,2026-09-25T20:57:43.42Z,23,,,7632.3
lote-cultivo-01,2026-09-25T20:57:09.55Z,34.55683171181743,27.630192666997644,19.94706457137899,57.0084309929164
lote-cultivo-03,2026-09-25T20:56:43.278Z,23.03,,,6732.6
lote-cultivo-01,2026-09-25T20:55:54.997Z,27.6607530707078,60.25869120741027,52.7083171786695,65.44540245107177
lote-cultivo-03,2026-09-25T20:55:43.142Z,23.18,,,6557.8
lote-cultivo-03,2026-09-25T20:54:42.988Z,23.29,,,6668
lote-cultivo-01,2026-09-25T20:54:40.454Z,53.880596282160184,92.00055723680067,44.15373270476216,68.34113378804764
lote-cultivo-03,2026-09-25T20:53:42.848Z,23.35,,,6934.5
lote-cultivo-01,2026-09-25T20:53:25.921Z,32.82021662001542,78.69284371930493,35.92438106257107,10.940564478080754
lote-cultivo-03,2026-09-25T20:52:42.701Z,23.55,,,6723.4
lote-cultivo-01,2026-09-25T20:52:11.369Z,8.592982848701416,47.73186799121423,88.27839754981764,54.974393768014785
lote-cultivo-03,2026-09-25T20:51:42.561Z,23.78,,,8797.2
lote-cultivo-01,2026-09-25T20:50:56.843Z,49.77640454282532,40.28388960108004,30.783994501549184,36.76883252166149
lote-cultivo-03,2026-09-25T20:50:42.426Z,23.81,,,9220.1
lote-cultivo-01,2026-09-25T20:49:42.311Z,80.56320285283014,36.4918312252483,85.04627260541602,55.737562594218325
lote-cultivo-03,2026-09-25T20:49:42.29Z,24,,,7469.2
lote-cultivo-03,2026-09-25T20:48:42.141Z,24.08,,,8551.9
lote-cultivo-01,2026-09-25T20:48:27.8Z,51.68002526788553,22.382359257926996,31.31226904971506,87.49828615765543
lote-cultivo-03,2026-09-25T20:47:42.003Z,24.25,,,7410.9
lote-cultivo-01,2026-09-25T20:47:13.271Z,45.71309691761398,30.3126524986026,61.5463563530372,22.833764338474506
lote-cultivo-03,2026-09-25T20:46:41.881Z,24.32,,,7173.9
lote-cultivo-01,2026-09-25T20:45:58.734Z,71.56764966328144,61.30536258976592,20.735808856746672,63.559459842092195
lote-cultivo-03,2026-09-25T20:45:41.741Z,24.47,,,9726.2
lote-cultivo-01,2026-09-25T20:44:44.213Z,47.53663814664612,76.2476961745305,52.97737572292824,37.17467598325765
lote-cultivo-03,2026-09-25T20:44:41.604Z,24.52,,,9877.5
lote-cultivo-03,2026-09-25T20:43:41.467Z,24.63,,,8600.8
lote-cultivo-01,2026-09-25T20:43:29.704Z,11.303034623177064,70.63721451764923,41.67322391044658,31.264050997726265
lote-cultivo-03,2026-09-25T20:42:41.313Z,24.76,,,9625.4
lote-cultivo-01,2026-09-25T20:42:15.189Z,42.434923455348624,61.76348791648564,38.77777253290608,79.40504617457752
lote-cultivo-03,2026-09-25T20:41:41.176Z,24.8,,,8500.7
lote-cultivo-01,2026-09-25T20:41:00.669Z,75.97518432321792,43.351962229706146,87.06093695019574,26.886417645383737
lote-cultivo-03,2026-09-25T20:40:41.041Z,24.82,,,9735.8
lote-cultivo-01,2026-09-25T20:39:46.148Z,53.869335208513505,23.740368065500373,29.926381160650863,67.99538610704869
lote-cultivo-03,2026-09-25T20:39:40.919Z,24.85,,,9077.1
lote-cultivo-03,2026-09-25T20:38:40.766Z,25.02,,,10148.2
lote-cultivo-01,2026-09-25T20:38:31.613Z,52.49253150784605,31.453330299755972,85.52019899613813,58.70902163759768
lote-cultivo-03,2026-09-25T20:37:40.627Z,25.18,,,10240.9
lote-cultivo-01,2026-09-25T20:37:17.108Z,87.12506640539476,52.045460074249384,34.44090562684061,34.925542257757854
lote-cultivo-03,2026-09-25T20:36:40.489Z,25.22,,,10049.8
lote-cultivo-01,2026-09-25T20:36:02.58Z,70.8632931242051,53.56590399902987,54.38360439489327,66.19958987867128
lote-cultivo-03,2026-09-25T20:35:40.356Z,25.22,,,8567.9
lote-cultivo-01,2026-09-25T20:34:48.059Z,28.95359224772313,54.60658300366842,29.705491722395692,19.319289443795316
lote-cultivo-03,2026-09-25T20:34:40.205Z,25.37,,,7699.5
lote-cultivo-03,2026-09-25T20:33:40.06Z,25.4,,,9161.8
lote-cultivo-01,2026-09-25T20:33:33.54Z,47.26427903862005,71.72188114980746,46.44594856946682,52.99494084553641
lote-cultivo-03,2026-09-25T20:32:39.908Z,25.56,,,9962.2
lote-cultivo-01,2026-09-25T20:32:19.023Z,73.14014673304482,68.31993149914254,42.91908574641495,59.96287462046715
lote-cultivo-03,2026-09-25T20:31:39.781Z,25.64,,,8380.6
lote-cultivo-01,2026-09-25T20:31:04.493Z,44.84835558590677,35.997024357821964,42.09400347679341,56.081048089406536
lote-cultivo-03,2026-09-25T20:30:39.642Z,25.82,,,10605.9
lote-cultivo-01,2026-09-25T20:29:49.985Z,37.609771407055995,24.615953459299437,81.38144991017305,75.66782356757096
lote-cultivo-03,2026-09-25T20:29:39.504Z,26.04,,,9195.4
lote-cultivo-03,2026-09-25T20:28:39.351Z,26.26,,,8270.8
lote-cultivo-01,2026-09-25T20:28:35.459Z,77.331447537023,44.429557371591834,35.98650906392415,21.993028305998862
lote-cultivo-03,2026-09-25T20:27:39.216Z,26.27,,,10162.8
lote-cultivo-01,2026-09-25T20:27:20.925Z,74.52598520282196,54.53288940889427,78.4007718698136,44.24646503296819
lote-cultivo-03,2026-09-25T20:26:39.091Z,26.4,,,10273.9
lote-cultivo-01,2026-09-25T20:26:06.413Z,38.72606670095782,52.12452916565944,45.38088087751467,35.94978772669555
lote-cultivo-03,2026-09-25T20:25:38.939Z,26.58,,,9930.9
lote-cultivo-01,2026-09-25T20:24:51.901Z,55.34672061336573,59.715963471543155,38.60595426030736,51.79601552489011
lote-cultivo-03,2026-09-25T20:24:38.807Z,26.63,,,10963.9
lote-cultivo-03,2026-09-25T20:23:38.672Z,26.85,,,10634
lote-cultivo-01,2026-09-25T20:23:37.387Z,79.1504877460669,62.47752133365595,48.929752337572445,89.7168498820487
lote-cultivo-03,2026-09-25T20:22:38.526Z,27,,,9014.8
lote-cultivo-01,2026-09-25T20:22:22.86Z,42.89511074798953,48.381133536616936,28.16092912964547,34.06790093798448
lote-cultivo-03,2026-09-25T20:21:38.385Z,27.2,,,10844.5
lote-cultivo-01,2026-09-25T20:21:08.347Z,20.54139813049364,40.66242742345618,56.1453476684571,59.82998061622201
lote-cultivo-03,2026-09-25T20:20:38.244Z,23.25,,,10516.1
lote-cultivo-01,2026-09-25T20:19:53.841Z,53.09257246428347,43.06194038875061,34.597929430902276,30.20202957408906
lote-cultivo-03,2026-09-25T20:19:38.102Z,23.31,,,10168.2
lote-cultivo-01,2026-09-25T20:18:39.317Z,55.733542122432524,40.028577894424465,84.63143735145775,27.36483327152207
lote-cultivo-03,2026-09-25T20:18:37.979Z,23.41,,,11111.2
lote-cultivo-03,2026-09-25T20:17:37.831Z,23.56,,,10344.7
lote-cultivo-01,2026-09-25T20:17:24.776Z,26.43376317503136,46.71042767808348,34.09874136052945,84.09302883663639
lote-cultivo-03,2026-09-25T20:16:37.692Z,23.63,,,9000.1
lote-cultivo-01,2026-09-25T20:16:10.257Z,49.30059895810745,69.36885329854037,79.55844257093378,33.0395523204394
lote-cultivo-03,2026-09-25T20:15:37.561Z,23.85,,,9601
lote-cultivo-01,2026-09-25T20:14:55.731Z,83.86007928729413,69.89201001250447,46.96929055336967,70.40083904597266
lote-cultivo-03,2026-09-25T20:14:37.407Z,23.97,,,8738.9
lote-cultivo-01,2026-09-25T20:13:41.209Z,52.33078549278297,42.60550443831813,32.39292730739856,53.55957114293886
lote-cultivo-03,2026-09-25T20:13:37.272Z,24.03,,,9333.8
lote-cultivo-03,2026-09-25T20:12:37.125Z,24.12,,,10779.1
lote-cultivo-01,2026-09-25T20:12:26.688Z,21.03840378620751,33.92821358827846,59.846935719975946,23.596407296134483
lote-cultivo-03,2026-09-25T20:11:36.982Z,24.29,,,9335.1
lote-cultivo-01,2026-09-25T20:11:12.168Z,43.30627297805463,47.406534844593274,15.778849665122983,74.35973858470024
lote-cultivo-03,2026-09-25T20:10:36.845Z,24.46,,,11967.4
lote-cultivo-01,2026-09-25T20:09:57.632Z,42.17846764651143,44.99199945444347,65.6806039667428,24.24786830752257
lote-cultivo-03,2026-09-25T20:09:36.714Z,24.52,,,8625.2
lote-cultivo-01,2026-09-25T20:08:43.11Z,8.969686886089532,38.095890311458135,29.863389442167936,53.624380373971015
lote-cultivo-03,2026-09-25T20:08:36.562Z,24.66,,,11176.7
lote-cultivo-03,2026-09-25T20:07:36.427Z,24.76,,,10352.9
lote-cultivo-01,2026-09-25T20:07:28.589Z,31.150830751062504,57.44688717540437,85.82789188067744,62.98511588615017
lote-cultivo-03,2026-09-25T20:06:36.282Z,24.98,,,10424.7
lote-cultivo-01,2026-09-25T20:06:14.068Z,77.31246949228323,76.02484035550174,33.08379088134235,39.93763395770332
lote-cultivo-03,2026-09-25T20:05:36.143Z,25.01,,,11145.7
lote-cultivo-01,2026-09-25T20:04:59.547Z,60.10306353588221,63.7168338397653,82.60191602950032,80.11042378742133
lote-cultivo-03,2026-09-25T20:04:36.02Z,25.15,,,12338.3
lote-cultivo-01,2026-09-25T20:03:45.025Z,33.15962718307193,44.41020462988745,42.68290553370117,31.90199686778191
lote-cultivo-03,2026-09-25T20:03:35.867Z,25.35,,,11416.7
lote-cultivo-03,2026-09-25T20:02:35.73Z,25.44,,,12392.9
lote-cultivo-01,2026-09-25T20:02:30.497Z,55.56113226086045,36.41838515395917,35.80710810018064,40.09410195681791
lote-cultivo-03,2026-09-25T20:01:35.595Z,25.68,,,10006.1
lote-cultivo-01,2026-09-25T20:01:15.971Z,54.287609764680035,29.2269120836308,58.837282526943625,42.263373931040455
lote-cultivo-03,2026-09-25T20:00:35.453Z,25.9,,,11428.2
lote-cultivo-01,2026-09-25T20:00:01.444Z,12.71155325155152,33.06663331269336,15.969702189482163,39.84857363927356
lote-cultivo-03,2026-09-25T19:59:35.319Z,26.02,,,10802.2
lote-cultivo-01,2026-09-25T19:58:46.898Z,22.78469660905478,57.08001168157965,62.68209738061022,86.18660705251983
lote-cultivo-03,2026-09-25T19:58:35.177Z,26.23,,,12625.8
lote-cultivo-03,2026-09-25T19:57:35.04Z,26.35,,,12114.2
lote-cultivo-01,2026-09-25T19:57:32.387Z,68.13085089981979,71.3336138536407,38.00735051992427,47.32660861799427
lote-cultivo-03,2026-09-25T19:56:34.905Z,26.53,,,9486.9
lote-cultivo-01,2026-09-25T19:56:17.821Z,59.02882601380913,64.23589779078168,73.10588075112518,57.32672885728984
lote-cultivo-03,2026-09-25T19:55:34.767Z,26.53,,,10993.1
lote-cultivo-01,2026-09-25T19:55:03.216Z,37.75208147298041,62.82800835016893,46.88389786408823,31.86383981447875
lote-cultivo-03,2026-09-25T19:54:34.624Z,26.76,,,9733.9
lote-cultivo-01,2026-09-25T19:53:48.628Z,67.73095524435386,60.82875041821115,71.71670718590184,20.69811336689917
lote-cultivo-03,2026-09-25T19:53:34.46Z,26.8,,,11434.6
lote-cultivo-03,2026-09-25T19:52:34.325Z,26.86,,,12495.1
lote-cultivo-01,2026-09-25T19:52:34.04Z,77.78689518884492,32.039767610711735,48.42503803091127,78.70447879912905
lote-cultivo-03,2026-09-25T19:51:34.168Z,27.02,,,9318.3
lote-cultivo-01,2026-09-25T19:51:19.436Z,36.558182794713915,8.69541764523873,32.40107894520771,42.88456130420175
lote-cultivo-03,2026-09-25T19:50:34.029Z,27.14,,,12732.2
lote-cultivo-01,2026-09-25T19:50:04.859Z,34.248194073341736,30.623628466169468,61.33266288451998,74.91166924166576
lote-cultivo-03,2026-09-25T19:49:33.896Z,27.33,,,11006
lote-cultivo-01,2026-09-25T19:48:50.283Z,70.98117061301656,64.28587743740182,13.744916544895162,53.16336812198962
lote-cultivo-03,2026-09-25T19:48:33.762Z,27.35,,,13198.1
lote-cultivo-01,2026-09-25T19:47:35.764Z,57.74419839163867,70.78085668407297,62.313022104506224,13.822026046323696
lote-cultivo-03,2026-09-25T19:47:33.634Z,27.42,,,9705.5
lote-cultivo-03,2026-09-25T19:46:33.48Z,27.61,,,9443.7
lote-cultivo-01,2026-09-25T19:46:21.256Z,30.15792064682838,70.36785225910826,45.81503113517552,70.77076273229235
lote-cultivo-03,2026-09-25T19:45:33.347Z,23.98,,,9677.6
lote-cultivo-01,2026-09-25T19:45:06.722Z,61.1210204829713,73.38247550634458,58.534750574059466,28.308820025971823
lote-cultivo-03,2026-09-25T19:44:33.195Z,24.21,,,12481.4
lote-cultivo-01,2026-09-25T19:43:52.187Z,84.39080028188495,55.043859156052555,65.61641521451673,61.260269719755655
lote-cultivo-03,2026-09-25T19:43:33.061Z,24.4,,,13334.7
lote-cultivo-01,2026-09-25T19:42:37.64Z,52.95928740693577,25.223627346568296,53.83075885896012,70.07471056707406
lote-cultivo-03,2026-09-25T19:42:32.924Z,24.55,,,12521.6
lote-cultivo-03,2026-09-25T19:41:32.785Z,24.65,,,11426.2
lote-cultivo-01,2026-09-25T19:41:23.119Z,49.536097075428934,17.496203433458213,62.084151472165416,26.28040068582414
lote-cultivo-03,2026-09-25T19:40:32.641Z,24.67,,,13668.1
lote-cultivo-01,2026-09-25T19:40:08.598Z,83.00765773604674,27.560881201265257,22.401537850541043,76.493140177054
lote-cultivo-03,2026-09-25T19:39:32.49Z,24.84,,,12400.8
lote-cultivo-01,2026-09-25T19:38:54.079Z,64.18000897521054,43.400914743616674,69.8813641802924,33.82099755491754
lote-cultivo-03,2026-09-25T19:38:32.358Z,24.96,,,11309.8
lote-cultivo-01,2026-09-25T19:37:39.56Z,22.51679239163293,72.55333153112772,5.236643212820877,41.59521862672057
lote-cultivo-03,2026-09-25T19:37:32.208Z,25.02,,,13277.5
lote-cultivo-03,2026-09-25T19:36:32.073Z,25.2,,,9794.2
lote-cultivo-01,2026-09-25T19:36:25.047Z,42.01045992320175,93.62663377693336,69.61063821352766,56.52455755079333
lote-cultivo-03,2026-09-25T19:35:31.936Z,25.41,,,10572.1
lote-cultivo-01,2026-09-25T19:35:10.528Z,67.62585548667684,74.35126558630483,42.43053478587739,28.876532810195854
lote-cultivo-03,2026-09-25T19:34:31.785Z,25.47,,,13940.7
lote-cultivo-01,2026-09-25T19:33:56.012Z,43.4115130552096,41.18636651935358,55.96477417041462,79.45061364573937
lote-cultivo-03,2026-09-25T19:33:31.632Z,25.57,,,12697.3
lote-cultivo-01,2026-09-25T19:32:41.494Z,44.722760082719745,32.235230187843314,72.60331990792362,52.88891783443892
lote-cultivo-03,2026-09-25T19:32:31.507Z,25.61,,,13274
lote-cultivo-03,2026-09-25T19:31:31.368Z,25.71,,,13270.1
lote-cultivo-01,2026-09-25T19:31:26.974Z,86.12169259583034,27.909406965196897,46.316920489471045,53.5730916424535
lote-cultivo-03,2026-09-25T19:30:31.218Z,25.95,,,13627.1
lote-cultivo-01,2026-09-25T19:30:12.458Z,74.01256880846735,15.751750422497318,66.81504991586192,44.10364699474289
lote-cultivo-03,2026-09-25T19:29:31.09Z,26.05,,,11853.9
lote-cultivo-01,2026-09-25T19:28:57.928Z,26.10537390698275,32.61265664919973,21.743171048612425,16.488321217416324
lote-cultivo-03,2026-09-25T19:28:30.943Z,26.27,,,14125
lote-cultivo-01,2026-09-25T19:27:43.411Z,32.72296870002795,77.10163055159735,69.0258135408135,66.6462339792225
lote-cultivo-03,2026-09-25T19:27:30.804Z,26.5,,,10873.9
lote-cultivo-03,2026-09-25T19:26:30.669Z,26.6,,,14372.5
lote-cultivo-01,2026-09-25T19:26:28.878Z,52.02365533224121,94.21687854768982,4.936795496395263,49.07732494251274
lote-cultivo-03,2026-09-25T19:25:30.515Z,26.81,,,10737.3
lote-cultivo-01,2026-09-25T19:25:14.355Z,24.34642865436317,74.16493538002547,71.78600602088163,75.52770431565364
lote-cultivo-03,2026-09-25T19:24:30.381Z,22,,,11607.1
lote-cultivo-01,2026-09-25T19:23:59.819Z,22.28423957831149,52.97015405959144,39.94695066090393,59.81271408205879
lote-cultivo-03,2026-09-25T19:23:30.256Z,22,,,14351.9
lote-cultivo-01,2026-09-25T19:22:45.303Z,70.5374022272443,35.158704980507345,56.23262865359246,14.267369353578989
lote-cultivo-03,2026-09-25T19:22:30.118Z,22,,,14608.8
lote-cultivo-01,2026-09-25T19:21:30.774Z,73.3043952924921,15.50136673377983,74.47106022138281,59.880605222386095
lote-cultivo-03,2026-09-25T19:21:29.979Z,22,,,13368.1
lote-cultivo-03,2026-09-25T19:20:29.846Z,22,,,11103.9
lote-cultivo-01,2026-09-25T19:20:16.265Z,32.686715100447984,17.93487717431865,45.186801607162515,26.89016805537831
lote-cultivo-03,2026-09-25T19:19:29.712Z,22,,,12788.8
lote-cultivo-01,2026-09-25T19:19:01.744Z,38.82482840283622,44.13125147669235,63.50662619588837,66.51981320850815
lote-cultivo-03,2026-09-25T19:18:29.573Z,22,,,13486
lote-cultivo-01,2026-09-25T19:17:47.222Z,57.8687160948933,64.17612328287684,31.349171437703372,77.4912831706558
lote-cultivo-03,2026-09-25T19:17:29.436Z,22,,,10698.6
lote-cultivo-01,2026-09-25T19:16:32.696Z,24.89430804526424,76.38441809163193,55.06675941637826,24.38037292225269
lote-cultivo-03,2026-09-25T19:16:29.302Z,22,,,10910.5
lote-cultivo-03,2026-09-25T19:15:29.149Z,22,,,14562.7
lote-cultivo-01,2026-09-25T19:15:18.161Z,10.380502636196445,87.48448176230502,19.505684052292494,71.63215831695399
lote-cultivo-03,2026-09-25T19:14:29.023Z,22,,,14915.2
lote-cultivo-01,2026-09-25T19:14:03.625Z,53.53784418257212,70.42094457962071,59.307079422918704,27.22089590426015
lote-cultivo-03,2026-09-25T19:13:28.886Z,22,,,13023.9
lote-cultivo-01,2026-09-25T19:12:49.109Z,63.65088122069671,26.365556320198603,50.18217511370081,42.560754288604166
lote-cultivo-03,2026-09-25T19:12:28.735Z,22,,,10877.3
lote-cultivo-01,2026-09-25T19:11:34.58Z,31.1057592740969,9.180058995282476,46.149471883881745,70.84951205722734
lote-cultivo-03,2026-09-25T19:11:28.593Z,22,,,13350
lote-cultivo-03,2026-09-25T19:10:28.458Z,22,,,14988.5
lote-cultivo-01,2026-09-25T19:10:20.05Z,44.433599361330145,30.215866335174233,85.31687320893677,24.64220155814648
lote-cultivo-03,2026-09-25T19:09:28.307Z,22,,,14481.6
lote-cultivo-01,2026-09-25T19:09:05.518Z,75.04822774974436,45.24154098925363,35.36010368364358,76.04070439508128
lote-cultivo-03,2026-09-25T19:08:28.162Z,22,,,10744.4
lote-cultivo-01,2026-09-25T19:07:51.006Z,47.71545744032446,51.01897347119005,68.62876995464826,49.79650990209828
lote-cultivo-01,2026-09-25T19:06:36.474Z,24.494696177463272,73.78033943891185,33.8316227770769,45.751742594600195
lote-cultivo-01,2026-09-25T19:05:21.951Z,56.79023135920252,88.82655525408576,45.64212281024568,60.611017329294135
lote-cultivo-01,2026-09-25T19:04:07.425Z,62.539550985464366,65.76252612671179,32.31871860093309,16.586823510742224
lote-cultivo-01,2026-09-25T19:02:52.893Z,25.88499659749492,34.18099131219692,46.93038946371384,58.83682122859072
lote-cultivo-01,2026-09-25T19:01:38.361Z,38.179796673662985,23.788934559666885,60.57810173768331,51.293654867867374
lote-cultivo-01,2026-09-25T19:00:23.841Z,79.9569517941773,23.806178099587424,36.26931439768414,65.84481509976001
lote-cultivo-01,2026-09-25T18:59:09.295Z,66.28846272337708,34.31450865857663,96.54431748016688,70.47490519464758
lote-cultivo-01,2026-09-25T18:57:54.768Z,45.55050795568917,61.73729071046768,22.974239831599625,21.367756736584926
lote-cultivo-01,2026-09-25T18:56:40.235Z,74.79970901392039,77.55237735479456,79.36014825369323,49.82744523737846
lote-cultivo-01,2026-09-25T18:55:25.715Z,77.23652980375736,66.65239191444391,28.096843319939644,26.6649101639254
lote-cultivo-01,2026-09-25T18:54:11.191Z,29.736766116391543,58.00418839558991,45.57701388977753,61.86421462335174
lote-cultivo-01,2026-09-25T18:52:56.661Z,28.15232923036505,55.126661998430784,35.544619717992894,82.9377029290339
lote-cultivo-01,2026-09-25T18:51:42.135Z,67.96553265391923,32.74311565506371,44.61004907058636,33.21499872865015
lote-cultivo-01,2026-09-25T18:50:27.601Z,61.42693823628426,14.395451225525449,59.37466506524813,67.09514416258779
lote-cultivo-01,2026-09-25T18:49:13.093Z,45.41717525237689,37.47458692948851,40.084201409042294,20.130122492070186
lote-cultivo-01,2026-09-25T18:47:58.576Z,80.30214441273021,69.42230267298672,92.7264550259564,38.75798236827539
lote-cultivo-01,2026-09-25T18:46:44.059Z,90.93070353107964,68.1862813049471,25.09680415277013,77.54911179750984
lote-cultivo-01,2026-09-25T18:45:29.54Z,41.51565816810242,57.50232156135235,78.30706105988882,29.473034284781065
lote-cultivo-01,2026-09-25T18:44:15.019Z,26.894743057284327,59.56971633809655,30.98581071457896,78.76683086085741
lote-cultivo-03,2026-09-25T18:43:07.79Z,22,,,14152.1
lote-cultivo-01,2026-09-25T18:43:00.497Z,56.91421138354296,51.08282428277213,39.652765273052594,42.94159959256576
lote-cultivo-03,2026-09-25T18:42:07.637Z,22,,,13935.8
lote-cultivo-01,2026-09-25T18:41:45.98Z,45.94997909693125,32.41688423365881,43.02269017841005,34.94515514690291
lote-cultivo-03,2026-09-25T18:41:07.505Z,22,,,12045.3
lote-cultivo-01,2026-09-25T18:40:31.447Z,24.701791727192028,33.027857779553486,39.4825619079668,71.00151502983779
lote-cultivo-03,2026-09-25T18:40:07.364Z,22,,,13508.8
lote-cultivo-01,2026-09-25T18:39:16.918Z,60.933202574092974,46.4434233766079,58.46951426495408,19.117348506805993
lote-cultivo-03,2026-09-25T18:39:07.221Z,22.07,,,11450.4
lote-cultivo-03,2026-09-25T18:38:07.09Z,22.08,,,13897.8
lote-cultivo-01,2026-09-25T18:38:02.4Z,84.36561372991444,53.19088521372453,47.19916861176877,61.23156439891125
lote-cultivo-03,2026-09-25T18:37:06.951Z,22.12,,,15761.1
lote-cultivo-01,2026-09-25T18:36:47.87Z,45.2888322385557,62.71907555512425,81.82248045974828,52.40436884710419
lote-cultivo-03,2026-09-25T18:36:06.809Z,22.18,,,11845.7
lote-cultivo-01,2026-09-25T18:35:33.364Z,30.854006308542285,69.73489177503706,36.64882986911122,49.28377482607162
lote-cultivo-03,2026-09-25T18:35:06.674Z,22.42,,,14908.7
lote-cultivo-01,2026-09-25T18:34:18.836Z,59.37774252721054,51.41068276920501,67.22632338747664,78.58574659034718
lote-cultivo-03,2026-09-25T18:34:06.523Z,22.59,,,15881.7
lote-cultivo-03,2026-09-25T18:33:06.392Z,22.67,,,15769.8
lote-cultivo-01,2026-09-25T18:33:04.298Z,45.033085096340656,30.3923846794378,43.2490693045731,28.17374432333144
lote-cultivo-03,2026-09-25T18:32:06.252Z,22.74,,,12448
lote-cultivo-01,2026-09-25T18:31:49.779Z,11.809066871136729,40.44828292230852,24.583711597130517,46.967155449508944
lote-cultivo-03,2026-09-25T18:31:06.114Z,22.98,,,14321.5
lote-cultivo-01,2026-09-25T18:30:35.258Z,38.0197252804936,54.982351925047865,60.36889238031035,32.206219781005416
lote-cultivo-03,2026-09-25T18:30:05.977Z,23.18,,,15313.3
lote-cultivo-01,2026-09-25T18:29:20.735Z,65.0874275244239,46.77844168234952,23.223842886944414,47.958481073714296
lote-cultivo-03,2026-09-25T18:29:05.841Z,23.24,,,14268.4
lote-cultivo-01,2026-09-25T18:28:06.231Z,34.99038779553996,47.23991321605469,69.21552125467059,83.37577626072257
lote-cultivo-03,2026-09-25T18:28:05.703Z,23.35,,,15960.4
lote-cultivo-03,2026-09-25T18:27:05.58Z,23.44,,,12916.7
lote-cultivo-01,2026-09-25T18:26:51.704Z,27.40860803512188,67.4258235281572,43.51786348493846,44.90018835050721
lote-cultivo-03,2026-09-25T18:26:05.437Z,23.55,,,15773.9
lote-cultivo-01,2026-09-25T18:25:37.193Z,66.41377148467372,65.67459415621953,79.82288985720758,64.92873947376064
lote-cultivo-03,2026-09-25T18:25:05.286Z,23.66,,,16254.2
lote-cultivo-01,2026-09-25T18:24:22.675Z,61.37183180065187,39.15395900724053,40.843784626966304,21.714470934963117
lote-cultivo-03,2026-09-25T18:24:05.139Z,23.8,,,13820.3
lote-cultivo-01,2026-09-25T18:23:08.167Z,23.94167730074744,30.92838179585883,63.35474307286139,30.673020235555825
lote-cultivo-03,2026-09-25T18:23:04.993Z,23.92,,,16237.2
lote-cultivo-03,2026-09-25T18:22:04.867Z,24.04,,,11827.2
lote-cultivo-01,2026-09-25T18:21:53.632Z,38.45716675816092,42.798906238763365,47.699808852381715,73.5871473412775
lote-cultivo-03,2026-09-25T18:21:04.73Z,24.08,,,15146.8
lote-cultivo-01,2026-09-25T18:20:39.105Z,59.79726633497481,49.143660487996655,17.931692412381985,38.290501941198855
lote-cultivo-03,2026-09-25T18:20:04.585Z,24.13,,,13849.4
lote-cultivo-01,2026-09-25T18:19:24.59Z,26.920955893811115,56.54996606726051,70.27774116873667,84.16039430549594
lote-cultivo-03,2026-09-25T18:19:04.444Z,24.2,,,14451.6
lote-cultivo-01,2026-09-25T18:18:10.079Z,17.136391014742273,68.04655964775675,11.770372615088377,41.15847354227058
lote-cultivo-03,2026-09-25T18:18:04.326Z,24.25,,,16024.6
lote-cultivo-03,2026-09-25T18:17:04.193Z,24.31,,,15517.1
lote-cultivo-01,2026-09-25T18:16:55.537Z,64.00073117779456,61.452755227968495,78.13123630819864,26.481372774911375
lote-cultivo-03,2026-09-25T18:16:04.054Z,24.36,,,13169.1
lote-cultivo-01,2026-09-25T18:15:41.019Z,74.64576056077037,44.652503943327496,39.50012179592293,69.5101401025552
lote-cultivo-03,2026-09-25T18:15:03.918Z,24.47,,,12210.1
lote-cultivo-01,2026-09-25T18:14:26.49Z,44.69298594557847,42.42456165609723,79.3353178752913,20.601810972363992
lote-cultivo-03,2026-09-25T18:14:03.767Z,24.58,,,12489.7
lote-cultivo-01,2026-09-25T18:13:11.964Z,57.75972332957113,40.1413965853714,42.432904779310974,70.46558942998857
lote-cultivo-03,2026-09-25T18:13:03.624Z,24.82,,,13621.6
lote-cultivo-03,2026-09-25T18:12:03.483Z,24.91,,,14854.4
lote-cultivo-01,2026-09-25T18:11:57.44Z,77.42654355917264,28.263303857012072,64.25242729694811,55.98298802343138
lote-cultivo-03,2026-09-25T18:11:03.35Z,24.94,,,12603.5
lote-cultivo-01,2026-09-25T18:10:42.917Z,38.10459755924415,40.342176579921905,43.642329374083175,35.43423546987053
lote-cultivo-03,2026-09-25T18:10:03.214Z,25.08,,,14593.6
lote-cultivo-01,2026-09-25T18:09:28.408Z,14.781892898928303,75.27139649230631,23.38017354392718,80.1196518726344
lote-cultivo-03,2026-09-25T18:09:03.076Z,25.2,,,12947.6
lote-cultivo-01,2026-09-25T18:08:13.888Z,55.48089347852114,81.10218173701999,65.82003810160512,27.694480195429165
lote-cultivo-03,2026-09-25T18:08:02.95Z,25.25,,,16321.2
lote-cultivo-03,2026-09-25T18:07:02.813Z,25.28,,,13380.2
lote-cultivo-01,2026-09-25T18:06:59.369Z,72.13139746683684,55.022513844736345,15.108315909776469,50.909697139165154
lote-cultivo-03,2026-09-25T18:06:02.677Z,25.35,,,14912.6
lote-cultivo-01,2026-09-25T18:05:44.842Z,48.50339741056307,42.4906720813368,73.2691996247411,44.00385209072893
lote-cultivo-03,2026-09-25T18:05:02.527Z,25.58,,,14985.4
lote-cultivo-01,2026-09-25T18:04:30.326Z,66.41519182730867,42.10588250569148,48.21453291007208,33.0727024001646
lote-cultivo-03,2026-09-25T18:04:02.389Z,25.63,,,13491.7
lote-cultivo-01,2026-09-25T18:03:15.798Z,94.85234150455342,28.7345990640051,66.47358366959247,81.16702564046876
lote-cultivo-03,2026-09-25T18:03:02.258Z,25.77,,,12218.3
lote-cultivo-03,2026-09-25T18:02:02.116Z,25.85,,,14638
lote-cultivo-01,2026-09-25T18:02:01.274Z,58.89210991882315,24.6988289618043,56.29109103081181,49.145367627594894
lote-cultivo-03,2026-09-25T18:01:01.964Z,26.07,,,15811.8
lote-cultivo-01,2026-09-25T18:00:46.748Z,25.258409518194576,49.36085041630982,53.92648888546686,63.01332590261806
lote-cultivo-03,2026-09-25T18:00:01.826Z,26.22,,,13570.4
lote-cultivo-01,2026-09-25T17:59:32.22Z,53.681185974611935,72.63602670555093,48.22869357919976,34.55488038100697
lote-cultivo-03,2026-09-25T17:59:01.691Z,26.3,,,12889.3
lote-cultivo-01,2026-09-25T17:58:17.691Z,64.56290662592383,76.43831360908088,23.980148213778723,22.09147612228715
lote-cultivo-03,2026-09-25T17:58:01.554Z,26.49,,,13565.8
lote-cultivo-01,2026-09-25T17:57:03.164Z,35.18174408306381,72.5760316974107,62.74483326649099,64.66072034541648
lote-cultivo-03,2026-09-25T17:57:01.416Z,26.71,,,13317.6
lote-cultivo-03,2026-09-25T17:56:01.285Z,26.95,,,15159.4
lote-cultivo-01,2026-09-25T17:55:48.634Z,49.91739653492295,54.51312806848957,18.98713376005202,44.3374304091275
lote-cultivo-03,2026-09-25T17:55:01.138Z,27.05,,,12258.9
lote-cultivo-01,2026-09-25T17:54:34.118Z,87.4507105664027,22.673648492305063,67.42909772851453,84.72616024566265
lote-cultivo-03,2026-09-25T17:54:01.001Z,27.26,,,12348.4
lote-cultivo-01,2026-09-25T17:53:19.587Z,64.02336563843387,14.405269415821545,58.383544757430336,49.00356516420496
lote-cultivo-03,2026-09-25T17:53:00.868Z,27.5,,,14916.1
lote-cultivo-01,2026-09-25T17:52:05.068Z,32.837372153935945,37.117437512007854,50.80890209218951,23.84772227638489
lote-cultivo-03,2026-09-25T17:52:00.731Z,27.62,,,13250.4
lote-cultivo-03,2026-09-25T17:51:00.601Z,27.82,,,15968.8
lote-cultivo-01,2026-09-25T17:50:50.546Z,58.71049122158062,52.26433332982862,75.26055768582425,59.50981581681252
lote-cultivo-03,2026-09-25T17:50:00.469Z,27.95,,,16780.4
lote-cultivo-01,2026-09-25T17:49:36.042Z,66.711085216952,58.05176530824008,36.22995636366084,20.029527791741685
lote-cultivo-03,2026-09-25T17:49:00.333Z,28.15,,,15550.9
lote-cultivo-01,2026-09-25T17:48:21.516Z,26.833852221605653,79.71128535927978,61.2207524279361,76.65034344069954
lote-cultivo-03,2026-09-25T17:48:00.202Z,28.17,,,17271.4
lote-cultivo-01,2026-09-25T17:47:06.986Z,27.708455018616966,89.67845657940482,16.502314155152654,62.9758176990622
lote-cultivo-03,2026-09-25T17:47:00.06Z,28.4,,,13295.7
lote-cultivo-03,2026-09-25T17:45:59.894Z,28.42,,,15135.5
lote-cultivo-01,2026-09-25T17:45:52.457Z,63.26840009440248,55.51069776691878,67.15903990697146,32.1563986980053
lote-cultivo-03,2026-09-25T17:44:59.746Z,28.63,,,12539.6
lote-cultivo-01,2026-09-25T17:44:37.945Z,47.80203779479721,17.09063728101034,14.988791823331708,75.7990465378239
lote-cultivo-03,2026-09-25T17:43:59.61Z,28.71,,,12440.2
lote-cultivo-01,2026-09-25T17:43:23.422Z,23.210810363141956,15.97882178608834,71.11312612652533,20.11196723842666
lote-cultivo-03,2026-09-25T17:42:59.478Z,28.83,,,13789
lote-cultivo-01,2026-09-25T17:42:08.9Z,56.99290235659974,30.32327852980885,56.6892765732041,55.05100958706321
lote-cultivo-03,2026-09-25T17:41:59.339Z,28.97,,,14138.9
lote-cultivo-03,2026-09-25T17:40:59.202Z,29.02,,,17608.7
lote-cultivo-01,2026-09-25T17:40:54.387Z,75.57041106940979,42.328375166801784,48.198172263547065,57.017483784113864
lote-cultivo-03,2026-09-25T17:39:59.044Z,29.17,,,13880.8
lote-cultivo-01,2026-09-25T17:39:39.857Z,35.99348268481944,65.97150708174894,81.7192374737429,26.357478859289856
lote-cultivo-03,2026-09-25T17:38:58.906Z,29.2,,,14691.5
lote-cultivo-01,2026-09-25T17:38:25.345Z,25.48863236133864,86.8828673210598,29.453603480657147,80.45738029914423
lote-cultivo-03,2026-09-25T17:37:58.774Z,29.32,,,12475.5
lote-cultivo-01,2026-09-25T17:37:10.836Z,52.619821067597464,78.71958045277118,64.91206071959843,43.266229721500274
lote-cultivo-03,2026-09-25T17:36:58.632Z,29.54,,,16916.3
lote-cultivo-03,2026-09-25T17:35:58.497Z,29.73,,,15573.6
lote-cultivo-01,2026-09-25T17:35:56.326Z,34.39726470308819,56.76255413348854,17.564623606331605,58.66923175052523
lote-cultivo-03,2026-09-25T17:34:58.361Z,29.77,,,16334.8
lote-cultivo-01,2026-09-25T17:34:41.807Z,6.761087684664152,38.243473350283615,63.45340705187864,52.011376620183725
lote-cultivo-03,2026-09-25T17:33:58.222Z,29.97,,,16374.7
lote-cultivo-01,2026-09-25T17:33:27.296Z,44.221055490627734,15.59039211016382,17.682711930964327,17.237905225327204
lote-cultivo-03,2026-09-25T17:32:58.073Z,30.08,,,13343.6
lote-cultivo-01,2026-09-25T17:32:12.771Z,77.59376595464951,7.851763026973235,71.08264545621583,59.901816665653065
lote-cultivo-03,2026-09-25T17:31:57.948Z,30.15,,,12708.3
lote-cultivo-01,2026-09-25T17:30:58.252Z,49.91334610633475,40.9963980496697,54.34720924841045,44.45894936335314
lote-cultivo-03,2026-09-25T17:30:57.809Z,30.24,,,14358.5
lote-cultivo-03,2026-09-25T17:29:57.657Z,30.27,,,14850.5
lote-cultivo-01,2026-09-25T17:29:43.733Z,40.639844185478125,79.4157926051443,50.396358783553005,76.1300417892433
lote-cultivo-03,2026-09-25T17:28:57.502Z,30.39,,,17108.5
lote-cultivo-01,2026-09-25T17:28:29.218Z,66.94251375792459,80.53956274117155,80.66868735034721,63.115002712450405
lote-cultivo-03,2026-09-25T17:27:57.367Z,30.62,,,15746.8
lote-cultivo-01,2026-09-25T17:27:14.705Z,45.98496080985323,68.78761811898428,31.449084579039543,26.81792746876583
lote-cultivo-03,2026-09-25T17:26:57.225Z,30.82,,,15887.6
lote-cultivo-01,2026-09-25T17:26:00.195Z,8.02821657559501,67.35371028463805,60.76733990115155,51.96376198084752
lote-cultivo-03,2026-09-25T17:25:57.086Z,27.03,,,13790
lote-cultivo-03,2026-09-25T17:24:56.934Z,27.16,,,16391.7
lote-cultivo-01,2026-09-25T17:24:44.693Z,35.66609930616213,47.96157147420863,28.06168105103029,19.816460266006217
lote-cultivo-03,2026-09-25T17:23:56.778Z,27.29,,,14364.7
lote-cultivo-01,2026-09-25T17:23:30.188Z,74.89747934447341,13.05171138697662,46.855503620242686,72.72525791758675
lote-cultivo-03,2026-09-25T17:22:56.646Z,27.5,,,12602
lote-cultivo-01,2026-09-25T17:22:15.665Z,56.21283983473207,10.12458738256746,36.41907143190954,73.46160419232845
lote-cultivo-03,2026-09-25T17:21:56.506Z,27.72,,,15588.3
lote-cultivo-01,2026-09-25T17:21:01.146Z,49.24071901518634,40.48193871550594,58.25756087801419,36.389337024225206
lote-cultivo-03,2026-09-25T17:20:56.366Z,27.72,,,13870.1
lote-cultivo-03,2026-09-25T17:19:56.235Z,27.86,,,17880.8
lote-cultivo-01,2026-09-25T17:19:46.622Z,81.09573345273355,63.55675347747919,62.35375171525936,68.52167097060105
lote-cultivo-03,2026-09-25T17:18:56.094Z,27.87,,,16327.2
lote-cultivo-01,2026-09-25T17:18:31.113Z,70.49770257714208,76.36931570675628,47.33380063289429,12.413288650750124
lote-cultivo-03,2026-09-25T17:17:55.946Z,28.09,,,12974.7
lote-cultivo-01,2026-09-25T17:17:16.6Z,25.24130914556605,82.27301156475177,82.82453656450505,48.212938510254645
lote-cultivo-03,2026-09-25T17:16:55.807Z,28.29,,,15371.8
lote-cultivo-01,2026-09-25T17:16:02.093Z,38.068839395822565,64.62220337639211,24.483139053629447,73.28270968184493
lote-cultivo-03,2026-09-25T17:15:55.686Z,28.41,,,17691.8
lote-cultivo-03,2026-09-25T17:14:55.532Z,28.43,,,13203.4
lote-cultivo-01,2026-09-25T17:14:47.557Z,72.74941020796597,35.33119152664039,59.4592064914116,32.8006290239931
lote-cultivo-03,2026-09-25T17:13:55.393Z,28.44,,,12780.2
lote-cultivo-01,2026-09-25T17:13:33.034Z,53.07570373338808,27.212134461729576,34.941801037246336,80.83947152017971
lote-cultivo-03,2026-09-25T17:12:55.26Z,28.46,,,16480.2
lote-cultivo-01,2026-09-25T17:12:18.506Z,40.940074589785326,30.769021202715347,32.335740552235066,34.42064503760419
lote-cultivo-03,2026-09-25T17:11:55.108Z,28.68,,,13033.7
lote-cultivo-01,2026-09-25T17:11:04.003Z,78.88120898452168,28.91821340353568,56.51439782229956,42.40349591514091
lote-cultivo-03,2026-09-25T17:10:54.973Z,28.8,,,17340.6
lote-cultivo-03,2026-09-25T17:09:54.835Z,28.92,,,14601
lote-cultivo-01,2026-09-25T17:09:49.493Z,81.59564699021826,46.16020518998706,41.73819805077754,63.43535662738918
lote-cultivo-03,2026-09-25T17:08:54.698Z,29.16,,,12857.2
lote-cultivo-01,2026-09-25T17:08:34.975Z,40.83271598301652,82.1369698413391,75.49240460956048,22.91518835125543
lote-cultivo-03,2026-09-25T17:07:54.559Z,29.22,,,13943
lote-cultivo-01,2026-09-25T17:07:20.472Z,47.80231572737712,86.16417538368388,38.59009234956229,66.17373570751882
lote-cultivo-03,2026-09-25T17:06:54.428Z,29.43,,,16716.9
lote-cultivo-01,2026-09-25T17:06:05.939Z,76.42438869842888,53.84456801910841,89.43584692123238,45.08010521827848
lote-cultivo-03,2026-09-25T17:05:54.289Z,29.61,,,15119.1
lote-cultivo-03,2026-09-25T17:04:54.154Z,29.79,,,17094.7
lote-cultivo-01,2026-09-25T17:04:51.41Z,48.27642489706454,36.1382332763883,18.164542406156983,58.71632558552179
lote-cultivo-03,2026-09-25T17:03:54.014Z,29.93,,,15335.6
lote-cultivo-01,2026-09-25T17:03:36.888Z,22.808060562364528,38.9098798532286,65.51362175830525,69.31350899104622
lote-cultivo-03,2026-09-25T17:02:53.866Z,30.13,,,15660.9
lote-cultivo-01,2026-09-25T17:02:22.368Z,55.68046496361377,32.46858834853688,31.87341522427603,28.180472801111673
lote-cultivo-03,2026-09-25T17:01:53.736Z,30.18,,,15754.8
lote-cultivo-01,2026-09-25T17:01:07.861Z,66.8565009839786,30.64819507569133,30.591781275991657,52.035208120565024
lote-cultivo-03,2026-09-25T17:00:53.602Z,30.43,,,17934.8
lote-cultivo-03,2026-09-25T16:59:53.457Z,30.62,,,16403.6
lote-cultivo-01,2026-09-25T16:59:53.345Z,35.061537866793756,52.957548300732206,61.9747497828927,24.55808385798817
lote-cultivo-03,2026-09-25T16:58:53.302Z,30.82,,,15123.4
lote-cultivo-01,2026-09-25T16:58:38.833Z,47.14075318431456,71.51733452614259,35.77088616077851,59.8084482579427
lote-cultivo-03,2026-09-25T16:57:53.181Z,30.83,,,17280.2
lote-cultivo-01,2026-09-25T16:57:24.332Z,79.96115649637875,66.82683951709969,80.92318054437422,78.7462959748893
lote-cultivo-03,2026-09-25T16:56:53.031Z,30.85,,,15858
lote-cultivo-01,2026-09-25T16:56:08.828Z,54.32857402829336,60.30690153657513,39.92082125446242,39.73768486207637
lote-cultivo-03,2026-09-25T16:55:52.892Z,25.83,,,13837.1
lote-cultivo-01,2026-09-25T16:54:54.303Z,16.201808073142736,49.29126886950963,83.65558116280403,68.17705353752856
lote-cultivo-03,2026-09-25T16:54:52.753Z,25.92,,,16858.3
lote-cultivo-03,2026-09-25T16:53:52.615Z,25.97,,,17083.8
lote-cultivo-01,2026-09-25T16:53:39.783Z,36.97111599428384,29.2075579975489,21.10943222987815,12.207528836093129
lote-cultivo-03,2026-09-25T16:52:52.483Z,26.05,,,16145.2
lote-cultivo-01,2026-09-25T16:52:25.262Z,49.15215948423512,29.207065597127936,64.39289621129481,38.9388521540477
lote-cultivo-03,2026-09-25T16:51:52.324Z,26.28,,,13894.5
lote-cultivo-01,2026-09-25T16:51:10.74Z,18.96356833135599,53.789479917327995,30.170500728698823,75.32349708187284
lote-cultivo-03,2026-09-25T16:50:52.201Z,26.41,,,15582.1
lote-cultivo-01,2026-09-25T16:49:56.226Z,31.14882537636168,61.8532172089429,31.079403838435145,39.04540251740682
lote-cultivo-03,2026-09-25T16:49:52.065Z,26.44,,,17647.2
lote-cultivo-03,2026-09-25T16:48:51.924Z,26.48,,,15787.1
lote-cultivo-01,2026-09-25T16:48:41.712Z,78.27329992254217,50.8238751293029,65.69445229714403,87.24861561287398
lote-cultivo-03,2026-09-25T16:47:51.788Z,26.71,,,14237.2
lote-cultivo-01,2026-09-25T16:47:27.19Z,65.73867662692359,56.68388912823594,33.89184897986683,32.08525609435799
lote-cultivo-03,2026-09-25T16:46:51.643Z,26.75,,,13325.9
lote-cultivo-01,2026-09-25T16:46:12.663Z,28.10300413355984,65.84157578190333,76.18829952302386,28.3847039844504
lote-cultivo-03,2026-09-25T16:45:51.503Z,26.91,,,15530
lote-cultivo-01,2026-09-25T16:44:58.137Z,42.580854528537486,45.630002445882866,50.530810018562114,65.46766696220541
lote-cultivo-03,2026-09-25T16:44:51.38Z,26.91,,,14902.6
lote-cultivo-03,2026-09-25T16:43:51.231Z,27.08,,,16938
lote-cultivo-01,2026-09-25T16:43:43.591Z,50.9820220541347,25.829160092475902,68.30703405513033,25.26561800850768
lote-cultivo-03,2026-09-25T16:42:51.111Z,27.09,,,16314.8
lote-cultivo-01,2026-09-25T16:42:29.072Z,14.040473668314174,40.406125763436386,37.494350115346336,76.79717580495526
lote-cultivo-03,2026-09-25T16:41:50.969Z,27.2,,,14447.7
lote-cultivo-01,2026-09-25T16:41:14.537Z,17.871870272523665,59.868287763683846,50.91471433629058,51.06157189064873
lote-cultivo-03,2026-09-25T16:40:50.823Z,27.28,,,13772.4
lote-cultivo-01,2026-09-25T16:40:00.004Z,68.41359254852804,59.17730153818138,39.78948125954493,41.07686731788992
lote-cultivo-03,2026-09-25T16:39:50.685Z,27.41,,,17618.4
lote-cultivo-03,2026-09-25T16:38:50.549Z,27.62,,,16141.3
lote-cultivo-01,2026-09-25T16:38:45.489Z,68.68937903967381,57.67887601055601,23.734294622238828,69.20314598997925
lote-cultivo-03,2026-09-25T16:37:50.416Z,27.68,,,17621.9
lote-cultivo-01,2026-09-25T16:37:30.972Z,39.356024830336466,57.490537618550995,72.504097949595,27.048055337179512
lote-cultivo-03,2026-09-25T16:36:50.278Z,27.79,,,15627.9
lote-cultivo-01,2026-09-25T16:36:16.437Z,58.86108619694571,44.03148637520156,28.004569676500395,57.31807669395831
lote-cultivo-03,2026-09-25T16:35:50.124Z,27.96,,,13898.6
lote-cultivo-01,2026-09-25T16:35:01.906Z,73.25659850853708,35.29123865046723,78.18329970340899,38.28072502588962
lote-cultivo-03,2026-09-25T16:34:49.988Z,28.11,,,13947.2
lote-cultivo-03,2026-09-25T16:33:49.851Z,28.33,,,16142.9
lote-cultivo-01,2026-09-25T16:33:47.389Z,33.30522287146563,44.114055665563704,55.34505785770243,46.39565276607098
lote-cultivo-03,2026-09-25T16:32:49.713Z,28.4,,,17467.6
lote-cultivo-01,2026-09-25T16:32:32.865Z,23.361819550433832,48.04039054385093,56.63154998399026,75.4106358467193
lote-cultivo-03,2026-09-25T16:31:49.569Z,28.46,,,15013.9
lote-cultivo-01,2026-09-25T16:31:18.337Z,64.80243838547405,47.84976042405864,52.92160162838804,43.719030906186795
lote-cultivo-03,2026-09-25T16:30:49.414Z,28.54,,,15550.8
lote-cultivo-01,2026-09-25T16:30:03.813Z,64.97888760944952,65.60364663008701,36.272532518436385,67.65114522757447
lote-cultivo-03,2026-09-25T16:29:49.291Z,28.57,,,17522
lote-cultivo-01,2026-09-25T16:28:49.274Z,35.94257572829188,76.4839387879621,51.21116199996227,23.049788215185757
lote-cultivo-03,2026-09-25T16:28:49.144Z,28.58,,,13887.2
lote-cultivo-03,2026-09-25T16:27:48.996Z,28.59,,,13607.3
lote-cultivo-01,2026-09-25T16:27:34.746Z,59.77883301058606,50.3403678209883,14.897382822879075,32.24272337412671
lote-cultivo-03,2026-09-25T16:26:48.874Z,28.61,,,16868.2
lote-cultivo-01,2026-09-25T16:26:20.219Z,87.26178441406964,24.42813908951686,81.0807972465749,67.1121991325783
lote-cultivo-03,2026-09-25T16:25:48.737Z,28.7,,,12582.7
lote-cultivo-01,2026-09-25T16:25:05.697Z,55.76778092448691,33.9743652687342,18.504552757507987,41.97964502867145
lote-cultivo-03,2026-09-25T16:24:48.6Z,28.73,,,15961
lote-cultivo-01,2026-09-25T16:23:51.178Z,40.68660934479142,47.33884100930627,86.81011045245954,91.08184345487312
lote-cultivo-03,2026-09-25T16:23:48.463Z,28.76,,,12553.7
lote-cultivo-03,2026-09-25T16:22:48.333Z,28.85,,,15786.5
lote-cultivo-01,2026-09-25T16:22:36.638Z,73.88804081122946,44.99186232801441,50.52791531502767,37.886855480769626
lote-cultivo-03,2026-09-25T16:21:48.196Z,28.94,,,13243.6
lote-cultivo-01,2026-09-25T16:21:22.118Z,67.06775656695437,55.70650750443089,56.21428400776461,24.899958862788036
lote-cultivo-03,2026-09-25T16:20:48.058Z,29.06,,,13317
lote-cultivo-01,2026-09-25T16:20:07.6Z,26.46934334288009,76.45145592417644,56.859241581087105,59.17375338603127
lote-cultivo-03,2026-09-25T16:19:47.907Z,29.08,,,16876.9
lote-cultivo-01,2026-09-25T16:18:53.072Z,42.074212541808166,71.47123511960876,32.984734280242726,20.829804091437275
lote-cultivo-03,2026-09-25T16:18:47.783Z,29.23,,,13213.1
lote-cultivo-03,2026-09-25T16:17:47.637Z,29.33,,,12390.9
lote-cultivo-01,2026-09-25T16:17:38.541Z,75.68532277849599,48.03120949511763,50.7083919757257,84.99164164320754
lote-cultivo-03,2026-09-25T16:16:47.508Z,29.5,,,15258.2
lote-cultivo-01,2026-09-25T16:16:24.016Z,55.182215379607726,33.69276919425994,19.28470368505033,59.03310685934926
lote-cultivo-03,2026-09-25T16:15:47.364Z,29.6,,,17554.7
lote-cultivo-01,2026-09-25T16:15:09.485Z,44.69132822619688,25.004516779275075,75.40545986779861,34.44241610981887
lote-cultivo-03,2026-09-25T16:14:47.225Z,29.77,,,14041.5
lote-cultivo-01,2026-09-25T16:13:54.97Z,81.26763074865532,25.04621213346658,22.52163972186379,68.10767804753539
lote-cultivo-03,2026-09-25T16:13:47.087Z,29.98,,,17029.3
lote-cultivo-03,2026-09-25T16:12:46.946Z,30.15,,,13470.9
lote-cultivo-01,2026-09-25T16:12:40.438Z,76.49187398172359,50.62778988146353,84.76387011607794,17.937361898237437
lote-cultivo-03,2026-09-25T16:11:46.805Z,30.33,,,14078.2
lote-cultivo-01,2026-09-25T16:11:25.911Z,26.440061916622383,77.55312302742301,52.54453395360243,60.63592385876885
lote-cultivo-03,2026-09-25T16:10:46.665Z,30.58,,,14981
lote-cultivo-01,2026-09-25T16:10:11.388Z,26.979310807171977,73.65866214240633,52.2495051138943,53.81789192597811
lote-cultivo-03,2026-09-25T16:09:46.542Z,30.7,,,13748.6
lote-cultivo-01,2026-09-25T16:08:56.851Z,55.132673112130945,61.31264641684089,62.26853582166382,37.9926830766605
lote-cultivo-03,2026-09-25T16:08:46.404Z,24.99,,,15019.2
lote-cultivo-03,2026-09-25T16:07:46.255Z,25,,,12423.3
lote-cultivo-01,2026-09-25T16:07:42.345Z,35.92087172671257,60.060195851324934,29.755057433286964,74.92151712254152
lote-cultivo-03,2026-09-25T16:06:46.098Z,25.11,,,16194.1
lote-cultivo-01,2026-09-25T16:06:27.832Z,26.670094814498768,41.719072040387466,48.23056292461324,38.29353701103816
lote-cultivo-03,2026-09-25T16:05:45.961Z,25.14,,,12302.3
lote-cultivo-01,2026-09-25T16:05:13.318Z,71.21466383357394,10.012592331846468,28.62558917117113,62.314375089264864
lote-cultivo-03,2026-09-25T16:04:45.82Z,25.22,,,15444.8
lote-cultivo-01,2026-09-25T16:03:58.812Z,80.20709101867328,15.342976173102366,61.297027307801066,40.46456075935302
lote-cultivo-03,2026-09-25T16:03:45.683Z,25.32,,,15739.3
lote-cultivo-03,2026-09-25T16:02:45.535Z,25.33,,,13457
lote-cultivo-01,2026-09-25T16:02:44.284Z,33.593057806623634,53.90309742338128,39.01445268619421,31.11452902646757
lote-cultivo-03,2026-09-25T16:01:45.398Z,25.41,,,16822.3
lote-cultivo-01,2026-09-25T16:01:28.781Z,25.69030046522714,76.19542956049207,72.4760587535867,64.49030812741472
lote-cultivo-03,2026-09-25T16:00:45.213Z,25.62,,,13233
lote-cultivo-01,2026-09-25T16:00:14.267Z,50.24590037022426,76.22186554757641,62.86650145896411,39.97094663429298
lote-cultivo-03,2026-09-25T15:59:45.068Z,25.75,,,16778.4
lote-cultivo-01,2026-09-25T15:58:59.737Z,28.866318384416257,75.30962815659257,40.00187781641335,83.49545517830354
lote-cultivo-03,2026-09-25T15:58:44.937Z,25.86,,,15194.4
lote-cultivo-01,2026-09-25T15:57:45.225Z,10.047102603544698,60.88350019079316,75.10332516138607,48.4730527805727
lote-cultivo-03,2026-09-25T15:57:44.784Z,26.07,,,13470.6
lote-cultivo-03,2026-09-25T15:56:44.662Z,26.16,,,13918.9
lote-cultivo-01,2026-09-25T15:56:30.708Z,52.552601931361465,30.31375402981909,15.482138358678569,25.91244046959439
lote-cultivo-03,2026-09-25T15:55:44.525Z,26.18,,,16978.1
lote-cultivo-01,2026-09-25T15:55:16.191Z,74.81735124497692,15.837064588552384,56.31318674444796,55.152106785216446
lote-cultivo-03,2026-09-25T15:54:44.387Z,26.32,,,13807.4
lote-cultivo-01,2026-09-25T15:54:01.665Z,39.81661103226443,23.72768893545367,29.911070016217316,17.57018483610948
lote-cultivo-03,2026-09-25T15:53:44.233Z,26.46,,,12338.1
lote-cultivo-01,2026-09-25T15:52:47.152Z,36.804337720517225,36.45185795556324,53.67231105508351,83.14248623911212
lote-cultivo-03,2026-09-25T15:52:44.098Z,26.59,,,16346.9
lote-cultivo-03,2026-09-25T15:51:43.959Z,26.68,,,12728.8
lote-cultivo-01,2026-09-25T15:51:32.631Z,66.28132157233276,61.415990731212425,49.67677785395116,68.56808471964825
lote-cultivo-03,2026-09-25T15:50:43.826Z,26.83,,,13165.6
lote-cultivo-01,2026-09-25T15:50:18.112Z,45.28408422854653,92.89275599139864,62.201794323817026,35.59542658273471
lote-cultivo-03,2026-09-25T15:49:43.686Z,26.96,,,13312.8
lote-cultivo-01,2026-09-25T15:49:03.583Z,15.09898383488468,88.6658491839438,71.29600014191819,66.27735323524436
lote-cultivo-03,2026-09-25T15:48:43.546Z,27.07,,,12228.6
lote-cultivo-01,2026-09-25T15:47:49.082Z,46.11598765027169,49.77478255766893,32.20505134906389,7.762960107729812
lote-cultivo-03,2026-09-25T15:47:43.414Z,22,,,13187.1
lote-cultivo-03,2026-09-25T15:46:43.276Z,22,,,13890.9
lote-cultivo-01,2026-09-25T15:46:34.553Z,67.99900369020898,28.01889614482479,84.56053570776369,57.27433545743524
lote-cultivo-03,2026-09-25T15:45:43.138Z,22,,,12318.3
lote-cultivo-01,2026-09-25T15:45:20.044Z,36.64520252351749,29.010150527798963,4.867120392634157,67.32153509817002
lote-cultivo-03,2026-09-25T15:44:42.999Z,22,,,13700.6
lote-cultivo-01,2026-09-25T15:44:05.518Z,37.88080624730093,21.91571672440545,65.74647626531143,39.33425850976885
lote-cultivo-03,2026-09-25T15:43:42.857Z,22,,,16892.3
lote-cultivo-01,2026-09-25T15:42:51.007Z,79.00583511890602,24.5801252595164,24.763937405390013,78.92228363777996
lote-cultivo-03,2026-09-25T15:42:42.714Z,22,,,13956.2
lote-cultivo-03,2026-09-25T15:41:42.578Z,22,,,12115
lote-cultivo-01,2026-09-25T15:41:36.48Z,69.85423590889923,61.07291417394296,53.609953906255456,28.052696917020793
lote-cultivo-03,2026-09-25T15:40:42.44Z,22,,,12025.3
lote-cultivo-01,2026-09-25T15:40:21.961Z,37.96625145517827,92.1228150304812,52.02044392614539,49.5492822059136
lote-cultivo-03,2026-09-25T15:39:42.32Z,22,,,15800.2
lote-cultivo-01,2026-09-25T15:39:07.43Z,59.41835994871094,83.30983030151515,61.30190757142373,54.17033205773857
lote-cultivo-03,2026-09-25T15:38:42.181Z,22,,,12643
lote-cultivo-01,2026-09-25T15:37:52.923Z,74.39918710287878,59.45110135470622,68.23767883972839,30.738270005491337
lote-cultivo-03,2026-09-25T15:37:42.043Z,22,,,12461.1
lote-cultivo-03,2026-09-25T15:36:41.904Z,22,,,12646.1
lote-cultivo-01,2026-09-25T15:36:38.4Z,34.69743825665727,40.07259964843252,38.47662743629582,67.87856832662938
lote-cultivo-03,2026-09-25T15:35:41.771Z,22,,,15269.3
lote-cultivo-01,2026-09-25T15:35:23.882Z,26.980505722621967,19.579499553436523,78.15272600429644,39.52014944962227
lote-cultivo-03,2026-09-25T15:34:41.636Z,22,,,14453.3
lote-cultivo-01,2026-09-25T15:34:09.374Z,71.04468866391748,15.22625914969692,9.923727451113502,67.70291398286471
lote-cultivo-03,2026-09-25T15:33:41.496Z,22,,,12169.7
lote-cultivo-01,2026-09-25T15:32:54.846Z,74.195401890824,39.05434214002704,61.529289322675595,57.74366387783508
lote-cultivo-03,2026-09-25T15:32:41.366Z,22,,,15641.2
lote-cultivo-03,2026-09-25T15:31:41.211Z,22,,,13709.8
lote-cultivo-01,2026-09-25T15:31:40.328Z,49.134115017085634,61.394721824830825,30.603935713254316,31.53447515914161
lote-cultivo-03,2026-09-25T15:30:41.078Z,22,,,13025.6
lote-cultivo-01,2026-09-25T15:30:25.802Z,72.02831959055084,68.7640103774935,44.678342832694334,54.521488817579296
lote-cultivo-03,2026-09-25T15:29:40.941Z,22,,,15570.8
lote-cultivo-01,2026-09-25T15:29:11.275Z,88.65436138970843,79.77884805886613,61.918490380020174,19.276292852440054
lote-cultivo-03,2026-09-25T15:28:40.8Z,22,,,12785
lote-cultivo-01,2026-09-25T15:27:56.761Z,42.75325469428354,79.15951841673512,54.07537235208657,71.58281259522734
lote-cultivo-03,2026-09-25T15:27:40.658Z,22,,,11999
lote-cultivo-01,2026-09-25T15:26:42.257Z,19.548864639512725,42.86997287002243,69.14356977413425,69.83237388287772
lote-cultivo-03,2026-09-25T15:26:40.509Z,22,,,11731.9
lote-cultivo-03,2026-09-25T15:25:40.368Z,22,,,15863.9
lote-cultivo-01,2026-09-25T15:25:27.735Z,54.037204799149094,10.326122959427586,44.360023284649166,44.064771913206926
lote-cultivo-03,2026-09-25T15:24:40.229Z,22,,,13024.8
lote-cultivo-01,2026-09-25T15:24:13.218Z,57.95915114939909,22.444079147191403,68.47476364008939,68.83037399285496
lote-cultivo-03,2026-09-25T15:23:40.089Z,22,,,12136
lote-cultivo-01,2026-09-25T15:22:58.715Z,34.58048313339503,46.8494611943426,20.80647962954456,4.55214689740626
lote-cultivo-03,2026-09-25T15:22:39.957Z,22,,,15070.4
lote-cultivo-01,2026-09-25T15:21:44.203Z,61.88152931500957,52.41928313651457,50.754964635027875,50.49869687119279
lote-cultivo-03,2026-09-25T15:21:39.817Z,22,,,14088.9
lote-cultivo-03,2026-09-25T15:20:39.671Z,22,,,13456.2
lote-cultivo-01,2026-09-25T15:20:29.681Z,90.30029017331545,62.73995196550827,42.73101346483909,66.5357251934287
lote-cultivo-03,2026-09-25T15:19:39.537Z,22,,,13399.9
lote-cultivo-01,2026-09-25T15:19:15.161Z,51.71580738976886,80.18533555893343,29.21299592315691,42.92253480795846
lote-cultivo-03,2026-09-25T15:18:39.398Z,22,,,15664.9
lote-cultivo-01,2026-09-25T15:18:00.637Z,22.90215766837712,71.11883306733684,79.5283004922276,89.10613596519913
lote-cultivo-03,2026-09-25T15:17:39.258Z,22,,,11747.3
lote-cultivo-01,2026-09-25T15:16:46.129Z,45.78346459581527,43.24738941245305,37.15452109692168,23.788376972150044
lote-cultivo-03,2026-09-25T15:16:39.121Z,22,,,12960.5
lote-cultivo-03,2026-09-25T15:15:38.993Z,22,,,12241.4
lote-cultivo-01,2026-09-25T15:15:30.628Z,47.76033648004692,30.397452903903595,80.05109534733941,35.65409900681447
lote-cultivo-03,2026-09-25T15:14:38.852Z,22,,,11334.3
lote-cultivo-01,2026-09-25T15:14:16.112Z,16.81452147490348,28.54859492534565,41.10391382921815,58.65994416786416
lote-cultivo-03,2026-09-25T15:13:38.732Z,22,,,13124.6
lote-cultivo-01,2026-09-25T15:13:01.593Z,37.755006274131205,32.464218448475656,58.65413770706095,34.313094465310705
lote-cultivo-03,2026-09-25T15:12:38.586Z,22,,,12526
lote-cultivo-01,2026-09-25T15:11:46.095Z,76.46709952723918,54.66026572525904,28.836562843510517,80.42995964457884
lote-cultivo-03,2026-09-25T15:11:38.446Z,22,,,11698.9
lote-cultivo-03,2026-09-25T15:10:38.31Z,22,,,12010.8
lote-cultivo-01,2026-09-25T15:10:31.591Z,52.4427150783783,75.46426604483611,44.49676829148897,44.69643948895994
lote-cultivo-03,2026-09-25T15:09:38.157Z,22,,,12988.3
lote-cultivo-01,2026-09-25T15:09:17.077Z,24.096923257958014,64.79660046659438,47.48685781156079,47.544854339195666
lote-cultivo-03,2026-09-25T15:08:38.023Z,22,,,15573.7
lote-cultivo-01,2026-09-25T15:08:02.567Z,51.47128069258281,47.980585220497275,26.25962581141498,56.277672855132
lote-cultivo-03,2026-09-25T15:07:37.88Z,22,,,13561.7
lote-cultivo-01,2026-09-25T15:06:48.058Z,57.110348108482846,51.794448187333806,90.7816285426696,29.5201063115666
lote-cultivo-03,2026-09-25T15:06:37.759Z,22,,,15722.9
lote-cultivo-03,2026-09-25T15:05:37.621Z,22,,,11343.8
lote-cultivo-01,2026-09-25T15:05:33.52Z,18.77728308487334,47.937311834391565,25.911258022777652,63.93266266681273
lote-cultivo-03,2026-09-25T15:04:37.468Z,22,,,12325
lote-cultivo-01,2026-09-25T15:04:18.994Z,25.36379645154293,27.586549820622952,89.0142711885815,32.84708692400876
lote-cultivo-03,2026-09-25T15:03:37.316Z,22,,,15692.5
lote-cultivo-01,2026-09-25T15:03:04.477Z,62.60823902909842,32.75830972156616,37.29199751821589,59.07174935614831
lote-cultivo-03,2026-09-25T15:02:37.179Z,22,,,14335.1
lote-cultivo-01,2026-09-25T15:01:49.95Z,46.19509265636909,63.21103062548594,58.970221578301654,67.37183638427643
lote-cultivo-03,2026-09-25T15:01:37.042Z,22,,,12067.6
lote-cultivo-03,2026-09-25T15:00:36.9Z,22,,,14226.4
lote-cultivo-01,2026-09-25T15:00:35.437Z,24.385793941506343,70.76124298739424,30.82223767675529,39.48201937525381
lote-cultivo-03,2026-09-25T14:59:36.753Z,22,,,12095.2
lote-cultivo-01,2026-09-25T14:59:20.929Z,60.894690436412205,54.81664010092887,44.37850159911507,70.98599377668498
lote-cultivo-03,2026-09-25T14:58:36.614Z,22,,,11423
lote-cultivo-01,2026-09-25T14:58:06.422Z,78.79752845285849,48.91331223802946,43.831456440677385,14.536649849690464
lote-cultivo-03,2026-09-25T14:57:36.48Z,22,,,15415.2
lote-cultivo-01,2026-09-25T14:56:51.916Z,41.857845411847514,47.148900341733246,32.180101293389654,42.88807797919271
lote-cultivo-03,2026-09-25T14:56:36.345Z,22,,,15182.3
lote-cultivo-01,2026-09-25T14:55:37.383Z,37.82107927858907,37.82077383467939,84.78268596503948,67.3054363692357
lote-cultivo-03,2026-09-25T14:55:36.191Z,22,,,11673.7
lote-cultivo-03,2026-09-25T14:54:36.054Z,22,,,12872.1
lote-cultivo-01,2026-09-25T14:54:22.877Z,66.39526973913173,40.55018235613686,30.4016338096926,41.659981930880605
lote-cultivo-03,2026-09-25T14:53:35.923Z,22,,,12773.3
lote-cultivo-01,2026-09-25T14:53:08.367Z,45.20146814565486,54.45240531496912,84.4838175441358,93.15681090267664
lote-cultivo-03,2026-09-25T14:52:35.794Z,22,,,13255.5
lote-cultivo-01,2026-09-25T14:51:53.863Z,17.62591224997212,56.31213387597573,44.62544110516832,28.351910101256983
lote-cultivo-03,2026-09-25T14:51:35.654Z,22,,,15155.3
lote-cultivo-01,2026-09-25T14:50:39.345Z,55.59200755313518,55.60981340784405,48.479934802649275,28.43012366343335
lote-cultivo-03,2026-09-25T14:50:35.513Z,22,,,11353.8
lote-cultivo-03,2026-09-25T14:49:35.375Z,22,,,13329.5
lote-cultivo-01,2026-09-25T14:49:24.816Z,86.42342275146031,63.41944382253739,42.884806563253406,56.55548098628965
lote-cultivo-03,2026-09-25T14:48:35.239Z,22,,,12689.9
lote-cultivo-01,2026-09-25T14:48:10.306Z,59.79605156242446,53.340756196930414,35.269479217653846,25.754857018796056
lote-cultivo-03,2026-09-25T14:47:35.101Z,22,,,13605.5
lote-cultivo-01,2026-09-25T14:46:55.788Z,56.28481770436065,27.025447549055965,46.75933217117794,89.92789908610183
lote-cultivo-03,2026-09-25T14:46:34.963Z,22,,,12305.7
lote-cultivo-01,2026-09-25T14:45:41.274Z,83.6162368764395,29.7379043268013,35.15154841260591,53.191241569989515
lote-cultivo-03,2026-09-25T14:45:34.823Z,22,,,14953.8
lote-cultivo-03,2026-09-25T14:44:34.687Z,22,,,14659.6
lote-cultivo-01,2026-09-25T14:44:26.752Z,58.3062271436023,57.940245101135424,78.014461147986,39.0565678722742
lote-cultivo-03,2026-09-25T14:43:34.554Z,22,,,10567.9
lote-cultivo-01,2026-09-25T14:43:12.251Z,17.254887970102853,64.09673218785666,38.04143437553904,57.976719806132984
lote-cultivo-01,2026-09-25T14:41:57.738Z,43.155104382174514,53.81200368420478,76.04370392839958,19.723099037744824
lote-cultivo-01,2026-09-25T14:40:43.225Z,74.46235386418513,59.96453672811942,55.95820955669678,66.41663568140179
lote-cultivo-01,2026-09-25T14:39:28.696Z,52.715476394884405,62.715602958027695,33.1681908711856,48.66038665659623
lote-cultivo-01,2026-09-25T14:38:14.193Z,52.75177381102822,40.35350782263017,61.51934006737695,50.0277723362918
lote-cultivo-01,2026-09-25T14:36:59.655Z,88.41377623776341,24.711766085750188,17.48789344116772,66.5321485958312
lote-cultivo-01,2026-09-25T14:35:45.121Z,71.27357893732807,35.02634644540873,59.585262996252986,34.92027253614427
lote-cultivo-01,2026-09-25T14:34:30.611Z,25.501872383284983,49.02255213396083,28.352834719174503,66.36622157746727
lote-cultivo-01,2026-09-25T14:33:16.106Z,39.37514851936789,61.40599454944358,80.1463654275152,30.33185163690702
lote-cultivo-01,2026-09-25T14:32:01.589Z,63.3005763827478,76.52129493632303,37.02837263382396,41.13867362080712
lote-cultivo-01,2026-09-25T14:30:47.064Z,35.336368815811326,71.10438548993628,77.32596317642889,61.32536213460001
lote-cultivo-01,2026-09-25T14:29:32.547Z,28.986685472715735,43.582975663142406,55.74324643956814,39.11056358572995
lote-cultivo-01,2026-09-25T14:28:18.032Z,69.53968454988971,31.453337666640675,30.488413246022223,89.58069493833659
lote-cultivo-01,2026-09-25T14:27:03.521Z,66.48428113294655,36.52814180713917,67.95303108504153,37.28415060089018
lote-cultivo-01,2026-09-25T14:25:49.011Z,28.72796179167791,30.78083093057003,9.97362571476936,32.9956558937843
lote-cultivo-01,2026-09-25T14:24:34.487Z,43.545570253621115,33.0374419098108,64.43273804495678,52.00054041191948
lote-cultivo-01,2026-09-25T14:23:19.966Z,68.19445019651867,67.43166197924289,28.01802176611999,17.75607553142202
lote-cultivo-01,2026-09-25T14:22:05.449Z,34.5293957055444,91.99144397716162,76.76972255406234,91.01025243615852
lote-cultivo-01,2026-09-25T14:20:50.934Z,14.404078014745409,71.84724189955631,40.12209664920005,59.079977668129445
lote-cultivo-01,2026-09-25T14:19:36.422Z,48.14021979990984,43.38298413476511,77.25227011842654,41.71164922012649
lote-cultivo-01,2026-09-25T14:18:21.905Z,50.521926995790935,34.53029164905496,52.823104347820504,60.95403894825592
lote-cultivo-03,2026-09-25T14:17:54.173Z,22,,,12597.6
lote-cultivo-01,2026-09-25T14:17:07.403Z,19.719860158609208,26.08428346480668,34.81066487177106,6.497076621039509
lote-cultivo-03,2026-09-25T14:16:54.02Z,22,,,9879.7
lote-cultivo-03,2026-09-25T14:15:53.88Z,22,,,10485.2
lote-cultivo-01,2026-09-25T14:15:52.901Z,42.24979942107592,21.150652196847403,64.57270645957819,65.35092593511355
lote-cultivo-03,2026-09-25T14:14:53.745Z,22,,,11250
lote-cultivo-01,2026-09-25T14:14:38.375Z,79.62428674274801,42.03977953122015,13.510945723117745,59.15830652503313
lote-cultivo-03,2026-09-25T14:13:53.622Z,22,,,11004.7
lote-cultivo-01,2026-09-25T14:13:23.858Z,52.9824051761957,69.8952287738049,57.90399894893036,47.76745636711925
lote-cultivo-03,2026-09-25T14:12:53.489Z,22,,,10373.6
lote-cultivo-01,2026-09-25T14:12:09.348Z,25.895878847510033,79.10621234189198,39.45066913000615,73.96045331724685
lote-cultivo-03,2026-09-25T14:11:53.342Z,22,,,11590.1
lote-cultivo-01,2026-09-25T14:10:54.822Z,50.16922836113458,78.53258308392587,60.41218057810664,25.068548895136978
lote-cultivo-03,2026-09-25T14:10:53.204Z,22,,,9879.7
lote-cultivo-03,2026-09-25T14:09:53.078Z,22,,,10499.1
lote-cultivo-01,2026-09-25T14:09:40.31Z,48.250128270628885,66.16836737152609,57.320268628726865,56.71809519465816
lote-cultivo-03,2026-09-25T14:08:52.923Z,22,,,11101.3
lote-cultivo-01,2026-09-25T14:08:25.801Z,12.4049926564701,30.45101143318496,63.182382897145025,44.392240037382976
lote-cultivo-03,2026-09-25T14:07:52.785Z,22,,,9737.8
lote-cultivo-01,2026-09-25T14:07:11.295Z,32.91914348917637,5.39102349128621,62.12774427039219,39.73975544207935
lote-cultivo-03,2026-09-25T14:06:52.647Z,22,,,12103.2
lote-cultivo-01,2026-09-25T14:05:56.786Z,80.66875460134703,23.808324184078817,29.68084253715669,65.24950022553489
lote-cultivo-03,2026-09-25T14:05:52.494Z,22,,,10018.8
lote-cultivo-03,2026-09-25T14:04:52.371Z,22,,,11481.3
lote-cultivo-01,2026-09-25T14:04:42.284Z,67.78980836301363,52.01946633011018,68.28506349166635,36.847193395766574
lote-cultivo-03,2026-09-25T14:03:52.216Z,22,,,10297
lote-cultivo-01,2026-09-25T14:03:27.768Z,45.353338287235296,59.61293112634331,11.014746550366844,75.64744252081668
lote-cultivo-03,2026-09-25T14:02:52.091Z,22,,,10560.6
lote-cultivo-01,2026-09-25T14:02:13.265Z,70.03458629483023,71.90705152656328,57.302017648386226,46.693369476417054
lote-cultivo-03,2026-09-25T14:01:51.953Z,22,,,12476
lote-cultivo-01,2026-09-25T14:00:58.75Z,67.56662352715084,89.83970391526584,45.310698004914464,38.28588461953375
lote-cultivo-03,2026-09-25T14:00:51.815Z,22,,,11661.7
lote-cultivo-03,2026-09-25T13:59:51.679Z,22,,,9712.5
lote-cultivo-01,2026-09-25T13:59:44.241Z,22.32939762436014,72.14484203438013,48.02094417693995,52.17066333214083
lote-cultivo-03,2026-09-25T13:58:51.524Z,22,,,10266.2
lote-cultivo-01,2026-09-25T13:58:29.723Z,28.943831570306784,28.52460404718308,72.94100201453439,16.81093345662836
lote-cultivo-03,2026-09-25T13:57:51.393Z,22,,,11173.9
lote-cultivo-01,2026-09-25T13:57:15.219Z,72.93805624794274,10.79516186151747,48.307553236738705,81.28025184749025
lote-cultivo-03,2026-09-25T13:56:51.239Z,22,,,11056.6
lote-cultivo-01,2026-09-25T13:56:00.694Z,64.4899851133245,21.930052054680537,73.44966518227125,60.21819993180062
lote-cultivo-03,2026-09-25T13:55:51.102Z,22.12,,,9330.4
lote-cultivo-03,2026-09-25T13:54:50.963Z,22.23,,,9914.1
lote-cultivo-01,2026-09-25T13:54:46.191Z,45.67648405564603,37.05359349568316,22.389673941938145,49.758690448435
lote-cultivo-03,2026-09-25T13:53:50.827Z,22.48,,,9923.9
lote-cultivo-01,2026-09-25T13:53:31.67Z,77.14152913359663,60.00628153667369,74.59461097267737,65.37950329996329
lote-cultivo-03,2026-09-25T13:52:50.686Z,22.7,,,9353.7
lote-cultivo-01,2026-09-25T13:52:17.157Z,85.34582261946217,84.55058625680624,4.254502714513738,0.5660699742410352
lote-cultivo-03,2026-09-25T13:51:50.56Z,22.73,,,9136.7
lote-cultivo-01,2026-09-25T13:51:02.637Z,39.869209294902944,81.80408078613411,63.61670469710569,58.908605461491504
lote-cultivo-03,2026-09-25T13:50:50.43Z,22.87,,,10744
lote-cultivo-03,2026-09-25T13:49:50.29Z,22.97,,,8599.4
lote-cultivo-01,2026-09-25T13:49:47.137Z,33.24366906595614,60.57165470004456,43.11956223545627,63.166466752507766
lote-cultivo-03,2026-09-25T13:48:50.153Z,23.15,,,10342.5
lote-cultivo-01,2026-09-25T13:48:32.634Z,68.8234569732992,46.32687093258278,46.53000451456194,49.29276153274723
lote-cultivo-03,2026-09-25T13:47:50.017Z,23.32,,,10453.5
lote-cultivo-01,2026-09-25T13:47:18.124Z,56.88471596132473,28.25616196152624,79.9321332315008,84.79384057134936
lote-cultivo-03,2026-09-25T13:46:49.878Z,23.39,,,9307.7
lote-cultivo-01,2026-09-25T13:46:03.604Z,29.15687067115486,7.840189186954973,41.78007647142067,18.06536077517168
lote-cultivo-03,2026-09-25T13:45:49.744Z,23.4,,,8467.6
lote-cultivo-03,2026-09-25T13:44:49.592Z,23.44,,,9542.7
lote-cultivo-01,2026-09-25T13:44:49.101Z,58.411680462001016,23.856926419492403,73.50690645948984,44.34495864834002
lote-cultivo-03,2026-09-25T13:43:49.46Z,23.46,,,8413.4
lote-cultivo-01,2026-09-25T13:43:34.583Z,79.5424702768011,68.56144056499281,27.029843650041663,49.95012215710506
lote-cultivo-03,2026-09-25T13:42:49.312Z,23.58,,,8771.9
lote-cultivo-01,2026-09-25T13:42:20.079Z,45.09295055970874,84.97528835199878,65.41216697850322,38.46342603917553
lote-cultivo-03,2026-09-25T13:41:49.186Z,23.77,,,10386
lote-cultivo-01,2026-09-25T13:41:05.567Z,39.01884127750706,69.91315018792197,11.211006243417216,79.23753248123391
lote-cultivo-03,2026-09-25T13:40:49.025Z,23.88,,,9771.8
lote-cultivo-01,2026-09-25T13:39:51.056Z,72.8692438263269,62.564392726386075,61.35447241980982,38.13867014828049
lote-cultivo-03,2026-09-25T13:39:48.889Z,23.92,,,9565.4
lote-cultivo-03,2026-09-25T13:38:48.754Z,24.13,,,9561.2
lote-cultivo-01,2026-09-25T13:38:36.525Z,55.5992956424322,55.15150310083651,43.51844067277228,56.40311785335459
lote-cultivo-03,2026-09-25T13:37:48.604Z,24.31,,,10350.3
lote-cultivo-01,2026-09-25T13:37:21.023Z,15.12558777090247,28.6829630766399,47.17463543949802,46.27612150884096
lote-cultivo-03,2026-09-25T13:36:48.464Z,24.38,,,8331.3
lote-cultivo-01,2026-09-25T13:36:06.498Z,32.36182605272138,15.64294552419878,84.13834130216526,34.85767671503787
lote-cultivo-03,2026-09-25T13:35:48.312Z,24.63,,,8891.8
lote-cultivo-01,2026-09-25T13:34:50.999Z,61.27222697206886,33.203917085587875,35.88445393072198,68.31423799194269
lote-cultivo-03,2026-09-25T13:34:48.183Z,24.66,,,9950.6
lote-cultivo-03,2026-09-25T13:33:48.035Z,24.84,,,7886.2
lote-cultivo-01,2026-09-25T13:33:36.476Z,37.13701369723859,54.76904658079776,71.44294415949801,28.24122906100992
lote-cultivo-03,2026-09-25T13:32:47.897Z,25.04,,,9286.5
lote-cultivo-01,2026-09-25T13:32:21.954Z,31.18461573296525,67.9484143240677,34.593124555629586,69.56806229960051
lote-cultivo-03,2026-09-25T13:31:47.774Z,25.16,,,9181.1
lote-cultivo-01,2026-09-25T13:31:07.431Z,71.82400337908378,78.62666148156622,46.61194781759407,58.00660227306062
lote-cultivo-03,2026-09-25T13:30:47.624Z,25.24,,,8508.5
lote-cultivo-01,2026-09-25T13:29:52.907Z,67.07468081007941,69.2648107720479,30.90373697167247,38.70436892433566
lote-cultivo-03,2026-09-25T13:29:47.496Z,25.41,,,9761.4
lote-cultivo-03,2026-09-25T13:28:47.349Z,25.53,,,8241.4
lote-cultivo-01,2026-09-25T13:28:38.392Z,20.657926394565905,39.4628178723859,48.2576400716631,71.95088061481395
lote-cultivo-03,2026-09-25T13:27:47.183Z,25.69,,,8923.9
lote-cultivo-01,2026-09-25T13:27:23.877Z,25.44881172227181,28.22217688978037,53.53951526840709,9.413996973276644
lote-cultivo-03,2026-09-25T13:26:47.051Z,25.89,,,9175.8
lote-cultivo-01,2026-09-25T13:26:09.361Z,49.67367721949691,39.713010603419185,42.35117029472913,53.10624244961868
lote-cultivo-03,2026-09-25T13:25:46.914Z,25.93,,,9752.9
lote-cultivo-01,2026-09-25T13:24:54.846Z,26.005786351648695,39.82919990271667,88.08129833351356,64.35429197268863
lote-cultivo-03,2026-09-25T13:24:46.78Z,26.11,,,9732.1
lote-cultivo-03,2026-09-25T13:23:46.628Z,26.17,,,10299.8
lote-cultivo-01,2026-09-25T13:23:40.324Z,20.72615198574544,38.7412784639104,32.95753547937788,44.14692390807911
lote-cultivo-03,2026-09-25T13:22:46.485Z,26.36,,,8202.3
lote-cultivo-01,2026-09-25T13:22:25.803Z,70.19042160250092,63.87902897048014,71.56670630580047,91.18849613503065
lote-cultivo-03,2026-09-25T13:21:46.354Z,26.53,,,8622.1
lote-cultivo-01,2026-09-25T13:21:11.301Z,80.74564447030257,82.17134683305638,40.5159236615695,21.108160742632105
lote-cultivo-03,2026-09-25T13:20:46.219Z,26.75,,,8897.3
lote-cultivo-01,2026-09-25T13:19:56.769Z,40.72384536883097,60.56309703803231,34.27305073193944,34.0161224182366
lote-cultivo-03,2026-09-25T13:19:46.057Z,22,,,8377.6
lote-cultivo-03,2026-09-25T13:18:45.89Z,22,,,9575
lote-cultivo-01,2026-09-25T13:18:42.231Z,41.83853703961826,35.580944905524724,47.33561363484687,51.82110106408745
lote-cultivo-03,2026-09-25T13:17:45.754Z,22,,,7193
lote-cultivo-01,2026-09-25T13:17:27.676Z,62.84552712815996,37.62855535679713,32.25911722868888,34.22425483403811
lote-cultivo-03,2026-09-25T13:16:45.612Z,22,,,8522.1
lote-cultivo-01,2026-09-25T13:16:13.144Z,33.36936624861405,42.14320195326535,65.67717674915211,91.2181272211121
lote-cultivo-03,2026-09-25T13:15:45.459Z,22,,,9243.1
lote-cultivo-01,2026-09-25T13:14:58.634Z,16.456510356096235,40.67331453090426,33.97489935907617,47.02163592796098
lote-cultivo-03,2026-09-25T13:14:45.313Z,22,,,7749.6
lote-cultivo-03,2026-09-25T13:13:45.183Z,22,,,8469.4
lote-cultivo-01,2026-09-25T13:13:44.083Z,61.72407612721484,52.28994602160856,95.0614522992697,44.48466066640091
lote-cultivo-03,2026-09-25T13:12:45.044Z,22,,,8458.5
lote-cultivo-01,2026-09-25T13:12:29.572Z,80.79294535675704,64.51198484103561,25.449456023874266,45.94882683697746
lote-cultivo-03,2026-09-25T13:11:44.907Z,22,,,8152.1
lote-cultivo-01,2026-09-25T13:11:15.064Z,49.234617592049254,58.8665881986142,78.9410606401418,25.199322371636377
lote-cultivo-03,2026-09-25T13:10:44.771Z,22,,,7501.1
lote-cultivo-01,2026-09-25T13:10:00.537Z,55.26193584954399,52.74896130581889,35.99458216068177,71.11584184748185
lote-cultivo-03,2026-09-25T13:09:44.616Z,22,,,9459.4
lote-cultivo-01,2026-09-25T13:08:46.006Z,83.533350204208,51.28139161913511,34.054264872284215,43.9516255805996
lote-cultivo-03,2026-09-25T13:08:44.481Z,22,,,8108.1
lote-cultivo-03,2026-09-25T13:07:44.344Z,22,,,7457.1
lote-cultivo-01,2026-09-25T13:07:31.488Z,55.83798139197991,37.10825026810588,51.176879630774465,61.66571205532989
lote-cultivo-03,2026-09-25T13:06:44.206Z,22,,,9134.7
lote-cultivo-01,2026-09-25T13:06:16.962Z,27.111600073294976,29.516785118383417,28.363045192538223,55.880778419706914
lote-cultivo-03,2026-09-25T13:05:44.071Z,22,,,7135
lote-cultivo-01,2026-09-25T13:05:02.453Z,59.08152019221918,52.98790100558925,65.7351069433553,33.58665914593075
lote-cultivo-03,2026-09-25T13:04:43.951Z,22,,,6875.5
lote-cultivo-01,2026-09-25T13:03:47.938Z,73.28551798898447,72.30865538807313,38.05002271392836,69.25512459911099
lote-cultivo-03,2026-09-25T13:03:43.784Z,22,,,8032.9
lote-cultivo-03,2026-09-25T13:02:43.653Z,22,,,6454.5
lote-cultivo-01,2026-09-25T13:02:33.405Z,38.91336079432442,57.37041560809132,88.82082711974112,22.75089630364121
lote-cultivo-03,2026-09-25T13:01:43.524Z,22,,,6768.5
lote-cultivo-01,2026-09-25T13:01:18.887Z,44.54080535898455,44.019046513905394,30.559371088955128,53.520370217092825
lote-cultivo-03,2026-09-25T13:00:43.38Z,22,,,6677.5
lote-cultivo-01,2026-09-25T13:00:04.382Z,83.04220127528843,52.254641508221376,76.53695696077143,58.856088625469226
lote-cultivo-03,2026-09-25T12:59:43.243Z,22,,,7003.7
lote-cultivo-01,2026-09-25T12:58:49.859Z,67.63026524984384,48.1425572970891,37.3659723625897,38.603502444479865
lote-cultivo-03,2026-09-25T12:58:43.098Z,22,,,7448.1
lote-cultivo-03,2026-09-25T12:57:42.968Z,22,,,7836.6
lote-cultivo-01,2026-09-25T12:57:35.326Z,39.22272075527226,30.93652157032267,31.881357452059728,90.95073799028238
lote-cultivo-03,2026-09-25T12:56:42.827Z,22,,,7870.6
lote-cultivo-01,2026-09-25T12:56:20.809Z,64.6166327962666,38.34100650445485,54.592981546964005,27.487590746537677
lote-cultivo-03,2026-09-25T12:55:42.689Z,22,,,8249
lote-cultivo-01,2026-09-25T12:55:06.261Z,73.1954124805949,62.06134811810625,26.238004068104647,38.12299944917574
lote-cultivo-03,2026-09-25T12:54:42.535Z,22,,,7542.6
lote-cultivo-01,2026-09-25T12:53:51.695Z,28.41943407548693,67.96296172483785,62.828036846987914,50.722578320850744
lote-cultivo-03,2026-09-25T12:53:42.401Z,22,,,7915.1
lote-cultivo-03,2026-09-25T12:52:42.272Z,22,,,7416.7
lote-cultivo-01,2026-09-25T12:52:37.133Z,21.65608784020694,62.27358529549423,48.20063004573716,22.811595167141625
lote-cultivo-03,2026-09-25T12:51:42.136Z,22,,,8293.7
lote-cultivo-01,2026-09-25T12:51:22.596Z,60.536931888553866,56.143395366813266,73.37297135700156,94.47203238538332
lote-cultivo-03,2026-09-25T12:50:42.006Z,22,,,6067.4
lote-cultivo-01,2026-09-25T12:50:08.05Z,55.73610065515061,38.58381712998363,47.169166985046715,53.199478138317026
lote-cultivo-03,2026-09-25T12:49:41.852Z,22,,,6711.7
lote-cultivo-01,2026-09-25T12:48:53.515Z,34.097001746170505,24.582523128543272,61.91616064240488,44.296191776287095
lote-cultivo-03,2026-09-25T12:48:41.711Z,22,,,7584.9
lote-cultivo-03,2026-09-25T12:47:41.579Z,22,,,7756.1
lote-cultivo-01,2026-09-25T12:47:39.001Z,64.70501122688913,37.893262982931816,49.4148377181175,51.41730375207874
lote-cultivo-03,2026-09-25T12:46:41.454Z,22,,,7563.7
lote-cultivo-01,2026-09-25T12:46:24.49Z,80.43771099976296,55.21039899247372,20.254712088277696,10.749978760087588
lote-cultivo-03,2026-09-25T12:45:41.303Z,22,,,6283.3
lote-cultivo-01,2026-09-25T12:45:09.961Z,33.29602680041877,55.12818818817752,66.96027544998783,69.96557458295781
lote-cultivo-03,2026-09-25T12:44:41.176Z,22,,,6260.6
lote-cultivo-01,2026-09-25T12:43:55.43Z,13.399340728062525,63.087987961593925,14.695635194352748,56.297491691623456
lote-cultivo-03,2026-09-25T12:43:41.042Z,22,,,6934.6
lote-cultivo-01,2026-09-25T12:42:40.9Z,43.88717592361882,79.33679503349815,69.97362341145909,58.55402692182648
lote-cultivo-03,2026-09-25T12:42:40.89Z,22,,,6259.5
lote-cultivo-03,2026-09-25T12:41:40.755Z,22,,,5720.4
lote-cultivo-01,2026-09-25T12:41:26.392Z,38.72529522771509,62.69454919394866,48.17128511965526,62.81556815050675
lote-cultivo-03,2026-09-25T12:40:40.604Z,22,,,6687
lote-cultivo-01,2026-09-25T12:40:11.864Z,17.015480633902516,24.119577430070052,66.53234639748058,23.420853467643752
lote-cultivo-03,2026-09-25T12:39:40.468Z,22,,,7122.6
lote-cultivo-01,2026-09-25T12:38:57.331Z,52.37661722371515,17.30517433546639,57.34631765937045,59.277636435182714
lote-cultivo-03,2026-09-25T12:38:40.327Z,22,,,6401.9
lote-cultivo-01,2026-09-25T12:37:42.819Z,82.68380194417479,38.11000219368956,52.468815252669145,36.13197890105535
lote-cultivo-03,2026-09-25T12:37:40.184Z,22,,,7005.4
lote-cultivo-03,2026-09-25T12:36:40.031Z,22,,,5680.8
lote-cultivo-01,2026-09-25T12:36:28.294Z,46.46384022527496,49.26757501665405,56.66874694212349,54.55016621863583
lote-cultivo-03,2026-09-25T12:35:39.903Z,22,,,5885.3
lote-cultivo-01,2026-09-25T12:35:13.773Z,25.476081533421745,58.75531464966166,14.084800125721303,62.80912089960656
lote-cultivo-03,2026-09-25T12:34:39.756Z,22,,,6200.5
lote-cultivo-01,2026-09-25T12:33:59.243Z,52.348963150102314,77.6016866227376,74.33159457365153,34.64425940542671
lote-cultivo-03,2026-09-25T12:33:39.623Z,22,,,5401.2
lote-cultivo-01,2026-09-25T12:32:44.69Z,43.82217776761495,78.0401470241196,5.715427796308275,78.96883663003327
lote-cultivo-03,2026-09-25T12:32:39.475Z,22,,,5978.3
lote-cultivo-03,2026-09-25T12:31:39.339Z,22,,,5522.3
lote-cultivo-01,2026-09-25T12:31:30.182Z,12.179788126548948,54.52857572643241,78.08620234607058,33.370494351581414
lote-cultivo-03,2026-09-25T12:30:39.202Z,22,,,4978.2
lote-cultivo-01,2026-09-25T12:30:15.675Z,39.865323933867415,34.99606073875753,43.75402941392713,44.47981380496175
lote-cultivo-03,2026-09-25T12:29:39.064Z,22,,,4961
lote-cultivo-01,2026-09-25T12:29:01.142Z,76.33325429697965,22.987071985416968,66.13043894513304,53.68060926650238
lote-cultivo-03,2026-09-25T12:28:38.944Z,22,,,6448.7
lote-cultivo-01,2026-09-25T12:27:46.589Z,51.319591677896945,16.030129212435966,60.15616986408104,18.457733747370412
lote-cultivo-03,2026-09-25T12:27:38.797Z,22,,,6212.6
lote-cultivo-03,2026-09-25T12:26:38.669Z,22,,,5479.2
lote-cultivo-01,2026-09-25T12:26:32.042Z,36.83635565829595,37.17103633725275,51.31459967805526,88.386716382663
lote-cultivo-03,2026-09-25T12:25:38.512Z,22,,,5927
lote-cultivo-01,2026-09-25T12:25:17.497Z,71.06839623723522,76.83603530393063,53.20084780531037,52.81616250360904
lote-cultivo-03,2026-09-25T12:24:38.379Z,22,,,5556.8
lote-cultivo-01,2026-09-25T12:24:02.979Z,68.62234689851869,86.4191389540649,21.47116683692477,49.467013050609545
lote-cultivo-03,2026-09-25T12:23:38.239Z,22,,,6044.7
lote-cultivo-01,2026-09-25T12:22:48.468Z,30.033022426589817,66.90787017207333,66.03307526322607,59.92764101951661
lote-cultivo-03,2026-09-25T12:22:38.087Z,22,,,4943.6
lote-cultivo-03,2026-09-25T12:21:37.947Z,22,,,5284.6
lote-cultivo-01,2026-09-25T12:21:33.941Z,43.42415188283112,57.48617547091527,12.575692839591897,1.7248464522419484
lote-cultivo-03,2026-09-25T12:20:37.794Z,22,,,6003.9
lote-cultivo-01,2026-09-25T12:20:19.418Z,73.21638346852272,48.29656743434669,72.37128060755393,65.8024884123885
lote-cultivo-03,2026-09-25T12:19:37.67Z,22,,,5225.9
lote-cultivo-01,2026-09-25T12:19:04.896Z,46.78737314244021,18.364119514234034,50.64978741117591,58.183014964485565
lote-cultivo-03,2026-09-25T12:18:37.536Z,22,,,5762.5
lote-cultivo-01,2026-09-25T12:17:50.376Z,31.09087146365702,5.787196608974425,56.60264254054256,57.47149411360881
lote-cultivo-03,2026-09-25T12:17:37.382Z,22,,,4401.2
lote-cultivo-03,2026-09-25T12:16:37.244Z,22,,,5742.6
lote-cultivo-01,2026-09-25T12:16:35.856Z,72.52314294829054,37.5687843418745,70.87605988221412,76.91723400135467
lote-cultivo-03,2026-09-25T12:15:37.107Z,22,,,4437.3
lote-cultivo-01,2026-09-25T12:15:21.332Z,83.95620341672372,72.75186467136294,43.61870689138937,15.966002108760232
lote-cultivo-03,2026-09-25T12:14:36.962Z,22,,,4660.9
lote-cultivo-01,2026-09-25T12:14:06.808Z,50.021974355648766,81.38445147930949,54.665212864587744,48.78373600662884
lote-cultivo-03,2026-09-25T12:13:36.824Z,22,,,4992.2
lote-cultivo-01,2026-09-25T12:12:52.291Z,57.3104706756615,79.37099443297924,27.208180885522804,42.16318111923323
lote-cultivo-03,2026-09-25T12:12:36.671Z,22,,,4066.1
lote-cultivo-01,2026-09-25T12:11:37.771Z,80.89924234142276,67.00817656843174,55.70215164767469,50.74712763751833
lote-cultivo-03,2026-09-25T12:11:36.535Z,22,,,4417.3
lote-cultivo-03,2026-09-25T12:10:36.38Z,22,,,5174.6
lote-cultivo-01,2026-09-25T12:10:23.246Z,46.17888809106304,36.67275899314779,24.02463072199605,75.50225165438442
lote-cultivo-03,2026-09-25T12:09:36.255Z,22,,,3933
lote-cultivo-01,2026-09-25T12:09:08.716Z,17.27408049756967,16.185677771285956,61.08871000073227,35.95943347268047
lote-cultivo-03,2026-09-25T12:08:36.122Z,22,,,5208.9
lote-cultivo-01,2026-09-25T12:07:54.211Z,53.52643649552529,22.192233711764864,62.58785960060863,63.63338407081767
lote-cultivo-03,2026-09-25T12:07:35.973Z,22,,,4235
lote-cultivo-01,2026-09-25T12:06:39.695Z,72.96110753911165,33.37468502106597,41.95650750205127,36.57886881155824
lote-cultivo-03,2026-09-25T12:06:35.835Z,22,,,5008.8
lote-cultivo-03,2026-09-25T12:05:35.693Z,22,,,3712.3
lote-cultivo-01,2026-09-25T12:05:25.176Z,47.212539186422305,49.39426343617611,87.95209685557478,43.79036553980696
lote-cultivo-03,2026-09-25T12:04:35.563Z,22,,,4277.1
lote-cultivo-01,2026-09-25T12:04:10.655Z,58.52608632777555,82.47258701123667,27.415280279381527,60.612420298141046
lote-cultivo-03,2026-09-25T12:03:35.44Z,22,,,3673
lote-cultivo-01,2026-09-25T12:02:56.137Z,88.08188788795064,97.18123603953462,66.30916361469555,24.856043033125655
lote-cultivo-03,2026-09-25T12:02:35.288Z,22,,,4355.4
lote-cultivo-01,2026-09-25T12:01:41.618Z,54.41151418276425,64.8398355101365,22.505449305553853,77.52733834193354
lote-cultivo-03,2026-09-25T12:01:35.159Z,22,,,4276.4
lote-cultivo-03,2026-09-25T12:00:35.004Z,22,,,3985.3
lote-cultivo-01,2026-09-25T12:00:27.101Z,13.869648496121018,29.044241579672015,54.99984569669591,48.61228846143545
lote-cultivo-03,2026-09-25T11:59:34.867Z,22,,,3669.3
lote-cultivo-01,2026-09-25T11:59:12.55Z,37.70496455764799,26.047044371316595,26.39594791495882,51.32373170280319
lote-cultivo-03,2026-09-25T11:58:34.727Z,22,,,4356.9
lote-cultivo-01,2026-09-25T11:57:58.035Z,53.92675197360981,28.12792502508111,59.38421844777345,66.61460055234119
lote-cultivo-03,2026-09-25T11:57:34.591Z,22,,,3742.6
lote-cultivo-01,2026-09-25T11:56:43.505Z,27.1859432932667,25.175142201498577,63.41438785989473,4.50274959120042
lote-cultivo-03,2026-09-25T11:56:34.457Z,22,,,3863.2
lote-cultivo-03,2026-09-25T11:55:34.316Z,22,,,3448.5
lote-cultivo-01,2026-09-25T11:55:28.997Z,39.33761590363959,47.132279176335366,39.65252346800968,62.30245671276927
lote-cultivo-03,2026-09-25T11:54:34.18Z,22,,,3277.2
lote-cultivo-01,2026-09-25T11:54:14.492Z,79.94028419695705,80.48641936822172,93.9476376544417,55.433034689068386
lote-cultivo-03,2026-09-25T11:53:34.035Z,22,,,3109.4
lote-cultivo-01,2026-09-25T11:52:58.986Z,60.48609783687107,85.1106519554569,17.681548226031854,52.067101387754775
lote-cultivo-03,2026-09-25T11:52:33.872Z,22,,,2857.5
lote-cultivo-01,2026-09-25T11:51:44.459Z,19.771771252282527,66.56992117721914,71.83446898054078,87.78061451395105
lote-cultivo-03,2026-09-25T11:51:33.735Z,22,,,2807.6
lote-cultivo-03,2026-09-25T11:50:33.599Z,22,,,3306.7
lote-cultivo-01,2026-09-25T11:50:29.917Z,37.64999300897707,48.10861614415472,21.817550325043804,15.87861033614504
lote-cultivo-03,2026-09-25T11:49:33.46Z,22,,,3199
lote-cultivo-01,2026-09-25T11:49:15.396Z,53.487593782093704,26.984127323207375,49.64163414603848,42.58860470173498
lote-cultivo-03,2026-09-25T11:48:33.324Z,22,,,3212.2
lote-cultivo-01,2026-09-25T11:48:00.883Z,20.85616981061158,15.169702783099488,34.135212022719855,42.92559621473895
lote-cultivo-03,2026-09-25T11:47:33.183Z,22,,,3321.5
lote-cultivo-01,2026-09-25T11:46:46.376Z,22.635332668980617,34.98203140042277,55.48652767975389,44.64884101855755
lote-cultivo-03,2026-09-25T11:46:33.031Z,22,,,3470.2
lote-cultivo-03,2026-09-25T11:45:32.91Z,22,,,3240.5
lote-cultivo-01,2026-09-25T11:45:30.871Z,66.57060630626174,60.628770212479374,63.61419819766745,89.02254083804874
lote-cultivo-03,2026-09-25T11:44:32.762Z,22,,,2964.4
lote-cultivo-01,2026-09-25T11:44:16.339Z,62.037032529563305,63.10345591154384,45.58383731901221,41.58576863608235
lote-cultivo-03,2026-09-25T11:43:32.629Z,22,,,2696.3
lote-cultivo-01,2026-09-25T11:43:01.809Z,28.489619614312662,65.11751067769082,86.5792253037001,50.620168598440394
lote-cultivo-03,2026-09-25T11:42:32.495Z,22,,,3222.1
lote-cultivo-01,2026-09-25T11:41:47.287Z,49.273936737913665,75.65713718747088,21.337700849046552,34.14135348268493
lote-cultivo-03,2026-09-25T11:41:32.353Z,22,,,2814.6
lote-cultivo-01,2026-09-25T11:40:32.764Z,72.4912236532627,59.12130505234903,66.51548257536166,33.40171297562052
lote-cultivo-03,2026-09-25T11:40:32.215Z,22,,,2457.6
lote-cultivo-03,2026-09-25T11:39:32.075Z,22,,,2264.8
lote-cultivo-01,2026-09-25T11:39:18.245Z,38.27581196693565,22.87998122889548,29.400653572026748,72.99568583778647
lote-cultivo-03,2026-09-25T11:38:31.928Z,22,,,2343.4
lote-cultivo-01,2026-09-25T11:38:03.722Z,24.40562099796418,19.356496384921833,36.71001917915046,39.949444468923815
lote-cultivo-03,2026-09-25T11:37:31.789Z,22,,,2727.9
lote-cultivo-01,2026-09-25T11:36:49.193Z,59.94519480276672,45.06852675054084,50.9370435032378,71.25914820489518
lote-cultivo-03,2026-09-25T11:36:31.654Z,22,,,2464.5
lote-cultivo-01,2026-09-25T11:35:34.663Z,57.57636561813667,56.507204830091304,45.7409477043998,44.58700480423749
lote-cultivo-03,2026-09-25T11:35:31.519Z,22,,,2591.9
lote-cultivo-03,2026-09-25T11:34:31.382Z,22,,,1952.1
lote-cultivo-01,2026-09-25T11:34:20.13Z,27.24528141247128,57.58491279289849,66.90611137876165,35.64731543441017
lote-cultivo-03,2026-09-25T11:33:31.248Z,22,,,2206.2
lote-cultivo-01,2026-09-25T11:33:05.6Z,53.85585345425119,67.04993968989554,49.100045579884075,69.81959439444134
lote-cultivo-03,2026-09-25T11:32:31.103Z,22,,,2363.9
lote-cultivo-01,2026-09-25T11:31:51.077Z,90.11293420279284,65.268499542743,78.76264340276981,18.24468122964791
lote-cultivo-03,2026-09-25T11:31:30.965Z,22,,,2379.4
lote-cultivo-01,2026-09-25T11:30:36.523Z,63.48098930710175,46.564169001817454,30.323726634671083,64.33196241247104
lote-cultivo-03,2026-09-25T11:30:30.824Z,22,,,1903
lote-cultivo-03,2026-09-25T11:29:30.674Z,22,,,1900.3
lote-cultivo-01,2026-09-25T11:29:21.97Z,42.85424207184057,37.5231920505736,57.27023932327248,53.92050035755553
lote-cultivo-03,2026-09-25T11:28:30.542Z,22,,,2005.8
lote-cultivo-01,2026-09-25T11:28:07.444Z,68.93831610459141,38.37292101997648,40.46218287039438,41.12740103077671
lote-cultivo-03,2026-09-25T11:27:30.408Z,22,,,1949.5
lote-cultivo-01,2026-09-25T11:26:52.929Z,60.26474803482109,36.35567925650667,21.92684894791097,88.73584063677886
lote-cultivo-03,2026-09-25T11:26:30.271Z,22,,,1889.9
lote-cultivo-01,2026-09-25T11:25:38.39Z,20.455560229423224,48.290997930607055,68.87352756729351,20.88353123883307
lote-cultivo-03,2026-09-25T11:25:30.131Z,22,,,1847.2
lote-cultivo-03,2026-09-25T11:24:29.995Z,22,,,1744.9
lote-cultivo-01,2026-09-25T11:24:23.876Z,40.670956480070416,71.83457059062852,28.32450859916773,44.79533293632377
lote-cultivo-03,2026-09-25T11:23:29.86Z,22,,,1705.6
lote-cultivo-01,2026-09-25T11:23:09.339Z,84.24817391126909,67.92968971285423,79.55555493727223,46.04856780396669
lote-cultivo-03,2026-09-25T11:22:29.721Z,22,,,1474.6
lote-cultivo-01,2026-09-25T11:21:54.793Z,68.97650280907659,42.09504512059028,43.24772657457956,30.671810997071976
lote-cultivo-03,2026-09-25T11:21:29.58Z,22,,,1476.2
lote-cultivo-01,2026-09-25T11:20:40.272Z,51.88513718749038,39.46742477029705,79.57997464216821,94.3120969658241
lote-cultivo-03,2026-09-25T11:20:29.437Z,22,,,1439.8
lote-cultivo-03,2026-09-25T11:19:29.306Z,22,,,1232.7
lote-cultivo-01,2026-09-25T11:19:25.746Z,79.11130858203387,51.49520430163641,31.14278380993511,47.15479589406966
lote-cultivo-03,2026-09-25T11:18:29.154Z,22,,,1106.3
lote-cultivo-01,2026-09-25T11:18:11.19Z,71.02203595072264,43.389035249842266,57.085850014633266,49.412227295724264
lote-cultivo-03,2026-09-25T11:17:29.01Z,22,,,1226.7
lote-cultivo-01,2026-09-25T11:16:56.649Z,21.363898497272373,36.99695957447463,40.46652981844229,40.7821159154058
lote-cultivo-03,2026-09-25T11:16:28.886Z,22,,,1119.9
lote-cultivo-01,2026-09-25T11:15:42.127Z,26.41944170900944,57.682634053120594,19.72657800370102,18.152784056804787
lote-cultivo-03,2026-09-25T11:15:28.746Z,22,,,914.8
lote-cultivo-03,2026-09-25T11:14:28.61Z,22,,,1004.7
lote-cultivo-01,2026-09-25T11:14:27.61Z,64.85090125322233,71.5202140640756,74.4613796603272,72.76822957447192
lote-cultivo-03,2026-09-25T11:13:28.462Z,22,,,994.1
lote-cultivo-01,2026-09-25T11:13:13.078Z,51.975834975442325,56.64881581557656,21.249913395524455,51.971721877072866
lote-cultivo-03,2026-09-25T11:12:28.309Z,22,,,903.2
lote-cultivo-01,2026-09-25T11:11:58.552Z,36.547577811864265,42.32357256559968,84.40761282807122,68.3719994830217
lote-cultivo-03,2026-09-25T11:11:28.179Z,22,,,760.1
lote-cultivo-01,2026-09-25T11:10:44.047Z,71.13578431992727,39.924640769605965,43.10685383709416,50.830245648689555
lote-cultivo-03,2026-09-25T11:10:28.041Z,22,,,598.1
lote-cultivo-01,2026-09-25T11:09:29.519Z,75.83129838823224,36.11111966507398,75.74472650158974,25.333532223755324
lote-cultivo-03,2026-09-25T11:09:27.899Z,22,,,637.5
lote-cultivo-03,2026-09-25T11:08:27.754Z,22,,,480.6
lote-cultivo-01,2026-09-25T11:08:14.987Z,29.45768161444575,42.21106773177608,35.29259990598816,61.41369504989822
lote-cultivo-03,2026-09-25T11:07:27.63Z,22,,,543.6
lote-cultivo-01,2026-09-25T11:07:00.472Z,26.44168192416766,62.17592217541409,56.214275740759845,29.857827212193794
lote-cultivo-03,2026-09-25T11:06:27.488Z,22,,,381.6
lote-cultivo-01,2026-09-25T11:05:45.934Z,58.00264421243118,66.64527944390703,37.3737840380129,67.12402622853023
lote-cultivo-03,2026-09-25T11:05:27.342Z,22,,,338.7
lote-cultivo-01,2026-09-25T11:04:31.411Z,39.35694165129486,54.83261550489905,24.979986267376255,56.8912913394248
lote-cultivo-03,2026-09-25T11:04:27.21Z,22,,,240.1
lote-cultivo-03,2026-09-25T11:03:27.068Z,22,,,193.7
lote-cultivo-01,2026-09-25T11:03:16.881Z,15.180758235248934,54.955122255015134,69.28467026426524,35.50865489496927
lote-cultivo-03,2026-09-25T11:02:26.925Z,22,,,156.5
lote-cultivo-01,2026-09-25T11:02:02.354Z,48.984044094199255,53.60866151368261,25.992407114814064,79.92773100739181
lote-cultivo-03,2026-09-25T11:01:26.77Z,22,,,60.2
lote-cultivo-01,2026-09-25T11:00:47.822Z,66.40873272302352,29.31563278724863,77.6689574568013,24.15459669881792
lote-cultivo-03,2026-09-25T11:00:26.628Z,22,,,0
lote-cultivo-01,2026-09-25T10:59:33.292Z,32.14239931368493,19.00469230299751,54.47302290871542,52.30425914010334
lote-cultivo-03,2026-09-25T10:59:26.497Z,22,,,0
lote-cultivo-03,2026-09-25T10:58:26.344Z,22,,,0
lote-cultivo-01,2026-09-25T10:58:18.761Z,33.95878418535661,48.71082723822885,59.69354451809961,50.45863091681934
lote-cultivo-03,2026-09-25T10:57:26.207Z,22,,,0
lote-cultivo-01,2026-09-25T10:57:04.236Z,70.02712505265609,74.23389350500173,52.814949929499946,23.04067353925313
lote-cultivo-03,2026-09-25T10:56:26.069Z,22,,,0
lote-cultivo-01,2026-09-25T10:55:49.723Z,51.45320712920864,67.92171000118427,41.92296173355323,91.16062793738122
lote-cultivo-03,2026-09-25T10:55:25.919Z,22,,,0
lote-cultivo-01,2026-09-25T10:54:35.208Z,15.661315938490809,60.582758892401664,45.91608141009012,45.48840216918037
lote-cultivo-03,2026-09-25T10:54:25.782Z,22,,,0
lote-cultivo-03,2026-09-25T10:53:25.64Z,22,,,0
lote-cultivo-01,2026-09-25T10:53:20.663Z,38.1703835957296,59.47199713858926,21.56957546458064,53.76601567885855
lote-cultivo-03,2026-09-25T10:52:25.499Z,22,,,0
lote-cultivo-01,2026-09-25T10:52:06.142Z,56.26434299766839,41.23159082052109,70.0556370820277,51.69798955031687
lote-cultivo-03,2026-09-25T10:51:25.333Z,22,,,0
lote-cultivo-01,2026-09-25T10:50:51.607Z,26.9782948186593,21.478824064469983,26.189518055679407,6.738418793726297
lote-cultivo-03,2026-09-25T10:50:25.192Z,22,,,0
lote-cultivo-01,2026-09-25T10:49:37.072Z,33.784745465378016,27.435704430954623,75.3743060669261,69.88339981652018
lote-cultivo-03,2026-09-25T10:49:25.055Z,22,,,0
lote-cultivo-03,2026-09-25T10:48:24.92Z,22.18,,,0
lote-cultivo-01,2026-09-25T10:48:22.54Z,81.6075546078248,44.59068022481234,61.39200830427537,54.17200336814616
lote-cultivo-03,2026-09-25T10:47:24.781Z,22.38,,,0
lote-cultivo-01,2026-09-25T10:47:08.004Z,74.9530786439913,59.84112282327343,46.91132129385242,66.15019698998991
lote-cultivo-03,2026-09-25T10:46:24.64Z,22.48,,,0
lote-cultivo-01,2026-09-25T10:45:53.474Z,37.41827187242859,80.04993576701813,69.46342126274729,65.67939112411942
lote-cultivo-03,2026-09-25T10:45:24.499Z,22.57,,,0
lote-cultivo-01,2026-09-25T10:44:38.936Z,50.55011226955939,84.12346276804263,25.81021621611319,17.126361663414045
lote-cultivo-03,2026-09-25T10:44:24.352Z,22.59,,,0
lote-cultivo-01,2026-09-25T10:43:24.398Z,62.89008244319372,53.00895765400929,57.650498472134,51.39660613325966
lote-cultivo-03,2026-09-25T10:43:24.218Z,22.6,,,0
lote-cultivo-03,2026-09-25T10:42:24.082Z,22.76,,,0
lote-cultivo-01,2026-09-25T10:42:09.874Z,26.82290476991717,24.358326342700547,14.799683463423902,35.685518888782234
lote-cultivo-03,2026-09-25T10:41:23.941Z,22.86,,,0
lote-cultivo-01,2026-09-25T10:40:55.355Z,25.69337198215409,27.430242311727,74.29216121650143,64.29216729892046
lote-cultivo-03,2026-09-25T10:40:23.782Z,22.9,,,0
lote-cultivo-01,2026-09-25T10:39:40.809Z,76.88051311845842,32.6012089477639,21.73258531863278,69.13146835074066
lote-cultivo-03,2026-09-25T10:39:23.644Z,22.99,,,0
lote-cultivo-01,2026-09-25T10:38:26.277Z,82.92583347404113,30.703051045248543,80.54469591756536,35.56073799995485
lote-cultivo-03,2026-09-25T10:38:23.509Z,23.07,,,0
lote-cultivo-03,2026-09-25T10:37:23.351Z,23.08,,,0
lote-cultivo-01,2026-09-25T10:37:11.72Z,52.03166479828835,55.00211470087236,57.58729169707893,66.15549734951749
lote-cultivo-03,2026-09-25T10:36:23.214Z,23.29,,,0
lote-cultivo-01,2026-09-25T10:35:57.192Z,66.25470813501406,90.9206521968573,47.08351171791204,25.03272514340801
lote-cultivo-03,2026-09-25T10:35:23.074Z,23.5,,,0
lote-cultivo-01,2026-09-25T10:34:42.676Z,80.48297551319592,87.69587369017493,72.64311746442284,53.24021233880482
lote-cultivo-03,2026-09-25T10:34:22.936Z,23.51,,,0
lote-cultivo-01,2026-09-25T10:33:28.154Z,38.78672683691401,54.522412862699454,22.278670126413463,58.805421434814406
lote-cultivo-03,2026-09-25T10:33:22.8Z,23.7,,,0
lote-cultivo-03,2026-09-25T10:32:22.662Z,23.75,,,0
lote-cultivo-01,2026-09-25T10:32:13.613Z,22.209731740708175,33.08628558628213,57.53282831244307,26.740856114869633
lote-cultivo-03,2026-09-25T10:31:22.525Z,23.77,,,0
lote-cultivo-01,2026-09-25T10:30:59.088Z,63.649278386875295,22.645487396584542,19.951735270081663,83.31395466098357
lote-cultivo-03,2026-09-25T10:30:22.4Z,23.99,,,0
lote-cultivo-01,2026-09-25T10:29:44.562Z,70.47578571600944,16.941910323580426,66.29178227477512,39.10880756623284
lote-cultivo-03,2026-09-25T10:29:22.263Z,24.06,,,0
lote-cultivo-01,2026-09-25T10:28:30.036Z,41.32889782741426,34.5415584860197,28.828644980848004,54.62253953443508
lote-cultivo-03,2026-09-25T10:28:22.116Z,24.17,,,0
lote-cultivo-03,2026-09-25T10:27:21.969Z,24.19,,,0
lote-cultivo-01,2026-09-25T10:27:15.508Z,59.59180666115906,65.33919918964669,76.86783679901507,61.319342633359305
lote-cultivo-03,2026-09-25T10:26:21.832Z,24.28,,,0
lote-cultivo-01,2026-09-25T10:26:00.998Z,85.378363151166,78.30116252541093,58.393239712618104,6.419992403899401
lote-cultivo-03,2026-09-25T10:25:21.682Z,24.35,,,0
lote-cultivo-01,2026-09-25T10:24:46.466Z,50.723608436089215,78.72434236327429,46.90074753937029,68.63315140486873
lote-cultivo-03,2026-09-25T10:24:21.542Z,24.5,,,0
lote-cultivo-01,2026-09-25T10:23:31.937Z,27.425456150559807,74.94997399630428,73.43218402214117,47.93255942987347
lote-cultivo-03,2026-09-25T10:23:21.39Z,24.59,,,0
lote-cultivo-03,2026-09-25T10:22:21.255Z,24.67,,,0
lote-cultivo-01,2026-09-25T10:22:17.419Z,59.189153626779046,46.18838777411501,22.810397921726505,61.23486864028688
lote-cultivo-03,2026-09-25T10:21:21.117Z,24.76,,,0
lote-cultivo-01,2026-09-25T10:21:02.905Z,59.52990329917878,7.362545662271317,52.59605449632222,80.33734006134485
lote-cultivo-03,2026-09-25T10:20:20.979Z,24.96,,,0
lote-cultivo-01,2026-09-25T10:19:48.38Z,21.36880060736345,9.403901115047365,31.515076483053804,14.793740860895984
lote-cultivo-03,2026-09-25T10:19:20.842Z,25.14,,,0
lote-cultivo-01,2026-09-25T10:18:33.852Z,34.040837557850374,44.30692099595527,49.246284327277536,48.04689914921176
lote-cultivo-03,2026-09-25T10:18:20.704Z,25.17,,,0
lote-cultivo-01,2026-09-25T10:17:19.321Z,68.37399194451636,62.20060091970362,47.12412690392275,35.122602690188856
lote-cultivo-01,2026-09-25T10:16:04.802Z,47.212185770024966,67.10975123336989,60.9943946338408,53.44842199779747
lote-cultivo-01,2026-09-25T10:14:50.285Z,29.821712144027742,82.39904657440265,70.45753110133013,83.79260340076459
lote-cultivo-01,2026-09-25T10:13:35.775Z,64.54132464017869,80.4314267184705,37.200924179206595,39.91761906226525
lote-cultivo-01,2026-09-25T10:12:21.255Z,66.65789499107824,44.63550128889027,82.77712548320966,57.61561400973413
lote-cultivo-01,2026-09-25T10:11:06.723Z,19.98801054251868,15.891532893048272,14.371312676160366,26.396762524433974
lote-cultivo-01,2026-09-25T10:09:52.188Z,19.11243940172721,17.432041279973163,57.60223857272548,42.9347118080959
lote-cultivo-01,2026-09-25T10:08:37.662Z,50.352900204577054,30.387916260254183,32.85177018989783,66.19545846344852
lote-cultivo-01,2026-09-25T10:07:23.143Z,34.411270744817,51.41995817025653,41.288569824301,38.00739857666469
lote-cultivo-01,2026-09-25T10:06:08.628Z,21.732302020116855,79.45985798337996,58.33758061298171,76.92438384470528
lote-cultivo-01,2026-09-25T10:04:54.111Z,65.72006318662068,84.36786659158808,50.48140663572045,35.905182452228395
lote-cultivo-01,2026-09-25T10:03:39.589Z,81.71762497899905,62.12270118186011,77.64952910181819,48.370507570398395
lote-cultivo-01,2026-09-25T10:02:25.061Z,38.97335935526775,47.18594763848843,32.51663249100491,63.714355972538904
lote-cultivo-01,2026-09-25T10:01:10.519Z,30.372568942838097,39.56621462714664,87.63213365918817,15.5409302545247
lote-cultivo-01,2026-09-25T09:59:55.995Z,55.236685951211115,19.38137624960833,8.110910536682606,70.68321575082189
lote-cultivo-01,2026-09-25T09:58:41.457Z,34.860955704079515,15.82656350657312,64.10243712666706,41.62433138429939
lote-cultivo-01,2026-09-25T09:57:26.908Z,14.5551214795771,52.55479950662567,28.98856212396984,53.56432563446209
lote-cultivo-01,2026-09-25T09:56:12.376Z,57.91378185765959,83.25624578682714,41.043365619227906,85.41271558121231
lote-cultivo-01,2026-09-25T09:54:57.844Z,86.01841997718998,73.96900173829688,61.011456330178945,17.3190314231028
lote-cultivo-01,2026-09-25T09:53:43.314Z,54.110940443711065,58.279914520776984,49.5332105030886,53.555913537102704
lote-cultivo-03,2026-09-25T09:53:00.331Z,25.2,,,0
lote-cultivo-01,2026-09-25T09:52:28.775Z,48.400362282154745,54.20477750955307,73.65856285348241,33.403710863168854
lote-cultivo-03,2026-09-25T09:52:00.191Z,25.24,,,0
lote-cultivo-01,2026-09-25T09:51:14.246Z,76.04772844650573,39.106532857556125,41.404897521248266,39.685447103251406
lote-cultivo-03,2026-09-25T09:51:00.053Z,25.27,,,0
lote-cultivo-03,2026-09-25T09:49:59.906Z,25.45,,,0
lote-cultivo-01,2026-09-25T09:49:59.727Z,54.601255497732325,22.373409135540097,76.8437358875714,92.3321555705636
lote-cultivo-03,2026-09-25T09:48:59.784Z,25.62,,,0
lote-cultivo-01,2026-09-25T09:48:45.211Z,21.57651782416782,31.53423857486444,17.52010509320884,42.65406365058322
lote-cultivo-03,2026-09-25T09:47:59.638Z,25.83,,,0
lote-cultivo-01,2026-09-25T09:47:30.685Z,51.916050604834616,51.40498535125347,56.85158947679678,58.74080467407192
lote-cultivo-03,2026-09-25T09:46:59.5Z,25.94,,,0
lote-cultivo-01,2026-09-25T09:46:16.179Z,78.44351431104461,61.810224027912795,35.72514957632008,31.234672078201232
lote-cultivo-03,2026-09-25T09:45:59.374Z,25.97,,,0
lote-cultivo-01,2026-09-25T09:45:01.635Z,49.2158096329158,71.60703547265315,32.922430294040986,25.928770948539025
lote-cultivo-03,2026-09-25T09:44:59.236Z,26.02,,,0
lote-cultivo-03,2026-09-25T09:43:59.097Z,26.05,,,0
lote-cultivo-01,2026-09-25T09:43:47.105Z,46.20020326257889,71.80846074803908,69.77665879523063,70.2435657824754
lote-cultivo-03,2026-09-25T09:42:58.965Z,26.25,,,0
lote-cultivo-01,2026-09-25T09:42:32.593Z,83.50290146869357,46.20084484365303,43.312935418941215,47.26693929079578
lote-cultivo-03,2026-09-25T09:41:58.822Z,26.39,,,0
lote-cultivo-01,2026-09-25T09:41:18.076Z,72.35971557660554,26.11330874979125,73.49459577227601,75.07599105995841
lote-cultivo-03,2026-09-25T09:40:58.689Z,26.55,,,0
lote-cultivo-01,2026-09-25T09:40:03.565Z,36.372127885124485,38.591773883769086,49.12190009756193,42.04978955283455
lote-cultivo-03,2026-09-25T09:39:58.535Z,26.74,,,0
lote-cultivo-03,2026-09-25T09:38:58.401Z,26.87,,,0
lote-cultivo-01,2026-09-25T09:38:49.039Z,55.53506445275313,50.50967438696308,63.9756045703292,35.42965206091084
lote-cultivo-03,2026-09-25T09:37:58.267Z,27.09,,,0
lote-cultivo-01,2026-09-25T09:37:34.495Z,74.1721696584399,43.45759344823722,31.8323565921937,58.955450152453146
lote-cultivo-03,2026-09-25T09:36:58.13Z,27.09,,,0
lote-cultivo-01,2026-09-28T13:46:41.614Z,67.09498451448155,25.59436695762664,65.71803888466101,41.187571256660966
lote-cultivo-03,2026-09-28T13:46:26.909Z,26,,,9996.3
lote-cultivo-01,2026-09-28T13:45:27.094Z,75.42023191272959,29.892775853078383,29.13098950580063,79.47113937171987
lote-cultivo-03,2026-09-28T13:45:26.77Z,26.15,,,10892.8
lote-cultivo-03,2026-09-28T13:44:26.647Z,26.18,,,11292.4
lote-cultivo-01,2026-09-28T13:44:12.562Z,48.776653711552214,29.604839467726435,34.75628254042418,40.363600542004384
lote-cultivo-03,2026-09-28T13:43:26.515Z,26.25,,,10059.9
lote-cultivo-01,2026-09-28T13:42:58.042Z,68.20739150244496,38.5934256328903,60.28012136174684,39.17063212185058
lote-cultivo-03,2026-09-28T13:42:26.375Z,26.36,,,8970.7
lote-cultivo-01,2026-09-28T13:41:43.511Z,91.1502736996277,67.16371606776445,20.902536018167883,45.095673413633975
lote-cultivo-03,2026-09-28T13:41:26.241Z,22.66,,,9707.5
lote-cultivo-01,2026-09-28T13:40:28.979Z,49.84775488888873,83.36724594472588,82.81882071897236,24.145592952351087
lote-cultivo-03,2026-09-28T13:40:26.106Z,22.82,,,9155
lote-cultivo-03,2026-09-28T13:39:25.971Z,22.88,,,10313.8
lote-cultivo-01,2026-09-28T13:39:14.449Z,20.19129913566783,74.66919679782322,44.1308710956457,89.13831422460989
lote-cultivo-03,2026-09-28T13:38:25.831Z,22.99,,,11244.4
lote-cultivo-01,2026-09-28T13:37:59.93Z,51.558691359929945,59.73994724872493,69.85780730841692,52.90842133028533
lote-cultivo-03,2026-09-28T13:37:25.694Z,23.24,,,8288.4
lote-cultivo-01,2026-09-28T13:36:45.391Z,60.25367834327819,37.020207406523134,50.1183757924082,52.5796768149067
lote-cultivo-03,2026-09-28T13:36:25.555Z,23.24,,,10632.4
lote-cultivo-01,2026-09-28T13:35:30.87Z,35.41521394338702,10.066861748861903,51.84225191968373,54.27071035985714
lote-cultivo-03,2026-09-28T13:35:25.407Z,23.27,,,8867.2
lote-cultivo-03,2026-09-28T13:34:25.269Z,23.36,,,8808.7
lote-cultivo-01,2026-09-28T13:34:16.333Z,58.23350482797234,14.984482346926823,38.48850501519516,2.5089535734253325
lote-cultivo-03,2026-09-28T13:33:25.125Z,23.5,,,10611
lote-cultivo-01,2026-09-28T13:33:01.789Z,92.39992438633116,51.55196276782226,31.11936565973255,72.35492071564298
lote-cultivo-03,2026-09-28T13:32:24.984Z,23.7,,,10999
lote-cultivo-01,2026-09-28T13:31:47.277Z,59.28348260468339,71.7693002925887,59.96409789920669,53.051545906132745
lote-cultivo-03,2026-09-28T13:31:24.846Z,23.85,,,10528.4
lote-cultivo-01,2026-09-28T13:30:32.738Z,24.26488973227315,70.45111432761323,22.754425090766436,54.98250163835041
lote-cultivo-03,2026-09-28T13:30:24.705Z,23.88,,,9478.9
lote-cultivo-03,2026-09-28T13:29:24.555Z,23.93,,,7769.1
lote-cultivo-01,2026-09-28T13:29:18.183Z,46.80437153981057,77.66550460708669,80.0253081646113,77.96252310802679
lote-cultivo-03,2026-09-28T13:28:24.429Z,24.16,,,9047.9
lote-cultivo-01,2026-09-28T13:28:03.653Z,50.272660113805976,74.91297611843986,50.02997685869237,13.221848473765158
lote-cultivo-03,2026-09-28T13:27:24.292Z,24.38,,,10140.2
lote-cultivo-01,2026-09-28T13:26:49.122Z,17.12396059450447,36.97594593355983,58.389899540787106,58.03062340163453
lote-cultivo-03,2026-09-28T13:26:24.152Z,24.51,,,7675
lote-cultivo-01,2026-09-28T13:25:34.614Z,33.263642242239314,5.092222671364621,67.05028209814381,44.87764037897366
lote-cultivo-03,2026-09-28T13:25:24.01Z,24.69,,,8763.6
lote-cultivo-03,2026-09-28T13:24:23.871Z,24.77,,,9709.6
lote-cultivo-01,2026-09-28T13:24:20.082Z,74.41968237926476,16.779150911834584,32.7810902232649,40.0103791472667
lote-cultivo-03,2026-09-28T13:23:23.735Z,24.9,,,9398.1
lote-cultivo-01,2026-09-28T13:23:05.548Z,54.75246115465098,43.87696019090311,54.96802266787667,75.43658086155122
lote-cultivo-01,2026-09-28T13:21:51.01Z,26.48140941269989,61.9197231876375,19.955393887234287,33.778382094961195
lote-cultivo-01,2026-09-28T13:20:36.488Z,53.0388955346818,79.96450466721708,66.57316248774269,66.58879640031569
lote-cultivo-01,2026-09-28T13:19:21.958Z,60.21098428827146,85.77583255074339,17.85231527398282,48.75884205702568
lote-cultivo-01,2026-09-28T13:18:07.437Z,20.485249870407785,63.15243628864812,84.938587341526,37.04678543806703
lote-cultivo-01,2026-09-28T13:16:52.92Z,22.894731592468485,37.175090744721174,45.904087991521266,54.34971322883082
lote-cultivo-01,2026-09-28T13:15:38.398Z,59.25925136928395,26.262851940048055,59.16286621298711,25.521242447982942
lote-cultivo-01,2026-09-28T13:14:23.857Z,43.65247148316595,16.936618597746303,71.0272887533951,74.0908523518513
lote-cultivo-01,2026-09-28T13:13:09.338Z,19.557407866685544,21.346609405472243,25.833779427207254,57.34737592951949
lote-cultivo-01,2026-09-28T13:11:54.81Z,54.99768536296481,59.649995122190305,61.040321636617975,54.90145361229568
lote-cultivo-01,2026-09-28T13:10:40.29Z,76.8634174475838,92.83643683626264,18.06428118429871,58.52299316172578
lote-cultivo-01,2026-09-28T13:09:25.754Z,42.80476668448062,80.43533477649822,64.13181378534713,5.34083381332998
lote-cultivo-01,2026-09-28T13:08:11.227Z,37.99035234327082,54.678473809913456,21.642438214412035,62.322801969738926
lote-cultivo-01,2026-09-28T13:06:56.707Z,67.09641614603994,47.4022516328997,82.90611022947566,50.78698788421375
lote-cultivo-01,2026-09-28T13:05:42.191Z,46.128003437242455,34.45938262201932,45.01566151459285,59.664882649240525
lote-cultivo-01,2026-09-28T13:04:27.65Z,13.540193868513516,13.858731596316057,61.252649651515455,85.45272657384562
lote-cultivo-01,2026-09-28T13:03:13.12Z,46.93029217760544,23.939738166182124,69.97512597145914,11.372097655587512
lote-cultivo-01,2026-09-28T13:01:58.594Z,80.01552981837767,58.73334809731367,26.034960101953263,52.25144404748675
lote-cultivo-01,2026-09-28T13:00:44.076Z,57.27609796118382,77.21946366614509,59.06831248715927,40.97906261161574
lote-cultivo-01,2026-09-28T12:59:29.547Z,55.613156209335926,77.01310741539335,25.280848699564128,38.774045118228585
lote-cultivo-01,2026-09-28T12:58:15.013Z,86.92224441336191,69.85348833330852,50.70685720866652,89.94944909936781
lote-cultivo-03,2026-09-28T12:58:03.391Z,24.99,,,7618.7
lote-cultivo-03,2026-09-28T12:57:03.234Z,24.99,,,6209
lote-cultivo-01,2026-09-28T12:57:00.495Z,65.07135827162878,46.68275036159625,38.61354550060384,32.03353531776179
lote-cultivo-03,2026-09-28T12:56:03.108Z,25.08,,,8535.1
lote-cultivo-01,2026-09-28T12:55:45.966Z,20.229840712639536,22.21932986619642,66.5577626774523,58.55238104379976
lote-cultivo-03,2026-09-28T12:55:02.923Z,25.18,,,7747.7
lote-cultivo-01,2026-09-28T12:54:31.45Z,39.90957036149504,26.449354230078136,57.718141665986714,49.01770088900522
lote-cultivo-03,2026-09-28T12:54:02.785Z,25.19,,,6563.6
lote-cultivo-01,2026-09-28T12:53:16.916Z,70.56822227506939,42.764812059993666,52.04303357566893,28.65373867397596
lote-cultivo-03,2026-09-28T12:53:02.632Z,25.36,,,8238.4
lote-cultivo-03,2026-09-28T12:52:02.489Z,25.55,,,7918.1
lote-cultivo-01,2026-09-28T12:52:02.373Z,50.14252169767677,46.05715977851192,77.76649879805218,68.28776574660452
lote-cultivo-03,2026-09-28T12:51:02.35Z,25.65,,,7176.1
lote-cultivo-01,2026-09-28T12:50:47.843Z,50.1245074423728,57.89249551297328,18.57495268504808,31.603165923617027
lote-cultivo-03,2026-09-28T12:50:02.222Z,25.79,,,5900.4
lote-cultivo-01,2026-09-28T12:49:33.318Z,89.82007673391587,82.10796799294964,64.65845021296523,62.022258522721366
lote-cultivo-03,2026-09-28T12:49:02.09Z,25.94,,,6051.3
lote-cultivo-01,2026-09-28T12:48:18.791Z,78.70587103939121,75.24956485442428,24.901022868457908,59.581707742279754
lote-cultivo-03,2026-09-28T12:48:01.945Z,26.02,,,7283.8
lote-cultivo-01,2026-09-28T12:47:04.262Z,32.42456153197828,38.45439854353055,43.838279202774665,47.090836853385426
lote-cultivo-03,2026-09-28T12:47:01.804Z,26.24,,,8045.4
lote-cultivo-03,2026-09-28T12:46:01.667Z,26.29,,,5979.3
lote-cultivo-01,2026-09-28T12:45:49.748Z,42.02515491093993,25.04971957994376,51.36602060071562,64.4626212336383
lote-cultivo-03,2026-09-28T12:45:01.525Z,26.36,,,6740.2
lote-cultivo-01,2026-09-28T12:44:35.223Z,65.46183092089363,38.840747653171995,51.896215572113846,17.2600341021537
lote-cultivo-03,2026-09-28T12:44:01.391Z,26.56,,,5560.2
lote-cultivo-01,2026-09-28T12:43:20.7Z,37.155018342948814,43.37399718654181,70.22824126438789,52.348432043224335
lote-cultivo-03,2026-09-28T12:43:01.26Z,26.75,,,6670.2
lote-cultivo-01,2026-09-28T12:42:06.182Z,27.4587704872445,45.39247995692759,42.774409736518486,48.69258907236657
lote-cultivo-03,2026-09-28T12:42:01.129Z,26.84,,,7111.4
lote-cultivo-03,2026-09-28T12:41:00.991Z,27.06,,,7005.2
lote-cultivo-01,2026-09-28T12:40:51.647Z,68.29809739794703,62.40629027296958,85.57128848436892,56.954465578399784
lote-cultivo-03,2026-09-28T12:40:00.852Z,27.1,,,5777.6
lote-cultivo-01,2026-09-28T12:39:37.134Z,69.60483093795216,70.3560322051342,10.293557684576657,87.65009012700898
lote-cultivo-03,2026-09-28T12:39:00.718Z,27.16,,,5702.5
lote-cultivo-01,2026-09-28T12:38:22.612Z,32.07699615279831,57.59801723380317,73.72848084326432,20.876528359225315
lote-cultivo-03,2026-09-28T12:38:00.57Z,27.17,,,6882.1
lote-cultivo-01,2026-09-28T12:37:08.092Z,44.733988382889045,47.36046283323869,17.599789361602134,49.28405791949233
lote-cultivo-03,2026-09-28T12:37:00.432Z,27.3,,,6329.1
lote-cultivo-03,2026-09-28T12:36:00.28Z,27.35,,,5257.9
lote-cultivo-01,2026-09-28T12:35:53.58Z,71.57246950243353,41.23543885830496,46.68890423858111,34.02067392944407
lote-cultivo-03,2026-09-28T12:35:00.147Z,27.54,,,6118.5
lote-cultivo-01,2026-09-28T12:34:39.068Z,39.75828444963253,30.9629515298177,52.957558534832025,34.75023409982839
lote-cultivo-03,2026-09-28T12:34:00.002Z,27.55,,,6986
lote-cultivo-01,2026-09-28T12:33:24.533Z,16.15006921446191,38.64335113988216,48.550759363479976,96.44930503727744
lote-cultivo-03,2026-09-28T12:32:59.858Z,27.72,,,6112
lote-cultivo-01,2026-09-28T12:32:10.021Z,47.40398133737599,64.8532126808416,71.11769061062184,36.876680441996605
lote-cultivo-03,2026-09-28T12:31:59.717Z,27.91,,,6600.5
lote-cultivo-03,2026-09-28T12:30:59.591Z,28.16,,,6515.9
lote-cultivo-01,2026-09-28T12:30:55.489Z,50.76191555836081,68.14943384189442,46.33946852414677,59.39338988477723
lote-cultivo-03,2026-09-28T12:29:59.453Z,28.2,,,5191.3
lote-cultivo-01,2026-09-28T12:29:40.967Z,17.67939370436862,48.2582926329108,78.97783409331339,45.05794844152296
lote-cultivo-03,2026-09-28T12:28:59.314Z,28.22,,,6723.4
lote-cultivo-01,2026-09-28T12:28:26.43Z,36.56114316522947,46.7562743530026,17.040047413698716,16.5272280653083
lote-cultivo-03,2026-09-28T12:27:59.196Z,28.29,,,6528.7
lote-cultivo-01,2026-09-28T12:27:11.908Z,77.03686352968896,55.41271557178599,69.17724702736301,77.59741211897182
lote-cultivo-03,2026-09-28T12:26:59.04Z,28.32,,,5232.7
lote-cultivo-03,2026-09-28T12:25:58.917Z,28.41,,,5342.9
lote-cultivo-01,2026-09-28T12:25:57.372Z,55.48876501660875,41.44202337185353,20.735003064983065,38.09779859024802
lote-cultivo-03,2026-09-28T12:24:58.773Z,28.59,,,5207.1
lote-cultivo-01,2026-09-28T12:24:42.844Z,27.9686835287602,29.97976654049862,42.66072943153737,60.021244738299664
lote-cultivo-03,2026-09-28T12:23:58.637Z,28.79,,,5475.2
lote-cultivo-01,2026-09-28T12:23:28.325Z,51.14587502773815,50.42332529803448,58.853537766136874,62.9304406964537
lote-cultivo-03,2026-09-28T12:22:58.487Z,28.88,,,6112.4
lote-cultivo-01,2026-09-28T12:22:13.801Z,50.14174685787186,69.80219312482872,42.475179424102585,31.285070962012178
lote-cultivo-03,2026-09-28T12:21:58.363Z,29.09,,,5962.8
lote-cultivo-01,2026-09-28T12:20:59.273Z,10.38827728472372,62.14680225024419,73.25714374593734,67.6583298179775
lote-cultivo-03,2026-09-28T12:20:58.222Z,24.48,,,4895.4
lote-cultivo-03,2026-09-28T12:19:58.079Z,24.62,,,6049.9
lote-cultivo-01,2026-09-28T12:19:44.737Z,24.29193559386034,51.30502820223769,51.12509683309388,29.67470052716548
lote-cultivo-03,2026-09-28T12:18:57.945Z,24.7,,,4789.4
lote-cultivo-01,2026-09-28T12:18:30.218Z,72.90524912125707,46.32819331397733,67.62537060699788,47.62513002968464
lote-cultivo-03,2026-09-28T12:17:57.807Z,24.94,,,5197.7
lote-cultivo-01,2026-09-28T12:17:15.698Z,65.2877965210444,35.28914295708532,31.767556044002728,53.56350163225856
lote-cultivo-03,2026-09-28T12:16:57.667Z,25.05,,,5214.3
lote-cultivo-01,2026-09-28T12:16:01.17Z,44.12751723778888,33.95563625380902,54.799710675288814,46.542685717396544
lote-cultivo-03,2026-09-28T12:15:57.527Z,25.15,,,4642.8
lote-cultivo-03,2026-09-28T12:14:57.392Z,25.33,,,4005.8
lote-cultivo-01,2026-09-28T12:14:46.651Z,70.11351517585572,51.4379415953835,33.64538009218016,82.61764857722407
lote-cultivo-03,2026-09-28T12:13:57.262Z,25.54,,,5210
lote-cultivo-01,2026-09-28T12:13:32.116Z,71.65096485122471,60.339411472155525,29.902917863333727,34.28960764889988
lote-cultivo-03,2026-09-28T12:12:57.124Z,25.79,,,4807.9
lote-cultivo-01,2026-09-28T12:12:17.585Z,24.651360690554036,57.16877852093031,73.04444009789263,48.3419310992582
lote-cultivo-03,2026-09-28T12:11:56.993Z,25.89,,,4088
lote-cultivo-01,2026-09-28T12:11:03.055Z,24.24674046088749,65.41580633256426,27.390173481276133,34.264222783667364
lote-cultivo-03,2026-09-28T12:10:56.847Z,25.95,,,3847.8
lote-cultivo-03,2026-09-28T12:09:56.718Z,26.12,,,3777.9
lote-cultivo-01,2026-09-28T12:09:48.528Z,67.10560157384874,66.93488368972473,85.79745989418932,29.378764534458877
lote-cultivo-03,2026-09-28T12:08:56.575Z,26.14,,,4004.5
lote-cultivo-01,2026-09-28T12:08:34.002Z,62.19427722994717,37.17605215831457,44.80384904352432,90.95479397948549
lote-cultivo-03,2026-09-28T12:07:56.435Z,26.2,,,4883.3
lote-cultivo-01,2026-09-28T12:07:19.46Z,42.96245690953214,15.199610235501137,66.56170174055298,44.60403273518027
lote-cultivo-03,2026-09-28T12:06:56.295Z,26.21,,,3594.4
lote-cultivo-01,2026-09-28T12:06:04.935Z,75.01247328598198,34.72726593851735,37.854119995505194,64.77982768727354
lote-cultivo-03,2026-09-28T12:05:56.141Z,26.32,,,3566.6
lote-cultivo-03,2026-09-28T12:04:56.014Z,26.39,,,4405.3
lote-cultivo-01,2026-09-28T12:04:50.411Z,88.80587892707938,58.56659941696753,47.66566686492578,44.04620553177685
lote-cultivo-03,2026-09-28T12:03:55.863Z,26.45,,,4782.3
lote-cultivo-01,2026-09-28T12:03:35.869Z,45.72092768988593,59.87061871895366,39.18666673933446,7.597849519774071
lote-cultivo-03,2026-09-28T12:02:55.721Z,26.58,,,4398.7
lote-cultivo-01,2026-09-28T12:02:21.354Z,36.522093259336295,64.97282108879577,25.365183867388485,76.43487962747724
lote-cultivo-03,2026-09-28T12:01:55.585Z,26.59,,,3986.1
lote-cultivo-01,2026-09-28T12:01:06.83Z,70.43238892308254,74.7587073587915,78.75420635614432,41.05881347167356
lote-cultivo-03,2026-09-28T12:00:55.451Z,26.62,,,4341.9
lote-cultivo-03,2026-09-28T11:59:55.296Z,26.68,,,3472.7
lote-cultivo-01,2026-09-28T11:59:52.31Z,58.31946721671183,59.43233581940941,19.335796548665257,66.18554703773835
lote-cultivo-03,2026-09-28T11:58:55.156Z,26.68,,,3465.9
lote-cultivo-01,2026-09-28T11:58:37.787Z,28.57140312715188,31.80860507267209,94.37402525698256,69.11713538209781
lote-cultivo-03,2026-09-28T11:57:55.024Z,22,,,3533.3
lote-cultivo-01,2026-09-28T11:57:23.274Z,56.447068880874454,23.08942306819998,38.98418878840364,16.83208346384616
lote-cultivo-03,2026-09-28T11:56:54.869Z,22,,,3688.8
lote-cultivo-01,2026-09-28T11:56:08.758Z,79.89135819055375,27.32441800593797,67.73415572084062,66.01186660754622
lote-cultivo-03,2026-09-28T11:55:54.741Z,22,,,3935.9
lote-cultivo-03,2026-09-28T11:54:54.599Z,22,,,3271.6
lote-cultivo-01,2026-09-28T11:54:54.238Z,47.63197483267909,39.00871832720902,40.34958516928781,34.06166588954567
lote-cultivo-03,2026-09-28T11:53:54.458Z,22,,,3168.6
lote-cultivo-01,2026-09-28T11:53:39.702Z,41.60791728825943,67.79756479030257,45.679935499835985,48.1136515747794
lote-cultivo-03,2026-09-28T11:52:54.324Z,22,,,3221.1
lote-cultivo-01,2026-09-28T11:52:25.182Z,77.5159269342222,88.3666642711695,37.56488135668707,66.74044597098352
lote-cultivo-03,2026-09-28T11:51:54.185Z,22,,,3960.3
lote-cultivo-01,2026-09-28T11:51:10.646Z,64.27999066257645,71.74661880622753,31.246084737143185,34.841020674627636
lote-cultivo-03,2026-09-28T11:50:54.039Z,22,,,2866.3
lote-cultivo-01,2026-09-28T11:49:56.131Z,22.036183205569863,46.83433239947019,70.73191422428697,74.04599822851254
lote-cultivo-03,2026-09-28T11:49:53.904Z,22,,,3082.2
lote-cultivo-03,2026-09-28T11:48:53.769Z,22,,,3076.6
lote-cultivo-01,2026-09-28T11:48:41.581Z,36.08146539767203,41.14715526543398,26.698001203662702,42.11321988768524
lote-cultivo-03,2026-09-28T11:47:53.629Z,22,,,3591.1
lote-cultivo-01,2026-09-28T11:47:27.065Z,57.735105915348406,29.893234074018142,88.00041305187366,45.74092329848305
lote-cultivo-03,2026-09-28T11:46:53.486Z,22,,,2597.1
lote-cultivo-01,2026-09-28T11:46:12.527Z,29.505238271902044,12.132116633596182,46.35343274825864,45.386219665797526
lote-cultivo-03,2026-09-28T11:45:53.35Z,22,,,2525.1
lote-cultivo-01,2026-09-28T11:44:57.999Z,27.271110323296543,30.170541019220607,57.14424359728717,26.30165007109347
lote-cultivo-03,2026-09-28T11:44:53.208Z,22,,,3184.1
lote-cultivo-03,2026-09-28T11:43:53.06Z,22,,,2824.4
lote-cultivo-01,2026-09-28T11:43:43.474Z,73.53909060030301,74.40734047181806,53.78615193897777,78.07733319437841
lote-cultivo-03,2026-09-28T11:42:52.924Z,22,,,3212.1
lote-cultivo-01,2026-09-28T11:42:28.96Z,72.68345850608856,89.62203286641089,32.94879127511638,50.26649153308137
lote-cultivo-03,2026-09-28T11:41:52.753Z,22,,,3011.4
lote-cultivo-01,2026-09-28T11:41:14.436Z,30.48332119529261,73.73743780457185,45.264268197806615,66.43421754858029
lote-cultivo-03,2026-09-28T11:40:52.615Z,22,,,2583.3
lote-cultivo-01,2026-09-28T11:39:59.911Z,35.67283269858823,58.7058962173044,30.643748161246332,49.61358987751866
lote-cultivo-03,2026-09-28T11:39:52.465Z,22,,,3042
lote-cultivo-03,2026-09-28T11:38:52.324Z,22,,,2528.5
lote-cultivo-01,2026-09-28T11:38:45.374Z,51.9089331847047,40.50999658999708,65.54166060443623,7.722930004810245
lote-cultivo-03,2026-09-28T11:37:52.169Z,22,,,2869.4
lote-cultivo-01,2026-09-28T11:37:30.848Z,18.48496252387283,16.89132575205435,34.38349563118956,66.9085223194176
lote-cultivo-03,2026-09-28T11:36:52.022Z,22,,,2220.1
lote-cultivo-01,2026-09-28T11:36:16.313Z,9.372677656130914,16.245473997374326,79.81209392240196,39.68387113124477
lote-cultivo-03,2026-09-28T11:35:51.9Z,22,,,2584.8
lote-cultivo-01,2026-09-28T11:35:01.783Z,59.0398263924209,39.02593179434569,55.64407879736939,71.62052654285378
lote-cultivo-03,2026-09-28T11:34:51.753Z,22,,,2324.3
lote-cultivo-03,2026-09-28T11:33:51.632Z,22,,,1921.1
lote-cultivo-01,2026-09-28T11:33:47.26Z,72.36190432194671,58.67364168933689,44.708370178545145,76.70979182157583
lote-cultivo-03,2026-09-28T11:32:51.478Z,22,,,2122
lote-cultivo-01,2026-09-28T11:32:32.728Z,39.93820751860354,76.71828209796935,70.20535844063286,12.81996231159307
lote-cultivo-03,2026-09-28T11:31:51.338Z,22,,,2222.4
lote-cultivo-01,2026-09-28T11:31:18.212Z,48.6775749897604,92.1058209680731,14.966681038776851,61.290644966012
lote-cultivo-03,2026-09-28T11:30:51.203Z,22,,,1895.8
lote-cultivo-01,2026-09-28T11:30:03.685Z,69.0382503986789,73.18423118610826,60.52580916829626,29.193841432385025
lote-cultivo-03,2026-09-28T11:29:51.053Z,22,,,1946.2
lote-cultivo-03,2026-09-28T11:28:50.918Z,22,,,1959.3
lote-cultivo-01,2026-09-28T11:28:49.152Z,33.487447274887394,28.43870393167973,21.384838745696133,48.95619815685321
lote-cultivo-03,2026-09-28T11:27:50.778Z,22,,,1609.3
lote-cultivo-01,2026-09-28T11:27:34.614Z,11.615346339097252,12.410995075952828,68.79957521553017,81.93081398657725
lote-cultivo-03,2026-09-28T11:26:50.631Z,22,,,1848.9
lote-cultivo-01,2026-09-28T11:26:20.104Z,52.207763006839194,28.309753668062704,34.001596219447705,29.515775347422903
lote-cultivo-03,2026-09-28T11:25:50.481Z,22,,,1836.2
lote-cultivo-01,2026-09-28T11:25:05.576Z,67.51462133009738,36.59324169313179,80.25680268510533,68.55334097343811
lote-cultivo-03,2026-09-28T11:24:50.339Z,22,,,1546.9
lote-cultivo-01,2026-09-28T11:23:51.038Z,38.73906138423527,45.6570424638584,54.377084337418005,40.608526929867
lote-cultivo-03,2026-09-28T11:23:50.219Z,22,,,1473.6
lote-cultivo-03,2026-09-28T11:22:50.086Z,22,,,1506.7
lote-cultivo-01,2026-09-28T11:22:36.511Z,52.30293848905771,76.84215520890064,44.97719023696985,38.27808392634259
lote-cultivo-03,2026-09-28T11:21:49.938Z,22,,,1340.4
lote-cultivo-01,2026-09-28T11:21:21.984Z,85.00753106123024,94.26093390648391,73.02281816182077,62.09106891451549
lote-cultivo-03,2026-09-28T11:20:49.806Z,22,,,1492.8
lote-cultivo-01,2026-09-28T11:20:07.454Z,58.80843649728661,69.96206839379681,9.502167936874145,27.51305118204114
lote-cultivo-03,2026-09-28T11:19:49.648Z,22,,,1251
lote-cultivo-01,2026-09-28T11:18:52.919Z,31.95158076084512,37.939561140511785,65.57190024016413,68.27819403395176
lote-cultivo-03,2026-09-28T11:18:49.515Z,22,,,1136.7
lote-cultivo-03,2026-09-28T11:17:49.371Z,22,,,1209
lote-cultivo-01,2026-09-28T11:17:38.376Z,62.69065245555895,23.873707901996237,20.26469469903104,52.29236724130277
lote-cultivo-03,2026-09-28T11:16:49.229Z,22,,,1128
lote-cultivo-01,2026-09-28T11:16:23.847Z,71.50473794448112,18.16086283112659,65.17944525387004,57.699425944459136
lote-cultivo-03,2026-09-28T11:15:49.093Z,22,,,905.9
lote-cultivo-01,2026-09-28T11:15:09.32Z,33.75449289085451,27.846131559120185,39.75433735020689,59.28107094636389
lote-cultivo-03,2026-09-28T11:14:48.959Z,22,,,912.4
lote-cultivo-01,2026-09-28T11:13:54.794Z,39.87188053593152,58.11218844795049,76.48869282022855,15.764612427591684
lote-cultivo-03,2026-09-28T11:13:48.806Z,22,,,967.9
lote-cultivo-03,2026-09-28T11:12:48.67Z,22,,,686.9
lote-cultivo-01,2026-09-28T11:12:40.263Z,78.67081694991779,77.07191241384928,53.86259562597576,57.100236609925815
lote-cultivo-03,2026-09-28T11:11:48.518Z,22,,,719.5
lote-cultivo-01,2026-09-28T11:11:25.737Z,65.03633495285864,72.12519121381055,48.95535746844065,38.56742474499145
lote-cultivo-03,2026-09-28T11:10:48.383Z,22,,,584.8
lote-cultivo-01,2026-09-28T11:10:11.22Z,43.22221367661444,68.2694900395917,68.09857452865722,68.0895183102871
lote-cultivo-03,2026-09-28T11:09:48.245Z,22,,,687.6
lote-cultivo-01,2026-09-28T11:08:56.662Z,74.71716037740322,60.165594016373205,13.92383338168173,81.58310097779913
lote-cultivo-03,2026-09-28T11:08:48.093Z,22,,,609.6
lote-cultivo-03,2026-09-28T11:07:47.95Z,22,,,527.4
lote-cultivo-01,2026-09-28T11:07:42.121Z,83.87204508279396,27.999560643044138,60.15560382068179,20.213446925401385
lote-cultivo-03,2026-09-28T11:06:47.823Z,22,,,373.3
lote-cultivo-01,2026-09-28T11:06:27.595Z,36.87714291057665,7.485683624291734,29.562871425093984,57.37093617887026
lote-cultivo-03,2026-09-28T11:05:47.685Z,22,,,379.4
lote-cultivo-01,2026-09-28T11:05:13.076Z,26.949474156515752,32.78546469289521,50.53290295767634,22.314988777805183
lote-cultivo-03,2026-09-28T11:04:47.555Z,22,,,220.5
lote-cultivo-01,2026-09-28T11:03:58.544Z,59.198755443464435,64.39449221521514,57.8595819976371,45.67614642852785
lote-cultivo-03,2026-09-28T11:03:47.414Z,22,,,186
lote-cultivo-03,2026-09-28T11:02:47.25Z,22,,,154.1
lote-cultivo-01,2026-09-28T11:02:44.029Z,48.64490415207655,66.43637367547296,59.348581682410384,90.4006859387014
lote-cultivo-03,2026-09-28T11:01:47.115Z,22,,,69
lote-cultivo-01,2026-09-28T11:01:29.493Z,29.49539123629936,65.00290467265678,66.12027180067467,32.8257585688092
lote-cultivo-03,2026-09-28T11:00:46.974Z,22,,,0
lote-cultivo-01,2026-09-28T11:00:14.962Z,67.3354186114052,70.63814517783878,42.45973863306771,69.65323043902868
lote-cultivo-03,2026-09-28T10:59:46.847Z,22,,,0
lote-cultivo-01,2026-09-28T10:59:00.421Z,88.52445249254188,55.89076559522199,70.77506823177394,34.54003641426754
lote-cultivo-03,2026-09-28T10:58:46.709Z,22,,,0
lote-cultivo-03,2026-09-28T10:57:46.564Z,22,,,0
lote-cultivo-01,2026-09-28T10:57:45.878Z,45.35154903911923,30.019031367553495,12.589410498784408,26.925949936537513
lote-cultivo-03,2026-09-28T10:56:46.424Z,22,,,0
lote-cultivo-01,2026-09-28T10:56:31.362Z,26.800588152813415,26.13588958631373,60.26631655912351,74.24987735512322
lote-cultivo-03,2026-09-28T10:55:46.274Z,22.08,,,0
lote-cultivo-01,2026-09-28T10:55:16.831Z,51.10614513980786,36.95110548153774,32.88745159964927,31.3305658593114
lote-cultivo-03,2026-09-28T10:54:46.112Z,22.17,,,0
lote-cultivo-01,2026-09-28T10:54:02.311Z,35.718507354227796,47.186145231993606,41.4684898436899,68.25003801493
lote-cultivo-03,2026-09-28T10:53:45.957Z,22.22,,,0
lote-cultivo-01,2026-09-28T10:52:47.757Z,8.832297922834197,65.24722689821121,72.31417260216037,53.619638658512024
lote-cultivo-03,2026-09-28T10:52:45.819Z,22.32,,,0
lote-cultivo-03,2026-09-28T10:51:45.688Z,22.45,,,0
lote-cultivo-01,2026-09-28T10:51:33.22Z,44.72001120110696,76.89109309550106,43.24808686600116,40.75769295603927
lote-cultivo-03,2026-09-28T10:50:45.552Z,22.61,,,0
lote-cultivo-01,2026-09-28T10:50:18.693Z,77.49943852756296,58.57118612193122,79.43033429013914,66.62973797462635
lote-cultivo-03,2026-09-28T10:49:45.41Z,22.73,,,0
lote-cultivo-01,2026-09-28T10:49:04.16Z,46.79112624048134,37.46724095856129,34.08647730790731,24.89453909320723
lote-cultivo-03,2026-09-28T10:48:45.278Z,22.89,,,0
lote-cultivo-01,2026-09-28T10:47:49.602Z,32.50695257063899,42.73756210310174,75.33909887521787,53.80742602654086
lote-cultivo-03,2026-09-28T10:47:45.134Z,22.89,,,0
lote-cultivo-03,2026-09-28T10:46:44.994Z,23.09,,,0
lote-cultivo-01,2026-09-28T10:46:35.07Z,60.39453838876055,46.23445575754837,8.64356665960299,43.49919583150608
lote-cultivo-03,2026-09-28T10:45:44.854Z,23.29,,,0
lote-cultivo-01,2026-09-28T10:45:20.536Z,46.33927451514783,33.86877541721683,65.25904937078397,55.325537931972825
lote-cultivo-03,2026-09-28T10:44:44.711Z,23.45,,,0
lote-cultivo-01,2026-09-28T10:44:06.014Z,9.480253808063118,42.345104770678546,27.891325604220885,80.71510991574455
lote-cultivo-03,2026-09-28T10:43:44.571Z,23.53,,,0
lote-cultivo-01,2026-09-28T10:42:51.494Z,33.39398184073591,70.5904191521373,43.99002519315948,31.68978573408779
lote-cultivo-03,2026-09-28T10:42:44.428Z,23.67,,,0
lote-cultivo-03,2026-09-28T10:41:44.285Z,23.8,,,0
lote-cultivo-01,2026-09-28T10:41:36.979Z,65.77126165606182,71.10892070783717,73.50187038535996,55.86287673896537
lote-cultivo-03,2026-09-28T10:40:44.149Z,23.93,,,0
lote-cultivo-01,2026-09-28T10:40:22.448Z,40.32228513355057,47.03042483209131,40.25960825469351,22.84838946159618
lote-cultivo-03,2026-09-28T10:39:44.013Z,24.17,,,0
lote-cultivo-01,2026-09-28T10:39:07.92Z,30.860143014686408,39.27144100119966,80.32794862450356,38.54930320953814
lote-cultivo-03,2026-09-28T10:38:43.874Z,24.2,,,0
lote-cultivo-01,2026-09-28T10:37:53.391Z,69.64636621062554,43.672644861429646,38.06728314569059,87.76155619012212
lote-cultivo-03,2026-09-28T10:37:43.726Z,24.37,,,0
lote-cultivo-03,2026-09-28T10:36:43.589Z,24.44,,,0
lote-cultivo-01,2026-09-28T10:36:38.861Z,68.6187646795377,41.30686972185771,67.20679993801397,40.28185316344417
lote-cultivo-03,2026-09-28T10:35:43.446Z,24.53,,,0
lote-cultivo-01,2026-09-28T10:35:24.347Z,32.05668486343667,46.928611939392894,17.73837370779748,74.87933617718595
lote-cultivo-03,2026-09-28T10:34:43.318Z,24.71,,,0
lote-cultivo-01,2026-09-28T10:34:09.818Z,46.452625736685874,61.08119637243495,58.788761812619065,32.29603535767917
lote-cultivo-03,2026-09-28T10:33:43.17Z,24.87,,,0
lote-cultivo-01,2026-09-28T10:32:55.301Z,72.01404902470121,60.110919668772766,30.89174067590472,17.239933292812136
lote-cultivo-03,2026-09-28T10:32:43.027Z,25,,,0
lote-cultivo-03,2026-09-28T10:31:42.887Z,25.15,,,0
lote-cultivo-01,2026-09-28T10:31:40.777Z,40.151622240053655,52.14424086514163,42.61784594434176,75.20299108965965
lote-cultivo-03,2026-09-28T10:30:42.748Z,25.22,,,0
lote-cultivo-01,2026-09-28T10:30:26.253Z,22.796616343723496,53.76460278805687,74.97202014919576,33.49259943582708
lote-cultivo-03,2026-09-28T10:29:42.594Z,25.46,,,0
lote-cultivo-01,2026-09-28T10:29:11.724Z,64.03842019919857,45.34302427883025,38.91677076878949,76.08431273161162
lote-cultivo-03,2026-09-28T10:28:42.455Z,25.55,,,0
lote-cultivo-03,2026-09-28T10:28:42.174Z,25.55,,,0
lote-cultivo-01,2026-09-28T10:27:57.191Z,76.33773908342819,26.701995041206583,78.55837346528442,57.83803606320163
lote-cultivo-03,2026-09-28T10:27:42.02Z,25.63,,,0
lote-cultivo-01,2026-09-28T10:26:42.674Z,48.46497486020906,36.737165141665926,46.112487236350134,24.939342607261015
lote-cultivo-03,2026-09-28T10:26:41.883Z,25.83,,,0
lote-cultivo-03,2026-09-28T10:25:41.752Z,25.87,,,0
lote-cultivo-01,2026-09-28T10:25:28.148Z,64.0412122006061,68.1273555322495,52.66923851744163,68.15408911030725
lote-cultivo-03,2026-09-28T10:24:41.612Z,26.11,,,0
lote-cultivo-01,2026-09-28T10:24:13.627Z,90.5407278826626,71.27449638443166,35.970856847028834,26.988970249129373
lote-cultivo-03,2026-09-28T10:23:41.483Z,26.22,,,0
lote-cultivo-01,2026-09-28T10:22:59.107Z,53.54392262363243,52.61647830818149,41.349702076004334,56.31886711000923
lote-cultivo-03,2026-09-28T10:22:41.337Z,26.27,,,0
lote-cultivo-01,2026-09-28T10:21:44.571Z,21.074603003804317,51.02834097345092,44.83596855445184,55.78870437579032
lote-cultivo-03,2026-09-28T10:21:41.209Z,26.41,,,0
lote-cultivo-03,2026-09-28T10:20:41.057Z,26.47,,,0
lote-cultivo-01,2026-09-28T10:20:30.054Z,51.50226953347351,51.90556157916304,31.65163477985819,40.59804783648608
lote-cultivo-03,2026-09-28T10:19:40.915Z,26.67,,,0
lote-cultivo-01,2026-09-28T10:19:15.52Z,64.89995924524592,33.12403795331863,84.88601466001738,76.30193124407467
lote-cultivo-03,2026-09-28T10:18:40.793Z,26.82,,,0
lote-cultivo-01,2026-09-28T10:18:01.003Z,40.037249602877175,25.128389538283933,29.036825906322488,37.84458421438555
lote-cultivo-03,2026-09-28T10:17:40.643Z,26.97,,,0
lote-cultivo-01,2026-09-28T10:16:46.486Z,59.143073333492865,45.37628450186587,86.518450302453,54.0951646167083
lote-cultivo-03,2026-09-28T10:16:40.504Z,27.07,,,0
lote-cultivo-03,2026-09-28T10:15:40.381Z,27.28,,,0
lote-cultivo-01,2026-09-28T10:15:31.956Z,95.82253690011338,64.23211304210065,43.36014507271717,34.56649466603391
lote-cultivo-03,2026-09-28T10:14:40.244Z,27.46,,,0
lote-cultivo-01,2026-09-28T10:14:17.421Z,66.21894864790013,70.10220374551061,48.54336794544095,31.807905631393485
lote-cultivo-03,2026-09-28T10:13:40.106Z,27.59,,,0
lote-cultivo-01,2026-09-28T10:13:02.867Z,27.401215475588465,72.50319587212243,45.36255311257731,77.84557728785884
lote-cultivo-03,2026-09-28T10:12:39.966Z,22,,,0
lote-cultivo-01,2026-09-28T10:11:48.333Z,47.404144486049866,58.280244152940554,30.97880162945967,45.78539303439052
lote-cultivo-03,2026-09-28T10:11:39.823Z,22,,,0
lote-cultivo-03,2026-09-28T10:10:39.69Z,22,,,0
lote-cultivo-01,2026-09-28T10:10:33.816Z,54.787912968392824,29.34671627134073,52.552787351353025,76.63099717784499
lote-cultivo-03,2026-09-28T10:09:39.548Z,22,,,0
lote-cultivo-01,2026-09-28T10:09:19.303Z,22.151274245014395,22.408056762503502,27.081787083461855,38.47848001478458
lote-cultivo-03,2026-09-28T10:08:39.41Z,22,,,0
lote-cultivo-01,2026-09-28T10:08:04.782Z,34.68365798052987,38.55438201473918,88.32166479031565,14.74015024733032
lote-cultivo-03,2026-09-28T10:07:39.259Z,22,,,0
lote-cultivo-01,2026-09-28T10:06:50.258Z,77.90994414328084,44.52420686965014,24.31954373265012,66.93452772874576
lote-cultivo-03,2026-09-28T10:06:39.119Z,22,,,0
lote-cultivo-03,2026-09-28T10:05:38.973Z,22,,,0
lote-cultivo-01,2026-09-28T10:05:35.724Z,61.60739542863881,50.568907864380584,92.52933187793272,32.26401883016889
lote-cultivo-03,2026-09-28T10:04:38.85Z,22,,,0
lote-cultivo-01,2026-09-28T10:04:21.207Z,29.069301412337445,78.10917756228834,38.522984001119546,82.80920495248438
lote-cultivo-03,2026-09-28T10:03:38.701Z,22,,,0
lote-cultivo-01,2026-09-28T10:03:06.686Z,51.411411423561184,89.547177957979,50.05374047330248,64.84917565981269
lote-cultivo-03,2026-09-28T10:02:38.556Z,22,,,0
lote-cultivo-01,2026-09-28T10:01:52.165Z,61.00425235832665,56.670169117913616,47.1691374111806,19.24437659448875
lote-cultivo-03,2026-09-28T10:01:38.415Z,22,,,0
lote-cultivo-03,2026-09-28T10:00:38.271Z,22,,,0
lote-cultivo-01,2026-09-28T10:00:37.638Z,21.457631882502735,23.633756468831464,29.147037440467027,64.91149778627441
lote-cultivo-03,2026-09-28T09:59:38.128Z,22,,,0
lote-cultivo-01,2026-09-28T09:59:23.105Z,20.005986542777464,22.898197192843178,50.510430126775574,20.733318316875422
lote-cultivo-03,2026-09-28T09:58:38.006Z,22,,,0
lote-cultivo-01,2026-09-28T09:58:08.578Z,58.20560308169448,29.626584973563975,34.48170959756459,59.70210898423005
lote-cultivo-03,2026-09-28T09:57:37.839Z,22,,,0
lote-cultivo-01,2026-09-28T09:56:54.055Z,46.78369700575448,36.435269489639694,77.25566333694923,70.50691160477636
lote-cultivo-03,2026-09-28T09:56:37.716Z,22,,,0
lote-cultivo-01,2026-09-28T09:55:39.527Z,19.217179021264563,60.83087096089428,35.42740303083045,32.41567338081092
lote-cultivo-03,2026-09-28T09:55:37.563Z,22,,,0
lote-cultivo-03,2026-09-28T09:54:37.437Z,22,,,0
lote-cultivo-01,2026-09-28T09:54:25.018Z,50.15999825503018,83.55561522657827,83.41592234476295,73.61480948395958
lote-cultivo-03,2026-09-28T09:53:37.309Z,22,,,0
lote-cultivo-01,2026-09-28T09:53:10.482Z,74.019428002346,78.99729569301793,46.378614654395115,34.082917752857504
lote-cultivo-03,2026-09-28T09:52:37.167Z,22,,,0
lote-cultivo-01,2026-09-28T09:51:55.954Z,40.264860276200075,62.29768722966341,41.522910109455864,48.78301329870739
lote-cultivo-03,2026-09-28T09:51:37.035Z,22,,,0
lote-cultivo-01,2026-09-28T09:50:41.426Z,31.257739084569288,43.6436948853879,57.21832241280275,52.52466549331787
lote-cultivo-03,2026-09-28T09:50:36.905Z,22,,,0
lote-cultivo-03,2026-09-28T09:49:36.754Z,22,,,0
lote-cultivo-01,2026-09-28T09:49:26.897Z,61.68890512771832,16.18686190154169,19.97735351515279,28.64993095980565
lote-cultivo-03,2026-09-28T09:48:36.617Z,22,,,0
lote-cultivo-01,2026-09-28T09:48:12.379Z,45.66405019319619,6.8410753638785575,54.80821326493154,70.63076170836017
lote-cultivo-03,2026-09-28T09:47:36.49Z,22,,,0
lote-cultivo-01,2026-09-28T09:46:57.843Z,11.140946662077528,39.261507203740955,37.66521675643391,46.68776480790886
lote-cultivo-03,2026-09-28T09:46:36.342Z,22,,,0
lote-cultivo-01,2026-09-28T09:45:43.32Z,40.91686163263136,73.53341444835016,67.19902017528112,68.67464857767189
lote-cultivo-03,2026-09-28T09:45:36.206Z,22,,,0
lote-cultivo-03,2026-09-28T09:44:36.057Z,22.03,,,0
lote-cultivo-01,2026-09-28T09:44:28.793Z,76.85256344225083,75.30504424178262,48.63618973225105,50.72062474897541
lote-cultivo-03,2026-09-28T09:43:35.927Z,22.15,,,0
lote-cultivo-01,2026-09-28T09:43:14.282Z,55.59736607456974,72.3474115860774,70.48222390196499,19.13166619955436
lote-cultivo-03,2026-09-28T09:42:35.774Z,22.19,,,0
lote-cultivo-01,2026-09-28T09:41:59.773Z,50.205665698177626,75.05410875425191,58.241617773973346,57.82429937115946
lote-cultivo-03,2026-09-28T09:41:35.653Z,22.36,,,0
lote-cultivo-01,2026-09-28T09:40:45.253Z,82.25216439408597,50.46486524568201,29.42941940701087,30.88794276614332
lote-cultivo-03,2026-09-28T09:40:35.504Z,22.37,,,0
lote-cultivo-03,2026-09-28T09:39:35.374Z,22.56,,,0
lote-cultivo-01,2026-09-28T09:39:30.73Z,65.28762252187207,11.285226676785951,71.32226909769153,79.73799272221657
lote-cultivo-03,2026-09-28T09:38:35.239Z,22.78,,,0
lote-cultivo-01,2026-09-28T09:38:16.21Z,19.22056758461743,8.328817725008996,4.96446141527112,71.51803388247443
lote-cultivo-03,2026-09-29T13:47:50.862Z,22,,,9760.6
lote-cultivo-01,2026-09-29T13:47:34.164Z,39.67374558617848,81.34780406743654,55.22072235185236,22.01637016786795
lote-cultivo-03,2026-09-29T13:46:50.725Z,22,,,10458.7
lote-cultivo-01,2026-09-29T13:46:19.646Z,64.31056252917962,77.60129962644343,25.80842266210814,64.74932474943714
lote-cultivo-03,2026-09-29T13:45:50.589Z,22,,,8646.1
lote-cultivo-01,2026-09-29T13:45:05.114Z,31.766200506373934,63.33037632289376,44.72851651281032,42.4674554261966
lote-cultivo-03,2026-09-29T13:44:50.437Z,22,,,11076.4
lote-cultivo-01,2026-09-29T13:43:50.589Z,11.597151702498117,58.95612416730906,64.93381960300435,49.3761742428193
lote-cultivo-03,2026-09-29T13:43:50.301Z,22.02,,,8649.6
lote-cultivo-03,2026-09-29T13:42:50.168Z,22.18,,,9838.4
lote-cultivo-01,2026-09-29T13:42:36.065Z,50.58047639144515,40.44082643077417,34.65742897846244,67.61872411437795
lote-cultivo-03,2026-09-29T13:41:50.029Z,22.29,,,10227.1
lote-cultivo-01,2026-09-29T13:41:21.549Z,62.41092091817456,14.866544178933172,86.41771209782026,39.89580881738321
lote-cultivo-03,2026-09-29T13:40:49.886Z,22.5,,,9779.8
lote-cultivo-01,2026-09-29T13:40:07.031Z,33.252453792229865,18.678488517665016,43.3535197151966,69.44257154654436
lote-cultivo-03,2026-09-29T13:39:49.763Z,22.68,,,9038
lote-cultivo-01,2026-09-29T13:38:52.506Z,47.3068708114644,44.62843937696409,59.274480216904344,27.019714580605054
lote-cultivo-03,2026-09-29T13:38:49.615Z,22.76,,,8129.6
lote-cultivo-03,2026-09-29T13:37:49.474Z,22.79,,,8452.7
lote-cultivo-01,2026-09-29T13:37:37.982Z,74.72352853178866,65.64218146149466,44.06365328521657,39.13906885335743
lote-cultivo-03,2026-09-29T13:36:49.34Z,22.94,,,8580.7
lote-cultivo-01,2026-09-29T13:36:23.432Z,39.374443137352415,82.65109202754093,37.99040655814594,57.98181371861213
lote-cultivo-03,2026-09-29T13:35:49.192Z,22.97,,,8650.9
lote-cultivo-01,2026-09-29T13:35:08.895Z,6.503203138174945,86.66299170151144,41.96675531691596,40.285395488873895
lote-cultivo-03,2026-09-29T13:34:49.056Z,22.99,,,10122.4
lote-cultivo-01,2026-09-29T13:33:54.352Z,37.07076941026827,57.92140761655729,32.00705666581641,92.88547492347595
lote-cultivo-03,2026-09-29T13:33:48.926Z,23.11,,,11141.9
lote-cultivo-03,2026-09-29T13:32:48.776Z,23.17,,,9439
lote-cultivo-01,2026-09-29T13:32:39.826Z,52.68784827658585,23.784455924225824,75.04593330059856,37.40684222231211
lote-cultivo-03,2026-09-29T13:31:48.64Z,23.3,,,10423.4
lote-cultivo-01,2026-09-29T13:31:25.307Z,29.349437597477763,21.103302793540472,24.9550232207496,34.65482105532592
lote-cultivo-03,2026-09-29T13:30:48.507Z,23.4,,,9148.5
lote-cultivo-01,2026-09-29T13:30:10.757Z,49.06736783308535,29.69308012783884,96.56463873223508,50.08727426778237
lote-cultivo-03,2026-09-29T13:29:48.372Z,23.5,,,8928.7
lote-cultivo-01,2026-09-29T13:28:56.226Z,88.7533181977136,30.78081351082916,34.72869301045684,16.524257613860527
lote-cultivo-03,2026-09-29T13:28:48.223Z,23.74,,,8990.7
lote-cultivo-03,2026-09-29T13:27:48.092Z,23.93,,,10330.2
lote-cultivo-01,2026-09-29T13:27:41.705Z,62.83282783815266,52.96282670800893,63.13243844687443,90.53705361423394
lote-cultivo-03,2026-09-29T13:26:47.936Z,23.94,,,9620.8
lote-cultivo-01,2026-09-29T13:26:27.177Z,25.3561089822714,91.57651486737936,46.16096636999043,57.20151408277165
lote-cultivo-03,2026-09-29T13:25:47.801Z,24.11,,,8875.4
lote-cultivo-01,2026-09-29T13:25:12.651Z,46.671705709601426,93.11278262433686,32.05389035874875,44.18118861329555
lote-cultivo-03,2026-09-29T13:24:47.66Z,24.22,,,9331
lote-cultivo-01,2026-09-29T13:23:58.132Z,57.32676689893573,56.3261413212505,47.626333784086576,62.29825551879033
lote-cultivo-03,2026-09-29T13:23:47.531Z,24.29,,,9509.6
lote-cultivo-03,2026-09-29T13:22:47.387Z,24.36,,,8536.7
lote-cultivo-01,2026-09-29T13:22:43.587Z,27.190854268502225,30.774958529079832,29.856193320136292,8.56594077450622
lote-cultivo-03,2026-09-29T13:21:47.251Z,24.48,,,10073.3
lote-cultivo-01,2026-09-29T13:21:29.062Z,40.92009012774984,24.02580340137119,73.7125875235512,65.10230379290184
lote-cultivo-03,2026-09-29T13:20:47.124Z,24.69,,,10108.1
lote-cultivo-01,2026-09-29T13:20:14.527Z,87.13718117240774,18.83534686016022,27.06713420293687,54.71823321841059
lote-cultivo-03,2026-09-29T13:19:46.973Z,24.86,,,9601.8
lote-cultivo-01,2026-09-29T13:18:59.993Z,74.28980800509157,30.35737623651693,96.1770486378458,46.81761112829437
lote-cultivo-03,2026-09-29T13:18:46.84Z,25.07,,,7586.2
lote-cultivo-03,2026-09-29T13:17:46.703Z,25.19,,,8461.2
lote-cultivo-01,2026-09-29T13:17:45.45Z,42.124118028544935,61.659041508237046,33.39077131679421,73.42698034880088
lote-cultivo-03,2026-09-29T13:16:46.569Z,25.23,,,9758.5
lote-cultivo-01,2026-09-29T13:16:30.931Z,64.17116983604608,80.2937276217919,63.91197518733785,28.91087655654681
lote-cultivo-03,2026-09-29T13:15:46.427Z,25.25,,,8006.1
lote-cultivo-01,2026-09-29T13:15:16.396Z,75.51971937472148,79.02315042638907,47.94745388147263,60.50795779057299
lote-cultivo-03,2026-09-29T13:14:46.288Z,25.25,,,9558.8
lote-cultivo-01,2026-09-29T13:14:01.859Z,36.89343316057881,72.27977044095466,28.27993110009753,41.97551309434545
lote-cultivo-03,2026-09-29T13:13:46.145Z,25.38,,,7212.4
lote-cultivo-01,2026-09-29T13:12:47.316Z,34.572387856525665,48.65663653979796,49.69267002802895,38.25817580969782
lote-cultivo-03,2026-09-29T13:12:46.013Z,25.6,,,9259.8
lote-cultivo-03,2026-09-29T13:11:45.861Z,25.78,,,8469.3
lote-cultivo-01,2026-09-29T13:11:32.773Z,73.62941698438088,12.75627558915697,33.33374794624092,61.62171906298255
lote-cultivo-03,2026-09-29T13:10:45.73Z,25.91,,,7001.9
lote-cultivo-01,2026-09-29T13:10:18.258Z,63.70977998862845,9.901102753869363,63.80995984106068,36.903456045413016
lote-cultivo-03,2026-09-29T13:09:45.587Z,26.12,,,9275
lote-cultivo-01,2026-09-29T13:09:03.713Z,34.31809251136609,43.16055849353847,41.09439250742047,79.97065542403506
lote-cultivo-03,2026-09-29T13:08:45.438Z,26.32,,,8398.3
lote-cultivo-01,2026-09-29T13:07:49.179Z,62.171615233097086,62.85043045288479,81.98304977432156,47.00866563824063
lote-cultivo-03,2026-09-29T13:07:45.296Z,22,,,8467.3
lote-cultivo-03,2026-09-29T13:06:45.148Z,22,,,8968.2
lote-cultivo-01,2026-09-29T13:06:34.652Z,85.13050398403007,63.5998470495465,45.61638996342195,39.08576941962792
lote-cultivo-03,2026-09-29T13:05:45.017Z,22,,,7092.6
lote-cultivo-01,2026-09-29T13:05:20.133Z,49.834494497277504,75.71340980867257,52.824973982426904,50.38700405097123
lote-cultivo-03,2026-09-29T13:04:44.88Z,22,,,8146.8
lote-cultivo-01,2026-09-29T13:04:05.608Z,37.411460377919425,79.84787441310728,59.792356134949934,14.39221067724768
lote-cultivo-03,2026-09-29T13:03:44.739Z,22,,,8427.9
lote-cultivo-01,2026-09-29T13:02:51.074Z,66.26230424396728,48.67972297539961,15.27167563042076,82.36335391853488
lote-cultivo-03,2026-09-29T13:02:44.613Z,22,,,7300.4
lote-cultivo-03,2026-09-29T13:01:44.461Z,22,,,6722.4
lote-cultivo-01,2026-09-29T13:01:36.532Z,50.14212921132667,17.780629625465902,61.233425006048314,60.26264911658593
lote-cultivo-03,2026-09-29T13:00:44.327Z,22,,,8225.3
lote-cultivo-01,2026-09-29T13:00:22.019Z,12.664741076531708,21.004037330737305,27.18466598812008,50.5399488226443
lote-cultivo-03,2026-09-29T12:59:44.188Z,22,,,6984.5
lote-cultivo-01,2026-09-29T12:59:07.485Z,38.38268702965563,37.16518118643394,62.158881533062825,66.16381069349143
lote-cultivo-03,2026-09-29T12:58:44.053Z,22,,,7190.9
lote-cultivo-01,2026-09-29T12:57:52.971Z,72.72738314328609,51.38891529528495,49.18123615465869,0.8780005477673322
lote-cultivo-03,2026-09-29T12:57:43.922Z,22,,,6766.7
lote-cultivo-03,2026-09-29T12:56:43.775Z,22,,,6227.4
lote-cultivo-01,2026-09-29T12:56:38.451Z,49.75156129148978,71.03382560880469,71.09027598961427,59.99888596778339
lote-cultivo-03,2026-09-29T12:55:43.632Z,22,,,6451.5
lote-cultivo-01,2026-09-29T12:55:23.913Z,40.533755847182725,78.27745498541363,55.87439994279409,57.482993207783984
lote-cultivo-03,2026-09-29T12:54:43.491Z,22,,,6083.3
lote-cultivo-01,2026-09-29T12:54:09.372Z,70.66062066687412,60.29444776140798,43.90757023840635,49.02507550634378
lote-cultivo-03,2026-09-29T12:53:43.358Z,22,,,8364.4
lote-cultivo-01,2026-09-29T12:52:54.831Z,54.09448160842292,45.10461437116509,69.18231644315406,84.85907616107536
lote-cultivo-03,2026-09-29T12:52:43.213Z,22,,,6241.5
lote-cultivo-03,2026-09-29T12:51:43.079Z,22,,,7606.6
lote-cultivo-01,2026-09-29T12:51:40.309Z,6.143776965600886,42.20314798884131,3.876179008592701,20.41864925893786
lote-cultivo-03,2026-09-29T12:50:42.96Z,22,,,8268.4
lote-cultivo-01,2026-09-29T12:50:25.785Z,19.95394635372514,29.554490506921972,73.75158073744626,50.26547451383204
lote-cultivo-03,2026-09-29T12:49:42.827Z,22.14,,,7251.6
lote-cultivo-01,2026-09-29T12:49:11.254Z,54.619379869932935,23.13673772036576,16.838969635845025,48.16763869538088
lote-cultivo-03,2026-09-29T12:48:42.675Z,22.38,,,7919.7
lote-cultivo-01,2026-09-29T12:47:56.72Z,38.1207362477118,51.50725811719747,67.21076965735172,35.67842995401351
lote-cultivo-03,2026-09-29T12:47:42.536Z,22.59,,,6674.6
lote-cultivo-03,2026-09-29T12:46:42.406Z,22.8,,,6535.8
lote-cultivo-01,2026-09-29T12:46:42.193Z,33.933447622340665,79.61269371050736,49.56470245871646,74.37053147002285
lote-cultivo-03,2026-09-29T12:45:42.254Z,23.01,,,6944.9
lote-cultivo-01,2026-09-29T12:45:27.676Z,74.21637690322294,68.02386829579457,68.46928519640046,36.68473368247789
lote-cultivo-03,2026-09-29T12:44:42.132Z,23.02,,,5743.2
lote-cultivo-01,2026-09-29T12:44:13.149Z,70.07682167199643,48.23002134002539,56.77168652367223,63.90315197707203
lote-cultivo-03,2026-09-29T12:43:41.994Z,23.14,,,7268.2
lote-cultivo-01,2026-09-29T12:42:58.621Z,22.70125684962353,49.5329532969145,46.57986565116778,52.55862420490458
lote-cultivo-03,2026-09-29T12:42:41.863Z,23.18,,,6844.1
lote-cultivo-01,2026-09-29T12:41:44.096Z,27.511414738902047,45.902800438425686,64.42568235357331,37.77481365531404
lote-cultivo-03,2026-09-29T12:41:41.723Z,23.26,,,6861
lote-cultivo-03,2026-09-29T12:40:41.586Z,23.47,,,5860.1
lote-cultivo-01,2026-09-29T12:40:29.571Z,56.42627424634087,31.45386948370969,8.095724543359903,57.183500282629474
lote-cultivo-03,2026-09-29T12:39:41.438Z,23.64,,,6796.7
lote-cultivo-01,2026-09-29T12:39:15.055Z,35.28453934572969,37.03441848728408,71.29341858694892,21.10145369053083
lote-cultivo-03,2026-09-29T12:38:41.29Z,23.7,,,7148.4
lote-cultivo-01,2026-09-29T12:38:00.527Z,24.582467040607,56.7584788629875,19.02213037631436,68.45667377824809
lote-cultivo-03,2026-09-29T12:37:41.171Z,23.73,,,6959.5
lote-cultivo-01,2026-09-29T12:36:46.004Z,67.78572278584527,62.51925981204331,62.48713086558738,59.55483544945361
lote-cultivo-03,2026-09-29T12:36:41.015Z,23.84,,,6997.3
lote-cultivo-03,2026-09-29T12:35:40.893Z,23.86,,,5482.2
lote-cultivo-01,2026-09-29T12:35:31.471Z,77.74682526686833,61.06793629818951,57.650180948359285,53.271903520481864
lote-cultivo-03,2026-09-29T12:34:40.756Z,23.89,,,7124.9
lote-cultivo-01,2026-09-29T12:34:16.919Z,40.22002221561729,59.29637776557573,59.27517944999491,70.41013715656813
lote-cultivo-03,2026-09-29T12:33:40.611Z,24.11,,,6971.8
lote-cultivo-01,2026-09-29T12:33:02.4Z,47.07974083717623,42.955206265600246,62.768875913781955,5.370235826365202
lote-cultivo-03,2026-09-29T12:32:40.48Z,24.14,,,5404.7
lote-cultivo-01,2026-09-29T12:31:47.882Z,77.67810492925578,28.811488677247127,46.95619566058255,52.974014751674744
lote-cultivo-03,2026-09-29T12:31:40.354Z,24.16,,,6655
lote-cultivo-03,2026-09-29T12:30:40.199Z,24.39,,,6380.6
lote-cultivo-01,2026-09-29T12:30:33.369Z,52.484452235347014,43.836064012660486,58.01319239676228,52.16565026901111
lote-cultivo-03,2026-09-29T12:29:40.065Z,24.61,,,4885.5
lote-cultivo-01,2026-09-29T12:29:18.824Z,27.313108814377813,61.233086380131304,17.748580223524325,50.16582391700227
lote-cultivo-03,2026-09-29T12:28:39.93Z,24.78,,,5818.9
lote-cultivo-01,2026-09-29T12:28:04.311Z,59.700192673629374,53.248068364662856,61.16382012163909,94.56803107839416
lote-cultivo-03,2026-09-29T12:27:39.787Z,24.82,,,5097
lote-cultivo-01,2026-09-29T12:26:49.776Z,71.25306822488717,49.831940236669,29.289821235196097,20.640506914139152
lote-cultivo-03,2026-09-29T12:26:39.628Z,25,,,6278.8
lote-cultivo-03,2026-09-29T12:25:39.497Z,25.13,,,6043.8
lote-cultivo-01,2026-09-29T12:25:35.243Z,38.12127611382301,64.26328936695413,50.12209592053224,45.0537772891083
lote-cultivo-03,2026-09-29T12:24:39.35Z,25.35,,,5895.4
lote-cultivo-01,2026-09-29T12:24:20.71Z,49.35375215009508,57.77785458481232,73.59141687150668,45.02201166345141
lote-cultivo-03,2026-09-29T12:23:39.22Z,25.45,,,5631.2
lote-cultivo-01,2026-09-29T12:23:06.187Z,90.3426973764338,30.369937768543423,40.94598920228677,29.162631916563154
lote-cultivo-03,2026-09-29T12:22:39.066Z,25.45,,,4522.4
lote-cultivo-01,2026-09-29T12:21:51.652Z,72.5281969642508,28.827050562389974,79.50762730374808,88.35327811133574
lote-cultivo-03,2026-09-29T12:21:38.936Z,25.56,,,4521.7
lote-cultivo-03,2026-09-29T12:20:38.784Z,25.7,,,5389.5
lote-cultivo-01,2026-09-29T12:20:37.14Z,40.23802245668956,51.48048922426365,35.95646259800917,40.61823719671547
lote-cultivo-03,2026-09-29T12:19:38.647Z,25.77,,,5863.6
lote-cultivo-01,2026-09-29T12:19:22.617Z,60.43424564957377,61.029116027317265,62.01926782747884,54.61431570371722
lote-cultivo-03,2026-09-29T12:18:38.524Z,25.89,,,4223.8
lote-cultivo-01,2026-09-29T12:18:08.081Z,64.82238507513752,60.91914393496308,18.65184786455107,53.91408692658314
lote-cultivo-03,2026-09-29T12:17:38.369Z,26.02,,,5130
lote-cultivo-01,2026-09-29T12:16:53.57Z,24.05255921917358,64.42614742732317,58.76382567952347,27.08522032857705
lote-cultivo-03,2026-09-29T12:16:38.237Z,26.07,,,5641.8
lote-cultivo-01,2026-09-29T12:15:39.05Z,29.20394000676933,55.04928462677922,31.490967293127092,65.99734838403687
lote-cultivo-03,2026-09-29T12:15:38.091Z,26.16,,,5622.6
lote-cultivo-03,2026-09-29T12:14:37.949Z,26.18,,,5665.1
lote-cultivo-01,2026-09-29T12:14:24.516Z,76.68103124041856,36.405122795610005,46.928482941926994,33.314129778858735
lote-cultivo-03,2026-09-29T12:13:37.801Z,26.33,,,4820.4
lote-cultivo-01,2026-09-29T12:13:09.988Z,71.78480677960792,34.336838401960264,79.72107168834846,57.76411135883585
lote-cultivo-03,2026-09-29T12:12:37.663Z,26.47,,,4800.6
lote-cultivo-01,2026-09-29T12:11:55.465Z,44.38510885613096,39.95679459464424,31.27599705070606,60.21396626261335
lote-cultivo-03,2026-09-29T12:11:37.531Z,26.53,,,5163.6
lote-cultivo-01,2026-09-29T12:10:40.929Z,64.43730209360413,39.198262494985954,90.1803357586673,46.35411004051656
lote-cultivo-03,2026-09-29T12:10:37.394Z,26.73,,,5214.3
lote-cultivo-03,2026-09-29T12:09:37.244Z,26.8,,,5052.7
lote-cultivo-01,2026-09-29T12:09:26.411Z,68.87467901899312,54.52985460583207,28.22964566475752,71.04424063356394
lote-cultivo-03,2026-09-29T12:08:37.122Z,27,,,4359.5
lote-cultivo-01,2026-09-29T12:08:11.873Z,20.43315000977372,82.43064381030048,64.6927238646514,19.41155022112185
lote-cultivo-03,2026-09-29T12:07:36.989Z,27.16,,,5142.8
lote-cultivo-01,2026-09-29T12:06:57.348Z,11.319147558720667,76.94203276070317,19.9810227164902,47.86219258597399
lote-cultivo-03,2026-09-29T12:06:36.844Z,27.27,,,4452.7
lote-cultivo-01,2026-09-29T12:05:42.822Z,53.61327487331371,42.121506779003184,57.21688279921368,47.78018788286719
lote-cultivo-03,2026-09-29T12:05:36.717Z,27.37,,,3884.6
lote-cultivo-03,2026-09-29T12:04:36.579Z,27.47,,,3806.1
lote-cultivo-01,2026-09-29T12:04:28.306Z,53.735151627698954,29.030880979540992,30.18034502602048,46.66945952760507
lote-cultivo-03,2026-09-29T12:03:36.439Z,27.51,,,3665.1
lote-cultivo-01,2026-09-29T12:03:13.769Z,30.968047986197377,36.39782489563047,51.20790759973565,94.9380038693278
lote-cultivo-03,2026-09-29T12:02:36.298Z,27.76,,,4214.7
lote-cultivo-01,2026-09-29T12:01:59.236Z,58.07164853137964,32.45600405616859,74.63124575936051,29.106871768480183
lote-cultivo-03,2026-09-29T12:01:36.161Z,27.98,,,3348.7
lote-cultivo-01,2026-09-29T12:00:44.7Z,75.41345673979778,35.2036063224648,35.1638707969401,46.36667820351478
lote-cultivo-03,2026-09-29T12:00:36.023Z,28.04,,,3707.7
lote-cultivo-03,2026-09-29T11:59:35.871Z,28.11,,,3915.8
lote-cultivo-01,2026-09-29T11:59:30.173Z,32.377440726259884,64.01909798137791,86.96689444736666,39.638371454918335
lote-cultivo-03,2026-09-29T11:58:35.736Z,28.29,,,3587.2
lote-cultivo-01,2026-09-29T11:58:15.656Z,15.68532258214866,84.28395554454549,33.707955765064774,21.13452809984949
lote-cultivo-03,2026-09-29T11:57:35.612Z,28.45,,,4001.2
lote-cultivo-01,2026-09-29T11:57:01.142Z,50.19282312800003,73.9348519065662,54.68343585200686,93.79233823462776
lote-cultivo-03,2026-09-29T11:56:35.459Z,28.68,,,3851.1
lote-cultivo-01,2026-09-29T11:55:46.625Z,46.253689254958466,55.2193308579886,34.15082137884244,46.11698329347497
lote-cultivo-03,2026-09-29T11:55:35.322Z,28.92,,,3141.8
lote-cultivo-03,2026-09-29T11:54:35.19Z,29.08,,,2945.5
lote-cultivo-01,2026-09-29T11:54:32.088Z,17.209811594412074,36.22741042702592,42.54138399100054,56.07942716194497
lote-cultivo-03,2026-09-29T11:53:35.039Z,29.32,,,3408.3
lote-cultivo-01,2026-09-29T11:53:17.55Z,43.31562721712592,15.70157861408121,40.963454652453954,54.57227522602377
lote-cultivo-03,2026-09-29T11:52:34.899Z,29.41,,,2979.3
lote-cultivo-01,2026-09-29T11:52:03.031Z,73.1459902933772,19.374049539540128,46.15945407050649,12.01711368714508
lote-cultivo-03,2026-09-29T11:51:34.764Z,29.53,,,2964.6
lote-cultivo-01,2026-09-29T11:50:48.498Z,43.8750098875673,50.20265972951941,75.08324301794018,70.38562654595194
lote-cultivo-03,2026-09-29T11:50:34.627Z,29.58,,,3821.1
lote-cultivo-03,2026-09-29T11:49:34.483Z,29.59,,,3462.4
lote-cultivo-01,2026-09-29T11:49:33.984Z,31.80866768554797,68.93635511162032,36.652854971355936,43.08035734660938
lote-cultivo-03,2026-09-29T11:48:34.356Z,29.83,,,3345.2
lote-cultivo-01,2026-09-29T11:48:19.458Z,68.3810445716754,69.75779006988311,84.58227594895789,55.356399431742595
lote-cultivo-03,2026-09-29T11:47:34.128Z,30.07,,,2967
lote-cultivo-01,2026-09-29T11:47:04.936Z,64.14818620334624,78.06219481633555,38.68258213572437,66.70795133021495
lote-cultivo-03,2026-09-29T11:46:33.987Z,30.23,,,3370.5
lote-cultivo-01,2026-09-29T11:45:50.412Z,24.211623630426494,74.52786628575178,44.734333307232966,32.34326268893895
lote-cultivo-03,2026-09-29T11:45:33.852Z,30.45,,,2981.4
lote-cultivo-01,2026-09-29T11:44:35.891Z,37.40936508594918,35.1861402308103,49.90662166452049,66.70134938436256
lote-cultivo-03,2026-09-29T11:44:33.7Z,25.76,,,2792.6
lote-cultivo-03,2026-09-29T11:43:33.554Z,25.98,,,3098.9
lote-cultivo-01,2026-09-29T11:43:21.351Z,66.45123970275002,3.765306369579629,23.792582670004297,33.29087802349195
lote-cultivo-03,2026-09-29T11:42:33.414Z,25.99,,,2471.1
lote-cultivo-01,2026-09-29T11:42:06.829Z,43.1635214062976,19.25104159343215,58.06670596328535,45.34462938679304
lote-cultivo-03,2026-09-29T11:41:33.281Z,26.02,,,2280.7
lote-cultivo-01,2026-09-29T11:40:52.317Z,35.81646108538007,48.056255828744824,33.780264060334105,52.71380669884539
lote-cultivo-03,2026-09-29T11:40:33.142Z,26.2,,,2352.3
lote-cultivo-01,2026-09-29T11:39:37.785Z,81.38613438140928,61.387619485267464,82.5011750188389,40.10774716996771
lote-cultivo-03,2026-09-29T11:39:33.016Z,26.21,,,3045.8
lote-cultivo-03,2026-09-29T11:38:32.885Z,26.31,,,2951.6
lote-cultivo-01,2026-09-29T11:38:23.273Z,87.82427263186791,75.9244263189922,31.515230872865992,85.06912601908328
lote-cultivo-03,2026-09-29T11:37:32.745Z,26.37,,,2512.1
lote-cultivo-01,2026-09-29T11:37:08.745Z,46.08432737979846,86.05397008919937,89.59316497757207,39.69675269666052
lote-cultivo-03,2026-09-29T11:36:32.602Z,26.51,,,2800.3
lote-cultivo-01,2026-09-29T11:35:54.203Z,47.451777004601446,66.96081556072579,34.0571729350864,49.52383331483816
lote-cultivo-03,2026-09-29T11:35:32.454Z,26.56,,,2584.7
lote-cultivo-01,2026-09-29T11:34:39.685Z,68.149135757829,36.33319892967387,46.71708778880275,40.28610328984119
lote-cultivo-03,2026-09-29T11:34:32.323Z,26.8,,,2553.7
lote-cultivo-03,2026-09-29T11:33:32.188Z,26.81,,,2056.3
lote-cultivo-01,2026-09-29T11:33:25.149Z,38.62174257431746,21.292008389506524,52.43047286882769,16.895846440665267
lote-cultivo-03,2026-09-29T11:32:32.051Z,27,,,2312.5
lote-cultivo-01,2026-09-29T11:32:10.64Z,23.576388208157596,15.941302268382854,17.66158935881189,87.15650804843408
lote-cultivo-03,2026-09-29T11:31:31.917Z,27.18,,,1734.2
lote-cultivo-01,2026-09-29T11:30:56.107Z,70.59309919579508,24.813463526287645,64.1352516140548,49.67352051317205
lote-cultivo-03,2026-09-29T11:30:31.78Z,27.26,,,2311.6
lote-cultivo-01,2026-09-29T11:29:41.571Z,89.26077768286451,61.58636956676108,31.42190316504152,63.10418051951467
lote-cultivo-03,2026-09-29T11:29:31.65Z,27.34,,,2060.3
lote-cultivo-03,2026-09-29T11:28:31.5Z,27.47,,,1846.8
lote-cultivo-01,2026-09-29T11:28:27.055Z,55.3213417541283,92.09339630607778,80.17675594082996,57.871527746680165
lote-cultivo-01,2026-09-29T11:27:12.524Z,56.44566556128768,80.19773991579027,35.96408294100902,2.423694125189304
lote-cultivo-01,2026-09-29T11:25:58.003Z,76.96561635613392,55.968978998024085,86.56740948659835,67.65995086675223
lote-cultivo-01,2026-09-29T11:24:43.47Z,42.74757797394374,48.686923211114845,34.15816202913625,44.615654897664506
lote-cultivo-01,2026-09-29T11:23:28.93Z,13.213291173106736,33.18466134671068,48.43395122887835,58.847327199707344
lote-cultivo-01,2026-09-29T11:22:14.391Z,49.53372375574546,9.200337589076735,51.35757362345501,78.24472476027876
lote-cultivo-01,2026-09-29T11:20:59.869Z,69.97154323399559,20.760537453812535,17.644472662918094,20.276667045538975
lote-cultivo-01,2026-09-29T11:19:45.332Z,40.45792800386021,61.95915798625571,62.9978013405451,60.08122001634513
lote-cultivo-01,2026-09-29T11:18:30.785Z,45.788210353747665,82.4304287891106,37.31394761663117,38.30604236734223
lote-cultivo-01,2026-09-29T11:17:16.26Z,77.15113587374852,77.2705843669683,67.90676883731146,43.11788512099143
lote-cultivo-01,2026-09-29T11:16:01.716Z,51.81603591998536,68.25930395607209,52.81877535801921,67.46655321036343
lote-cultivo-01,2026-09-29T11:14:47.189Z,17.096091433600673,48.82313270503848,69.44176887934785,35.14448146882673
lote-cultivo-01,2026-09-29T11:13:32.649Z,43.03986046119036,23.575557122065064,47.89156477558157,71.82371032719826
lote-cultivo-01,2026-09-29T11:12:18.115Z,58.2063853351154,21.372525817743657,38.44924188222408,45.52850619206158
lote-cultivo-01,2026-09-29T11:11:03.579Z,22.89414460890484,36.60166555117112,59.38433861608857,46.97998402825589
lote-cultivo-01,2026-09-29T11:09:49.056Z,23.71346937592131,46.35645359078128,9.930674439071757,49.824270714543005
lote-cultivo-01,2026-09-29T11:08:34.524Z,63.53127636705245,62.9667883058768,69.42698268009512,19.78804041849452
lote-cultivo-01,2026-09-29T11:07:19.999Z,53.84090784500749,86.3965365236814,35.38441190935708,74.33015157296217
lote-cultivo-01,2026-09-29T11:06:05.451Z,26.58379853509129,76.8739539222277,62.78942775659284,50.58104299383296
lote-cultivo-01,2026-09-29T11:04:50.922Z,54.14415860035141,38.009222492238,64.53658997335653,64.86091847899259
lote-cultivo-01,2026-09-29T11:03:36.393Z,70.73117236550618,23.800914628648908,54.85282324503666,63.61368202423417
lote-cultivo-03,2026-09-29T11:02:51.143Z,27.5,,,140.8
lote-cultivo-01,2026-09-29T11:02:21.864Z,28.75834046548628,37.199668062220965,60.99243019821523,4.3694098900297424
lote-cultivo-03,2026-09-29T11:01:51.004Z,27.6,,,76.4
lote-cultivo-01,2026-09-29T11:01:07.327Z,16.084247586924853,39.483444076313305,28.748103839182775,60.68240850086154
lote-cultivo-03,2026-09-29T11:00:50.864Z,27.66,,,0
lote-cultivo-01,2026-09-29T10:59:52.799Z,51.76707550782971,40.29937531549379,66.84079380154195,40.178874299148234
lote-cultivo-03,2026-09-29T10:59:50.711Z,27.85,,,0
lote-cultivo-03,2026-09-29T10:58:50.562Z,22,,,0
lote-cultivo-01,2026-09-29T10:58:38.268Z,48.770899568723095,62.99024224212718,2.2292155458754586,60.90962915751577
lote-cultivo-03,2026-09-29T10:57:50.415Z,22,,,0
lote-cultivo-01,2026-09-29T10:57:23.735Z,27.63689385585954,78.43279099424106,78.15974902272274,88.87702559625103
lote-cultivo-03,2026-09-29T10:56:50.279Z,22,,,0
lote-cultivo-01,2026-09-29T10:56:09.217Z,62.67593742254288,63.95985112594409,27.61521098133543,17.811196888144497
lote-cultivo-03,2026-09-29T10:55:50.142Z,22,,,0
lote-cultivo-01,2026-09-29T10:54:54.688Z,91.40607932504696,45.96430320284482,66.65958398219928,55.901768537360994
lote-cultivo-03,2026-09-29T10:54:50.005Z,22,,,0
lote-cultivo-03,2026-09-29T10:53:49.871Z,22,,,0
lote-cultivo-01,2026-09-29T10:53:40.18Z,53.50418857195696,37.88205342010182,65.47176515272608,33.965761855839354
lote-cultivo-03,2026-09-29T10:52:49.72Z,22.02,,,0
lote-cultivo-01,2026-09-29T10:52:25.653Z,31.529982349467296,30.106810009115453,51.44850692666346,37.89219747140953
lote-cultivo-03,2026-09-29T10:51:49.568Z,22.22,,,0
lote-cultivo-01,2026-09-29T10:51:11.119Z,57.8370422802513,36.04647762260007,62.79860871193782,83.76803678441621
lote-cultivo-03,2026-09-29T10:50:49.432Z,22.42,,,0
lote-cultivo-01,2026-09-29T10:49:56.6Z,50.00445172888938,59.38700747979318,31.367549539816142,35.18313693666254
lote-cultivo-03,2026-09-29T10:49:49.295Z,22.47,,,0
lote-cultivo-03,2026-09-29T10:48:49.156Z,22.59,,,0
lote-cultivo-01,2026-09-29T10:48:42.06Z,22.1805132807745,66.38537968926482,60.43469978747,64.53679506796192
lote-cultivo-03,2026-09-29T10:47:49.02Z,22.69,,,0
lote-cultivo-01,2026-09-29T10:47:27.546Z,55.0514052945957,53.40705928085944,9.41580814552899,45.92631153052524
lote-cultivo-03,2026-09-29T10:46:48.863Z,22.72,,,0
lote-cultivo-01,2026-09-29T10:46:13.036Z,94.15403126632371,54.125509643368034,72.69553359267526,35.8159091375173
lote-cultivo-03,2026-09-29T10:45:48.729Z,22.96,,,0
lote-cultivo-01,2026-09-29T10:44:58.523Z,67.51860732616824,59.32043483329152,31.039025436062257,62.49431247431091
lote-cultivo-03,2026-09-29T10:44:48.594Z,23.13,,,0
lote-cultivo-03,2026-09-29T10:43:48.445Z,23.3,,,0
lote-cultivo-01,2026-09-29T10:43:44.006Z,47.45840312936903,39.689658596009366,62.89560167438694,27.81906441887984
lote-cultivo-03,2026-09-29T10:42:48.31Z,23.55,,,0
lote-cultivo-01,2026-09-29T10:42:29.479Z,73.11222310347505,24.702392855293297,70.95517309556949,64.3462987750102
lote-cultivo-03,2026-09-29T10:41:48.173Z,23.68,,,0
lote-cultivo-01,2026-09-29T10:41:14.939Z,63.03338200061555,46.561466065316,45.319714700828584,51.8873214092211
lote-cultivo-03,2026-09-29T10:40:48.035Z,23.77,,,0
lote-cultivo-01,2026-09-29T10:40:00.401Z,23.1611006047799,68.66928098584125,66.05735111002322,56.377835229387685
lote-cultivo-03,2026-09-29T10:39:47.882Z,23.9,,,0
lote-cultivo-03,2026-09-29T10:38:47.729Z,24.03,,,0
lote-cultivo-01,2026-09-29T10:38:45.866Z,41.729371334902055,60.49165423953055,34.7273506845342,67.92720873831153
lote-cultivo-03,2026-09-29T10:37:47.602Z,24.18,,,0
lote-cultivo-01,2026-09-29T10:37:31.354Z,78.40127629017007,50.488080761645335,50.19156899633962,16.063234975373916
lote-cultivo-03,2026-09-29T10:36:47.468Z,24.27,,,0
lote-cultivo-01,2026-09-29T10:36:16.825Z,56.31171821689725,51.891081449937545,23.92093199199955,54.70865794961127
lote-cultivo-03,2026-09-29T10:35:47.329Z,24.43,,,0
lote-cultivo-01,2026-09-29T10:35:02.287Z,39.42353086829107,43.95682014692544,57.81335679747846,36.43386553022297
lote-cultivo-03,2026-09-29T10:34:47.191Z,24.56,,,0
lote-cultivo-01,2026-09-29T10:33:47.757Z,72.9353181636046,35.29962745718599,44.29524076302968,56.86315196361279
lote-cultivo-03,2026-09-29T10:33:47.055Z,24.61,,,0
lote-cultivo-03,2026-09-29T10:32:46.919Z,24.8,,,0
lote-cultivo-01,2026-09-29T10:32:33.227Z,73.28131791321843,44.86536754804222,50.386823345444995,91.5889165507824
lote-cultivo-03,2026-09-29T10:31:46.78Z,24.91,,,0
lote-cultivo-01,2026-09-29T10:31:18.699Z,31.80165576908731,55.03503952757565,84.6220498413503,25.139415184586188
lote-cultivo-03,2026-09-29T10:30:46.647Z,24.99,,,0
lote-cultivo-01,2026-09-29T10:30:04.161Z,38.42693064048248,56.16850052683318,30.42903049591269,56.727397967978824
lote-cultivo-03,2026-09-29T10:29:46.51Z,25.19,,,0
lote-cultivo-01,2026-09-29T10:28:49.627Z,66.79083285332385,64.59330002678956,79.37621940615868,27.625836943862907
lote-cultivo-03,2026-09-29T10:28:46.37Z,25.2,,,0
lote-cultivo-03,2026-09-29T10:27:46.232Z,25.29,,,0
lote-cultivo-01,2026-09-29T10:27:35.102Z,39.00755598564261,66.21721817877226,26.88355048507571,30.226732923677265
lote-cultivo-03,2026-09-29T10:26:46.097Z,25.47,,,0
lote-cultivo-01,2026-09-29T10:26:20.57Z,15.407726620070113,39.98048196841159,50.55432020048717,91.54600314450254
lote-cultivo-03,2026-09-29T10:25:45.965Z,25.66,,,0
lote-cultivo-01,2026-09-29T10:25:06.05Z,51.8941038421033,20.816187780226414,29.376041451789604,38.81701703328016
lote-cultivo-03,2026-09-29T10:24:45.838Z,25.71,,,0
lote-cultivo-01,2026-09-29T10:23:51.517Z,66.75044316782302,38.95318968468378,50.49971101459607,67.16325863994196
lote-cultivo-03,2026-09-29T10:23:45.685Z,25.85,,,0
lote-cultivo-03,2026-09-29T10:22:45.549Z,25.99,,,0
lote-cultivo-01,2026-09-29T10:22:36.995Z,35.53193052889909,57.82085417393004,50.334435625534766,44.66221953345961
lote-cultivo-03,2026-09-29T10:21:45.425Z,26.21,,,0
lote-cultivo-01,2026-09-29T10:21:22.46Z,43.57661948783448,53.8670390700982,45.853440128930195,20.17051972127142
lote-cultivo-03,2026-09-29T10:20:45.294Z,26.35,,,0
lote-cultivo-01,2026-09-29T10:20:07.93Z,72.77248971825887,59.02561326534285,89.73186255505861,70.63680868494879
lote-cultivo-03,2026-09-29T10:19:45.142Z,26.58,,,0
lote-cultivo-01,2026-09-29T10:18:53.395Z,41.539525813331295,74.70079386816309,23.100967210791055,34.91179751209334
lote-cultivo-03,2026-09-29T10:18:45.011Z,26.8,,,0
lote-cultivo-03,2026-09-29T10:17:44.868Z,26.86,,,0
lote-cultivo-01,2026-09-29T10:17:38.859Z,5.319455540216562,62.667525702078834,87.94065424094748,63.47965904818216
lote-cultivo-03,2026-09-29T10:16:44.732Z,27.1,,,0
lote-cultivo-01,2026-09-29T10:16:24.347Z,33.37525017776189,32.398725274759485,20.27164177800164,57.589399709249456
lote-cultivo-03,2026-09-29T10:15:44.592Z,27.34,,,0
lote-cultivo-01,2026-09-29T10:15:09.809Z,52.984295040307806,23.436471438287168,52.579913574060996,39.86141706208757
lote-cultivo-03,2026-09-29T10:14:44.47Z,27.44,,,0
lote-cultivo-01,2026-09-29T10:13:55.271Z,29.287792632252778,32.03354708249562,31.566744586318706,67.99681668582144
lote-cultivo-03,2026-09-29T10:13:44.335Z,27.48,,,0
lote-cultivo-03,2026-09-29T10:12:44.182Z,27.51,,,0
lote-cultivo-01,2026-09-29T10:12:40.729Z,43.55671333470535,42.83222396373031,47.6222357480932,27.66131899711093
lote-cultivo-03,2026-09-29T10:11:44.052Z,27.74,,,0
lote-cultivo-01,2026-09-29T10:11:26.207Z,84.30403781647232,63.907139368038735,49.94912808477214,52.40199098950939
lote-cultivo-03,2026-09-29T10:10:43.915Z,27.95,,,0
lote-cultivo-01,2026-09-29T10:10:11.684Z,62.12560978546148,81.51409317524723,50.92630610450337,42.12416475874205
lote-cultivo-03,2026-09-29T10:09:43.781Z,28.02,,,0
lote-cultivo-01,2026-09-29T10:08:57.153Z,20.942087765646473,70.05789400835705,81.77954966413125,47.37341698545532
lote-cultivo-03,2026-09-29T10:08:43.639Z,28.16,,,0
lote-cultivo-03,2026-09-29T10:07:43.488Z,28.36,,,0
lote-cultivo-01,2026-09-29T10:07:42.613Z,39.02326080764149,49.29679301775596,31.026723857287475,85.22203588599298
lote-cultivo-03,2026-09-29T10:06:43.355Z,28.53,,,0
lote-cultivo-01,2026-09-29T10:06:28.096Z,54.09508559524197,42.89154444735722,81.27572194351399,35.120682826300644
lote-cultivo-03,2026-09-29T10:05:43.215Z,28.68,,,0
lote-cultivo-01,2026-09-29T10:05:13.566Z,25.678212962905754,30.458394560752016,27.15753145665506,58.9579468880259
lote-cultivo-03,2026-09-29T10:04:43.064Z,28.87,,,0
lote-cultivo-01,2026-09-29T10:03:59.027Z,35.74922256452231,13.155160676091144,42.99698084810477,28.64908041220166
lote-cultivo-03,2026-09-29T10:03:42.927Z,29.1,,,0
lote-cultivo-01,2026-09-29T10:02:44.478Z,83.97095629922505,31.96454491999549,44.27865379935337,24.099012216190943
lote-cultivo-03,2026-09-29T10:02:42.791Z,29.13,,,0
lote-cultivo-03,2026-09-29T10:01:42.651Z,29.21,,,0
lote-cultivo-01,2026-09-29T10:01:29.946Z,75.8862207900294,75.71819515605513,34.566446171436375,87.22390929910694
lote-cultivo-03,2026-09-29T10:00:42.513Z,29.35,,,0
lote-cultivo-01,2026-09-29T10:00:15.432Z,40.505232408609174,87.74483269874,58.89320014465291,42.51549320671778
lote-cultivo-03,2026-09-29T09:59:42.377Z,29.48,,,0
lote-cultivo-01,2026-09-29T09:59:00.907Z,58.36194274993682,68.85732130508464,49.03858122173889,74.36344548370764
lote-cultivo-03,2026-09-29T09:58:42.235Z,29.59,,,0
lote-cultivo-01,2026-09-29T09:57:46.384Z,73.27627514740206,56.82320218209325,77.18772214461885,46.77774904876608
lote-cultivo-03,2026-09-29T09:57:42.089Z,29.63,,,0
lote-cultivo-03,2026-09-29T09:56:41.963Z,29.86,,,0
lote-cultivo-01,2026-09-29T09:56:31.854Z,36.85934651892585,44.40083536011045,38.97255149675773,9.00151857950436
lote-cultivo-03,2026-09-29T09:55:41.819Z,30.09,,,0
lote-cultivo-01,2026-09-29T09:55:17.33Z,31.6408552864144,19.80144897840698,72.6444642814293,70.21226246355565
lote-cultivo-03,2026-09-29T09:54:41.679Z,30.3,,,0
lote-cultivo-01,2026-09-29T09:54:02.789Z,73.26262628614765,13.850835770233234,36.35115439122739,35.43988112718422
lote-cultivo-03,2026-09-29T09:53:41.543Z,30.32,,,0
lote-cultivo-01,2026-09-29T09:52:48.266Z,69.5115700818569,37.591484955935016,31.30666651451844,68.94464180216264
lote-cultivo-03,2026-09-29T09:52:41.406Z,30.48,,,0
lote-cultivo-03,2026-09-29T09:51:41.269Z,30.61,,,0
lote-cultivo-01,2026-09-29T09:51:33.744Z,38.33168688495079,62.1756907489544,59.784606857238586,68.12460158405916
lote-cultivo-03,2026-09-29T09:50:41.13Z,30.68,,,0
lote-cultivo-01,2026-09-29T09:50:19.219Z,61.79679951009255,78.81542936256312,16.696301562901645,25.071945253948236
lote-cultivo-03,2026-09-29T09:49:41.002Z,30.74,,,0
lote-cultivo-01,2026-09-29T09:49:04.672Z,87.25884412588174,88.92060737015868,75.02037553398847,64.88100383151185
lote-cultivo-03,2026-09-29T09:48:40.862Z,30.98,,,0
lote-cultivo-01,2026-09-29T09:47:50.152Z,53.55324452040639,70.1117405846767,38.431963668555234,30.74109986782858
lote-cultivo-03,2026-09-29T09:47:40.737Z,31.21,,,0
lote-cultivo-03,2026-09-29T09:46:40.588Z,31.21,,,0
lote-cultivo-01,2026-09-29T09:46:35.628Z,37.26686918693516,29.40079680688703,81.39533480711252,51.549713757111824
lote-cultivo-03,2026-09-29T09:45:40.449Z,31.29,,,0
lote-cultivo-01,2026-09-29T09:45:21.107Z,67.44061117959956,14.332464250382246,38.690910356990685,57.44024471965512
lote-cultivo-03,2026-09-29T09:44:40.321Z,31.37,,,0
lote-cultivo-01,2026-09-29T09:44:06.58Z,57.45262071427082,28.1214442348851,72.47720670556555,38.38250457098254
lote-cultivo-03,2026-09-29T09:43:40.172Z,31.61,,,0
lote-cultivo-01,2026-09-29T09:42:52.046Z,19.08245147385775,34.95425688681223,35.54343683198957,75.461033278986
lote-cultivo-03,2026-09-29T09:42:40.032Z,31.74,,,0
lote-cultivo-03,2026-09-29T09:41:39.899Z,31.83,,,0
lote-cultivo-01,2026-09-29T09:41:37.527Z,40.53184691032639,44.95875942718602,31.852111562796065,40.36995086675885
lote-cultivo-03,2026-09-29T09:40:39.748Z,31.85,,,0
lote-cultivo-01,2026-09-29T09:40:22.993Z,77.0897691704919,79.19164104936492,61.78596032637357,56.62441728465569
lote-cultivo-03,2026-09-29T09:39:39.606Z,31.96,,,0
lote-cultivo-01,2026-09-29T09:39:08.475Z,55.57277566998624,97.78036751197904,11.74608048004552,39.4460393838487
lote-cultivo-01,2026-09-25T09:36:19.968Z,36.521515432380504,51.49943299708086,43.852103533668455,26.178797339848973
lote-cultivo-03,2026-09-25T09:35:57.98Z,27.27,,,0
lote-cultivo-01,2026-09-25T09:35:05.451Z,24.66908046017088,73.35402714025194,47.87747680098688,73.25381366895955
lote-cultivo-03,2026-09-25T09:34:57.842Z,27.36,,,0
lote-cultivo-03,2026-09-25T09:33:57.7Z,27.55,,,0
lote-cultivo-01,2026-09-25T09:33:50.919Z,64.98582687245532,65.83481201814998,19.69019817720049,44.44158031806224
lote-cultivo-03,2026-09-25T09:32:57.564Z,27.66,,,0
lote-cultivo-01,2026-09-25T09:32:36.391Z,66.88216215906053,38.15468760880093,84.54092494694744,46.360661893442995
lote-cultivo-03,2026-09-25T09:31:57.422Z,27.85,,,0
lote-cultivo-01,2026-09-25T09:31:21.862Z,38.41456280204393,33.351156004892005,29.01331783366411,78.72145767810804
lote-cultivo-03,2026-09-25T09:30:57.281Z,28.09,,,0
lote-cultivo-01,2026-09-25T09:30:07.341Z,59.132607949713176,44.2781260313729,83.41596098393231,20.629689593792413
lote-cultivo-03,2026-09-25T09:29:57.142Z,28.2,,,0
lote-cultivo-03,2026-09-25T09:28:57.005Z,28.37,,,0
lote-cultivo-01,2026-09-25T09:28:52.812Z,79.50490670214393,47.406900174789904,46.066143787799945,61.80714942369726
lote-cultivo-03,2026-09-25T09:27:56.856Z,28.42,,,0
lote-cultivo-01,2026-09-25T09:27:38.267Z,36.55085760154629,54.11505823076269,61.23428123270409,36.06260073164222
lote-cultivo-03,2026-09-25T09:26:56.73Z,28.51,,,0
lote-cultivo-01,2026-09-25T09:26:23.739Z,10.27038395331652,64.29021642370323,36.65891237120648,31.142196015609347
lote-cultivo-03,2026-09-25T09:25:56.583Z,24.27,,,0
lote-cultivo-01,2026-09-25T09:25:09.223Z,42.470947440277435,57.062405495282334,40.46968338694516,91.097786214456
lote-cultivo-03,2026-09-25T09:24:56.43Z,24.46,,,0
lote-cultivo-03,2026-09-25T09:23:56.294Z,24.54,,,0
lote-cultivo-01,2026-09-25T09:23:54.701Z,47.685015200863646,44.886715961754405,49.110282373888985,39.93508808758619
lote-cultivo-03,2026-09-25T09:22:56.147Z,24.61,,,0
lote-cultivo-01,2026-09-25T09:22:40.179Z,23.687595952590996,47.010887897227185,18.617538532500067,65.44463756647701
lote-cultivo-03,2026-09-25T09:21:56.008Z,24.64,,,0
lote-cultivo-01,2026-09-25T09:21:25.636Z,50.44616559549944,43.87523731330812,87.48868092602613,40.07879380038274
lote-cultivo-03,2026-09-25T09:20:55.868Z,24.85,,,0
lote-cultivo-01,2026-09-25T09:20:11.114Z,83.8598456118607,32.565742209825615,24.302608843650184,12.51421949355698
lote-cultivo-03,2026-09-25T09:19:55.743Z,25.04,,,0
lote-cultivo-01,2026-09-25T09:18:56.576Z,49.374569709780545,46.79695651258352,87.13175892141889,70.60735603286743
lote-cultivo-03,2026-09-25T09:18:55.597Z,25.06,,,0
lote-cultivo-03,2026-09-25T09:17:55.448Z,25.08,,,0
lote-cultivo-01,2026-09-25T09:17:42.059Z,17.921602942761314,75.22207354066089,46.05064450755517,47.22219719708373
lote-cultivo-03,2026-09-25T09:16:55.308Z,25.08,,,0
lote-cultivo-01,2026-09-25T09:16:27.506Z,42.37112944881176,69.92346584437982,57.42058300190161,75.55238609593391
lote-cultivo-03,2026-09-25T09:15:55.154Z,25.15,,,0
lote-cultivo-01,2026-09-25T09:15:12.972Z,43.876836576808735,43.46668674230318,41.24920329497087,56.50497305845372
lote-cultivo-03,2026-09-25T09:14:55.014Z,25.3,,,0
lote-cultivo-01,2026-09-25T09:13:58.432Z,13.41975139510784,39.536301294320864,39.28663860857303,23.339792156593926
lote-cultivo-03,2026-09-25T09:13:54.877Z,25.54,,,0
lote-cultivo-03,2026-09-25T09:12:54.744Z,25.61,,,0
lote-cultivo-01,2026-09-25T09:12:43.894Z,36.05660686904176,44.68965211362663,44.72869369131258,52.557897348609586
lote-cultivo-03,2026-09-25T09:11:54.591Z,25.75,,,0
lote-cultivo-01,2026-09-25T09:11:29.376Z,78.78868733859046,35.08172268847699,27.23814216115321,30.369241433326323
lote-cultivo-03,2026-09-25T09:10:54.459Z,25.95,,,0
lote-cultivo-01,2026-09-25T09:10:14.855Z,58.332892490457645,36.45227825758541,77.80002324209399,71.52888104258784
lote-cultivo-03,2026-09-25T09:09:54.319Z,26.02,,,0
lote-cultivo-01,2026-09-25T09:09:00.321Z,32.97414037095032,59.94223646975728,33.2971903312226,57.98951552956518
lote-cultivo-03,2026-09-25T09:08:54.182Z,26.11,,,0
lote-cultivo-03,2026-09-25T09:07:54.037Z,26.24,,,0
lote-cultivo-01,2026-09-25T09:07:45.809Z,60.58429594055104,72.96381796661059,77.99980590186688,42.65075272015768
lote-cultivo-03,2026-09-25T09:06:53.894Z,26.35,,,0
lote-cultivo-01,2026-09-25T09:06:31.276Z,64.35857334303844,66.96407276201774,57.750227685664335,67.13462924849813
lote-cultivo-03,2026-09-25T09:05:53.757Z,26.5,,,0
lote-cultivo-01,2026-09-25T09:05:16.762Z,25.62147033363503,58.42325068658406,42.47613593615015,21.519111936897957
lote-cultivo-03,2026-09-25T09:04:53.613Z,26.62,,,0
lote-cultivo-01,2026-09-25T09:04:02.232Z,34.06455528065857,41.044914863033625,57.20853013396427,63.18334670497657
lote-cultivo-03,2026-09-25T09:03:53.479Z,26.84,,,0
lote-cultivo-03,2026-09-25T09:02:53.346Z,27.01,,,0
lote-cultivo-01,2026-09-25T09:02:47.702Z,72.32586792028816,19.41249495922121,26.81626026210599,44.94190477346275
lote-cultivo-03,2026-09-25T09:01:53.205Z,27.07,,,0
lote-cultivo-01,2026-09-25T09:01:33.175Z,55.72105576141746,26.22581599882557,50.4126511019641,32.497222241584026
lote-cultivo-03,2026-09-25T09:00:53.068Z,27.13,,,0
lote-cultivo-01,2026-09-25T09:00:18.639Z,33.705702090920234,54.247144736114386,28.41834141711897,83.95313917695536
lote-cultivo-03,2026-09-25T08:59:52.919Z,27.16,,,0
lote-cultivo-01,2026-09-25T08:59:04.114Z,69.08886612256057,63.5270817948836,72.47355930848514,33.42685871357568
lote-cultivo-03,2026-09-25T08:58:52.776Z,27.19,,,0
lote-cultivo-03,2026-09-25T08:57:52.657Z,27.25,,,0
lote-cultivo-01,2026-09-25T08:57:49.594Z,85.31597750034074,62.517989155962496,39.63566164657226,68.4660128279451
lote-cultivo-03,2026-09-25T08:56:52.514Z,27.36,,,0
lote-cultivo-01,2026-09-25T08:56:35.067Z,48.87662440291051,75.50219922080889,71.21804877959254,49.17532659290115
lote-cultivo-03,2026-09-25T08:55:52.368Z,27.6,,,0
lote-cultivo-01,2026-09-25T08:55:20.556Z,47.20527331826883,72.38586212823098,66.68157130149298,10.319840292680457
lote-cultivo-03,2026-09-25T08:54:52.241Z,27.78,,,0
lote-cultivo-01,2026-09-25T08:54:06.044Z,76.1160093801078,34.36346600870356,29.78601981606476,70.48508166476394
lote-cultivo-03,2026-09-25T08:53:52.104Z,22,,,0
lote-cultivo-03,2026-09-25T08:52:51.956Z,22,,,0
lote-cultivo-01,2026-09-25T08:52:51.511Z,52.37406289677945,9.672920577185396,73.00448147390755,38.84935204411188
lote-cultivo-03,2026-09-25T08:51:51.813Z,22,,,0
lote-cultivo-01,2026-09-25T08:51:36.976Z,20.930998776930053,25.67206199071293,11.652648354577282,73.82862032113813
lote-cultivo-03,2026-09-25T08:50:51.678Z,22,,,0
lote-cultivo-01,2026-09-25T08:50:22.437Z,54.395142024011435,47.61824400327049,61.01353782744242,71.38873080814638
lote-cultivo-03,2026-09-25T08:49:51.54Z,22,,,0
lote-cultivo-01,2026-09-25T08:49:07.908Z,83.49343225694088,59.94089692957098,26.930527510391673,17.67174484469661
lote-cultivo-03,2026-09-25T08:48:51.389Z,22,,,0
lote-cultivo-01,2026-09-25T08:47:52.401Z,56.33560072117353,77.66209335484143,70.56466777470682,50.20865595442253
lote-cultivo-03,2026-09-25T08:47:51.268Z,22,,,0
lote-cultivo-03,2026-09-25T08:46:51.128Z,22,,,0
lote-cultivo-01,2026-09-25T08:46:37.87Z,52.326060012868304,83.05747284109586,43.39211153984384,29.03203242448549
lote-cultivo-03,2026-09-25T08:45:50.977Z,22,,,0
lote-cultivo-01,2026-09-25T08:45:23.355Z,81.13108671044887,61.1788354248483,71.0223142441339,64.63452821098981
lote-cultivo-03,2026-09-25T08:44:50.852Z,22,,,0
lote-cultivo-01,2026-09-25T08:44:08.827Z,56.86267706198321,37.64494609676781,64.11972948046382,75.19148039760714
lote-cultivo-03,2026-09-25T08:43:50.699Z,22,,,0
lote-cultivo-01,2026-09-25T08:42:54.301Z,12.06324336632654,25.69732467009174,28.99167196995931,42.27711646908229
lote-cultivo-03,2026-09-25T08:42:50.58Z,22,,,0
lote-cultivo-03,2026-09-25T08:41:50.443Z,22,,,0
lote-cultivo-01,2026-09-25T08:41:39.777Z,32.63709315821365,14.865929454090764,75.3120136623601,59.31222909309069
lote-cultivo-03,2026-09-25T08:40:50.289Z,22,,,0
lote-cultivo-01,2026-09-25T08:40:25.249Z,62.437406543505816,23.792126617112324,6.6995349780025775,18.51926494747132
lote-cultivo-03,2026-09-25T08:39:50.139Z,22,,,0
lote-cultivo-01,2026-09-25T08:39:10.72Z,41.29947615078869,65.30356261438321,62.74536360881133,53.76979890851394
lote-cultivo-03,2026-09-25T08:38:49.999Z,22,,,0
lote-cultivo-01,2026-09-25T08:37:56.195Z,41.7311171498209,93.26217478299324,29.78123460578142,58.9058534909188
lote-cultivo-03,2026-09-25T08:37:49.86Z,22,,,0
lote-cultivo-03,2026-09-25T08:36:49.719Z,22,,,0
lote-cultivo-01,2026-09-25T08:36:41.671Z,79.95343045614469,77.54675185510054,64.06740081632701,40.96842527496436
lote-cultivo-03,2026-09-25T08:35:49.567Z,22.03,,,0
lote-cultivo-01,2026-09-25T08:35:27.158Z,65.42747568997494,56.34521325244384,49.8112172292062,79.94356852177003
lote-cultivo-03,2026-09-25T08:34:49.437Z,22.09,,,0
lote-cultivo-01,2026-09-25T08:34:12.609Z,17.60312738715661,49.36636513225125,68.53705190190574,27.33844749065292
lote-cultivo-03,2026-09-25T08:33:49.288Z,22.15,,,0
lote-cultivo-01,2026-09-25T08:32:58.088Z,27.63913161386039,29.163704862443417,61.51437078608923,57.72115235605379
lote-cultivo-03,2026-09-25T08:32:49.142Z,22.16,,,0
lote-cultivo-03,2026-09-25T08:31:48.985Z,22.4,,,0
lote-cultivo-01,2026-09-25T08:31:43.56Z,51.86461838183528,7.0438268427709465,34.96221784664619,55.95093231059649
lote-cultivo-03,2026-09-25T08:30:48.864Z,22.5,,,0
lote-cultivo-01,2026-09-25T08:30:29.044Z,26.448406780776857,23.68555143548904,68.72151325858334,17.94791757522626
lote-cultivo-03,2026-09-25T08:29:48.692Z,22.6,,,0
lote-cultivo-01,2026-09-25T08:29:14.505Z,21.99247167594115,62.52082527394068,13.382017119191683,74.87095525554372
lote-cultivo-03,2026-09-25T08:28:48.563Z,22.8,,,0
lote-cultivo-01,2026-09-25T08:27:59.987Z,66.07267634833073,81.43466693194628,54.149356043342245,34.10218964655744
lote-cultivo-03,2026-09-25T08:27:48.433Z,22.81,,,0
lote-cultivo-03,2026-09-25T08:26:48.278Z,22.89,,,0
lote-cultivo-01,2026-09-25T08:26:45.457Z,66.94993147481433,82.19594240459064,42.67861513972472,63.55665539527451
lote-cultivo-03,2026-09-25T08:25:48.125Z,23.05,,,0
lote-cultivo-01,2026-09-25T08:25:30.93Z,28.33001635598936,73.10409865178241,46.64768052453604,77.34443629418156
lote-cultivo-03,2026-09-25T08:24:47.993Z,23.1,,,0
lote-cultivo-01,2026-09-25T08:24:16.413Z,40.15907782712012,44.85226298128329,68.3839037863971,18.17005537085354
lote-cultivo-03,2026-09-25T08:23:47.872Z,23.13,,,0
lote-cultivo-01,2026-09-25T08:23:01.875Z,66.06592667444549,17.85406170189237,53.29524276181389,57.23412640697902
lote-cultivo-03,2026-09-25T08:22:47.721Z,23.2,,,0
lote-cultivo-03,2026-09-25T08:21:47.593Z,23.37,,,0
lote-cultivo-01,2026-09-25T08:21:47.351Z,36.08744899527592,20.60879259716305,70.56536857643084,25.68045816017051
lote-cultivo-03,2026-09-25T08:20:47.441Z,23.54,,,0
lote-cultivo-01,2026-09-25T08:20:32.824Z,18.278435991015577,34.75518792647814,31.605176705780757,50.91106947383175
lote-cultivo-03,2026-09-25T08:19:47.309Z,23.65,,,0
lote-cultivo-01,2026-09-25T08:19:18.307Z,55.2894446699465,43.33238865364576,69.25593194804141,85.66675434230629
lote-cultivo-03,2026-09-25T08:18:47.172Z,23.71,,,0
lote-cultivo-01,2026-09-25T08:18:03.784Z,61.38679980931529,67.13776285278342,13.81473781881269,43.16386196328288
lote-cultivo-03,2026-09-25T08:17:47.039Z,23.92,,,0
lote-cultivo-01,2026-09-25T08:16:49.263Z,29.472795727517575,94.4536567701993,52.157179401009365,61.8448047929811
lote-cultivo-03,2026-09-25T08:16:46.899Z,23.98,,,0
lote-cultivo-03,2026-09-25T08:15:46.761Z,24.17,,,0
lote-cultivo-01,2026-09-25T08:15:34.727Z,48.02852631679577,79.47531621435489,48.45462910752001,21.890295948874737
lote-cultivo-03,2026-09-25T08:14:46.611Z,24.22,,,0
lote-cultivo-01,2026-09-25T08:14:20.211Z,85.771613986996,37.278016806343864,35.590678505376616,36.7122458161058
lote-cultivo-03,2026-09-25T08:13:46.479Z,24.42,,,0
lote-cultivo-01,2026-09-25T08:13:05.694Z,62.13854118199408,22.52599134924255,82.79911394708004,64.80207648250928
lote-cultivo-03,2026-09-25T08:12:46.344Z,24.6,,,0
lote-cultivo-01,2026-09-25T08:11:51.157Z,36.09810304780766,30.420644502422245,39.54120776873154,48.51088674048912
lote-cultivo-03,2026-09-25T08:11:46.204Z,24.62,,,0
lote-cultivo-03,2026-09-25T08:10:46.061Z,24.82,,,0
lote-cultivo-01,2026-09-25T08:10:36.624Z,61.867180199807905,30.885639019804845,80.00662177500925,79.50733307536386
lote-cultivo-03,2026-09-25T08:09:45.92Z,24.9,,,0
lote-cultivo-01,2026-09-25T08:09:22.113Z,62.17637009469325,40.54050532146413,27.20120973589935,31.862726442217287
lote-cultivo-03,2026-09-25T08:08:45.785Z,25.09,,,0
lote-cultivo-01,2026-09-25T08:08:07.588Z,23.88010461921836,69.26564176806018,71.33337423229561,44.82798210232705
lote-cultivo-03,2026-09-25T08:07:45.634Z,25.28,,,0
lote-cultivo-01,2026-09-25T08:06:53.058Z,38.82940158341668,82.42933821784892,11.13542517107697,53.183575918628414
lote-cultivo-03,2026-09-25T08:06:45.488Z,25.52,,,0
lote-cultivo-03,2026-09-25T08:05:45.34Z,25.77,,,0
lote-cultivo-01,2026-09-25T08:05:38.527Z,85.46092853491919,69.01584575252333,56.44241308882548,26.916291634993648
lote-cultivo-03,2026-09-25T08:04:45.206Z,25.92,,,0
lote-cultivo-01,2026-09-25T08:04:24.008Z,74.43511440716945,52.73557279375779,44.25410788839051,79.07564307387301
lote-cultivo-03,2026-09-25T08:03:45.054Z,26.13,,,0
lote-cultivo-01,2026-09-25T08:03:09.478Z,51.30903682066401,35.638856697411775,37.312050455211626,35.22831379259247
lote-cultivo-03,2026-09-25T08:02:44.909Z,26.29,,,0
lote-cultivo-01,2026-09-25T08:01:54.947Z,75.19393834751632,18.62199620797162,83.50109950766247,55.71319025996251
lote-cultivo-03,2026-09-25T08:01:44.771Z,26.31,,,0
lote-cultivo-03,2026-09-25T08:00:44.636Z,26.35,,,0
lote-cultivo-01,2026-09-25T08:00:40.416Z,73.47489610910452,28.506431116591557,39.09847249383442,72.77534342831747
lote-cultivo-03,2026-09-25T07:59:44.503Z,26.35,,,0
lote-cultivo-01,2026-09-25T07:59:25.88Z,24.84789061491997,58.611929968418465,76.64023446095584,19.791169063167157
lote-cultivo-03,2026-09-25T07:58:44.359Z,26.54,,,0
lote-cultivo-01,2026-09-25T07:58:11.349Z,24.91739175399666,66.9789272159599,35.73207393631739,67.26490597230475
lote-cultivo-03,2026-09-25T07:57:44.213Z,26.54,,,0
lote-cultivo-01,2026-09-25T07:56:56.809Z,67.55739967271664,58.742817767147926,59.863757160704445,27.05192705454365
lote-cultivo-03,2026-09-25T07:56:44.089Z,26.64,,,0
lote-cultivo-03,2026-09-25T07:55:43.952Z,26.69,,,0
lote-cultivo-01,2026-09-25T07:55:42.296Z,62.75645990076799,64.82478468607275,21.65778136610109,41.062842982404945
lote-cultivo-03,2026-09-25T07:54:43.816Z,26.83,,,0
lote-cultivo-01,2026-09-25T07:54:27.388Z,42.41723141527158,65.06513180299352,50.40107842285294,86.53387524578768
lote-cultivo-03,2026-09-25T07:53:43.669Z,27,,,0
lote-cultivo-01,2026-09-25T07:53:12.885Z,71.53292592970304,36.24220219069272,46.671905139155754,38.76410805023225
lote-cultivo-03,2026-09-25T07:52:43.536Z,27.13,,,0
lote-cultivo-01,2026-09-25T07:51:58.376Z,80.48125849715773,19.137184284167603,37.07950712571881,69.04892110074854
lote-cultivo-03,2026-09-25T07:51:43.399Z,27.34,,,0
lote-cultivo-01,2026-09-25T07:50:43.867Z,32.85747696577784,39.62637696090926,84.45496016277076,29.976243638475285
lote-cultivo-03,2026-09-25T07:50:43.254Z,27.44,,,0
lote-cultivo-03,2026-09-25T07:49:43.101Z,27.56,,,0
lote-cultivo-01,2026-09-25T07:49:29.361Z,21.46698215706196,59.49736657059206,39.47363226327896,22.50872816656194
lote-cultivo-03,2026-09-25T07:48:42.966Z,27.6,,,0
lote-cultivo-01,2026-09-25T07:48:14.83Z,55.61459427183931,59.082608874573005,71.3587463388903,67.30521350601444
lote-cultivo-03,2026-09-25T07:47:42.819Z,27.82,,,0
lote-cultivo-01,2026-09-25T07:47:00.31Z,45.879133505604464,60.682796889798816,47.62967660855125,47.563676393641195
lote-cultivo-03,2026-09-25T07:46:42.665Z,28.01,,,0
lote-cultivo-01,2026-09-25T07:45:45.801Z,19.908310310182287,61.39491766867461,41.629719072033474,81.62683815825524
lote-cultivo-03,2026-09-25T07:45:42.523Z,28.07,,,0
lote-cultivo-03,2026-09-25T07:44:42.404Z,28.2,,,0
lote-cultivo-01,2026-09-25T07:44:31.271Z,50.34997898269923,45.60837256368901,41.885293904381534,42.576349383012875
lote-cultivo-03,2026-09-25T07:43:42.264Z,28.41,,,0
lote-cultivo-01,2026-09-25T07:43:15.764Z,73.91936270774686,37.631222776945975,34.3959007981353,29.924706984825768
lote-cultivo-03,2026-09-25T07:42:42.13Z,28.58,,,0
lote-cultivo-01,2026-09-25T07:42:01.25Z,38.17316324237619,44.58262113571382,57.77226722329256,48.84760214039112
lote-cultivo-03,2026-09-25T07:41:41.995Z,28.77,,,0
lote-cultivo-01,2026-09-25T07:40:46.736Z,25.968191188023255,44.85499528004644,32.07728526632659,29.841928813637708
lote-cultivo-03,2026-09-25T07:40:41.86Z,28.92,,,0
lote-cultivo-03,2026-09-25T07:39:41.705Z,29.12,,,0
lote-cultivo-01,2026-09-25T07:39:32.213Z,60.05139308595465,45.77515476882505,90.29569025913126,83.3494426952116
lote-cultivo-03,2026-09-25T07:38:41.584Z,29.29,,,0
lote-cultivo-01,2026-09-25T07:38:17.706Z,50.65503560064554,65.25958555442124,34.9858344900316,50.731239890593194
lote-cultivo-03,2026-09-25T07:37:41.418Z,29.49,,,0
lote-cultivo-01,2026-09-25T07:37:02.208Z,14.1292485932166,71.50899330378093,72.51952017769099,43.36532216841818
lote-cultivo-03,2026-09-25T07:36:41.291Z,29.55,,,0
lote-cultivo-01,2026-09-25T07:35:47.698Z,33.246887691320865,44.24339851320611,49.24898756876671,62.671065690098885
lote-cultivo-03,2026-09-25T07:35:41.153Z,29.78,,,0
lote-cultivo-03,2026-09-25T07:34:41.011Z,29.99,,,0
lote-cultivo-01,2026-09-25T07:34:33.195Z,63.62401607667517,27.32424939572793,27.96685135487574,13.410877258152007
lote-cultivo-03,2026-09-25T07:33:40.878Z,30.12,,,0
lote-cultivo-01,2026-09-25T07:33:18.689Z,39.218465201249586,43.306759692993865,57.14129901808913,71.25979389780937
lote-cultivo-03,2026-09-25T07:32:40.738Z,30.21,,,0
lote-cultivo-01,2026-09-25T07:32:04.182Z,31.521047497322137,53.14778037438776,20.855579640237213,46.27893996775519
lote-cultivo-03,2026-09-25T07:31:40.582Z,30.44,,,0
lote-cultivo-01,2026-09-25T07:30:49.674Z,73.45626532063534,46.936117825177185,66.9813945447829,38.919318844540435
lote-cultivo-03,2026-09-25T07:30:40.441Z,30.55,,,0
lote-cultivo-03,2026-09-25T07:29:40.301Z,30.76,,,0
lote-cultivo-01,2026-09-25T07:29:35.156Z,73.55192853846482,56.10508624332592,30.18135776542081,82.35041390535653
lote-cultivo-03,2026-09-25T07:28:40.167Z,30.8,,,0
lote-cultivo-01,2026-09-25T07:28:20.653Z,30.84714517351368,70.84357629967617,91.39182869991072,27.724821779599335
lote-cultivo-03,2026-09-25T07:27:40.019Z,30.81,,,0
lote-cultivo-01,2026-09-25T07:27:06.137Z,36.661666260633474,60.11479274040966,31.0020892262972,66.23022969730712
lote-cultivo-03,2026-09-25T07:26:39.881Z,30.93,,,0
lote-cultivo-01,2026-09-25T07:25:51.617Z,60.89801291606879,40.16865812540867,77.82206040066711,43.99727778346486
lote-cultivo-03,2026-09-25T07:25:39.725Z,31.15,,,0
lote-cultivo-03,2026-09-25T07:24:39.591Z,31.34,,,0
lote-cultivo-01,2026-09-25T07:24:37.098Z,35.44463585450201,34.10018670512883,45.01202097865469,20.140806242566025
lote-cultivo-03,2026-09-25T07:23:39.453Z,31.41,,,0
lote-cultivo-01,2026-09-25T07:23:22.578Z,29.16427665962747,31.117466738191226,27.00062048378103,71.02639439135595
lote-cultivo-03,2026-09-25T07:22:39.316Z,31.65,,,0
lote-cultivo-01,2026-09-25T07:22:07.07Z,76.95838338674982,37.48534015494702,61.46456754943177,43.18604761772865
lote-cultivo-03,2026-09-25T07:21:39.178Z,31.69,,,0
lote-cultivo-01,2026-09-25T07:20:52.531Z,91.90175273106718,63.82180406114002,16.919583546786622,73.90820319599159
lote-cultivo-03,2026-09-25T07:20:39.041Z,31.7,,,0
lote-cultivo-03,2026-09-25T07:19:38.899Z,31.72,,,0
lote-cultivo-01,2026-09-25T07:19:38.02Z,52.923642652214696,79.5273149828349,67.52417368348699,55.432903352888886
lote-cultivo-03,2026-09-25T07:18:38.762Z,31.8,,,0
lote-cultivo-01,2026-09-25T07:18:23.511Z,50.93913283152877,63.38818764535126,38.538023124949746,24.020839420030367
lote-cultivo-03,2026-09-25T07:17:38.622Z,32.05,,,0
lote-cultivo-01,2026-09-25T07:17:09.002Z,71.52433848606084,48.84415903485329,80.05236881224187,48.77117365641435
lote-cultivo-03,2026-09-25T07:16:38.485Z,32.15,,,0
lote-cultivo-01,2026-09-25T07:15:54.475Z,41.40934990349702,49.34385007382048,41.433997579230294,28.670908564016255
lote-cultivo-03,2026-09-25T07:15:38.33Z,32.17,,,0
lote-cultivo-01,2026-09-25T07:14:39.97Z,19.281819618602665,34.12737508399216,70.80265492260529,78.74631501929042
lote-cultivo-03,2026-09-25T07:14:38.193Z,32.24,,,0
lote-cultivo-03,2026-09-25T07:13:38.052Z,32.35,,,0
lote-cultivo-01,2026-09-25T07:13:25.44Z,62.32919468504016,14.52051797559244,46.3293552097547,64.89161692015223
lote-cultivo-03,2026-09-25T07:12:37.904Z,32.37,,,0
lote-cultivo-01,2026-09-25T07:12:10.936Z,85.38469560020808,33.83667002077859,27.340116648541606,43.97536397308805
lote-cultivo-03,2026-09-25T07:11:37.768Z,32.43,,,0
lote-cultivo-01,2026-09-25T07:10:56.409Z,54.589918027042785,72.33957159589633,61.14390241004181,56.48686764901386
lote-cultivo-03,2026-09-25T07:10:37.629Z,32.64,,,0
lote-cultivo-01,2026-09-25T07:09:41.887Z,56.11536193542301,81.06782096353152,18.20035462169694,9.228410737591092
lote-cultivo-03,2026-09-25T07:09:37.484Z,32.7,,,0
lote-cultivo-03,2026-09-25T07:08:37.349Z,32.74,,,0
lote-cultivo-01,2026-09-25T07:08:27.367Z,79.05851040631487,70.25118118224339,64.91332753318906,65.81282196700842
lote-cultivo-03,2026-09-25T07:07:37.205Z,32.9,,,0
lote-cultivo-01,2026-09-25T07:07:11.862Z,50.90928467418703,60.88936993325012,50.466078801152456,62.544711381665266
lote-cultivo-03,2026-09-25T07:06:37.062Z,33.13,,,0
lote-cultivo-01,2026-09-25T07:05:57.343Z,15.740420235349854,41.962540289687894,62.295516436157115,44.09731024345029
lote-cultivo-03,2026-09-25T07:05:36.924Z,33.23,,,0
lote-cultivo-01,2026-09-25T07:04:42.836Z,43.43740291386922,18.492888759122575,61.7988514830129,80.47249544487677
lote-cultivo-03,2026-09-25T07:04:36.8Z,33.43,,,0
lote-cultivo-03,2026-09-25T07:03:36.66Z,33.46,,,0
lote-cultivo-01,2026-09-25T07:03:27.33Z,69.1815873787849,20.57733750066505,52.039350743266965,15.64336412543316
lote-cultivo-03,2026-09-25T07:02:36.521Z,33.5,,,0
lote-cultivo-01,2026-09-25T07:02:12.809Z,40.12448359397044,38.89568633624032,53.427288769701,49.366229238695006
lote-cultivo-03,2026-09-25T07:01:36.366Z,33.68,,,0
lote-cultivo-01,2026-09-25T07:00:58.28Z,37.57847931638805,53.032277591059206,24.323700791943555,62.17520966935337
lote-cultivo-03,2026-09-25T07:00:36.224Z,33.74,,,0
lote-cultivo-01,2026-09-25T06:59:42.783Z,71.62809024102295,75.62202482959549,62.14559210264957,31.57714687607136
lote-cultivo-03,2026-09-25T06:59:36.081Z,33.77,,,0
lote-cultivo-03,2026-09-25T06:58:35.937Z,33.81,,,0
lote-cultivo-01,2026-09-25T06:58:28.256Z,57.58439824432157,94.6545850014155,17.23197940739323,79.51167937569275
lote-cultivo-03,2026-09-25T06:57:35.803Z,33.82,,,0
lote-cultivo-01,2026-09-25T06:57:13.747Z,18.588249818982472,72.32758094283254,68.20267773035842,38.63248917135769
lote-cultivo-03,2026-09-25T06:56:35.667Z,33.83,,,0
lote-cultivo-01,2026-09-25T06:55:59.219Z,37.50348504818658,28.398424003661972,56.370332202866734,52.82059830642864
lote-cultivo-03,2026-09-25T06:55:35.524Z,34.05,,,0
lote-cultivo-01,2026-09-25T06:54:44.713Z,60.191916797800914,16.636037966763443,49.87931042897446,59.83035352984404
lote-cultivo-03,2026-09-25T06:54:35.388Z,34.18,,,0
lote-cultivo-03,2026-09-25T06:53:35.249Z,34.26,,,0
lote-cultivo-01,2026-09-25T06:53:30.185Z,29.459988346830652,28.112484976698436,80.00030554323006,27.84994451075839
lote-cultivo-03,2026-09-25T06:52:35.112Z,34.34,,,0
lote-cultivo-01,2026-09-25T06:52:14.686Z,18.381232568191074,30.984821447960385,30.89760810382711,61.32538424138744
lote-cultivo-03,2026-09-25T06:51:34.973Z,34.43,,,0
lote-cultivo-01,2026-09-25T06:51:00.165Z,58.95610724964891,44.31749595947716,63.64810684858433,35.02829354793981
lote-cultivo-03,2026-09-25T06:50:34.84Z,34.57,,,0
lote-cultivo-01,2026-09-25T06:49:45.635Z,62.09566171958083,79.06758993427297,18.092305139094677,65.59396710394849
lote-cultivo-03,2026-09-25T06:49:34.71Z,34.69,,,0
lote-cultivo-03,2026-09-25T06:48:34.577Z,34.7,,,0
lote-cultivo-01,2026-09-25T06:48:31.11Z,30.62034885529535,92.78816429813084,60.39248621398446,66.25600206901616
lote-cultivo-03,2026-09-25T06:47:34.44Z,34.91,,,0
lote-cultivo-01,2026-09-25T06:47:15.605Z,45.142805898182736,71.14075930418333,21.94392517239186,33.50362816291671
lote-cultivo-03,2026-09-25T06:46:34.299Z,34.94,,,0
lote-cultivo-01,2026-09-25T06:46:01.082Z,71.47119024430397,44.83976432123758,70.36733098042495,61.80105978880256
lote-cultivo-03,2026-09-25T06:45:34.162Z,35.01,,,0
lote-cultivo-01,2026-09-25T06:44:46.567Z,38.61028903701836,26.107266713822863,58.69065904051523,15.347662892871403
lote-cultivo-03,2026-09-25T06:44:34.022Z,35.02,,,0
lote-cultivo-03,2026-09-25T06:43:33.885Z,35.23,,,0
lote-cultivo-01,2026-09-25T06:43:31.06Z,13.724728891930807,11.667341018330534,46.11433463440216,54.83336546272088
lote-cultivo-03,2026-09-25T06:42:33.742Z,35.34,,,0
lote-cultivo-01,2026-09-25T06:42:16.535Z,50.17902597532409,24.64216124045135,86.99906132087246,79.10397999806025
lote-cultivo-03,2026-09-25T06:41:33.604Z,35.45,,,0
lote-cultivo-01,2026-09-25T06:41:02.026Z,65.94504736236343,58.876899589584966,17.137947905999486,39.67207774311571
lote-cultivo-03,2026-09-25T06:40:33.463Z,35.55,,,0
lote-cultivo-01,2026-09-25T06:39:47.519Z,40.60539597375542,74.12420987731538,70.50177721625292,79.62442250383293
lote-cultivo-03,2026-09-25T06:39:33.323Z,35.62,,,0
lote-cultivo-03,2026-09-25T06:38:33.179Z,31.35,,,0
lote-cultivo-01,2026-09-25T06:38:33.005Z,57.8070271837179,71.02119851085921,17.203788863400874,16.50673859302526
lote-cultivo-03,2026-09-25T06:37:33.033Z,31.55,,,0
lote-cultivo-01,2026-09-25T06:37:18.503Z,92.2492897342366,74.84840634172623,56.84424641647696,29.45859004088845
lote-cultivo-03,2026-09-25T06:36:32.895Z,31.74,,,0
lote-cultivo-01,2026-09-25T06:36:03.995Z,61.67488089509035,65.00400628478008,28.84714216372904,69.56595191034097
lote-cultivo-03,2026-09-25T06:35:32.758Z,31.85,,,0
lote-cultivo-01,2026-09-25T06:34:49.485Z,24.818182444666945,26.078649649841697,68.11734950118117,37.89112223239043
lote-cultivo-03,2026-09-25T06:34:32.625Z,32.01,,,0
lote-cultivo-01,2026-09-25T06:33:34.97Z,48.841472839775776,5.867721838867477,55.439626076530566,88.19079934599488
lote-cultivo-03,2026-09-25T06:33:32.491Z,32.2,,,0
lote-cultivo-03,2026-09-25T06:32:32.347Z,32.36,,,0
lote-cultivo-01,2026-09-25T06:32:20.462Z,61.07742515707015,31.053557702128483,51.702495934561234,42.54051046867319
lote-cultivo-03,2026-09-25T06:31:32.207Z,32.51,,,0
lote-cultivo-01,2026-09-25T06:31:05.952Z,34.340432760917345,58.240588520223234,81.57992774699342,30.500227839744447
lote-cultivo-03,2026-09-25T06:30:32.071Z,32.63,,,0
lote-cultivo-01,2026-09-25T06:29:51.421Z,52.89939048877164,63.5529191154295,18.73612246030233,54.97385254034849
lote-cultivo-03,2026-09-25T06:29:31.932Z,29.05,,,0
lote-cultivo-01,2026-09-25T06:28:35.915Z,96.88236550183872,70.9662366888955,67.29274565583182,30.121771381615144
lote-cultivo-03,2026-09-25T06:28:31.8Z,29.27,,,0
lote-cultivo-03,2026-09-25T06:27:31.66Z,25.9,,,0
lote-cultivo-01,2026-09-25T06:27:21.393Z,77.98835775625756,74.59072912648425,23.668390270406807,74.23152865706516
lote-cultivo-03,2026-09-25T06:26:31.522Z,25.93,,,0
lote-cultivo-01,2026-09-25T06:26:06.887Z,37.9347957949541,54.70990062489401,44.56359966795015,50.49534709969235
lote-cultivo-03,2026-09-25T06:25:31.394Z,26.1,,,0
lote-cultivo-01,2026-09-25T06:24:52.372Z,53.66598846196376,32.79702607509787,46.19370307220309,49.733234245166855
lote-cultivo-03,2026-09-25T06:24:31.243Z,26.13,,,0
lote-cultivo-01,2026-09-25T06:23:37.86Z,63.13330401075892,29.121269726390324,54.613540432348515,60.00959572612765
lote-cultivo-03,2026-09-25T06:23:31.104Z,26.27,,,0
lote-cultivo-03,2026-09-25T06:22:30.974Z,26.28,,,0
lote-cultivo-01,2026-09-25T06:22:23.334Z,27.85778230184012,30.324554055491188,63.63921398130149,28.420071659837355
lote-cultivo-03,2026-09-25T06:21:30.822Z,26.39,,,0
lote-cultivo-01,2026-09-25T06:21:08.829Z,32.360718827169265,39.52610781190215,50.797633490337255,65.10089697115092
lote-cultivo-03,2026-09-25T06:20:30.679Z,26.47,,,0
lote-cultivo-01,2026-09-25T06:19:54.326Z,77.6095598250093,67.36825260114335,77.8936522322819,30.520083623191336
lote-cultivo-03,2026-09-25T06:19:30.541Z,26.55,,,0
lote-cultivo-01,2026-09-25T06:18:39.811Z,69.42072685338448,81.30793202338444,24.240423781077045,49.470638356518144
lote-cultivo-03,2026-09-25T06:18:30.406Z,26.6,,,0
lote-cultivo-03,2026-09-25T06:17:30.267Z,22,,,0
lote-cultivo-01,2026-09-25T06:17:25.292Z,36.22129495881863,59.339486424047735,61.06637542528331,72.40709134144532
lote-cultivo-03,2026-09-25T06:16:30.13Z,22,,,0
lote-cultivo-01,2026-09-25T06:16:10.791Z,56.17301701977355,40.819227303485775,32.8553850311751,36.92128265775415
lote-cultivo-03,2026-09-25T06:15:29.992Z,22,,,0
lote-cultivo-01,2026-09-25T06:14:56.259Z,70.7294235773731,46.60345485827158,30.57562063848236,80.33738891070003
lote-cultivo-03,2026-09-25T06:14:29.836Z,22,,,0
lote-cultivo-01,2026-09-25T06:13:41.746Z,31.242885399683377,42.47999149472357,64.04202161659937,25.342665620601306
lote-cultivo-03,2026-09-25T06:13:29.69Z,22,,,0
lote-cultivo-03,2026-09-25T06:12:29.554Z,22,,,0
lote-cultivo-01,2026-09-25T06:12:27.231Z,21.419478378654368,27.956905210453055,35.89610345632655,27.39529692331757
lote-cultivo-03,2026-09-25T06:11:29.417Z,22,,,0
lote-cultivo-01,2026-09-25T06:11:12.713Z,57.55666265850008,41.5794804014794,78.42166675006943,66.6059640657109
lote-cultivo-03,2026-09-25T06:10:29.282Z,22,,,0
lote-cultivo-01,2026-09-25T06:09:58.193Z,49.390041908251995,69.61968749060343,41.8094628852912,32.633220357824875
lote-cultivo-03,2026-09-25T06:09:29.129Z,22,,,0
lote-cultivo-01,2026-09-25T06:08:43.677Z,17.40976604901868,69.61878300899588,82.4057933809217,92.6720869654366
lote-cultivo-03,2026-09-25T06:08:28.991Z,22,,,0
lote-cultivo-01,2026-09-25T06:07:29.145Z,43.40768653066475,53.12775523409732,21.53764479614513,50.70550727091593
lote-cultivo-03,2026-09-25T06:07:28.851Z,22.02,,,0
lote-cultivo-03,2026-09-25T06:06:28.729Z,22.12,,,0
lote-cultivo-01,2026-09-25T06:06:14.634Z,72.7497998292026,47.05813189226759,64.10153633180923,23.982935539667135
lote-cultivo-03,2026-09-25T06:05:28.595Z,22.34,,,0
lote-cultivo-01,2026-09-25T06:05:00.117Z,43.26110127468206,41.32784463814461,30.729964642489566,56.09756913137609
lote-cultivo-03,2026-09-25T06:04:28.442Z,22.54,,,0
lote-cultivo-01,2026-09-25T06:03:45.592Z,30.2617634553604,35.33128228603292,29.553259172539644,18.892782849899955
lote-cultivo-03,2026-09-25T06:03:28.298Z,22.79,,,0
lote-cultivo-01,2026-09-25T06:02:31.067Z,60.54294828297545,46.73256979699133,69.03026571413504,76.07691465296912
lote-cultivo-03,2026-09-25T06:02:28.159Z,22.95,,,0
lote-cultivo-03,2026-09-25T06:01:28.034Z,23.1,,,0
lote-cultivo-01,2026-09-25T06:01:16.536Z,47.78960319297194,59.68422322591282,28.721287417035096,65.2770706534887
lote-cultivo-03,2026-09-25T06:00:27.9Z,23.28,,,0
lote-cultivo-01,2026-09-25T06:00:02.015Z,6.693272669841495,54.85115884379253,83.67075250158864,42.7210676632
lote-cultivo-03,2026-09-25T05:59:27.767Z,23.47,,,0
lote-cultivo-01,2026-09-25T05:58:47.483Z,27.26687673494681,53.947092954785035,41.14368418452475,61.34154691210077
lote-cultivo-03,2026-09-25T05:58:27.628Z,23.66,,,0
lote-cultivo-01,2026-09-25T05:57:32.953Z,65.32081927530966,62.09909969722359,79.14135732300059,21.442951917262256
lote-cultivo-03,2026-09-25T05:57:27.485Z,23.82,,,0
lote-cultivo-03,2026-09-25T05:56:27.349Z,23.92,,,0
lote-cultivo-01,2026-09-25T05:56:18.434Z,48.57042919184995,48.20414536630312,25.612676809212697,58.480482968073176
lote-cultivo-03,2026-09-25T05:55:27.196Z,24.08,,,0
lote-cultivo-01,2026-09-25T05:55:03.925Z,42.19203389279729,24.756388254529345,62.65639145109721,47.87734369293472
lote-cultivo-03,2026-09-25T05:54:27.074Z,24.27,,,0
lote-cultivo-01,2026-09-25T05:53:49.397Z,78.23554772350356,36.20394453222857,29.008153007203894,47.72210804147045
lote-cultivo-03,2026-09-25T05:53:26.936Z,24.39,,,0
lote-cultivo-01,2026-09-25T05:52:34.885Z,69.5835975430725,64.54408963410991,32.552070479237685,69.03236674761065
lote-cultivo-01,2026-09-25T05:51:20.374Z,20.711157468016992,64.7642925205952,66.53918273488905,34.42527970656041
lote-cultivo-01,2026-09-25T05:50:05.852Z,27.87174792662663,53.1319321847785,30.672713210440648,71.42095855421523
lote-cultivo-01,2026-09-25T05:48:51.327Z,61.24400491050117,56.79369109445279,79.04413403506614,36.269210690250645
lote-cultivo-01,2026-09-25T05:47:36.821Z,45.56291372806744,53.380171580839395,51.078430631947,33.11763476486393
lote-cultivo-01,2026-09-25T05:46:22.319Z,39.822019584838614,34.13845518780486,63.96843192849738,62.43985047640865
lote-cultivo-03,2026-09-29T09:38:39.472Z,32.11,,,0
lote-cultivo-01,2026-09-29T09:37:53.963Z,41.47859697251069,69.35882486348218,80.30104904033078,23.357569688979176
lote-cultivo-03,2026-09-29T09:37:39.336Z,32.18,,,0
lote-cultivo-01,2026-09-29T09:36:39.44Z,70.80085375315495,33.62382499551185,36.14950883612643,75.7547223025138
lote-cultivo-03,2026-09-29T09:36:39.211Z,32.2,,,0
lote-cultivo-03,2026-09-29T09:35:39.082Z,28.54,,,0
lote-cultivo-01,2026-09-29T09:35:24.922Z,58.857091224537704,22.737177386853354,78.891865217209,43.88258015255741
lote-cultivo-03,2026-09-29T09:34:38.947Z,28.65,,,0
lote-cultivo-01,2026-09-29T09:34:10.414Z,9.674671913199024,20.687406279769064,44.12102497283127,76.94821551202021
lote-cultivo-03,2026-09-29T09:33:38.811Z,28.72,,,0
lote-cultivo-01,2026-09-29T09:32:55.888Z,18.87682330640308,27.05927603712217,68.2679956590858,53.13317248420464
lote-cultivo-03,2026-09-29T09:32:38.667Z,24.24,,,0
lote-cultivo-01,2026-09-29T09:31:41.365Z,55.57126414000545,54.39216745118512,35.989661512773615,8.973380002316468
lote-cultivo-03,2026-09-29T09:31:38.529Z,24.32,,,0
lote-cultivo-03,2026-09-29T09:30:38.388Z,24.38,,,0
lote-cultivo-01,2026-09-29T09:30:26.843Z,41.45159967144625,78.35784039172864,35.492211153198625,63.884329874999835
lote-cultivo-03,2026-09-29T09:29:38.256Z,24.46,,,0
lote-cultivo-01,2026-09-29T09:29:12.32Z,33.049470340867956,78.24221238267585,56.508003053562675,30.00180165855088
lote-cultivo-03,2026-09-29T09:28:38.124Z,24.48,,,0
lote-cultivo-01,2026-09-29T09:27:57.776Z,71.54293703088385,70.9761911489291,16.691801704361367,72.93758423883612
lote-cultivo-03,2026-09-29T09:27:37.972Z,24.57,,,0
lote-cultivo-01,2026-09-29T09:26:43.245Z,71.0885263173114,57.201915118540384,74.80815247191828,78.61210486295472
lote-cultivo-03,2026-09-29T09:26:37.842Z,24.58,,,0
lote-cultivo-03,2026-09-29T09:25:37.708Z,24.82,,,0
lote-cultivo-01,2026-09-29T09:25:28.735Z,22.00726400705348,24.372283625305773,44.5867251070316,20.56787369574572
lote-cultivo-03,2026-09-29T09:24:37.575Z,24.91,,,0
lote-cultivo-01,2026-09-29T09:24:14.215Z,21.310243126423973,5.892158001695649,65.31767562538829,62.83886659641817
lote-cultivo-03,2026-09-29T09:23:37.438Z,24.99,,,0
lote-cultivo-01,2026-09-29T09:22:59.674Z,51.86556009094932,32.26533903588822,61.81312322984088,24.305732623932645
lote-cultivo-03,2026-09-29T09:22:37.293Z,25.04,,,0
lote-cultivo-01,2026-09-29T09:21:45.144Z,34.36310346275659,64.07530352438843,50.52506825402754,48.499505179793864
lote-cultivo-03,2026-09-29T09:21:37.157Z,25.07,,,0
lote-cultivo-03,2026-09-29T09:20:37.023Z,25.15,,,0
lote-cultivo-01,2026-09-29T09:20:30.623Z,20.87299773189339,66.4133003343731,49.58461143062359,74.5824643114251
lote-cultivo-03,2026-09-29T09:19:36.885Z,25.18,,,0
lote-cultivo-01,2026-09-29T09:19:16.101Z,62.97808517472619,67.16646578864682,27.85566393740075,34.47927160908881
lote-cultivo-03,2026-09-29T09:18:36.747Z,25.36,,,0
lote-cultivo-01,2026-09-29T09:18:01.567Z,77.23680659208962,76.10980252135636,59.73805684505381,71.07361900578604
lote-cultivo-03,2026-09-29T09:17:36.622Z,25.38,,,0
lote-cultivo-01,2026-09-29T09:16:47.046Z,38.78952308386116,59.4404486723851,15.25990841698194,38.99220137449244
lote-cultivo-03,2026-09-29T09:16:36.483Z,25.49,,,0
lote-cultivo-03,2026-09-29T09:15:36.345Z,25.62,,,0
lote-cultivo-01,2026-09-29T09:15:32.523Z,39.86232149707753,25.7027269333368,75.1612905749252,46.43171355243465
lote-cultivo-03,2026-09-29T09:14:36.209Z,25.71,,,0
lote-cultivo-01,2026-09-29T09:14:17.999Z,71.33630011449952,18.64908884575791,46.92405910860786,54.94578236113918
lote-cultivo-03,2026-09-29T09:13:36.072Z,25.81,,,0
lote-cultivo-01,2026-09-29T09:13:03.48Z,50.14604055763792,35.17621361651117,57.71438068952348,26.90000011568159
lote-cultivo-03,2026-09-29T09:12:35.94Z,25.9,,,0
lote-cultivo-01,2026-09-29T09:11:48.957Z,23.236105968692165,49.52561376692965,75.03160062722107,67.4800792124464
lote-cultivo-03,2026-09-29T09:11:35.805Z,26.06,,,0
lote-cultivo-03,2026-09-29T09:10:35.664Z,26.15,,,0
lote-cultivo-01,2026-09-29T09:10:34.431Z,55.22908388143701,65.35037034870666,34.79557629588039,44.73517317408661
lote-cultivo-03,2026-09-29T09:09:35.518Z,26.16,,,0
lote-cultivo-01,2026-09-29T09:09:19.913Z,72.29454264710348,77.26928992721693,63.61955817583026,68.12205462473135
lote-cultivo-03,2026-09-29T09:08:35.385Z,26.21,,,0
lote-cultivo-01,2026-09-29T09:08:05.39Z,39.950947296180274,63.97199925730879,18.57148310869343,60.70532622760608
lote-cultivo-03,2026-09-29T09:07:35.251Z,26.22,,,0
lote-cultivo-01,2026-09-29T09:06:50.873Z,46.20054168588078,43.08749130169441,64.91131009586223,17.773685259886125
lote-cultivo-03,2026-09-29T09:06:35.12Z,26.3,,,0
lote-cultivo-01,2026-09-29T09:05:36.346Z,87.71393852358483,41.4738145911517,11.355728154684863,57.776399165874736
lote-cultivo-03,2026-09-29T09:05:34.981Z,26.45,,,0
lote-cultivo-03,2026-09-29T09:04:34.837Z,26.46,,,0
lote-cultivo-01,2026-09-29T09:04:21.813Z,73.79898087618112,39.559949084515885,79.84788585874456,26.17273289580565
lote-cultivo-03,2026-09-29T09:03:34.7Z,26.55,,,0
lote-cultivo-01,2026-09-29T09:03:07.296Z,39.71523989000232,27.835759414214746,41.59332933928069,69.10205250220753
lote-cultivo-03,2026-09-29T09:02:34.561Z,26.65,,,0
lote-cultivo-01,2026-09-29T09:01:52.779Z,58.85920375940839,40.64841256383069,61.10538587601913,83.17860909920081
lote-cultivo-03,2026-09-29T09:01:34.428Z,26.68,,,0
lote-cultivo-01,2026-09-29T09:00:38.264Z,68.5583794098363,73.30466346064254,75.11253345331484,26.765587099101225
lote-cultivo-03,2026-09-29T09:00:34.293Z,26.9,,,0
lote-cultivo-03,2026-09-29T08:59:34.151Z,26.98,,,0
lote-cultivo-01,2026-09-29T08:59:23.745Z,29.63316786137299,75.06505576060381,32.60414472770353,63.88580811794231
lote-cultivo-03,2026-09-29T08:58:34.012Z,27.18,,,0
lote-cultivo-01,2026-09-29T08:58:09.232Z,30.502161922501987,49.46455887901104,64.74515092723473,16.07375253387643
lote-cultivo-03,2026-09-29T08:57:33.889Z,27.19,,,0
lote-cultivo-01,2026-09-29T08:56:54.7Z,78.430494758598,42.00041462806122,22.035593080108875,42.390351504336785
lote-cultivo-03,2026-09-29T08:56:33.736Z,27.23,,,0
lote-cultivo-01,2026-09-29T08:55:40.184Z,77.53951239708141,47.150312363585975,56.85973665853618,83.51650899358435
lote-cultivo-03,2026-09-29T08:55:33.617Z,27.3,,,0
lote-cultivo-03,2026-09-29T08:54:33.482Z,27.36,,,0
lote-cultivo-01,2026-09-29T08:54:25.662Z,48.140070730818145,39.390611113779286,20.93688639989809,36.04703056300015
lote-cultivo-03,2026-09-29T08:53:33.348Z,27.41,,,0
lote-cultivo-01,2026-09-29T08:53:11.135Z,65.50307877022826,37.76443796078673,72.06920855386662,75.72901092110347
lote-cultivo-03,2026-09-29T08:52:33.213Z,27.52,,,0
lote-cultivo-01,2026-09-29T08:51:56.597Z,73.77790056204618,54.446616145225235,45.720863442532014,34.85349649997418
lote-cultivo-03,2026-09-29T08:51:33.079Z,27.54,,,0
lote-cultivo-01,2026-09-29T08:50:42.082Z,26.691151401698793,62.94769755218124,59.15165504318557,32.01445137466457
lote-cultivo-03,2026-09-29T08:50:32.94Z,27.66,,,0
lote-cultivo-03,2026-09-29T08:49:32.802Z,27.87,,,0
lote-cultivo-01,2026-09-29T08:49:27.559Z,12.94829882009529,58.12172973275376,76.9572772056171,66.09575685601848
lote-cultivo-03,2026-09-29T08:48:32.665Z,28.09,,,0
lote-cultivo-01,2026-09-29T08:48:13.038Z,55.153224774959384,56.317483312310735,30.766174786804974,30.11971346624763
lote-cultivo-03,2026-09-29T08:47:32.527Z,28.14,,,0
lote-cultivo-01,2026-09-29T08:46:58.512Z,59.49251289864084,47.22411714894598,64.21764587100903,68.77210158093315
lote-cultivo-03,2026-09-29T08:46:32.39Z,28.36,,,0
lote-cultivo-01,2026-09-29T08:45:44.001Z,35.14471340065016,29.8053009023561,28.38106822253704,48.39401181640778
lote-cultivo-03,2026-09-29T08:45:32.251Z,28.39,,,0
lote-cultivo-03,2026-09-29T08:44:32.105Z,28.61,,,0
lote-cultivo-01,2026-09-29T08:44:29.465Z,58.80488920318277,36.59009505111568,43.626113927322415,50.82103871492094
lote-cultivo-03,2026-09-29T08:43:31.983Z,28.66,,,0
lote-cultivo-01,2026-09-29T08:43:14.949Z,78.47827020364635,62.59446583727867,38.660670491525714,65.55404746407196
lote-cultivo-03,2026-09-29T08:42:31.849Z,28.78,,,0
lote-cultivo-01,2026-09-29T08:42:00.403Z,35.99060716140779,64.43129506278345,54.11035129323519,26.4718466737897
lote-cultivo-03,2026-09-29T08:41:31.716Z,28.8,,,0
lote-cultivo-01,2026-09-29T08:40:45.873Z,13.70820483485106,49.65416852502144,60.4883996308215,55.99282697347373
lote-cultivo-03,2026-09-29T08:40:31.579Z,28.9,,,0
lote-cultivo-03,2026-09-29T08:39:31.443Z,28.91,,,0
lote-cultivo-01,2026-09-29T08:39:31.357Z,47.0062929877928,54.45987767529032,47.62408463641717,31.055429993271467
lote-cultivo-03,2026-09-29T08:38:31.304Z,29.1,,,0
lote-cultivo-01,2026-09-29T08:38:16.838Z,47.436039498690086,58.973748723752614,87.1061750505347,57.58930893268881
lote-cultivo-03,2026-09-29T08:37:31.169Z,29.21,,,0
lote-cultivo-01,2026-09-29T08:37:02.293Z,17.671304377385702,37.06060848050011,20.656191801558904,80.44172046470824
lote-cultivo-03,2026-09-29T08:36:31.02Z,29.25,,,0
lote-cultivo-01,2026-09-29T08:35:47.771Z,40.53257215345231,24.04271916475037,73.11807346740342,36.13497266880025
lote-cultivo-03,2026-09-29T08:35:30.88Z,29.45,,,0
lote-cultivo-01,2026-09-29T08:34:33.236Z,72.6975059835221,44.47940414755941,23.947085582101245,65.93238313335578
lote-cultivo-03,2026-09-29T08:34:30.738Z,29.45,,,0
lote-cultivo-03,2026-09-29T08:33:30.593Z,29.54,,,0
lote-cultivo-01,2026-09-29T08:33:18.712Z,44.46128707750155,64.33650289184547,41.32302560628368,16.115775422219393
lote-cultivo-03,2026-09-29T08:32:30.475Z,29.58,,,0
lote-cultivo-01,2026-09-29T08:32:04.18Z,26.566128812925665,65.6564853194208,46.85768091270195,35.219762960400594
lote-cultivo-03,2026-09-29T08:31:30.346Z,29.61,,,0
lote-cultivo-01,2026-09-29T08:30:49.621Z,60.925072639243616,65.36813112405298,44.00068159741926,80.93881670649492
lote-cultivo-03,2026-09-29T08:30:30.206Z,29.71,,,0
lote-cultivo-01,2026-09-29T08:29:35.093Z,61.05676891738615,58.09428926260957,68.4898645316652,39.74178227972804
lote-cultivo-03,2026-09-29T08:29:30.054Z,29.78,,,0
lote-cultivo-03,2026-09-29T08:28:29.919Z,30.01,,,0
lote-cultivo-01,2026-09-29T08:28:20.571Z,21.25079410958972,36.733102955353786,43.106795523517626,84.18395108830885
lote-cultivo-03,2026-09-29T08:27:29.783Z,30.21,,,0
lote-cultivo-01,2026-09-29T08:27:06.054Z,31.701771267811235,27.880727074819557,90.01790548262126,34.51012968886907
lote-cultivo-03,2026-09-29T08:26:29.644Z,30.43,,,0
lote-cultivo-01,2026-09-29T08:25:51.524Z,63.944802166582406,38.3674838953182,16.790307140767037,20.73717129885983
lote-cultivo-03,2026-09-29T08:25:29.507Z,30.64,,,0
lote-cultivo-01,2026-09-29T08:24:36.993Z,43.40715471681609,43.07093462130994,78.59327322938464,67.50080415872354
lote-cultivo-03,2026-09-29T08:24:29.377Z,30.64,,,0
lote-cultivo-03,2026-09-29T08:23:29.24Z,30.77,,,0
lote-cultivo-01,2026-09-29T08:23:22.473Z,31.39572286667265,49.77439663710149,18.92731768341488,29.01664023493431
lote-cultivo-03,2026-09-29T08:22:29.1Z,26.59,,,0
lote-cultivo-01,2026-09-29T08:22:07.951Z,74.79930316603203,76.14812634820152,43.25913008067645,77.28436588176719
lote-cultivo-03,2026-09-29T08:21:28.961Z,26.6,,,0
lote-cultivo-01,2026-09-29T08:20:53.414Z,85.62071707240648,86.26414368555987,48.31281050057211,56.14769328370591
lote-cultivo-03,2026-09-29T08:20:28.831Z,26.69,,,0
lote-cultivo-01,2026-09-29T08:19:38.885Z,44.37296607441417,54.01058487203165,41.73837227930755,34.6001054180789
lote-cultivo-03,2026-09-29T08:19:28.682Z,26.69,,,0
lote-cultivo-03,2026-09-29T08:18:28.544Z,26.75,,,0
lote-cultivo-01,2026-09-29T08:18:24.371Z,42.7543855418308,24.39770363859371,67.4051405057463,66.15675683580913
lote-cultivo-03,2026-09-29T08:17:28.42Z,26.76,,,0
lote-cultivo-01,2026-09-29T08:17:09.842Z,66.60268559142445,28.293491107632303,49.646606940398634,26.68772252560125
lote-cultivo-03,2026-09-29T08:16:28.276Z,26.87,,,0
lote-cultivo-01,2026-09-29T08:15:55.319Z,41.12355589487138,34.79358185297398,79.19290779039483,58.00976004313439
lote-cultivo-03,2026-09-29T08:15:28.149Z,26.89,,,0
lote-cultivo-01,2026-09-29T08:14:40.782Z,22.884969456766047,35.16719308195101,28.555353273790768,45.46792327352969
lote-cultivo-03,2026-09-29T08:14:28.012Z,27.09,,,0
lote-cultivo-03,2026-09-29T08:13:27.874Z,22,,,0
lote-cultivo-01,2026-09-29T08:13:26.255Z,68.32021574502477,56.250492391353035,68.65513941074634,45.00390464619291
lote-cultivo-03,2026-09-29T08:12:27.749Z,22,,,0
lote-cultivo-01,2026-09-29T08:12:11.723Z,91.8993741690449,83.12392114317483,27.195261847062653,74.82862978873167
lote-cultivo-03,2026-09-29T08:11:27.618Z,22,,,0
lote-cultivo-01,2026-09-29T08:10:57.197Z,58.88513027192388,80.62880369325676,34.65292615502842,39.83440688789865
lote-cultivo-03,2026-09-29T08:10:27.477Z,22,,,0
lote-cultivo-01,2026-09-29T08:09:42.68Z,56.23757615700505,59.59802695788553,58.38128243605375,64.65647818846374
lote-cultivo-03,2026-09-29T08:09:27.351Z,22,,,0
lote-cultivo-01,2026-09-29T08:08:28.161Z,78.5390759134141,40.108776135895205,31.69540332573942,27.656861237934173
lote-cultivo-03,2026-09-29T08:08:27.225Z,22,,,0
lote-cultivo-03,2026-09-29T08:07:27.089Z,22,,,0
lote-cultivo-01,2026-09-29T08:07:13.635Z,47.918441293806666,18.759368663149015,73.35854539558181,30.81148075088877
lote-cultivo-03,2026-09-29T08:06:26.955Z,22,,,0
lote-cultivo-01,2026-09-29T08:05:59.113Z,15.423029759301793,12.234993568283135,50.90810532589416,71.55448861413699
lote-cultivo-03,2026-09-29T08:05:26.821Z,22,,,0
lote-cultivo-01,2026-09-29T08:04:44.586Z,49.93160767436655,40.2630035656038,70.6422281834552,41.39305674612376
lote-cultivo-03,2026-09-29T08:04:26.662Z,22,,,0
lote-cultivo-01,2026-09-29T08:03:30.05Z,75.43369981719269,70.87278077638865,41.29882859758297,87.4163932013385
lote-cultivo-03,2026-09-29T08:03:26.543Z,22,,,0
lote-cultivo-03,2026-09-29T08:02:26.408Z,22,,,0
lote-cultivo-01,2026-09-29T08:02:15.528Z,47.55623732287324,73.69214044178453,55.663611358840285,40.88214726605272
lote-cultivo-03,2026-09-29T08:01:26.275Z,22.05,,,0
lote-cultivo-01,2026-09-29T08:01:01.007Z,48.92690200354451,72.82307481367934,39.05349754869515,18.814709049440616
lote-cultivo-03,2026-09-29T08:00:26.141Z,22.22,,,0
lote-cultivo-01,2026-09-29T07:59:46.491Z,80.63678505272507,75.86865282663437,22.92754497047175,61.59115976491957
lote-cultivo-03,2026-09-29T07:59:26.006Z,22.23,,,0
lote-cultivo-01,2026-09-29T07:58:31.96Z,57.72060276550531,49.61629034003287,71.75062146584534,23.54763163676442
lote-cultivo-03,2026-09-29T07:58:25.871Z,22.4,,,0
lote-cultivo-03,2026-09-29T07:57:25.736Z,22.48,,,0
lote-cultivo-01,2026-09-29T07:57:17.416Z,19.174286993108733,8.72284146083284,16.79169683336512,83.79797672205122
lote-cultivo-03,2026-09-29T07:56:25.613Z,22.57,,,0
lote-cultivo-01,2026-09-29T07:56:02.883Z,42.00465891672373,7.939097214234556,86.73188223337596,65.35330279222407
lote-cultivo-03,2026-09-29T07:55:25.477Z,22.67,,,0
lote-cultivo-01,2026-09-29T07:54:48.368Z,61.33557907866351,40.82060969243806,42.7081994638873,28.648160247619835
lote-cultivo-03,2026-09-29T07:54:25.336Z,22.78,,,0
lote-cultivo-01,2026-09-29T07:53:33.843Z,28.026508723053432,62.51106815782624,72.36423548358603,65.34044047906181
lote-cultivo-03,2026-09-29T07:53:25.207Z,22.97,,,0
lote-cultivo-03,2026-09-29T07:52:25.076Z,23.17,,,0
lote-cultivo-01,2026-09-29T07:52:19.328Z,25.065479757530213,73.40243961303355,44.19052302522443,17.882016423999097
lote-cultivo-03,2026-09-29T07:51:24.94Z,23.39,,,0
lote-cultivo-01,2026-09-29T07:51:04.802Z,64.63558564353616,84.23668159757861,52.32290705428998,58.771659448635525
lote-cultivo-03,2026-09-29T07:50:24.801Z,23.5,,,0
lote-cultivo-01,2026-09-29T07:49:50.275Z,57.1037221499144,73.34389382879934,40.22131035766322,61.97915205795851
lote-cultivo-03,2026-09-29T07:49:24.66Z,23.51,,,0
lote-cultivo-01,2026-09-29T07:48:35.759Z,25.95985420086223,42.12729677433197,23.62097401583344,38.06158681982349
lote-cultivo-03,2026-09-29T07:48:24.527Z,23.73,,,0
lote-cultivo-03,2026-09-29T07:47:24.391Z,23.76,,,0
lote-cultivo-01,2026-09-29T07:47:21.24Z,49.36275920228767,22.987141254841756,71.51875152227417,73.49379874687513
lote-cultivo-03,2026-09-29T07:46:24.242Z,23.99,,,0
lote-cultivo-01,2026-09-29T07:46:06.714Z,69.0105255435263,18.86538092862628,14.78290269673668,35.34315444304289
lote-cultivo-03,2026-09-29T07:45:24.12Z,24.14,,,0
lote-cultivo-01,2026-09-29T07:44:52.181Z,29.126556135797117,21.63285193264177,89.61278155306678,57.00871398964781
lote-cultivo-03,2026-09-29T07:44:23.99Z,24.2,,,0
lote-cultivo-01,2026-09-29T07:43:37.664Z,12.901121433158425,48.46180707662855,41.652985443563814,44.85507763899081
lote-cultivo-03,2026-09-29T07:43:23.835Z,24.34,,,0
lote-cultivo-03,2026-09-29T07:42:23.702Z,24.35,,,0
lote-cultivo-01,2026-09-29T07:42:23.124Z,48.28104332713661,87.27260967837319,69.42242266100448,30.080423934027667
lote-cultivo-03,2026-09-29T07:41:23.561Z,24.52,,,0
lote-cultivo-01,2026-09-29T07:41:08.612Z,48.156454079531926,89.63870427793928,49.971079374045054,65.75848003298333
lote-cultivo-03,2026-09-29T07:40:23.429Z,24.65,,,0
lote-cultivo-01,2026-09-29T07:39:54.095Z,24.379085234255193,59.8102697413184,47.678695751730146,40.85673753320339
lote-cultivo-03,2026-09-29T07:39:23.282Z,24.76,,,0
lote-cultivo-01,2026-09-29T07:38:39.56Z,55.48542695265266,44.411158139499754,40.2523213697204,79.29962479629108
lote-cultivo-03,2026-09-29T07:38:23.146Z,24.96,,,0
lote-cultivo-01,2026-09-29T07:37:25.028Z,87.16403989480776,38.95002901529194,29.25050194368089,51.04463536833526
lote-cultivo-03,2026-09-29T07:37:23.007Z,25.04,,,0
lote-cultivo-03,2026-09-29T07:36:22.875Z,25.23,,,0
lote-cultivo-01,2026-09-29T07:36:10.499Z,51.81492680196483,19.16074462183336,62.379032250487185,24.458005524961575
lote-cultivo-03,2026-09-29T07:35:22.737Z,25.44,,,0
lote-cultivo-01,2026-09-29T07:34:55.977Z,26.53134317042429,15.240881496670315,24.401565601134752,55.761192449912855
lote-cultivo-03,2026-09-29T07:34:22.6Z,25.5,,,0
lote-cultivo-01,2026-09-29T07:33:41.453Z,52.49291662471685,49.53454162259179,80.25658602350939,19.2726856759595
lote-cultivo-03,2026-09-29T07:33:22.462Z,25.57,,,0
lote-cultivo-01,2026-09-29T07:32:26.95Z,48.41694182771197,80.43864127327008,52.180515674617126,80.85584211233223
lote-cultivo-03,2026-09-29T07:32:22.322Z,25.71,,,0
lote-cultivo-03,2026-09-29T07:31:22.187Z,25.94,,,0
lote-cultivo-01,2026-09-29T07:31:12.417Z,19.46483708126975,79.75572716046797,55.63789575537766,71.22846546590893
lote-cultivo-03,2026-09-29T07:30:22.055Z,26.03,,,0
lote-cultivo-01,2026-09-29T07:29:57.888Z,50.69530632390708,68.73451770142223,65.71104564275048,30.027588234497188
lote-cultivo-03,2026-09-29T07:29:21.922Z,26.2,,,0
lote-cultivo-01,2026-09-29T07:28:42.379Z,93.9678994977352,53.676003282168836,29.38830983352042,64.53985735437296
lote-cultivo-03,2026-09-29T07:28:21.782Z,26.44,,,0
lote-cultivo-01,2026-09-29T07:27:27.855Z,70.86645952375302,29.248535767139916,51.81330662911072,9.486513325408366
lote-cultivo-03,2026-09-29T07:27:21.657Z,26.66,,,0
lote-cultivo-03,2026-09-29T07:26:21.503Z,26.81,,,0
lote-cultivo-01,2026-09-29T07:26:13.344Z,44.34079861431882,20.71089738230736,26.271913055152297,53.533415262596606
lote-cultivo-03,2026-09-29T07:25:21.352Z,26.81,,,0
lote-cultivo-01,2026-09-29T07:24:58.827Z,67.45087033224993,36.87142992091794,59.028490412039126,75.36250452680814
lote-cultivo-03,2026-09-29T07:24:21.215Z,27.03,,,0
lote-cultivo-01,2026-09-29T07:23:44.305Z,63.49204399498323,48.67015017648536,32.47163008193789,39.70834542018275
lote-cultivo-03,2026-09-29T07:23:21.09Z,27.13,,,0
lote-cultivo-01,2026-09-29T07:22:29.783Z,23.992929181477685,54.946379249411926,74.65340161082472,76.96544168624612
lote-cultivo-03,2026-09-29T07:22:20.955Z,27.22,,,0
lote-cultivo-03,2026-09-29T07:21:20.815Z,27.42,,,0
lote-cultivo-01,2026-09-29T07:21:15.259Z,39.05998005234933,74.95634524919726,58.23463476171627,27.029169987755058
lote-cultivo-03,2026-09-29T07:20:20.663Z,27.57,,,0
lote-cultivo-01,2026-09-29T07:20:00.73Z,81.48115833959582,81.57154846007246,46.40483448307679,42.28819327098925
lote-cultivo-03,2026-09-29T07:19:20.521Z,27.68,,,0
lote-cultivo-01,2026-09-29T07:18:46.207Z,65.44221334835605,49.69284641953558,79.41210332364201,58.04307082619885
lote-cultivo-03,2026-09-29T07:18:20.391Z,27.72,,,0
lote-cultivo-01,2026-09-29T07:17:31.674Z,43.40184357813834,22.382107943614695,13.66648656655823,33.938496426751826
lote-cultivo-03,2026-09-29T07:17:20.254Z,27.72,,,0
lote-cultivo-03,2026-09-29T07:16:20.115Z,27.83,,,0
lote-cultivo-01,2026-09-29T07:16:17.137Z,72.78698747185588,32.817713341483426,65.98178587738921,71.35167559390334
lote-cultivo-03,2026-09-29T07:15:19.976Z,27.94,,,0
lote-cultivo-01,2026-09-29T07:15:02.605Z,76.95673807178125,46.32654472886187,17.3849877543213,40.711387915269306
lote-cultivo-03,2026-09-29T07:14:19.833Z,28.06,,,0
lote-cultivo-01,2026-09-29T07:13:48.07Z,34.14923942685164,44.324029967011114,61.924442571142855,60.772254280964646
lote-cultivo-03,2026-09-29T07:13:19.711Z,28.11,,,0
lote-cultivo-01,2026-09-29T07:12:33.546Z,35.353310959475344,54.45823573467208,32.82882339364898,57.00310811569101
lote-cultivo-03,2026-09-29T07:12:19.567Z,28.23,,,0
lote-cultivo-03,2026-09-29T07:11:19.432Z,28.38,,,0
lote-cultivo-01,2026-09-29T07:11:19.027Z,68.30474614149882,71.80481174016548,74.61722044673405,29.013782924036622
lote-cultivo-03,2026-09-29T07:10:19.293Z,28.51,,,0
lote-cultivo-01,2026-09-29T07:10:04.493Z,47.973886756030346,65.36629042742997,56.21293305667644,58.98705258038673
lote-cultivo-03,2026-09-29T07:09:19.174Z,28.67,,,0
lote-cultivo-01,2026-09-29T07:08:49.963Z,21.28341278884637,47.04227184950062,49.22028024431522,23.72082297318349
lote-cultivo-03,2026-09-29T07:08:19.039Z,28.83,,,0
lote-cultivo-01,2026-09-29T07:07:35.442Z,54.25378903797715,40.08951580313253,78.23943018939815,68.56003883981894
lote-cultivo-03,2026-09-29T07:07:18.902Z,28.99,,,0
lote-cultivo-01,2026-09-29T07:06:20.916Z,72.82917548753383,35.44862283737834,12.558461901040609,72.73242799817986
lote-cultivo-03,2026-09-29T07:06:18.762Z,29.22,,,0
lote-cultivo-03,2026-09-29T07:05:18.632Z,29.42,,,0
lote-cultivo-01,2026-09-29T07:05:06.383Z,39.637857852757136,35.52148294747774,67.26489104145543,37.735282695793856
lote-cultivo-03,2026-09-29T07:04:18.49Z,29.55,,,0
lote-cultivo-01,2026-09-29T07:03:51.861Z,39.71017682500834,55.548992142109746,19.208038303363026,68.29360735370162
lote-cultivo-03,2026-09-29T07:03:18.356Z,29.63,,,0
lote-cultivo-01,2026-09-29T07:02:37.338Z,70.25036017882529,70.52570491208226,55.57051198489458,7.6380232076025
lote-cultivo-01,2026-09-29T07:01:22.805Z,45.15686388111445,56.04741896939468,41.62858088742095,46.411291445845904
lote-cultivo-01,2026-09-29T07:00:08.276Z,6.211133842101085,43.8348619895137,67.53533960087145,74.4621974687091
lote-cultivo-01,2026-09-29T06:58:53.765Z,31.362028701927503,52.82838619574537,58.35389626407406,41.83208219467732
lote-cultivo-01,2026-09-29T06:57:39.234Z,56.20746957674939,49.025474429897194,52.07392382228889,87.13690178329645
lote-cultivo-01,2026-09-29T06:56:24.703Z,32.79985226345865,30.766916769809303,72.83246576232312,24.75044510882542
lote-cultivo-01,2026-09-29T06:55:10.167Z,39.51603332925085,40.11956726992313,18.462773785813795,30.79173614888633
lote-cultivo-01,2026-09-29T06:53:55.635Z,79.7775211990046,67.84244921157315,60.6756042111151,61.33853951046569
lote-cultivo-01,2026-09-29T06:52:41.094Z,62.07191947934674,68.63742975250796,28.95803864005441,31.397129945885364
lote-cultivo-01,2026-09-29T06:51:26.56Z,16.92422311181143,51.0328136273907,40.698754366828354,81.74031134848191
lote-cultivo-01,2026-09-29T06:50:12.043Z,30.761913555136815,45.332610573688655,60.45273264180592,46.609957004416074
lote-cultivo-01,2026-09-29T06:48:57.522Z,51.54249794315905,41.5503673001436,48.74305285013957,44.05247285257578
lote-cultivo-01,2026-09-29T06:47:42.996Z,26.337146741430733,34.18082097845431,72.66455959998285,59.38030410714953
lote-cultivo-01,2026-09-29T06:46:28.455Z,31.45739108497363,43.25679991998142,44.01040689325987,27.809817123910413
lote-cultivo-01,2026-09-29T06:45:13.926Z,80.38172653852985,59.50043144040821,76.34651447155126,62.99105988505404
lote-cultivo-01,2026-09-29T06:43:59.408Z,77.59543011298307,60.66893371692292,16.869229492035746,36.44034903895746
lote-cultivo-01,2026-09-29T06:42:44.886Z,38.14060552642523,61.107637320166575,61.598054625424034,55.14623874855617
lote-cultivo-01,2026-09-29T06:41:30.359Z,49.794182050154326,66.38155983204697,30.22273924638836,68.85193357032367
lote-cultivo-01,2026-09-29T06:40:15.848Z,68.6180550225333,48.21500947148464,34.81462193107406,39.98908569245479
lote-cultivo-01,2026-09-29T06:39:01.315Z,35.90490387277903,18.595076896923803,71.29645541152264,69.20051924494894
lote-cultivo-03,2026-09-29T06:37:58.02Z,29.79,,,0
lote-cultivo-01,2026-09-29T06:37:46.778Z,27.2832857850528,25.072499197361896,35.61352967553768,17.77552401463258
lote-cultivo-03,2026-09-29T06:36:57.885Z,29.83,,,0
lote-cultivo-01,2026-09-29T06:36:32.246Z,71.2304944918755,55.45699918813095,83.72611413207824,41.00618496378514
lote-cultivo-03,2026-09-29T06:35:57.738Z,30.03,,,0
lote-cultivo-01,2026-09-29T06:35:17.731Z,75.30539650793858,63.51236148529692,37.74014905261298,66.98320659475134
lote-cultivo-03,2026-09-29T06:34:57.598Z,30.04,,,0
lote-cultivo-01,2026-09-29T06:34:03.192Z,42.27126912221183,60.375171506363046,78.45067132126647,41.8977563320388
lote-cultivo-03,2026-09-29T06:33:57.461Z,30.09,,,0
lote-cultivo-03,2026-09-29T06:32:57.31Z,30.14,,,0
lote-cultivo-01,2026-09-29T06:32:48.661Z,59.14960764787577,70.85134086486843,15.72016483504846,92.5104282795245
lote-cultivo-03,2026-09-29T06:31:57.18Z,30.16,,,0
lote-cultivo-01,2026-09-29T06:31:34.154Z,86.7615673118486,68.18629601349672,64.44114494686399,29.937499941750424
lote-cultivo-03,2026-09-29T06:30:57.03Z,30.4,,,0
lote-cultivo-01,2026-09-29T06:30:19.629Z,55.47160256516241,38.77175510499376,25.845205165700552,27.602531975441337
lote-cultivo-03,2026-09-29T06:29:56.896Z,30.57,,,0
lote-cultivo-01,2026-09-29T06:29:05.093Z,34.42517722763993,19.7321449540365,38.51309886189805,57.108442444622675
lote-cultivo-03,2026-09-29T06:28:56.76Z,30.68,,,0
lote-cultivo-03,2026-09-29T06:27:56.63Z,30.81,,,0
lote-cultivo-01,2026-09-29T06:27:50.557Z,65.72932559957452,26.154852623490125,69.96091239465682,24.30557851979926
lote-cultivo-03,2026-09-29T06:26:56.475Z,30.9,,,0
lote-cultivo-01,2026-09-29T06:26:36.037Z,64.39271326730344,39.08300364330143,35.4169543808068,90.52634289400105
lote-cultivo-03,2026-09-29T06:25:56.337Z,31.07,,,0
lote-cultivo-01,2026-09-29T06:25:21.527Z,26.50466290649286,59.14331426872078,82.0086172666963,54.802912499720065
lote-cultivo-03,2026-09-29T06:24:56.193Z,31.14,,,0
lote-cultivo-01,2026-09-29T06:24:07.004Z,42.68281736761749,83.19996790614088,44.35876338661686,36.83242148873149
lote-cultivo-03,2026-09-29T06:23:56.061Z,31.26,,,0
lote-cultivo-03,2026-09-29T06:22:55.925Z,31.44,,,0
lote-cultivo-01,2026-09-29T06:22:52.477Z,81.47192165940635,80.15539039972755,67.07564818748062,60.07656227777714
lote-cultivo-03,2026-09-29T06:21:55.794Z,31.57,,,0
lote-cultivo-01,2026-09-29T06:21:37.954Z,62.18221837788261,52.606073593874406,28.94332226628299,17.37588320887037
lote-cultivo-03,2026-09-29T06:20:55.659Z,31.77,,,0
lote-cultivo-01,2026-09-29T06:20:23.432Z,41.67047939160431,38.41075004856377,53.60947302425877,66.11238082234193
lote-cultivo-03,2026-09-29T06:19:55.52Z,31.99,,,0
lote-cultivo-01,2026-09-29T06:19:08.912Z,68.84083301857933,33.82352356208503,32.474456721510705,52.25040521004626
lote-cultivo-03,2026-09-29T06:18:55.375Z,32.17,,,0
lote-cultivo-03,2026-09-29T06:17:55.243Z,32.31,,,0
lote-cultivo-01,2026-09-29T06:17:54.391Z,63.40617304915731,17.975242133278883,34.89641532859957,46.80876464481185
lote-cultivo-03,2026-09-29T06:16:55.089Z,32.47,,,0
lote-cultivo-01,2026-09-29T06:16:39.874Z,14.621808648211248,21.15383737405725,72.41526436966262,68.88919393295336
lote-cultivo-03,2026-09-29T06:15:54.96Z,32.53,,,0
lote-cultivo-01,2026-09-29T06:15:25.355Z,18.896743372434795,62.73221440303644,33.28592223077631,33.78920504373685
lote-cultivo-03,2026-09-29T06:14:54.824Z,32.58,,,0
lote-cultivo-01,2026-09-29T06:14:10.834Z,58.67391687165494,92.63190751921027,81.33793733245162,63.89320082964964
lote-cultivo-03,2026-09-29T06:13:54.688Z,32.69,,,0
lote-cultivo-01,2026-09-29T06:12:56.322Z,48.65965960037371,79.3696940485193,50.87857458355954,34.58219769457418
lote-cultivo-03,2026-09-29T06:12:54.554Z,32.86,,,0
lote-cultivo-03,2026-09-29T06:11:54.406Z,33.04,,,0
lote-cultivo-01,2026-09-29T06:11:41.793Z,34.58262428502014,57.753657960829095,53.86795304973312,38.80002696436736
lote-cultivo-03,2026-09-29T06:10:54.27Z,33.09,,,0
lote-cultivo-01,2026-09-29T06:10:27.269Z,69.26201678374886,45.33200858341041,46.789636844957855,62.385267212422846
lote-cultivo-03,2026-09-29T06:09:54.133Z,33.31,,,0
lote-cultivo-01,2026-09-29T06:09:12.74Z,73.0095962919363,25.12584301480511,35.825316534628534,39.511144793498715
lote-cultivo-03,2026-09-29T06:08:54.005Z,33.42,,,0
lote-cultivo-01,2026-09-29T06:07:58.21Z,22.653488987616104,12.304878507404498,46.92666252699448,86.62145831964602
lote-cultivo-03,2026-09-29T06:07:53.872Z,33.63,,,0
lote-cultivo-03,2026-09-29T06:06:53.739Z,33.84,,,0
lote-cultivo-01,2026-09-29T06:06:43.681Z,15.29147756248041,30.259680731120675,24.064876479071312,39.98152067401249
lote-cultivo-03,2026-09-29T06:05:53.607Z,33.99,,,0
lote-cultivo-01,2026-09-29T06:05:29.147Z,48.20390684632159,57.8098860643262,81.54405092476803,32.00684181433541
lote-cultivo-03,2026-09-29T06:04:53.479Z,34.23,,,0
lote-cultivo-01,2026-09-29T06:04:14.625Z,36.53330582877256,74.67257390819935,24.01817092655283,52.40984296013303
lote-cultivo-03,2026-09-29T06:03:53.344Z,34.23,,,0
lote-cultivo-01,2026-09-29T06:03:00.1Z,20.05484696128196,87.05567616344916,89.70573892218519,18.012125708509295
lote-cultivo-03,2026-09-29T06:02:53.21Z,34.34,,,0
lote-cultivo-03,2026-09-29T06:01:53.062Z,34.57,,,0
lote-cultivo-01,2026-09-29T06:01:45.563Z,59.46598180855332,80.19481123235394,46.260925404225944,89.65077262229208
lote-cultivo-03,2026-09-29T06:00:52.928Z,34.74,,,0
lote-cultivo-01,2026-09-29T06:00:31.032Z,78.49213749710867,41.05650908789378,52.51018050895935,60.83028175254176
lote-cultivo-03,2026-09-29T05:59:52.794Z,34.89,,,0
lote-cultivo-01,2026-09-29T05:59:16.496Z,38.848212516164836,11.027209501722009,53.193772048545696,40.46405991118261
lote-cultivo-03,2026-09-29T05:58:52.659Z,34.92,,,0
lote-cultivo-01,2026-09-29T05:58:01.979Z,31.5770302657134,21.311477127186905,28.210439387246172,62.06192349174039
lote-cultivo-03,2026-09-29T05:57:52.508Z,35.16,,,0
lote-cultivo-03,2026-09-29T05:56:52.38Z,35.23,,,0
lote-cultivo-01,2026-09-29T05:56:47.463Z,63.19687757862651,38.2998674216889,51.82798884676774,5.19161393459541
lote-cultivo-03,2026-09-29T05:55:52.236Z,35.43,,,0
lote-cultivo-01,2026-09-29T05:55:32.95Z,47.71282267701989,43.71109776188496,22.996042091659692,64.43855797005493
lote-cultivo-03,2026-09-29T05:54:52.094Z,35.45,,,0
lote-cultivo-01,2026-09-29T05:54:18.409Z,19.083010107563855,66.06754342876455,80.54803486315384,62.05226985385006
lote-cultivo-03,2026-09-29T05:53:51.957Z,35.51,,,0
lote-cultivo-01,2026-09-29T05:53:03.885Z,49.88675600157217,93.9491696951388,24.07559246952669,45.94378138516912
lote-cultivo-03,2026-09-29T05:52:51.826Z,35.71,,,0
lote-cultivo-03,2026-09-29T05:51:51.678Z,35.83,,,0
lote-cultivo-01,2026-09-29T05:51:49.345Z,74.04990266087593,81.45608090968423,91.72184652823456,76.23705368678652
lote-cultivo-03,2026-09-29T05:50:51.556Z,36.08,,,0
lote-cultivo-01,2026-09-29T05:50:34.823Z,43.35754518060858,42.08443651947864,43.84801670357453,23.380501371001255
lote-cultivo-03,2026-09-29T05:49:51.406Z,36.29,,,0
lote-cultivo-01,2026-09-29T05:49:20.299Z,41.9951895666694,22.257623308296324,53.000429817198146,53.72473779131938
lote-cultivo-03,2026-09-29T05:48:51.27Z,36.36,,,0
lote-cultivo-01,2026-09-29T05:48:05.776Z,82.36455676548331,21.25075864781544,55.28510778991973,48.000558847379175
lote-cultivo-03,2026-09-29T05:47:51.148Z,33.18,,,0
lote-cultivo-01,2026-09-29T05:46:51.263Z,73.02497328351146,25.735737777406,26.272895656722543,37.91905209823834
lote-cultivo-03,2026-09-29T05:46:50.998Z,33.27,,,0
lote-cultivo-03,2026-09-29T05:45:50.858Z,33.3,,,0
lote-cultivo-01,2026-09-29T05:45:36.727Z,36.34186538717213,47.43632444987729,49.752069084131385,68.15690737364176
lote-cultivo-03,2026-09-29T05:44:50.724Z,33.49,,,0
lote-cultivo-01,2026-09-29T05:44:22.194Z,53.16772872907482,74.72435283783798,31.333041607145542,37.18411528991452
lote-cultivo-03,2026-09-29T05:43:50.579Z,33.65,,,0
lote-cultivo-01,2026-09-29T05:43:07.677Z,70.45458420621746,78.2483104701889,67.23623078871637,71.3337787141462
lote-cultivo-03,2026-09-29T05:42:50.442Z,33.67,,,0
lote-cultivo-01,2026-09-29T05:41:53.163Z,35.80333172889759,68.15388095677866,38.476803791529704,49.1640049984066
lote-cultivo-03,2026-09-29T05:41:50.291Z,33.87,,,0
lote-cultivo-03,2026-09-29T05:40:50.153Z,29.35,,,0
lote-cultivo-01,2026-09-29T05:40:38.651Z,31.4188493313098,60.52274638602084,79.01074145739075,36.181371674984334
lote-cultivo-03,2026-09-29T05:39:50.016Z,29.48,,,0
lote-cultivo-01,2026-09-29T05:39:24.121Z,79.02612368585503,37.850513652747765,54.569043852922086,54.03836040003305
lote-cultivo-03,2026-09-29T05:38:49.878Z,29.73,,,0
lote-cultivo-01,2026-09-29T05:38:09.599Z,83.08901558628037,9.942138671494764,42.64337516786385,18.80184833447511
lote-cultivo-03,2026-09-29T05:37:49.739Z,29.81,,,0
lote-cultivo-01,2026-09-27T13:44:31.319Z,32.060907029577905,76.33646276836194,53.960699915756784,75.95093628356193
lote-cultivo-03,2026-09-27T13:44:11.331Z,22,,,8376.7
lote-cultivo-01,2026-09-27T13:43:16.788Z,6.524980393371262,78.2087887339316,22.22353632009764,57.95080343254891
lote-cultivo-03,2026-09-27T13:43:11.192Z,22,,,9162.3
lote-cultivo-03,2026-09-27T13:42:11.055Z,22,,,9671.3
lote-cultivo-01,2026-09-27T13:42:02.269Z,44.74665536307497,55.28649597246916,67.64141467784246,54.96498830076172
lote-cultivo-03,2026-09-27T13:41:10.911Z,22,,,8270.1
lote-cultivo-01,2026-09-27T13:40:47.756Z,60.90058268412909,30.77850443538967,5.98561086049967,74.31656628034565
lote-cultivo-03,2026-09-27T13:40:10.771Z,22,,,10218.9
lote-cultivo-01,2026-09-27T13:39:33.233Z,38.46912922057138,24.011348074703555,81.50486599210893,2.5199065870405044
lote-cultivo-03,2026-09-27T13:39:10.634Z,22,,,9955.6
lote-cultivo-01,2026-09-27T13:38:18.706Z,58.85927837579147,21.533639490909437,38.61256380369231,52.76633851324631
lote-cultivo-03,2026-09-27T13:38:10.499Z,22,,,9281.6
lote-cultivo-03,2026-09-27T13:37:10.361Z,22,,,9503.8
lote-cultivo-01,2026-09-27T13:37:04.182Z,90.7869056313799,31.061349841040307,65.87083635241952,51.57199349081901
lote-cultivo-03,2026-09-27T13:36:10.218Z,22,,,10882.1
lote-cultivo-01,2026-09-27T13:35:49.665Z,56.96453684519451,68.60426729836647,65.96464838812005,49.81518123812804
lote-cultivo-03,2026-09-27T13:35:10.082Z,22,,,10041
lote-cultivo-01,2026-09-27T13:34:35.145Z,22.68326506735811,96.169657791311,45.722798929368444,89.19011252033144
lote-cultivo-03,2026-09-27T13:34:09.944Z,22,,,10075.2
lote-cultivo-01,2026-09-27T13:33:20.626Z,49.85073773120225,77.34552349230574,57.14654384992062,26.297087707762024
lote-cultivo-03,2026-09-27T13:33:09.799Z,22,,,10622.3
lote-cultivo-03,2026-09-27T13:32:09.674Z,22,,,10311.4
lote-cultivo-01,2026-09-27T13:32:06.107Z,61.07879470301884,47.47623306684407,23.201402938693715,48.62939394905838
lote-cultivo-03,2026-09-27T13:31:09.539Z,22,,,9211.9
lote-cultivo-01,2026-09-27T13:30:51.587Z,33.53784078918986,39.285839664146614,64.02881619229497,42.41724571383986
lote-cultivo-03,2026-09-27T13:30:09.401Z,22,,,8932
lote-cultivo-01,2026-09-27T13:29:37.045Z,51.09931751486639,28.126095578497605,9.203690105242169,36.41218706505107
lote-cultivo-03,2026-09-27T13:29:09.272Z,22,,,8091.8
lote-cultivo-01,2026-09-27T13:28:22.515Z,92.13877149286044,11.843135657269151,80.2812360017541,74.58263522020319
lote-cultivo-03,2026-09-27T13:28:09.122Z,22,,,10579.5
lote-cultivo-03,2026-09-27T13:27:08.99Z,22,,,9627.4
lote-cultivo-01,2026-09-27T13:27:08.005Z,70.92163841309727,28.537266798493462,38.547411715206955,38.393753395498784
lote-cultivo-03,2026-09-27T13:26:08.851Z,22,,,7629.6
lote-cultivo-01,2026-09-27T13:25:53.486Z,39.36184496007804,69.03276820448762,64.61325764672694,64.62345955039052
lote-cultivo-03,2026-09-27T13:25:08.7Z,22,,,10296.6
lote-cultivo-01,2026-09-27T13:24:38.97Z,64.02805226352699,87.21676714864184,69.49428733352109,48.262855735027976
lote-cultivo-03,2026-09-27T13:24:08.568Z,22,,,9945
lote-cultivo-01,2026-09-27T13:23:24.445Z,72.39084209825091,80.31683131447579,42.02696157826032,40.83909286520278
lote-cultivo-03,2026-09-27T13:23:08.433Z,22,,,7519.8
lote-cultivo-01,2026-09-27T13:22:09.919Z,33.93940988844162,65.69694838112203,57.32188267951529,60.85781367364931
lote-cultivo-03,2026-09-27T13:22:08.29Z,22,,,9191.7
lote-cultivo-03,2026-09-27T13:21:08.155Z,22,,,9974.1
lote-cultivo-01,2026-09-27T13:20:55.388Z,36.561841392519874,38.542425667203815,29.60937350983253,19.949354431201183
lote-cultivo-03,2026-09-27T13:20:08.014Z,22,,,9714.8
lote-cultivo-01,2026-09-27T13:19:40.87Z,74.03107959232234,13.076066349069905,51.67965821725564,66.28922519188197
lote-cultivo-03,2026-09-27T13:19:07.875Z,22,,,7599.1
lote-cultivo-01,2026-09-27T13:18:26.345Z,59.10238123014969,19.059359403409143,24.066956135479924,53.48030307105795
lote-cultivo-03,2026-09-27T13:18:07.731Z,22,,,9219.8
lote-cultivo-01,2026-09-27T13:17:11.826Z,32.488922071423204,41.44725312030804,66.05166141973235,54.086142226206114
lote-cultivo-03,2026-09-27T13:17:07.597Z,22,,,8388.4
lote-cultivo-03,2026-09-27T13:16:07.451Z,22,,,8050.5
lote-cultivo-01,2026-09-27T13:15:57.322Z,63.8144120389064,53.36132948609874,50.84161647883866,78.43053588254612
lote-cultivo-03,2026-09-27T13:15:07.32Z,22,,,9553.9
lote-cultivo-01,2026-09-27T13:14:42.796Z,81.76689224604391,70.4004557196679,52.51295068999773,9.340556460245448
lote-cultivo-03,2026-09-27T13:14:07.186Z,22,,,8269.8
lote-cultivo-01,2026-09-27T13:13:28.275Z,42.8003624206518,92.46141368344874,82.89022604402831,50.67309892629618
lote-cultivo-03,2026-09-27T13:13:07.048Z,22,,,8426.4
lote-cultivo-01,2026-09-27T13:12:13.771Z,32.951921728719036,77.64948905312204,28.46242476738074,44.40728547943532
lote-cultivo-03,2026-09-27T13:12:06.909Z,22,,,8740.6
lote-cultivo-03,2026-09-27T13:11:06.777Z,22,,,7235.4
lote-cultivo-01,2026-09-27T13:10:59.252Z,60.421853523065415,32.09159398968647,68.04127503669989,45.232597730181055
lote-cultivo-03,2026-09-27T13:10:06.642Z,22,,,8785.5
lote-cultivo-01,2026-09-27T13:09:44.728Z,41.05846518203285,13.741745757998592,25.647694223734153,98.54727594794797
lote-cultivo-03,2026-09-27T13:09:06.504Z,22,,,9043.2
lote-cultivo-01,2026-09-27T13:08:30.21Z,9.787776549190918,27.97780246956038,48.27750739068451,29.101950187212367
lote-cultivo-03,2026-09-27T13:08:06.362Z,22.09,,,7691.6
lote-cultivo-01,2026-09-27T13:07:15.693Z,43.324647663874664,37.24348629661531,32.101313802660584,47.799014737668216
lote-cultivo-03,2026-09-27T13:07:06.206Z,22.11,,,7486.2
lote-cultivo-03,2026-09-27T13:06:06.07Z,22.22,,,8515.5
lote-cultivo-01,2026-09-27T13:06:01.185Z,75.1405179695294,47.078096964075726,56.702734162845715,40.09020631793268
lote-cultivo-03,2026-09-27T13:05:05.935Z,22.29,,,7667.6
lote-cultivo-01,2026-09-27T13:04:46.667Z,47.72289517928498,73.00993880124686,58.702434614616784,24.027657628880124
lote-cultivo-03,2026-09-27T13:04:05.807Z,22.39,,,8371.1
lote-cultivo-01,2026-09-27T13:03:32.144Z,39.001970995201354,85.34185954010273,45.1574954341096,85.56923968342716
lote-cultivo-03,2026-09-27T13:03:05.666Z,22.62,,,7199.1
lote-cultivo-01,2026-09-27T13:02:17.618Z,62.494748346407526,67.015761712605,90.5966650096266,48.24922684940225
lote-cultivo-03,2026-09-27T13:02:05.523Z,22.83,,,7504.4
lote-cultivo-03,2026-09-27T13:01:05.368Z,22.95,,,8272.6
lote-cultivo-01,2026-09-27T13:01:02.111Z,43.24404366510034,46.75664868900983,16.538986111810758,57.51798827484741
lote-cultivo-03,2026-09-27T13:00:05.228Z,22.99,,,6625.8
lote-cultivo-01,2026-09-27T12:59:47.583Z,1.589926381922439,31.653140442500188,78.5660885518835,48.622447265936955
lote-cultivo-03,2026-09-27T12:59:05.094Z,23.02,,,8022.2
lote-cultivo-01,2026-09-27T12:58:33.055Z,25.534052417466167,17.94455522980526,17.826211225791063,25.834147290665832
lote-cultivo-03,2026-09-27T12:58:04.954Z,23.18,,,6803.4
lote-cultivo-01,2026-09-27T12:57:18.53Z,63.7849364880814,28.17879833107904,48.60508722719029,64.74313922665456
lote-cultivo-03,2026-09-27T12:57:04.813Z,23.31,,,8505.7
lote-cultivo-03,2026-09-27T12:56:04.672Z,23.44,,,7540.4
lote-cultivo-01,2026-09-27T12:56:04.026Z,46.314078434997654,61.56041920816626,38.413312310694586,35.863191472755055
lote-cultivo-03,2026-09-27T12:55:04.543Z,23.61,,,6734.6
lote-cultivo-01,2026-09-27T12:54:49.492Z,40.80266537668127,74.32598630507253,51.92237080428881,63.14165029212504
lote-cultivo-03,2026-09-27T12:54:04.41Z,23.82,,,7494.9
lote-cultivo-01,2026-09-27T12:53:34.945Z,75.62178097788026,61.80327458257069,60.88186347114396,55.10828476276637
lote-cultivo-03,2026-09-27T12:53:04.265Z,23.87,,,7470
lote-cultivo-01,2026-09-27T12:52:20.424Z,64.48235057947042,60.65733313332419,49.18548922346,41.93698531753478
lote-cultivo-03,2026-09-27T12:52:04.124Z,24.06,,,6022.1
lote-cultivo-01,2026-09-27T12:51:05.891Z,18.114450799954017,61.538409340982426,85.32890970249719,73.91803335910811
lote-cultivo-03,2026-09-27T12:51:03.986Z,24.29,,,6790.7
lote-cultivo-03,2026-09-27T12:50:03.845Z,24.33,,,6713.6
lote-cultivo-01,2026-09-27T12:49:51.364Z,29.90923053591982,36.12760402877006,20.769016030359815,21.284768920224792
lote-cultivo-03,2026-09-27T12:49:03.705Z,24.38,,,7251.4
lote-cultivo-01,2026-09-27T12:48:36.828Z,62.563217522812565,16.59198344313294,76.08187075063482,52.28258382961618
lote-cultivo-03,2026-09-27T12:48:03.562Z,24.45,,,5943.4
lote-cultivo-01,2026-09-27T12:47:22.311Z,42.97986698992733,36.572584921845994,20.591795535975685,46.43041972522556
lote-cultivo-03,2026-09-27T12:47:03.427Z,24.69,,,6822.2
lote-cultivo-01,2026-09-27T12:46:07.788Z,34.97858109918783,62.18088574998387,43.195108346873326,37.54549703623775
lote-cultivo-03,2026-09-27T12:46:03.29Z,24.81,,,6117.2
lote-cultivo-03,2026-09-27T12:45:03.158Z,24.89,,,6448.6
lote-cultivo-01,2026-09-27T12:44:53.242Z,76.45337046619922,63.821232944900785,46.58300758570286,95.7955970433156
lote-cultivo-03,2026-09-27T12:44:03.02Z,25.07,,,7504.1
lote-cultivo-01,2026-09-27T12:43:38.716Z,80.02818309343232,61.766598324110845,44.16185358842797,34.490380533170566
lote-cultivo-03,2026-09-27T12:43:02.886Z,25.3,,,6288
lote-cultivo-01,2026-09-27T12:42:24.186Z,40.303720998130885,61.25983319340666,64.02746269835382,49.36137484094859
lote-cultivo-03,2026-09-27T12:42:02.739Z,25.31,,,7028.9
lote-cultivo-01,2026-09-27T12:41:09.658Z,48.916941400274126,46.852381612001096,52.935644820543345,42.12510435445908
lote-cultivo-03,2026-09-27T12:41:02.611Z,25.45,,,7583.3
lote-cultivo-03,2026-09-27T12:40:02.473Z,25.6,,,6114.6
lote-cultivo-01,2026-09-27T12:39:55.115Z,78.10384166725133,34.984808156402764,75.95174884762008,13.645283206694796
lote-cultivo-03,2026-09-27T12:39:02.331Z,25.65,,,6751.5
lote-cultivo-01,2026-09-27T12:38:40.6Z,51.011734853987825,41.162290384228776,32.442940059663684,87.95049101255448
lote-cultivo-03,2026-09-27T12:37:36.933Z,25.89,,,5212.6
lote-cultivo-01,2026-09-27T12:37:26.082Z,28.583690096463062,45.197859377933995,64.65658123825612,52.15724537255508
lote-cultivo-03,2026-09-27T12:36:36.794Z,26.02,,,5142.1
lote-cultivo-01,2026-09-27T12:36:11.548Z,63.1037909046338,45.51025142573668,32.04856314345832,59.82434992513333
lote-cultivo-03,2026-09-27T12:35:36.655Z,26.1,,,5662.2
lote-cultivo-01,2026-09-27T12:34:57.02Z,73.0864249096987,62.434851116274416,29.658562540613215,56.40085440716946
lote-cultivo-03,2026-09-27T12:34:36.519Z,26.29,,,5999.1
lote-cultivo-01,2026-09-27T12:33:42.502Z,40.71527485425787,73.46046320120514,63.04267326236621,10.429477669012472
lote-cultivo-03,2026-09-27T12:33:36.383Z,26.47,,,6133
lote-cultivo-03,2026-09-27T12:32:36.249Z,26.61,,,6835.4
lote-cultivo-01,2026-09-27T12:32:27.987Z,54.11946971106515,50.307392004714366,26.68566870085484,62.558128414234424
lote-cultivo-03,2026-09-27T12:31:36.117Z,26.81,,,5556.2
lote-cultivo-01,2026-09-27T12:31:13.471Z,90.79857338349238,28.856497630740215,78.14781266300085,44.818180710309704
lote-cultivo-03,2026-09-27T12:30:35.965Z,26.92,,,6299
lote-cultivo-01,2026-09-27T12:29:58.929Z,65.73661427258656,41.67946598523789,45.45729616361729,61.54016872247469
lote-cultivo-03,2026-09-27T12:29:35.834Z,27.03,,,5763.8
lote-cultivo-01,2026-09-27T12:28:44.408Z,31.487697704101407,54.4433221636046,76.5336865668605,66.00089125232034
lote-cultivo-03,2026-09-27T12:28:35.693Z,27.09,,,5467
lote-cultivo-03,2026-09-27T12:27:35.553Z,27.13,,,6653.4
lote-cultivo-01,2026-09-27T12:27:29.872Z,52.5660898463288,46.73328570386778,35.874268142671454,31.784829249474427
lote-cultivo-03,2026-09-27T12:26:35.415Z,27.37,,,5045.3
lote-cultivo-01,2026-09-27T12:26:15.362Z,57.42674766863393,50.6256281504737,60.7465115170049,63.120630696478464
lote-cultivo-03,2026-09-27T12:25:35.286Z,27.57,,,5201.3
lote-cultivo-01,2026-09-27T12:25:00.841Z,21.839661430015727,67.17675612832826,35.57785087324742,31.17893293432788
lote-cultivo-03,2026-09-27T12:24:35.151Z,27.63,,,5573.4
lote-cultivo-01,2026-09-27T12:23:46.313Z,34.42884897921242,61.54552433969294,25.157605189032147,52.627230449412565
lote-cultivo-03,2026-09-27T12:23:35.001Z,27.72,,,5667.3
lote-cultivo-03,2026-09-27T12:22:34.863Z,23.16,,,5396.7
lote-cultivo-01,2026-09-27T12:22:31.778Z,81.41601939427474,41.462213880241386,70.45531277266507,53.88072622469037
lote-cultivo-03,2026-09-27T12:21:34.729Z,23.16,,,5902.5
lote-cultivo-01,2026-09-27T12:21:17.247Z,69.37293921177618,35.79813555802847,16.483342110210696,35.081431574304425
lote-cultivo-03,2026-09-27T12:20:34.591Z,23.37,,,5639.3
lote-cultivo-01,2026-09-27T12:20:02.707Z,36.929622027445234,37.5462865695207,88.05869119771302,83.51650503950135
lote-cultivo-03,2026-09-27T12:19:34.446Z,23.45,,,4598
lote-cultivo-01,2026-09-27T12:18:48.172Z,53.86370885882504,41.2550435005982,39.47395623573213,37.62926684462995
lote-cultivo-03,2026-09-27T12:18:34.312Z,23.65,,,5546.3
lote-cultivo-03,2026-09-27T12:17:34.174Z,23.7,,,5624.8
lote-cultivo-01,2026-09-27T12:17:33.645Z,55.84526276858013,60.071793547692046,77.35414662894067,54.38683986969476
lote-cultivo-03,2026-09-27T12:16:34.02Z,23.87,,,5691.7
lote-cultivo-01,2026-09-27T12:16:19.118Z,11.7469294392571,74.97045037976497,38.07556967608773,47.12227968196301
lote-cultivo-03,2026-09-27T12:15:33.893Z,23.89,,,4552.9
lote-cultivo-01,2026-09-27T12:15:04.598Z,12.780434226646983,60.66037485995298,59.52748584982537,11.116287598494132
lote-cultivo-03,2026-09-27T12:14:33.755Z,24.12,,,4035.3
lote-cultivo-01,2026-09-27T12:13:50.069Z,59.928249893578986,43.718271388436946,33.244119733157184,81.83633495046371
lote-cultivo-03,2026-09-27T12:13:33.62Z,24.3,,,4683.1
lote-cultivo-01,2026-09-27T12:12:35.55Z,57.85164910173063,46.43303562429757,30.42764901662788,49.172364519529815
lote-cultivo-03,2026-09-27T12:12:33.48Z,24.53,,,4372.6
lote-cultivo-03,2026-09-27T12:11:33.356Z,24.54,,,4541.6
lote-cultivo-01,2026-09-27T12:11:21.03Z,32.99351689423573,40.14955770562731,64.79387298567836,64.40927317562478
lote-cultivo-03,2026-09-27T12:10:33.204Z,24.76,,,4221.4
lote-cultivo-01,2026-09-27T12:10:06.492Z,57.18058517903177,22.726646122229564,20.88347578022081,66.27394157896845
lote-cultivo-03,2026-09-27T12:09:33.064Z,24.89,,,4828.5
lote-cultivo-01,2026-09-27T12:08:51.963Z,69.02513644312658,36.57340884555364,83.67560418647173,2.8750071007495532
lote-cultivo-03,2026-09-27T12:08:32.931Z,24.98,,,3858.7
lote-cultivo-01,2026-09-27T12:07:37.447Z,25.419092455729203,73.28090629588581,46.540584179563446,59.08936761034915
lote-cultivo-03,2026-09-27T12:07:32.78Z,25,,,3910.6
lote-cultivo-03,2026-09-27T12:06:32.627Z,25.19,,,4561.5
lote-cultivo-01,2026-09-27T12:06:22.932Z,15.24242645143664,80.89868743102492,65.89591674611565,43.09914942688291
lote-cultivo-03,2026-09-27T12:05:32.5Z,25.36,,,3820.4
lote-cultivo-01,2026-09-27T12:05:08.421Z,54.0777967886824,61.977799328573624,52.55726854523968,59.79614853834384
lote-cultivo-03,2026-09-27T12:04:32.332Z,25.56,,,4351.4
lote-cultivo-01,2026-09-27T12:03:53.907Z,50.24334451836607,50.80212898378007,46.44434359461591,82.2159182154056
lote-cultivo-03,2026-09-27T12:03:32.199Z,25.71,,,4778
lote-cultivo-01,2026-09-27T12:02:39.379Z,23.328781061732386,40.481587981508845,41.387215137887296,25.594715005318857
lote-cultivo-03,2026-09-27T12:02:32.053Z,25.72,,,3842.2
lote-cultivo-03,2026-09-27T12:01:31.922Z,25.9,,,3418.7
lote-cultivo-01,2026-09-27T12:01:24.853Z,51.3050197755355,23.37004844782552,28.409115455706058,54.46282998433134
lote-cultivo-03,2026-09-27T12:00:31.787Z,25.94,,,4011.7
lote-cultivo-01,2026-09-27T12:00:10.321Z,77.82692035237095,25.226773620781056,62.5758772653971,33.636388147441785
lote-cultivo-03,2026-09-27T11:59:31.647Z,25.96,,,3406.1
lote-cultivo-01,2026-09-27T11:58:55.795Z,46.09096266891173,47.05932728523803,24.54470842024257,46.21887109930102
lote-cultivo-03,2026-09-27T11:58:31.508Z,26.05,,,3467.6
lote-cultivo-01,2026-09-27T11:57:41.268Z,35.83677457403227,62.814236466228714,78.85396902274509,68.66150866962552
lote-cultivo-03,2026-09-27T11:57:31.371Z,26.06,,,3550.5
lote-cultivo-03,2026-09-27T11:56:31.23Z,26.19,,,3815.4
lote-cultivo-01,2026-09-27T11:56:26.747Z,71.47961032546351,74.40750506243066,54.170359676663224,37.86679151569716
lote-cultivo-03,2026-09-27T11:55:31.088Z,26.36,,,4169.8
lote-cultivo-01,2026-09-27T11:55:12.229Z,63.193324949947375,83.73233565614274,53.246557638495226,70.64589834566674
lote-cultivo-03,2026-09-27T11:54:30.949Z,26.58,,,3116
lote-cultivo-01,2026-09-27T11:53:57.699Z,24.26364188214256,63.31854613423336,70.034564469685,39.034410698687886
lote-cultivo-03,2026-09-27T11:53:30.808Z,26.61,,,3322.4
lote-cultivo-01,2026-09-27T11:52:43.179Z,42.092968927517184,22.74223479547501,27.746122473259465,50.095504754650335
lote-cultivo-03,2026-09-27T11:52:30.667Z,26.74,,,3822
lote-cultivo-03,2026-09-27T11:51:30.533Z,26.89,,,3434.4
lote-cultivo-01,2026-09-27T11:51:28.645Z,72.4871364535449,13.318059078365064,56.92202851581914,54.91720027797883
lote-cultivo-03,2026-09-27T11:50:30.404Z,26.95,,,3321.7
lote-cultivo-01,2026-09-27T11:50:14.111Z,50.08650270442838,34.31117297650423,18.542544512889204,19.230207105429557
lote-cultivo-03,2026-09-27T11:49:30.259Z,27.04,,,3144.6
lote-cultivo-01,2026-09-27T11:48:59.579Z,45.22170834207703,44.48195520339479,67.72630754790583,73.27315770780302
lote-cultivo-03,2026-09-27T11:48:30.118Z,27.07,,,3152.3
lote-cultivo-01,2026-09-27T11:47:45.061Z,87.52680675825533,52.53402259400095,21.09023546337214,44.44005702761152
lote-cultivo-03,2026-09-27T11:47:29.973Z,27.2,,,2804.1
lote-cultivo-01,2026-09-27T11:46:30.523Z,84.84959242193588,80.20861677239131,82.4733249411279,63.24456280262859
lote-cultivo-03,2026-09-27T11:46:29.832Z,27.38,,,3146.7
lote-cultivo-03,2026-09-27T11:45:29.688Z,27.42,,,3118.8
lote-cultivo-01,2026-09-27T11:45:15.994Z,38.46328759980733,92.00800534269652,51.13054230619153,72.40205308952467
lote-cultivo-03,2026-09-27T11:44:29.547Z,27.48,,,2730.6
lote-cultivo-01,2026-09-27T11:44:01.457Z,41.4034516427305,62.18559805352667,53.238071259185546,7.167182509471365
lote-cultivo-03,2026-09-27T11:43:29.423Z,27.53,,,3356.7
lote-cultivo-01,2026-09-27T11:42:46.919Z,64.20752683751085,28.55476054502305,74.32731063147517,57.86985428149357
lote-cultivo-03,2026-09-27T11:42:29.271Z,27.64,,,3042.3
lote-cultivo-01,2026-09-27T11:41:32.393Z,38.835367516615065,18.432525264145696,20.971112943462938,35.982378761950855
lote-cultivo-03,2026-09-27T11:41:29.143Z,27.68,,,2637.9
lote-cultivo-03,2026-09-27T11:40:29.008Z,27.92,,,2795.8
lote-cultivo-01,2026-09-27T11:40:17.87Z,30.679314755403407,19.21517064525463,62.196735024102814,55.0950601251579
lote-cultivo-03,2026-09-27T11:39:28.863Z,22,,,2994.5
lote-cultivo-01,2026-09-27T11:39:03.351Z,78.45238977508338,33.758604755751506,17.816264458713846,93.6877960156426
lote-cultivo-03,2026-09-27T11:38:28.732Z,22,,,2462
lote-cultivo-01,2026-09-27T11:37:48.837Z,88.98203640346881,65.97613234583368,64.17479634502476,25.96332844469824
lote-cultivo-03,2026-09-27T11:37:28.587Z,22,,,2263.8
lote-cultivo-01,2026-09-27T11:36:34.311Z,47.838722635304585,84.4087981799894,25.644796680247556,54.01202954950821
lote-cultivo-03,2026-09-27T11:36:28.462Z,22,,,2665.4
lote-cultivo-03,2026-09-27T11:35:28.322Z,22,,,2240
lote-cultivo-01,2026-09-27T11:35:19.781Z,46.445196151146355,75.83110288216876,80.16777726714874,30.74244961466517
lote-cultivo-03,2026-09-27T11:34:28.183Z,22,,,2460.4
lote-cultivo-01,2026-09-27T11:34:05.243Z,65.25975061712343,65.44100795382413,50.123646820201415,33.88569530373374
lote-cultivo-03,2026-09-27T11:33:28.034Z,22,,,2248.4
lote-cultivo-01,2026-09-27T11:32:50.711Z,33.05905302298099,51.2120519850612,55.81550745462657,82.28917544445342
lote-cultivo-03,2026-09-27T11:32:27.896Z,22,,,2071.3
lote-cultivo-01,2026-09-27T11:31:36.196Z,11.783803566270343,17.79444653373062,72.41961434784788,42.7895855584913
lote-cultivo-03,2026-09-27T11:31:27.757Z,22,,,2286.1
lote-cultivo-03,2026-09-27T11:30:27.61Z,22,,,2139.8
lote-cultivo-01,2026-09-27T11:30:21.662Z,53.54414637853242,1.8392229007218257,22.413467742475813,65.97104034328125
lote-cultivo-03,2026-09-27T11:29:27.47Z,22,,,2199.6
lote-cultivo-01,2026-09-27T11:29:07.139Z,71.33481355298503,34.35506772053043,58.716854628305946,40.94430308765429
lote-cultivo-03,2026-09-27T11:28:27.341Z,22,,,2043.8
lote-cultivo-01,2026-09-27T11:27:52.595Z,38.42218241101012,71.78849018997772,26.59522388239037,35.226433943919574
lote-cultivo-03,2026-09-27T11:27:27.202Z,22,,,1993.9
lote-cultivo-01,2026-09-27T11:26:38.071Z,42.71440168558792,76.10122486828313,49.43320841803647,61.41289777449017
lote-cultivo-03,2026-09-27T11:26:27.064Z,22.06,,,1686.6
lote-cultivo-03,2026-09-27T11:25:26.907Z,22.16,,,1459.1
lote-cultivo-01,2026-09-27T11:25:23.549Z,70.70343362733503,73.10525421999873,43.399697924549784,31.20680139809064
lote-cultivo-03,2026-09-27T11:24:26.769Z,22.29,,,1843.8
lote-cultivo-01,2026-09-27T11:24:09.034Z,42.94821611911425,73.53402584359499,63.7619588038763,68.50570310337665
lote-cultivo-03,2026-09-27T11:23:26.622Z,22.37,,,1351.3
lote-cultivo-01,2026-09-27T11:22:54.498Z,12.482043570829044,50.99262792521594,62.26901600557254,45.638185681126906
lote-cultivo-03,2026-09-27T11:22:26.479Z,22.45,,,1496.6
lote-cultivo-01,2026-09-27T11:21:39.984Z,42.819187910952664,18.597522652393742,47.618351784463734,53.32715392808408
lote-cultivo-03,2026-09-27T11:21:26.343Z,22.52,,,1258
lote-cultivo-03,2026-09-27T11:20:26.21Z,22.74,,,1343.3
lote-cultivo-01,2026-09-27T11:20:25.461Z,57.186482770440286,14.497980913273905,78.92426017663793,71.10610120009771
lote-cultivo-03,2026-09-27T11:19:26.069Z,22.88,,,1255.6
lote-cultivo-01,2026-09-27T11:19:10.945Z,22.775381409449963,32.22328182889947,16.67347875719125,18.421378409469146
lote-cultivo-03,2026-09-27T11:18:25.927Z,22.96,,,1174.1
lote-cultivo-01,2026-09-27T11:17:56.409Z,28.03909639126881,51.53668193290467,62.35924929981472,59.20737154614558
lote-cultivo-03,2026-09-27T11:17:25.794Z,23.05,,,1217
lote-cultivo-01,2026-09-27T11:16:41.884Z,68.20831895568418,75.55918503333515,28.12976038837103,33.03671226218695
lote-cultivo-03,2026-09-27T11:16:25.656Z,23.15,,,1250.5
lote-cultivo-01,2026-09-27T11:15:27.377Z,55.76979158173254,88.29676363703747,40.938835239191754,48.22149532553426
lote-cultivo-03,2026-09-27T11:15:25.509Z,23.34,,,1141.4
lote-cultivo-03,2026-09-27T11:14:25.368Z,23.48,,,830.2
lote-cultivo-01,2026-09-27T11:14:12.852Z,29.217963107714557,66.44219680878783,57.03498444063666,93.45832420715342
lote-cultivo-03,2026-09-27T11:13:25.241Z,23.61,,,768.2
lote-cultivo-01,2026-09-27T11:12:58.333Z,56.528351352055864,37.650403530359576,48.817918963627314,30.360370830399592
lote-cultivo-03,2026-09-27T11:12:25.1Z,23.72,,,707.3
lote-cultivo-01,2026-09-27T11:11:43.793Z,68.19636400361459,33.77326320753969,74.42492813268726,60.526766941951315
lote-cultivo-03,2026-09-27T11:11:24.964Z,23.9,,,629.6
lote-cultivo-01,2026-09-27T11:10:29.268Z,25.31184669837499,32.16728138226838,39.174458540576154,29.05800859249506
lote-cultivo-03,2026-09-27T11:10:24.808Z,24.09,,,740.1
lote-cultivo-03,2026-09-27T11:09:24.672Z,24.23,,,520
lote-cultivo-01,2026-09-27T11:09:14.732Z,19.094163462659257,22.63738579732456,85.61417481281615,21.965877104355812
lote-cultivo-03,2026-09-27T11:08:24.537Z,24.32,,,504.2
lote-cultivo-01,2026-09-27T11:08:00.212Z,59.6009559752169,40.60305811295608,9.535760351904306,86.8716441690838
lote-cultivo-03,2026-09-27T11:07:24.398Z,24.52,,,430.5
lote-cultivo-01,2026-09-27T11:06:45.689Z,57.590926520894605,79.06576883777761,70.23326655593507,44.55607212595763
lote-cultivo-03,2026-09-27T11:06:24.261Z,24.75,,,361.2
lote-cultivo-01,2026-09-27T11:05:31.174Z,38.59609372862801,84.68226547379022,21.960861911649523,70.76221065702497
lote-cultivo-03,2026-09-27T11:05:24.117Z,24.83,,,280.4
lote-cultivo-03,2026-09-27T11:04:23.982Z,25.04,,,267
lote-cultivo-01,2026-09-27T11:04:16.656Z,72.17515785262611,58.74350721236513,42.88700216221216,46.71783302620268
lote-cultivo-03,2026-09-27T11:03:23.844Z,25.06,,,234.9
lote-cultivo-01,2026-09-27T11:03:02.127Z,91.8133360411331,44.06467880384171,59.10830507918734,18.009393794283778
lote-cultivo-03,2026-09-27T11:02:23.715Z,25.22,,,142.8
lote-cultivo-01,2026-09-27T11:01:47.61Z,47.332979969057774,39.24317836607962,45.7158554404689,63.53378741049948
lote-cultivo-03,2026-09-27T11:01:23.575Z,25.37,,,70.5
lote-cultivo-01,2026-09-27T11:00:33.102Z,27.897989309657213,28.623742524023417,74.48967041039467,37.1989115166272
lote-cultivo-03,2026-09-27T11:00:23.434Z,25.54,,,0
lote-cultivo-03,2026-09-27T10:59:23.275Z,25.73,,,0
lote-cultivo-01,2026-09-27T10:59:18.582Z,58.31782155445653,31.844270757847116,43.815049649418775,68.38652976753285
lote-cultivo-03,2026-09-27T10:58:23.142Z,25.79,,,0
lote-cultivo-01,2026-09-27T10:58:04.047Z,53.31783131140659,52.591823704181785,77.99613373043877,56.39822593249841
lote-cultivo-03,2026-09-27T10:57:23.006Z,25.8,,,0
lote-cultivo-01,2026-09-27T10:56:49.524Z,31.000165705752003,63.6429975714068,17.12657180001274,39.70944636406452
lote-cultivo-03,2026-09-27T10:56:22.867Z,25.93,,,0
lote-cultivo-01,2026-09-27T10:55:35.014Z,66.23326051573534,65.05541134767742,65.1250274170238,64.68201253397523
lote-cultivo-03,2026-09-27T10:55:22.733Z,25.96,,,0
lote-cultivo-03,2026-09-27T10:54:22.594Z,26.09,,,0
lote-cultivo-01,2026-09-27T10:54:20.497Z,97.88351369897774,68.3419164379479,25.38521195342766,27.304488017257412
lote-cultivo-03,2026-09-27T10:53:22.461Z,26.24,,,0
lote-cultivo-01,2026-09-27T10:53:05.976Z,62.72978125280958,54.61307771930122,38.91604084948385,59.22459724395491
lote-cultivo-01,2026-09-27T10:51:51.465Z,41.18111968355046,26.832546312568255,64.2205740280922,40.943006296720824
lote-cultivo-01,2026-09-27T10:50:36.954Z,66.80317870900578,27.37493718938303,40.94560342390075,42.64675539022019
lote-cultivo-01,2026-09-27T10:49:22.427Z,56.308142206773745,53.169683061641535,74.81665257133291,83.42283782970473
lote-cultivo-01,2026-09-27T10:48:07.896Z,21.374756552158345,58.32921554051793,50.57432972342967,34.46559033114334
lote-cultivo-01,2026-09-27T10:46:53.382Z,45.42139252180919,49.23339742145903,65.10268995059538,65.94655955035023
lote-cultivo-01,2026-09-27T10:45:38.863Z,79.5164835268392,59.57618402969999,33.05910465471006,33.2265426539843
lote-cultivo-01,2026-09-27T10:44:24.337Z,52.83300118282314,67.2925866025545,50.09890383883652,17.809145346193198
lote-cultivo-01,2026-09-27T10:43:09.797Z,36.39263207275179,46.330252681531825,38.49680838484014,81.6299019852634
lote-cultivo-01,2026-09-27T10:41:55.281Z,69.15489643754272,29.623492996361072,26.362279017992872,41.3539371363977
lote-cultivo-01,2026-09-27T10:40:40.74Z,65.47809879105444,40.17498774951672,77.74297184748441,77.89025281028434
lote-cultivo-01,2026-09-27T10:39:26.219Z,24.553468722212955,52.117667675828336,27.03725071682764,54.98937590726483
lote-cultivo-01,2026-09-27T10:38:11.685Z,34.788952711493174,56.01915863945847,85.73586430107216,8.671452785066
lote-cultivo-01,2026-09-27T10:36:57.163Z,61.945401513718735,63.48715933297663,46.058214526348834,62.376711236976725
lote-cultivo-01,2026-09-27T10:35:42.639Z,33.20800860910538,60.27324227835019,62.524534884137935,33.177997161849184
lote-cultivo-01,2026-09-27T10:34:28.124Z,15.216444793487888,41.604133171248975,40.12587532758476,69.77546357459363
lote-cultivo-01,2026-09-27T10:33:13.603Z,55.674385992501875,37.28617938979599,42.830729554110505,72.28732390980159
lote-cultivo-01,2026-09-27T10:31:59.095Z,67.8448642550926,47.6710254060929,43.81037021245637,29.731328649318744
lote-cultivo-01,2026-09-27T10:30:44.568Z,34.88871522915116,44.182703112183816,22.23925773863965,59.800949962029115
lote-cultivo-01,2026-09-27T10:29:30.045Z,42.81914756402081,41.99829441819081,82.70014974625865,27.51921868268928
lote-cultivo-01,2026-09-27T10:28:15.51Z,67.40593248535602,65.48247414678218,19.92767040074444,54.307880708543955
lote-cultivo-03,2026-09-27T10:28:02.075Z,26.35,,,0
lote-cultivo-03,2026-09-27T10:27:01.935Z,26.43,,,0
lote-cultivo-01,2026-09-27T10:27:01.005Z,33.144390505783036,78.50383994030913,93.04812501703177,57.694842126281785
lote-cultivo-03,2026-09-27T10:26:01.8Z,26.46,,,0
lote-cultivo-01,2026-09-27T10:25:46.492Z,3.696304711256876,52.66281852972092,41.55942572652142,40.545751225653085
lote-cultivo-03,2026-09-27T10:25:01.646Z,26.66,,,0
lote-cultivo-01,2026-09-27T10:24:31.975Z,39.930789995449736,29.36635974317438,62.71503454578882,73.09280968159584
lote-cultivo-03,2026-09-27T10:24:01.507Z,26.72,,,0
lote-cultivo-01,2026-09-27T10:23:17.445Z,61.13036064294825,35.738848507356444,43.035044679107095,35.542223398316104
lote-cultivo-03,2026-09-27T10:23:01.365Z,26.78,,,0
lote-cultivo-01,2026-09-27T10:22:02.905Z,37.96742974862873,42.06972148072363,41.02305918168646,61.54860872728117
lote-cultivo-03,2026-09-27T10:22:01.196Z,26.81,,,0
lote-cultivo-03,2026-09-27T10:21:01.072Z,26.84,,,0
lote-cultivo-01,2026-09-27T10:20:48.385Z,52.350479240678204,41.29315455975089,41.32798964618677,43.43460785645347
lote-cultivo-03,2026-09-27T10:20:00.912Z,26.94,,,0
lote-cultivo-01,2026-09-27T10:19:33.852Z,85.91895642253714,56.67313590101659,29.257709903514233,22.670300424511165
lote-cultivo-03,2026-09-27T10:19:00.777Z,27.14,,,0
lote-cultivo-01,2026-09-27T10:18:19.328Z,55.960371631184294,74.03408282664402,73.47927557405382,73.17744313068812
lote-cultivo-03,2026-09-27T10:18:00.615Z,27.27,,,0
lote-cultivo-01,2026-09-27T10:17:04.808Z,17.298648479118192,68.53355188489064,28.396531286410543,37.07175429924821
lote-cultivo-03,2026-09-27T10:17:00.477Z,27.33,,,0
lote-cultivo-03,2026-09-27T10:16:00.339Z,27.47,,,0
lote-cultivo-01,2026-09-27T10:15:50.293Z,42.04750907510977,54.68369132606456,85.5474514618403,77.81513724564775
lote-cultivo-03,2026-09-27T10:15:00.202Z,27.6,,,0
lote-cultivo-01,2026-09-27T10:14:35.77Z,59.59399575092994,42.75068588610696,49.99506709941696,61.83882279655199
lote-cultivo-03,2026-09-27T10:14:00.063Z,27.8,,,0
lote-cultivo-01,2026-09-27T10:13:21.241Z,34.211930066673325,23.537975431129517,51.47249548483536,11.54404709915532
lote-cultivo-03,2026-09-27T10:12:59.928Z,27.92,,,0
lote-cultivo-01,2026-09-27T10:12:06.706Z,47.76212334249582,18.57529952083152,56.51670160310953,61.07464967381597
lote-cultivo-03,2026-09-27T10:11:59.79Z,28.17,,,0
lote-cultivo-03,2026-09-27T10:10:59.65Z,28.4,,,0
lote-cultivo-01,2026-09-27T10:10:52.193Z,91.19418229282071,48.31137238686463,29.074290328766487,24.18530946021393
lote-cultivo-03,2026-09-27T10:09:59.508Z,28.4,,,0
lote-cultivo-01,2026-09-27T10:09:37.665Z,74.35444365537427,75.30782444817594,47.65012187050486,67.98617941614958
lote-cultivo-03,2026-09-27T10:08:59.366Z,28.59,,,0
lote-cultivo-01,2026-09-27T10:08:23.142Z,37.87205762325055,70.12198802587307,30.18481094854622,84.08452954794345
lote-cultivo-03,2026-09-27T10:07:59.225Z,28.61,,,0
lote-cultivo-01,2026-09-27T10:07:08.627Z,58.23820861411263,63.625457442261826,66.85683670141219,27.924717055358258
lote-cultivo-03,2026-09-27T10:06:59.066Z,28.69,,,0
lote-cultivo-03,2026-09-27T10:05:58.928Z,28.76,,,0
lote-cultivo-01,2026-09-27T10:05:54.114Z,71.73541895483446,66.60895733035149,37.06383857441793,61.61698043358436
lote-cultivo-03,2026-09-27T10:04:58.777Z,28.93,,,0
lote-cultivo-01,2026-09-27T10:04:39.604Z,36.12887358872705,45.36935656725484,76.54313987242615,21.09909293353712
lote-cultivo-03,2026-09-27T10:03:58.628Z,29.06,,,0
lote-cultivo-01,2026-09-27T10:03:25.079Z,35.863135006418275,11.853212249277682,59.96509122585552,44.34672942784189
lote-cultivo-03,2026-09-27T10:02:58.494Z,29.24,,,0
lote-cultivo-01,2026-09-27T10:02:10.552Z,77.50776418768889,14.614638039970968,38.44140334184829,75.2019071362065
lote-cultivo-03,2026-09-27T10:01:58.348Z,29.44,,,0
lote-cultivo-03,2026-09-27T10:00:58.213Z,29.49,,,0
lote-cultivo-01,2026-09-27T10:00:55.05Z,70.64879384749852,46.14173371634341,71.93212547828665,43.63826799724866
lote-cultivo-03,2026-09-27T09:59:58.059Z,29.74,,,0
lote-cultivo-01,2026-09-27T09:59:40.521Z,38.178877070708026,66.99568086665295,10.649525260248003,69.8949489264863
lote-cultivo-03,2026-09-27T09:58:57.906Z,29.89,,,0
lote-cultivo-01,2026-09-27T09:58:26.006Z,60.7963476572995,77.58024539341376,61.87353082679442,32.58377771603211
lote-cultivo-03,2026-09-27T09:57:57.774Z,30,,,0
lote-cultivo-01,2026-09-27T09:57:11.478Z,82.34153092323754,82.02357889963159,24.887805807127332,45.60654779936431
lote-cultivo-03,2026-09-27T09:56:57.624Z,30.14,,,0
lote-cultivo-03,2026-09-27T09:55:57.482Z,30.25,,,0
lote-cultivo-01,2026-09-27T09:55:56.967Z,45.28195002473068,62.731126778110344,66.45789839399531,54.50807592207681
lote-cultivo-03,2026-09-27T09:54:57.356Z,30.31,,,0
lote-cultivo-01,2026-09-27T09:54:42.448Z,29.37074943399685,32.72996666260477,42.1741781838761,32.16388785651098
lote-cultivo-03,2026-09-27T09:53:57.209Z,30.38,,,0
lote-cultivo-01,2026-09-27T09:53:27.946Z,60.15127065488781,22.518946512501916,73.85968910547807,72.44628405831367
lote-cultivo-03,2026-09-27T09:52:57.057Z,30.52,,,0
lote-cultivo-01,2026-09-27T09:52:13.406Z,53.05873910248032,23.323339365819447,60.93354330930687,36.270591877942934
lote-cultivo-03,2026-09-27T09:51:56.935Z,30.54,,,0
lote-cultivo-01,2026-09-27T09:50:57.907Z,19.669794622709645,25.49110234264554,35.44093695672681,60.42378616402604
lote-cultivo-03,2026-09-27T09:50:56.789Z,30.56,,,0
lote-cultivo-03,2026-09-27T09:49:56.646Z,30.64,,,0
lote-cultivo-01,2026-09-27T09:49:43.389Z,44.016284093997186,53.427217179941536,75.62796045616516,64.37321302863387
lote-cultivo-03,2026-09-27T09:48:56.522Z,30.88,,,0
lote-cultivo-01,2026-09-27T09:48:28.865Z,79.55769642957337,93.069573296184,2.4713593370753526,17.054057354006318
lote-cultivo-03,2026-09-27T09:47:56.387Z,31.06,,,0
lote-cultivo-01,2026-09-27T09:47:14.34Z,52.74901621350928,91.4265208612812,69.70944937814679,65.80781790450467
lote-cultivo-03,2026-09-27T09:46:56.239Z,31.13,,,0
lote-cultivo-03,2026-09-24T13:38:43.665Z,22.67,,,8697.6
lote-cultivo-01,2026-09-24T13:38:12.693Z,30.1445386193117,57.67580308761939,27.037441907426864,77.8779367894987
lote-cultivo-03,2026-09-24T13:37:43.529Z,22.78,,,11375.9
lote-cultivo-01,2026-09-24T13:36:58.177Z,69.85439308282393,89.54055541756468,65.62101175101654,51.27565077481652
lote-cultivo-03,2026-09-24T13:36:43.386Z,22.91,,,7966.4
lote-cultivo-01,2026-09-24T13:35:43.672Z,59.60613167530736,82.24351763337488,36.13024864356603,70.6895897185307
lote-cultivo-03,2026-09-24T13:35:43.238Z,23,,,10738.9
lote-cultivo-03,2026-09-24T13:34:43.099Z,23.12,,,10936.4
lote-cultivo-01,2026-09-24T13:34:29.151Z,21.831253072523165,44.133994626544975,37.64371894721683,34.409708835910834
lote-cultivo-03,2026-09-24T13:33:42.975Z,23.18,,,8354.4
lote-cultivo-01,2026-09-24T13:33:14.628Z,38.19171399061565,26.76773383096851,41.80824218123518,22.240841576071148
lote-cultivo-03,2026-09-24T13:32:42.829Z,23.21,,,8514.1
lote-cultivo-01,2026-09-24T13:32:00.114Z,56.370813530311146,28.78043475416269,43.138299522912064,60.813798229512216
lote-cultivo-03,2026-09-24T13:31:42.689Z,23.32,,,8278.9
lote-cultivo-01,2026-09-24T13:30:45.584Z,24.00313243000345,26.0217859353439,66.28836465620954,37.88269397386422
lote-cultivo-03,2026-09-24T13:30:42.55Z,23.51,,,9999.9
lote-cultivo-03,2026-09-24T13:29:42.415Z,23.75,,,9933.4
lote-cultivo-01,2026-09-24T13:29:31.054Z,22.16496855208056,36.338902794155146,40.642786413389935,86.85090392624141
lote-cultivo-03,2026-09-24T13:28:42.289Z,23.94,,,10580.3
lote-cultivo-01,2026-09-24T13:28:16.53Z,71.85750753105414,67.24655336984003,86.24399841914492,51.924984086987514
lote-cultivo-03,2026-09-24T13:27:42.147Z,24,,,7873.2
lote-cultivo-01,2026-09-24T13:27:02.029Z,76.77721090098284,84.49278567939461,37.62257031494033,28.09867249986918
lote-cultivo-03,2026-09-24T13:26:42.009Z,24.15,,,7605.3
lote-cultivo-01,2026-09-24T13:25:47.518Z,43.9426659854124,77.00877667748958,54.22368142304131,62.78518281756899
lote-cultivo-03,2026-09-24T13:25:41.852Z,24.36,,,9593.8
lote-cultivo-03,2026-09-24T13:24:41.727Z,24.44,,,9261.9
lote-cultivo-01,2026-09-24T13:24:33.002Z,56.427835422728535,62.30567329119542,50.620973669797976,16.219092470736367
lote-cultivo-03,2026-09-24T13:23:41.593Z,24.61,,,9812.1
lote-cultivo-01,2026-09-24T13:23:18.477Z,71.16797296004542,37.342528195803375,20.74001296844338,71.48354963557576
lote-cultivo-03,2026-09-24T13:22:41.445Z,24.72,,,8727.2
lote-cultivo-01,2026-09-24T13:22:03.951Z,31.225793409112978,8.94155567386314,57.83103038324676,60.267180142254496
lote-cultivo-03,2026-09-24T13:21:41.312Z,24.93,,,8389.6
lote-cultivo-01,2026-09-24T13:20:49.429Z,17.02253901535031,14.42369531647332,32.10113415454396,33.36988243909503
lote-cultivo-03,2026-09-24T13:20:41.191Z,25.11,,,7881.9
lote-cultivo-03,2026-09-24T13:19:41.037Z,25.18,,,9991.4
lote-cultivo-01,2026-09-24T13:19:34.907Z,63.438653192068685,49.87226218115141,69.85955425611358,80.15303043467237
lote-cultivo-03,2026-09-24T13:18:40.899Z,25.28,,,7413.2
lote-cultivo-01,2026-09-24T13:18:20.37Z,76.77078164331786,68.52388094980839,42.93138067875424,25.5206485976483
lote-cultivo-03,2026-09-24T13:17:40.758Z,25.32,,,9825.4
lote-cultivo-01,2026-09-24T13:17:05.835Z,50.87112624391719,69.86822709762563,81.40580643212019,54.412037824549344
lote-cultivo-03,2026-09-24T13:16:40.635Z,25.54,,,7343.9
lote-cultivo-01,2026-09-24T13:15:51.322Z,67.84536833338251,80.89370211002638,42.737218197590785,51.9315939453285
lote-cultivo-03,2026-09-24T13:15:40.503Z,25.63,,,8317.4
lote-cultivo-03,2026-09-24T13:14:40.353Z,25.69,,,7530.5
lote-cultivo-01,2026-09-24T13:14:36.799Z,89.87271586720476,77.4067855412961,48.600445267208165,23.6060439606699
lote-cultivo-03,2026-09-24T13:13:40.217Z,25.78,,,6975
lote-cultivo-01,2026-09-24T13:13:22.253Z,50.40949434195353,37.18642028486021,58.94513098396666,76.8500647158323
lote-cultivo-03,2026-09-24T13:12:40.087Z,25.92,,,8276.6
lote-cultivo-01,2026-09-24T13:12:07.727Z,23.581203150280988,5.709762433357837,8.773034430650721,47.0464748519434
lote-cultivo-03,2026-09-24T13:11:39.949Z,26.13,,,8054.3
lote-cultivo-01,2026-09-24T13:10:53.2Z,57.758980058423106,17.280255403546352,71.50687204072219,65.1150855275304
lote-cultivo-03,2026-09-24T13:10:39.81Z,26.3,,,8292.4
lote-cultivo-03,2026-09-24T13:09:39.673Z,26.3,,,9433.4
lote-cultivo-01,2026-09-24T13:09:38.67Z,66.65625417667901,41.876945606263675,20.66284342862613,51.6968166142966
lote-cultivo-03,2026-09-24T13:08:39.538Z,26.38,,,6947.2
lote-cultivo-01,2026-09-24T13:08:24.154Z,36.904926347311125,59.06294894860791,75.97244925366012,18.251353308106395
lote-cultivo-03,2026-09-24T13:07:39.388Z,26.56,,,8953.6
lote-cultivo-01,2026-09-24T13:07:09.642Z,53.42467685781654,78.80821976793737,41.684511619996165,54.663691231347855
lote-cultivo-03,2026-09-24T13:06:39.245Z,26.66,,,8160.6
lote-cultivo-01,2026-09-24T13:05:55.118Z,86.41846297801608,85.97066845799459,80.7817167185822,38.77851018690818
lote-cultivo-03,2026-09-24T13:05:39.113Z,26.81,,,7112.7
lote-cultivo-01,2026-09-24T13:04:40.579Z,58.59953957036147,64.61164340811541,41.76750629920826,79.48805347384219
lote-cultivo-03,2026-09-24T13:04:38.964Z,26.92,,,9257
lote-cultivo-03,2026-09-24T13:03:38.829Z,27.01,,,7136.4
lote-cultivo-01,2026-09-24T13:03:26.045Z,31.639716245153565,40.1265139415646,52.22642717773446,64.4631017898857
lote-cultivo-03,2026-09-24T13:02:38.704Z,27.09,,,7978.6
lote-cultivo-01,2026-09-24T13:02:11.511Z,60.83288124737888,28.069577473966916,54.5906692760884,31.470315904467167
lote-cultivo-03,2026-09-24T13:01:38.562Z,27.21,,,7581.4
lote-cultivo-01,2026-09-24T13:00:56.991Z,65.04744806605835,16.09727637277324,11.66860913001976,53.79854299439317
lote-cultivo-03,2026-09-24T13:00:38.414Z,27.28,,,8625.3
lote-cultivo-01,2026-09-24T12:59:42.464Z,24.213556574006105,20.407438863776477,70.15350323830086,14.09730546829919
lote-cultivo-03,2026-09-24T12:59:38.277Z,27.29,,,6960.4
lote-cultivo-03,2026-09-24T12:58:38.127Z,27.33,,,7671.1
lote-cultivo-01,2026-09-24T12:58:27.946Z,28.79304635755205,59.18489054867367,22.88787960123334,68.58339603747733
lote-cultivo-03,2026-09-24T12:57:37.991Z,27.44,,,8437.3
lote-cultivo-01,2026-09-24T12:57:13.432Z,63.3196047739334,90.2999457644904,69.75865064221975,67.8937382262093
lote-cultivo-03,2026-09-24T12:56:37.863Z,27.59,,,6407
lote-cultivo-01,2026-09-24T12:55:58.914Z,45.78572799502254,77.5318685399804,52.19286217914958,39.4819328721893
lote-cultivo-03,2026-09-24T12:55:37.723Z,27.73,,,7865
lote-cultivo-01,2026-09-24T12:54:44.395Z,26.02861023928183,55.79521598070312,68.87310710599458,76.8653596022314
lote-cultivo-03,2026-09-24T12:54:37.588Z,27.92,,,6993.8
lote-cultivo-03,2026-09-24T12:53:37.451Z,28,,,6866.1
lote-cultivo-01,2026-09-24T12:53:29.877Z,62.451985654269315,51.0313493803363,50.88387635843219,16.32766370701261
lote-cultivo-03,2026-09-24T12:52:37.318Z,28.2,,,7273
lote-cultivo-01,2026-09-24T12:52:15.337Z,74.7305818999284,36.19002256010329,48.72675817888277,51.96830968439179
lote-cultivo-03,2026-09-24T12:51:37.179Z,28.21,,,7627.6
lote-cultivo-01,2026-09-24T12:51:00.812Z,30.80127752797041,14.199065885202518,53.31921574423117,60.808626190224224
lote-cultivo-03,2026-09-24T12:50:37.009Z,28.34,,,7274.5
lote-cultivo-01,2026-09-24T12:49:46.268Z,22.406892467475547,24.59545579103944,15.318488829535651,25.71963058219344
lote-cultivo-03,2026-09-24T12:49:36.874Z,28.35,,,7559.3
lote-cultivo-03,2026-09-24T12:48:36.736Z,24.9,,,7632.2
lote-cultivo-01,2026-09-24T12:48:31.743Z,49.63295575678646,57.890676771005865,65.82515307785349,81.0962839933697
lote-cultivo-03,2026-09-24T12:47:36.595Z,24.93,,,7035.2
lote-cultivo-01,2026-09-24T12:47:17.202Z,31.677176964817356,74.36152983813683,28.804796050157915,38.15983300769996
lote-cultivo-03,2026-09-24T12:46:36.455Z,25.11,,,7767.3
lote-cultivo-01,2026-09-24T12:46:02.685Z,11.323097605540674,74.77059398172102,59.59008287449716,55.627668580066626
lote-cultivo-03,2026-09-24T12:45:36.32Z,25.11,,,7778
lote-cultivo-01,2026-09-24T12:44:48.147Z,53.77933040116597,69.19693208191376,67.96738390114133,64.3233785346835
lote-cultivo-03,2026-09-24T12:44:36.175Z,25.3,,,7176
lote-cultivo-03,2026-09-24T12:43:36.02Z,25.48,,,6756.8
lote-cultivo-01,2026-09-24T12:43:33.618Z,81.52184497640287,47.280207369520994,49.44820965315703,17.756275127878194
lote-cultivo-03,2026-09-24T12:42:35.894Z,25.52,,,6168.5
lote-cultivo-01,2026-09-24T12:42:19.103Z,47.4320957199452,24.976428435450224,69.48429795988446,58.40645486853479
lote-cultivo-03,2026-09-24T12:41:35.756Z,25.53,,,6296.5
lote-cultivo-01,2026-09-24T12:41:04.583Z,37.35090483007429,29.94249911808505,34.931440872998444,37.65099632702172
lote-cultivo-03,2026-09-24T12:40:35.617Z,25.72,,,6762.3
lote-cultivo-01,2026-09-24T12:39:50.052Z,61.697489715706475,43.30291684609649,61.46688055973048,64.18924121770395
lote-cultivo-03,2026-09-24T12:39:35.472Z,25.77,,,7078
lote-cultivo-01,2026-09-24T12:38:35.513Z,39.764820633963225,44.21804700921785,10.727343693383135,75.65716291266371
lote-cultivo-03,2026-09-24T12:38:35.342Z,25.84,,,6417.8
lote-cultivo-03,2026-09-24T12:37:35.202Z,25.89,,,6821.4
lote-cultivo-01,2026-09-24T12:37:20.99Z,8.497765089622721,56.87480411096119,69.461969124539,35.39851863819714
lote-cultivo-03,2026-09-24T12:36:35.065Z,25.91,,,5573.4
lote-cultivo-01,2026-09-24T12:36:06.465Z,44.877169095708346,79.70018768928256,28.36578383981759,52.48152476332493
lote-cultivo-03,2026-09-24T12:35:34.928Z,26.07,,,5735.2
lote-cultivo-01,2026-09-24T12:34:50.961Z,81.44187974620746,71.2944803003432,60.08321672375626,17.019729730330667
lote-cultivo-03,2026-09-24T12:34:34.776Z,26.18,,,5469.5
lote-cultivo-01,2026-09-24T12:33:36.427Z,57.247108045541715,37.10144063163865,74.17206359688076,56.84724981639281
lote-cultivo-03,2026-09-24T12:33:34.64Z,26.37,,,7060.9
lote-cultivo-03,2026-09-24T12:32:34.503Z,26.45,,,6868.1
lote-cultivo-01,2026-09-24T12:32:21.9Z,49.03948681800452,28.700143657803743,37.67106922582697,74.54999964708658
lote-cultivo-03,2026-09-24T12:31:34.369Z,26.53,,,5197.7
lote-cultivo-01,2026-09-24T12:31:07.375Z,79.52065141226642,43.21422306725148,81.64099204405053,46.6499806745113
lote-cultivo-03,2026-09-24T12:30:34.218Z,26.62,,,6222.3
lote-cultivo-01,2026-09-24T12:29:52.845Z,64.15074352358849,45.49400668504141,24.838167793234778,75.80065339458594
lote-cultivo-03,2026-09-24T12:29:34.082Z,26.66,,,6680
lote-cultivo-01,2026-09-24T12:28:38.316Z,23.841157136911026,46.50449736015373,62.85020981323586,13.650526295252952
lote-cultivo-03,2026-09-24T12:28:33.944Z,26.8,,,6238.7
lote-cultivo-03,2026-09-24T12:27:33.788Z,26.85,,,5854.8
lote-cultivo-01,2026-09-24T12:27:23.789Z,44.639087913431666,61.664932065425226,13.48678523303394,40.33522842545968
lote-cultivo-03,2026-09-24T12:26:33.666Z,26.98,,,5774.5
lote-cultivo-01,2026-09-24T12:26:09.268Z,75.62457278258015,66.28579071590877,67.24601285614763,64.34123785616954
lote-cultivo-03,2026-09-24T12:25:33.515Z,27.01,,,4956.9
lote-cultivo-01,2026-09-24T12:24:54.755Z,50.294217896762206,53.430157434861925,26.18003442022891,33.717198942228634
lote-cultivo-03,2026-09-24T12:24:33.392Z,27.21,,,4804.2
lote-cultivo-01,2026-09-24T12:23:40.237Z,41.39350809820027,46.17964916994758,64.15325625357032,88.84633077178553
lote-cultivo-03,2026-09-24T12:23:33.255Z,27.23,,,5841.6
lote-cultivo-03,2026-09-24T12:22:33.101Z,27.44,,,5304.3
lote-cultivo-01,2026-09-24T12:22:25.713Z,79.88447916161762,41.91217613368576,70.27676412973848,35.447921393025716
lote-cultivo-03,2026-09-24T12:21:32.965Z,27.52,,,4991.2
lote-cultivo-01,2026-09-24T12:21:11.181Z,77.60384600839107,33.30823402655498,39.64305215046773,40.806607500811324
lote-cultivo-03,2026-09-24T12:20:32.824Z,27.76,,,5855.7
lote-cultivo-01,2026-09-24T12:19:56.662Z,39.75608465478358,43.53177716148718,80.704692802503,65.39814238095565
lote-cultivo-03,2026-09-24T12:19:32.687Z,27.82,,,5616.8
lote-cultivo-01,2026-09-24T12:18:42.121Z,53.21957300685354,68.48858384155385,28.18567291131446,19.1302282812296
lote-cultivo-03,2026-09-24T12:18:32.542Z,28.06,,,5468.6
lote-cultivo-03,2026-09-24T12:17:32.411Z,28.12,,,5239.9
lote-cultivo-01,2026-09-24T12:17:27.595Z,77.64798166353899,66.77313429673544,54.59836925335787,69.84203904659168
lote-cultivo-03,2026-09-24T12:16:32.27Z,28.35,,,5207.9
lote-cultivo-01,2026-09-24T12:16:13.065Z,43.406691285101246,44.74130682488324,26.472447299561395,43.31657931917297
lote-cultivo-03,2026-09-24T12:15:32.134Z,28.54,,,4579.5
lote-cultivo-01,2026-09-24T12:14:58.532Z,21.765128121177806,44.23219629133929,52.98241192281492,48.237038369348475
lote-cultivo-03,2026-09-24T12:14:31.994Z,28.54,,,5139.3
lote-cultivo-01,2026-09-24T12:13:43.99Z,57.564262528938606,52.496885456438136,37.54970788438956,77.03811279476139
lote-cultivo-03,2026-09-24T12:13:31.874Z,28.78,,,5634.6
lote-cultivo-01,2026-09-24T12:12:29.472Z,65.43700209298646,39.052522658915315,57.50002106091608,32.67889892873131
lote-cultivo-01,2026-09-24T12:11:14.941Z,36.17970198110417,32.14583948754981,73.44670343784628,56.66001195099032
lote-cultivo-01,2026-09-24T12:10:00.417Z,53.86010935259572,55.6853966162166,37.66235847424964,27.92399991859035
lote-cultivo-01,2026-09-24T12:08:45.898Z,84.0171771435766,73.0635464150072,81.93757006881819,41.637425970819216
lote-cultivo-01,2026-09-24T12:07:31.373Z,49.03883458335807,62.84042130166405,29.911811672249534,73.49576684541155
lote-cultivo-01,2026-09-24T12:06:16.854Z,14.488908338708145,50.65321039286355,47.03735280563032,50.58206635751108
lote-cultivo-01,2026-09-24T12:05:02.314Z,39.10335746373523,43.0069573109,40.750067027716895,75.82529111574557
lote-cultivo-01,2026-09-24T12:03:47.761Z,46.185679499162326,30.57338170047213,34.69939813825847,23.550462192172276
lote-cultivo-01,2026-09-24T12:02:33.225Z,18.045575802302505,32.11726744694166,55.18466524083735,31.58178670218113
lote-cultivo-01,2026-09-24T12:01:18.712Z,39.049795025693335,52.59592129854321,43.76266706416159,57.2111404465865
lote-cultivo-01,2026-09-24T12:00:04.191Z,82.09686928119775,62.27484131148242,83.07838241431564,37.73346141765575
lote-cultivo-01,2026-09-24T11:58:49.626Z,59.63875857600275,60.67460667005076,29.786400558412947,93.43313230155005
lote-cultivo-01,2026-09-24T11:57:35.102Z,24.852775340041045,69.74278484188368,89.87588823865018,41.01661868700279
lote-cultivo-01,2026-09-24T11:56:20.596Z,44.30408503754508,67.3225780851184,22.70396317082042,36.0279509733896
lote-cultivo-01,2026-09-24T11:55:06.091Z,47.91466651700449,32.959137629209515,48.84306795629986,59.32506454583678
lote-cultivo-01,2026-09-24T11:53:50.587Z,13.892685935449776,11.004106047320866,45.04414919616926,16.250110664900486
lote-cultivo-01,2026-09-24T11:52:36.05Z,25.600981004341232,32.0413091983469,25.450474018574752,79.29221645330445
lote-cultivo-01,2026-09-24T11:51:21.541Z,74.03166325142358,56.190166582316294,66.95300895837141,55.24390850772344
lote-cultivo-01,2026-09-24T11:50:07.022Z,65.45010994758174,60.62134193009151,38.44876237058993,39.49046524928446
lote-cultivo-01,2026-09-24T11:48:52.509Z,35.943673839698654,70.150609807306,83.43523095331773,73.36095313558307
lote-cultivo-03,2026-09-24T11:47:51.506Z,28.93,,,2879.8
lote-cultivo-01,2026-09-24T11:47:37.992Z,58.70992372377744,79.31703976034946,32.669335132010495,22.82421700564431
lote-cultivo-03,2026-09-24T11:46:51.368Z,29.01,,,2911.3
lote-cultivo-01,2026-09-24T11:46:23.477Z,70.0980978533497,60.41991520805029,86.89799538685968,59.57643758749085
lote-cultivo-03,2026-09-24T11:45:51.23Z,29.05,,,3051.1
lote-cultivo-01,2026-09-24T11:45:08.964Z,30.84808991376451,31.426568670664302,20.793022017435028,45.07818903417761
lote-cultivo-03,2026-09-24T11:44:51.094Z,23.63,,,2613.1
lote-cultivo-01,2026-09-24T11:43:54.428Z,28.26492459823207,21.075361489201313,52.158379395496034,35.02005116926539
lote-cultivo-03,2026-09-24T11:43:50.953Z,23.66,,,2967
lote-cultivo-03,2026-09-24T11:42:50.798Z,23.84,,,2376.2
lote-cultivo-01,2026-09-24T11:42:39.915Z,68.92309649167996,22.39130857218,42.92936628251624,73.44316434005421
lote-cultivo-03,2026-09-24T11:41:50.659Z,24.03,,,2893.7
lote-cultivo-01,2026-09-24T11:41:25.403Z,61.439196156808386,35.280393018907006,25.38284639930586,43.83041844325124
lote-cultivo-03,2026-09-24T11:40:50.526Z,24.24,,,2226.9
lote-cultivo-01,2026-09-24T11:40:10.891Z,33.48085458938467,68.63789985575562,66.79031137469154,70.3882409125583
lote-cultivo-03,2026-09-24T11:39:50.393Z,24.26,,,2493.8
lote-cultivo-01,2026-09-24T11:38:56.378Z,62.2342372578929,90.82191385420356,41.95320982511353,39.23721320172227
lote-cultivo-03,2026-09-24T11:38:50.254Z,24.29,,,2775.6
lote-cultivo-03,2026-09-24T11:37:50.116Z,24.51,,,2350.7
lote-cultivo-01,2026-09-24T11:37:41.872Z,86.81529223889108,74.03137200028928,73.96620848586866,27.05914350042037
lote-cultivo-03,2026-09-24T11:36:49.962Z,24.73,,,2272.9
lote-cultivo-01,2026-09-24T11:36:27.353Z,53.95646716002249,50.54768117847348,46.84628213307025,54.8271660411616
lote-cultivo-03,2026-09-24T11:35:49.823Z,24.87,,,2435.8
lote-cultivo-01,2026-09-24T11:35:12.834Z,44.49448609125924,43.86531847920339,71.88533278620883,36.85340567454789
lote-cultivo-03,2026-09-24T11:34:49.69Z,24.91,,,2141.3
lote-cultivo-01,2026-09-24T11:33:58.324Z,76.2838454666525,27.785406144831367,33.74394185988565,88.73798840188488
lote-cultivo-03,2026-09-24T11:33:49.537Z,24.92,,,2099
lote-cultivo-03,2026-09-24T11:32:49.399Z,24.99,,,1954.1
lote-cultivo-01,2026-09-24T11:32:43.81Z,61.33345527079452,7.999113534700097,42.60224360997732,52.812629522503805
lote-cultivo-03,2026-09-24T11:31:49.26Z,25.17,,,1715.5
lote-cultivo-01,2026-09-24T11:31:29.288Z,22.294704397315854,27.973426718961093,51.023103044476045,34.892646322175814
lote-cultivo-03,2026-09-24T11:30:49.124Z,25.31,,,2053.3
lote-cultivo-01,2026-09-24T11:30:14.776Z,45.05834776004153,72.75443607649545,17.21972750710519,52.30955036888885
lote-cultivo-03,2026-09-24T11:29:48.987Z,25.42,,,1906.9
lote-cultivo-01,2026-09-24T11:29:00.26Z,77.62149595397908,88.36620747256877,73.83237951261063,11.024672914427295
lote-cultivo-03,2026-09-24T11:28:48.848Z,25.64,,,2159.4
lote-cultivo-03,2026-09-24T11:27:48.688Z,25.7,,,1788.1
lote-cultivo-01,2026-09-24T11:27:45.73Z,55.53393392775363,76.14643570312772,38.63387068863656,78.89534761019101
lote-cultivo-03,2026-09-24T11:26:48.561Z,25.76,,,1895.3
lote-cultivo-01,2026-09-24T11:26:31.213Z,49.85058653427028,63.316247412234446,70.20240135017048,61.7452033580161
lote-cultivo-03,2026-09-24T11:25:48.423Z,25.93,,,1857.6
lote-cultivo-01,2026-09-24T11:25:16.702Z,84.39812850188767,42.68173426936339,57.62868312883407,43.71872961578174
lote-cultivo-03,2026-09-24T11:24:48.287Z,25.95,,,1422.3
lote-cultivo-01,2026-09-24T11:24:02.185Z,69.94235897869746,16.947331246852187,57.481429974254105,73.44431700061855
lote-cultivo-03,2026-09-24T11:23:48.153Z,26.18,,,1318.5
lote-cultivo-03,2026-09-24T11:22:48.009Z,26.33,,,1363.5
lote-cultivo-01,2026-09-24T11:22:47.68Z,20.04529305246498,15.874945544262236,48.08031757460804,11.243810677522443
lote-cultivo-03,2026-09-24T11:21:47.871Z,26.36,,,1594.4
lote-cultivo-01,2026-09-24T11:21:33.177Z,28.453825567269693,36.28919384455507,30.984081344376445,58.64949633801693
lote-cultivo-03,2026-09-24T11:20:47.727Z,26.55,,,1324.4
lote-cultivo-01,2026-09-24T11:20:18.661Z,56.882745040483485,54.26014882186646,61.007026154917234,54.613762398692344
lote-cultivo-03,2026-09-24T11:19:47.596Z,26.58,,,1137.3
lote-cultivo-01,2026-09-24T11:19:04.137Z,36.63219988954831,75.25933151663327,6.795599615351944,34.09589514089581
lote-cultivo-03,2026-09-24T11:18:47.46Z,26.59,,,1392.6
lote-cultivo-01,2026-09-24T11:17:49.624Z,32.93061648601278,93.73210504301484,84.88238008397927,79.55843017476815
lote-cultivo-03,2026-09-24T11:17:47.321Z,26.67,,,952.6
lote-cultivo-03,2026-09-24T11:16:47.191Z,26.88,,,955.5
lote-cultivo-01,2026-09-24T11:16:35.095Z,76.38584661064304,74.68381646649539,28.44022484237153,33.95926258918204
lote-cultivo-03,2026-09-24T11:15:47.045Z,27.01,,,1095.3
lote-cultivo-01,2026-09-24T11:15:20.59Z,75.09017722424251,30.80619325887074,75.95407829151476,61.43016054834204
lote-cultivo-03,2026-09-24T11:14:46.899Z,27.26,,,854.4
lote-cultivo-01,2026-09-24T11:14:06.052Z,27.904427742918152,16.374957395212327,57.49029782802235,53.31069093656152
lote-cultivo-03,2026-09-24T11:13:46.761Z,27.41,,,721.2
lote-cultivo-01,2026-09-24T11:12:51.533Z,29.466240489352813,29.46213400770412,54.093595466602395,25.33406119262481
lote-cultivo-03,2026-09-24T11:12:46.629Z,27.58,,,733.2
lote-cultivo-03,2026-09-24T11:11:46.492Z,27.83,,,674.9
lote-cultivo-01,2026-09-24T11:11:37.012Z,52.84652831048916,33.38164007150716,51.32621257389175,58.73857267582076
lote-cultivo-03,2026-09-24T11:10:46.341Z,27.85,,,709.7
lote-cultivo-01,2026-09-24T11:10:22.494Z,26.712410596715223,42.431872485826425,31.330234571445725,34.71492060980105
lote-cultivo-03,2026-09-24T11:09:46.207Z,28.01,,,626.1
lote-cultivo-01,2026-09-24T11:09:07.986Z,13.81628935852999,75.05819357495659,57.43283617497941,74.15393054108002
lote-cultivo-03,2026-09-24T11:08:46.055Z,28.17,,,598.3
lote-cultivo-01,2026-09-24T11:07:53.474Z,57.348976340806765,92.15982180829032,11.00110952436975,64.00690813120859
lote-cultivo-03,2026-09-24T11:07:45.904Z,28.36,,,515.9
lote-cultivo-03,2026-09-24T11:06:45.784Z,28.51,,,348.1
lote-cultivo-01,2026-09-24T11:06:38.96Z,68.49213067502181,69.7179650960322,82.0945972445385,39.0902126202888
lote-cultivo-03,2026-09-24T11:05:45.627Z,28.6,,,322.5
lote-cultivo-01,2026-09-24T11:05:24.432Z,32.10950231656239,41.6616626093301,29.555609865601916,51.43737793347887
lote-cultivo-03,2026-09-24T11:04:45.487Z,28.63,,,312.1
lote-cultivo-01,2026-09-24T11:04:09.927Z,39.33277440698165,27.91826165403445,73.95591846453654,11.741140765770805
lote-cultivo-03,2026-09-24T11:03:45.348Z,28.83,,,173.2
lote-cultivo-01,2026-09-24T11:02:55.401Z,68.93921155963382,19.595439461610827,62.05234441185464,67.29393275472967
lote-cultivo-03,2026-09-24T11:02:45.203Z,29.02,,,151.3
lote-cultivo-03,2026-09-24T11:01:45.065Z,29.08,,,70.4
lote-cultivo-01,2026-09-24T11:01:40.846Z,42.91299409910547,28.165600155945867,47.99151417411665,64.98069603051042
lote-cultivo-03,2026-09-24T11:00:44.926Z,25.75,,,0
lote-cultivo-01,2026-09-24T11:00:26.343Z,17.967466177846347,56.81807361871648,55.73202092129315,52.3174102833609
lote-cultivo-03,2026-09-24T10:59:44.802Z,25.98,,,0
lote-cultivo-01,2026-09-24T10:59:11.824Z,50.72478902708839,72.57009454195298,32.694121115501524,75.04553403736438
lote-cultivo-03,2026-09-24T10:58:44.655Z,26.09,,,0
lote-cultivo-01,2026-09-24T10:57:57.305Z,61.6573062725582,68.08671703432131,49.49293394182747,7.284285216650509
lote-cultivo-03,2026-09-24T10:57:44.52Z,26.25,,,0
lote-cultivo-03,2026-09-24T10:56:44.372Z,26.43,,,0
lote-cultivo-01,2026-09-24T10:56:42.791Z,27.816531409525908,68.43362866451822,23.232211847220615,51.765666091044146
lote-cultivo-03,2026-09-24T10:55:44.244Z,26.58,,,0
lote-cultivo-01,2026-09-24T10:55:28.271Z,39.336865909817995,62.12822895896938,68.81471851575857,54.55949617966163
lote-cultivo-03,2026-09-24T10:54:44.115Z,26.78,,,0
lote-cultivo-01,2026-09-24T10:54:13.746Z,81.76363343845875,30.01376210026394,41.747744408667295,38.83192286083197
lote-cultivo-03,2026-09-24T10:53:43.934Z,26.78,,,0
lote-cultivo-01,2026-09-24T10:52:59.233Z,67.3321570085275,11.384131789840332,61.63135826283009,89.24616969208142
lote-cultivo-03,2026-09-24T10:52:43.8Z,26.9,,,0
lote-cultivo-01,2026-09-24T10:51:44.714Z,40.28003597463917,36.39388058020416,76.26144465060432,27.65369781536026
lote-cultivo-03,2026-09-24T10:51:43.664Z,26.99,,,0
lote-cultivo-03,2026-09-24T10:50:43.514Z,27.12,,,0
lote-cultivo-01,2026-09-24T10:50:30.186Z,64.6443900996626,63.05087452179626,32.002278647151314,52.57757160700315
lote-cultivo-03,2026-09-24T10:49:43.378Z,27.35,,,0
lote-cultivo-01,2026-09-24T10:49:15.671Z,69.42553332586398,61.90542617764295,71.00611780316703,56.654443707615634
lote-cultivo-03,2026-09-24T10:48:43.241Z,27.35,,,0
lote-cultivo-01,2026-09-24T10:48:01.135Z,26.41995908188245,61.79542025157848,22.587304559766967,23.086962091737355
lote-cultivo-03,2026-09-24T10:47:43.099Z,27.41,,,0
lote-cultivo-01,2026-09-24T10:46:46.619Z,28.83555625373945,68.53022953730937,52.29475345308284,71.22003774348092
lote-cultivo-03,2026-09-24T10:46:42.958Z,23.81,,,0
lote-cultivo-03,2026-09-24T10:45:42.821Z,24.01,,,0
lote-cultivo-01,2026-09-24T10:45:32.102Z,74.90223927836942,54.68063502356117,26.5421494104178,34.786910752361486
lote-cultivo-03,2026-09-24T10:44:42.699Z,24.17,,,0
lote-cultivo-01,2026-09-24T10:44:17.593Z,72.09184428826555,32.5511787846365,62.65010256345506,59.14866987633348
lote-cultivo-03,2026-09-24T10:43:42.561Z,24.27,,,0
lote-cultivo-01,2026-09-24T10:43:03.072Z,50.92321958119225,31.297696086480254,47.41904282259211,69.75108603045888
lote-cultivo-03,2026-09-24T10:42:42.407Z,24.5,,,0
lote-cultivo-01,2026-09-24T10:41:48.561Z,77.79382667616595,40.04149125753697,56.311559184861814,36.416992934340925
lote-cultivo-03,2026-09-24T10:41:42.285Z,24.69,,,0
lote-cultivo-03,2026-09-24T10:40:42.145Z,24.86,,,0
lote-cultivo-01,2026-09-24T10:40:34.047Z,85.29916005495002,47.58530853541997,82.98843689268752,58.240384180257934
lote-cultivo-03,2026-09-24T10:39:42.008Z,24.96,,,0
lote-cultivo-01,2026-09-24T10:39:19.538Z,35.632406935754915,64.27427234962465,22.701493505232506,19.738634281811372
lote-cultivo-03,2026-09-24T10:38:41.872Z,25.1,,,0
lote-cultivo-01,2026-09-24T10:38:05.031Z,22.690946160919815,73.09553604537243,82.1369104704813,51.327233923058245
lote-cultivo-03,2026-09-24T10:37:41.723Z,25.26,,,0
lote-cultivo-01,2026-09-24T10:36:50.525Z,59.860743872012314,53.2630260075214,13.566314520526843,65.86412381937579
lote-cultivo-03,2026-09-24T10:36:41.583Z,25.41,,,0
lote-cultivo-03,2026-09-24T10:35:41.447Z,25.6,,,0
lote-cultivo-01,2026-09-24T10:35:36.019Z,56.75945619235495,35.917687795611656,56.80098428889021,55.063729372192014
lote-cultivo-03,2026-09-24T10:34:41.317Z,25.67,,,0
lote-cultivo-01,2026-09-24T10:34:21.505Z,35.76309980049921,45.33485824387719,26.473471337924625,77.31973888542522
lote-cultivo-03,2026-09-24T10:33:41.18Z,25.89,,,0
lote-cultivo-01,2026-09-24T10:33:06.992Z,67.36694704661485,49.02468710785839,60.89841576034404,15.808424245743158
lote-cultivo-03,2026-09-24T10:32:41.038Z,25.97,,,0
lote-cultivo-01,2026-09-24T10:31:52.477Z,87.39970720810948,36.73355247559961,46.763771187157026,42.31500014919664
lote-cultivo-03,2026-09-24T10:31:40.904Z,25.99,,,0
lote-cultivo-03,2026-09-24T10:30:40.753Z,26.01,,,0
lote-cultivo-01,2026-09-24T10:30:37.956Z,44.61957836926668,46.157320481365446,60.212895584249246,48.35044642008101
lote-cultivo-03,2026-09-24T10:29:40.616Z,26.22,,,0
lote-cultivo-01,2026-09-24T10:29:23.399Z,26.18375852175765,71.25801672961514,77.02744447294343,42.05427812735224
lote-cultivo-03,2026-09-24T10:28:40.481Z,26.41,,,0
lote-cultivo-01,2026-09-24T10:28:08.881Z,56.334893849494115,66.73215494452359,28.36082112885709,95.29490856830984
lote-cultivo-03,2026-09-24T10:27:40.343Z,26.63,,,0
lote-cultivo-01,2026-09-24T10:26:54.359Z,47.473889748929466,42.287502786225,77.88505396888587,31.425300123639733
lote-cultivo-03,2026-09-24T10:26:40.206Z,26.72,,,0
lote-cultivo-03,2026-09-24T10:25:40.079Z,26.78,,,0
lote-cultivo-01,2026-09-24T10:25:39.852Z,16.142846188329944,37.15951460548677,18.64193891041306,48.4795073230571
lote-cultivo-03,2026-09-24T10:24:39.924Z,27,,,0
lote-cultivo-01,2026-09-24T10:24:25.339Z,41.88916274791136,42.986878358378654,48.47693468458069,50.446234220676054
lote-cultivo-03,2026-09-24T10:23:39.788Z,27,,,0
lote-cultivo-01,2026-09-24T10:23:10.821Z,70.39307271107786,42.87449676503776,38.658339795102826,18.739295821094533
lote-cultivo-03,2026-09-24T10:22:39.653Z,27.22,,,0
lote-cultivo-01,2026-09-24T10:21:56.304Z,39.93203309864247,51.65428634666897,47.33860370674957,82.60372541007128
lote-cultivo-03,2026-09-24T10:21:39.513Z,27.33,,,0
lote-cultivo-01,2026-09-24T10:20:41.787Z,27.941701572684995,65.13842880931338,56.996484294123896,38.727094554896
lote-cultivo-03,2026-09-24T10:20:39.372Z,27.36,,,0
lote-cultivo-03,2026-09-24T10:19:39.234Z,27.58,,,0
lote-cultivo-01,2026-09-24T10:19:27.262Z,64.12736586381929,60.57191979325085,56.019149402761094,52.969443903079615
lote-cultivo-03,2026-09-24T10:18:39.083Z,27.75,,,0
lote-cultivo-01,2026-09-24T10:18:12.754Z,58.770601008713854,50.8231584058669,75.46344154955845,69.68083486373884
lote-cultivo-03,2026-09-24T10:17:38.947Z,27.95,,,0
lote-cultivo-01,2026-09-24T10:16:58.224Z,18.82532885087948,51.10225125305973,33.21189351714821,25.832178127565022
lote-cultivo-03,2026-09-24T10:16:38.801Z,28.16,,,0
lote-cultivo-01,2026-09-24T10:15:43.716Z,31.4739561197187,40.50890778711738,72.32256330555342,66.96401412024848
lote-cultivo-03,2026-09-24T10:15:38.665Z,28.26,,,0
lote-cultivo-03,2026-09-24T10:14:38.523Z,28.46,,,0
lote-cultivo-01,2026-09-24T10:14:29.212Z,56.647251293726086,23.52962594082077,25.785052272202375,30.681302881829374
lote-cultivo-03,2026-09-24T10:13:38.391Z,28.54,,,0
lote-cultivo-01,2026-09-24T10:13:14.701Z,28.887616908463976,38.81330495827906,37.92381026052286,41.0445809519667
lote-cultivo-03,2026-09-24T10:12:38.26Z,28.56,,,0
lote-cultivo-01,2026-09-24T10:12:00.187Z,20.19696952528668,72.11199527669629,53.95787613823698,68.04420092245185
lote-cultivo-03,2026-09-24T10:11:38.119Z,28.58,,,0
lote-cultivo-01,2026-09-24T10:10:45.665Z,66.92051778521022,73.69752267281488,28.577387972940333,46.949671523850725
lote-cultivo-03,2026-09-24T10:10:37.984Z,28.79,,,0
lote-cultivo-03,2026-09-24T10:09:37.85Z,29.01,,,0
lote-cultivo-01,2026-09-24T10:09:31.154Z,76.35319460314066,54.95276803446016,74.61628867416474,77.66593305593298
lote-cultivo-03,2026-09-24T10:08:37.71Z,29.03,,,0
lote-cultivo-01,2026-09-24T10:08:16.626Z,40.21828628076706,52.67012318130628,42.9782558518253,31.61216787944739
lote-cultivo-03,2026-09-24T10:07:37.557Z,29.08,,,0
lote-cultivo-01,2026-09-24T10:07:02.106Z,46.363636912219555,49.364812729780446,82.7457777805989,34.653362051240386
lote-cultivo-03,2026-09-24T10:06:37.434Z,29.16,,,0
lote-cultivo-01,2026-09-24T10:05:47.592Z,66.15689443206789,28.08203698619093,29.843486544312647,45.323288981216905
lote-cultivo-03,2026-09-24T10:05:37.294Z,29.27,,,0
lote-cultivo-03,2026-09-24T10:04:37.157Z,29.38,,,0
lote-cultivo-01,2026-09-24T10:04:33.072Z,32.01465235794805,22.397270814594595,75.08678053329496,39.253828146833335
lote-cultivo-03,2026-09-24T10:03:37.018Z,29.53,,,0
lote-cultivo-01,2026-09-24T10:03:18.551Z,13.513041041017862,45.161814255346286,23.068345281118212,92.2139170321737
lote-cultivo-03,2026-09-24T10:02:36.884Z,29.57,,,0
lote-cultivo-01,2026-09-24T10:02:04.026Z,60.82526146404268,65.0521575914426,38.069358118335686,42.808659780742374
lote-cultivo-03,2026-09-24T10:01:36.755Z,29.72,,,0
lote-cultivo-01,2026-09-24T10:00:48.52Z,83.25756345708797,74.193013468183,58.53349653412584,45.42507926166339
lote-cultivo-03,2026-09-24T10:00:36.614Z,29.73,,,0
lote-cultivo-03,2026-09-24T09:59:36.465Z,29.75,,,0
lote-cultivo-01,2026-09-24T09:59:34.004Z,54.94614408309756,78.02515277580089,20.856743118607948,45.18672699173336
lote-cultivo-03,2026-09-24T09:58:36.342Z,29.8,,,0
lote-cultivo-01,2026-09-24T09:58:19.487Z,60.93471208743215,59.89075001487829,85.52008936783726,12.561632246375712
lote-cultivo-03,2026-09-24T09:57:36.207Z,29.97,,,0
lote-cultivo-01,2026-09-24T09:57:04.96Z,85.01368604966838,27.210002408324947,37.25160297087939,85.21097222556857
lote-cultivo-03,2026-09-24T09:56:36.069Z,30.05,,,0
lote-cultivo-01,2026-09-24T09:55:50.429Z,51.12040819066744,19.9171017123345,81.56482117085856,49.66345691013755
lote-cultivo-03,2026-09-24T09:55:35.917Z,30.21,,,0
lote-cultivo-01,2026-09-24T09:54:35.913Z,18.379729865944977,35.04727440939198,34.70993081194253,53.99250382325119
lote-cultivo-03,2026-09-24T09:54:35.779Z,30.3,,,0
lote-cultivo-03,2026-09-24T09:53:35.643Z,26.53,,,0
lote-cultivo-01,2026-09-24T09:53:21.386Z,52.07249103972432,40.30433405304328,68.42561251192052,67.61071352968561
lote-cultivo-03,2026-09-24T09:52:35.512Z,26.66,,,0
lote-cultivo-01,2026-09-24T09:52:06.868Z,73.51367079519991,50.31892291995798,24.04578018717612,11.509434716704105
lote-cultivo-03,2026-09-24T09:51:35.376Z,26.87,,,0
lote-cultivo-01,2026-09-24T09:50:52.335Z,46.81210005522941,82.2437929127652,41.59779242560026,66.98633073625383
lote-cultivo-03,2026-09-24T09:50:35.243Z,26.96,,,0
lote-cultivo-01,2026-09-24T09:49:37.825Z,55.19664357162244,93.1204760623352,53.921113854950995,42.81198711650177
lote-cultivo-03,2026-09-24T09:49:35.103Z,27.09,,,0
lote-cultivo-03,2026-09-24T09:48:34.959Z,27.23,,,0
lote-cultivo-01,2026-09-24T09:48:23.301Z,89.45635400750793,58.66883570540335,24.430911178431224,42.38620239548345
lote-cultivo-03,2026-09-24T09:47:34.821Z,27.28,,,0
lote-cultivo-01,2026-09-24T09:47:08.797Z,65.1132858683372,25.611336362550496,82.16394396552953,74.56106788827196
lote-cultivo-03,2026-09-24T09:46:34.684Z,27.4,,,0
lote-cultivo-01,2026-09-24T09:45:54.266Z,28.634934138937098,22.176293736241735,42.952131037935395,33.06597357240019
lote-cultivo-03,2026-09-24T09:45:34.536Z,27.51,,,0
lote-cultivo-01,2026-09-24T09:44:39.751Z,52.41029528913133,24.9639266994197,70.90165385289407,70.22904877328891
lote-cultivo-03,2026-09-24T09:44:34.399Z,27.56,,,0
lote-cultivo-03,2026-09-24T09:43:34.261Z,27.61,,,0
lote-cultivo-01,2026-09-24T09:43:25.236Z,66.859128736358,32.57546400959264,50.10823069586701,43.47971684320324
lote-cultivo-03,2026-09-24T09:42:34.111Z,27.68,,,0
lote-cultivo-01,2026-09-24T09:42:10.713Z,31.153298971098906,60.18389379152133,52.11109061602489,32.754898305818536
lote-cultivo-03,2026-09-24T09:41:33.982Z,27.79,,,0
lote-cultivo-01,2026-09-24T09:40:56.192Z,30.860021683809908,83.76915345443015,37.37490790816727,53.52381293009279
lote-cultivo-03,2026-09-24T09:40:33.843Z,28.03,,,0
lote-cultivo-01,2026-09-24T09:39:41.686Z,69.36814291328463,80.5893671979918,33.52929958284605,33.498885367994596
lote-cultivo-03,2026-09-24T09:39:33.7Z,28.18,,,0
lote-cultivo-03,2026-09-24T09:38:33.551Z,28.32,,,0
lote-cultivo-01,2026-09-24T09:38:27.175Z,58.044606153203794,66.72130652461037,57.67228065199086,81.77088654636484
lote-cultivo-03,2026-09-24T09:37:33.416Z,28.51,,,0
lote-cultivo-01,2026-09-24T09:37:12.649Z,28.994377785034057,47.00798027672086,22.387637500522253,54.84063227625832
lote-cultivo-03,2026-09-24T09:36:33.268Z,28.71,,,0
lote-cultivo-01,2026-09-24T09:35:58.12Z,55.95614504159626,15.413948047519032,82.95513932812669,47.60166089616802
lote-cultivo-03,2026-09-24T09:35:33.129Z,28.92,,,0
lote-cultivo-01,2026-09-24T09:34:43.61Z,73.46769998913592,4.877653660661298,44.73090575506218,45.878984299037064
lote-cultivo-03,2026-09-24T09:34:32.973Z,28.98,,,0
lote-cultivo-03,2026-09-24T09:33:32.837Z,29.07,,,0
lote-cultivo-01,2026-09-24T09:33:29.094Z,31.854140747245783,37.4752383428816,63.74022836435247,10.790882584044311
lote-cultivo-03,2026-09-24T09:32:32.701Z,29.24,,,0
lote-cultivo-01,2026-09-24T09:32:14.575Z,17.212949690761842,69.97797366921496,63.60976139347848,74.9238921577767
lote-cultivo-03,2026-09-24T09:31:32.562Z,29.4,,,0
lote-cultivo-01,2026-09-24T09:31:00.056Z,48.7739384750466,72.42738539731535,35.13197458953313,54.29568070263817
lote-cultivo-03,2026-09-24T09:30:32.423Z,29.43,,,0
lote-cultivo-03,2026-09-28T09:37:35.117Z,23,,,0
lote-cultivo-01,2026-09-28T09:37:01.662Z,35.70940579266416,36.98270287384235,67.3843931743432,24.947663186345036
lote-cultivo-03,2026-09-28T09:36:34.966Z,23.01,,,0
lote-cultivo-01,2026-09-28T09:35:47.127Z,69.93246838421052,60.04700991288821,30.77177369853962,61.132963693852126
lote-cultivo-03,2026-09-28T09:35:34.62Z,23.17,,,0
lote-cultivo-03,2026-09-28T09:34:34.484Z,23.35,,,0
lote-cultivo-01,2026-09-28T09:34:32.614Z,52.52974783996659,76.27041021070865,67.53193036459979,12.640844122332718
lote-cultivo-03,2026-09-28T09:33:34.345Z,23.48,,,0
lote-cultivo-01,2026-09-28T09:33:18.084Z,49.775733092080785,86.26338132239734,52.079724386463376,58.032761954189915
lote-cultivo-03,2026-09-28T09:32:34.206Z,23.57,,,0
lote-cultivo-01,2026-09-28T09:32:03.553Z,89.84995712563844,69.98674273264395,67.2164198041685,79.46806232237894
lote-cultivo-03,2026-09-28T09:31:34.07Z,23.69,,,0
lote-cultivo-01,2026-09-28T09:30:49.03Z,83.2818576417957,40.05416994730218,59.21737320191957,34.07356911850371
lote-cultivo-03,2026-09-28T09:30:33.945Z,23.76,,,0
lote-cultivo-01,2026-09-28T09:29:34.502Z,35.578477025336014,27.18029209451141,29.8716419654053,76.22965191093685
lote-cultivo-03,2026-09-28T09:29:33.807Z,23.84,,,0
lote-cultivo-03,2026-09-28T09:28:33.676Z,23.88,,,0
lote-cultivo-01,2026-09-28T09:28:19.984Z,41.10002188896251,23.013031428725657,72.01056517355308,25.380682197263905
lote-cultivo-03,2026-09-28T09:27:33.536Z,24.08,,,0
lote-cultivo-01,2026-09-28T09:27:05.464Z,67.37839831104877,20.20659191403379,2.1378710603439885,39.828996408091726
lote-cultivo-03,2026-09-28T09:26:33.411Z,24.15,,,0
lote-cultivo-01,2026-09-28T09:25:50.941Z,42.63287525127609,45.19837676492109,70.5651241219858,66.08499661368221
lote-cultivo-03,2026-09-28T09:25:33.258Z,24.2,,,0
lote-cultivo-01,2026-09-28T09:24:36.434Z,30.60742841897275,86.30025729597253,30.04670070512454,28.93309903941689
lote-cultivo-03,2026-09-28T09:24:33.123Z,24.39,,,0
lote-cultivo-03,2026-09-28T09:23:32.993Z,24.52,,,0
lote-cultivo-01,2026-09-28T09:23:21.909Z,71.50385488391872,89.79094352946491,64.06085292442614,73.07977438718348
lote-cultivo-03,2026-09-28T09:22:32.87Z,24.68,,,0
lote-cultivo-01,2026-09-28T09:22:07.384Z,77.14553760259261,59.189715087538765,57.58619105370148,45.23918620981402
lote-cultivo-03,2026-09-28T09:21:32.719Z,24.79,,,0
lote-cultivo-01,2026-09-28T09:20:52.85Z,37.988338028899335,43.14380498946821,63.56704933676938,52.803085439606754
lote-cultivo-03,2026-09-28T09:20:32.591Z,24.96,,,0
lote-cultivo-01,2026-09-28T09:19:38.329Z,45.169513191876035,38.90528244856639,57.84561214485494,61.935768620414265
lote-cultivo-03,2026-09-28T09:19:32.463Z,25.09,,,0
lote-cultivo-03,2026-09-28T09:18:32.335Z,25.29,,,0
lote-cultivo-01,2026-09-28T09:18:23.801Z,73.18262890773956,22.845779647318803,36.63066212304031,24.351935811628003
lote-cultivo-03,2026-09-28T09:17:32.194Z,25.45,,,0
lote-cultivo-01,2026-09-28T09:17:09.279Z,44.34220559415799,20.46267823352205,62.705849652565874,55.814971766532665
lote-cultivo-03,2026-09-28T09:16:32.049Z,25.57,,,0
lote-cultivo-01,2026-09-28T09:15:54.763Z,17.886786777992945,49.34017751624389,11.570681543517642,34.186192876954884
lote-cultivo-03,2026-09-28T09:15:31.908Z,25.66,,,0
lote-cultivo-01,2026-09-28T09:14:40.223Z,48.44791694008575,74.33175063931039,61.409468266647906,65.97812272685239
lote-cultivo-03,2026-09-28T09:14:31.773Z,25.73,,,0
lote-cultivo-03,2026-09-28T09:13:31.637Z,25.9,,,0
lote-cultivo-01,2026-09-28T09:13:25.687Z,56.26078431931153,76.10657441680993,40.88060448748395,74.71899235304267
lote-cultivo-03,2026-09-28T09:12:31.498Z,25.93,,,0
lote-cultivo-01,2026-09-28T09:12:11.148Z,22.077458765401047,70.0013063297665,49.64396192160913,34.61648685183674
lote-cultivo-03,2026-09-28T09:11:31.356Z,25.98,,,0
lote-cultivo-01,2026-09-28T09:10:56.62Z,35.0496427424574,53.505410366616765,74.63016828042355,59.73670114578662
lote-cultivo-03,2026-09-28T09:10:31.223Z,26.14,,,0
lote-cultivo-01,2026-09-28T09:09:42.088Z,75.7051457466585,26.97037762554163,47.73018940016176,12.289204926201776
lote-cultivo-03,2026-09-28T09:09:31.084Z,26.33,,,0
lote-cultivo-03,2026-09-28T09:08:30.951Z,26.38,,,0
lote-cultivo-01,2026-09-28T09:08:27.562Z,56.60159266006296,22.492787662692415,68.15827797803192,50.1073204184179
lote-cultivo-03,2026-09-28T09:07:30.814Z,26.48,,,0
lote-cultivo-01,2026-09-28T09:07:13.033Z,25.658666725133084,42.81048030103821,33.565041447122866,78.81566196524311
lote-cultivo-03,2026-09-28T09:06:30.684Z,26.65,,,0
lote-cultivo-01,2026-09-28T09:05:58.515Z,47.008273033743755,51.58588212284453,60.27723759809782,41.2339097152564
lote-cultivo-03,2026-09-28T09:05:30.541Z,26.75,,,0
lote-cultivo-01,2026-09-28T09:04:43.989Z,50.21814551440168,52.00019523525044,16.19774202399274,81.88960650447508
lote-cultivo-03,2026-09-28T09:04:30.419Z,26.91,,,0
lote-cultivo-03,2026-09-28T09:03:30.28Z,27.11,,,0
lote-cultivo-01,2026-09-28T09:03:29.456Z,10.409686049552844,70.10275519753392,56.392791333811665,21.08652025289567
lote-cultivo-03,2026-09-28T09:02:30.141Z,27.32,,,0
lote-cultivo-01,2026-09-28T09:02:14.927Z,19.22887318723564,78.61093719708029,47.20056141637159,30.67862556480519
lote-cultivo-03,2026-09-28T09:01:30.004Z,27.57,,,0
lote-cultivo-01,2026-09-28T09:01:00.395Z,68.49036380756381,49.588536293182734,39.83395373984745,68.41016322150485
lote-cultivo-03,2026-09-28T09:00:29.871Z,27.72,,,0
lote-cultivo-01,2026-09-28T08:59:45.871Z,64.20516193332023,23.90735027567999,88.35010233787806,30.088938202375576
lote-cultivo-03,2026-09-28T08:59:29.698Z,27.72,,,0
lote-cultivo-01,2026-09-28T08:58:31.359Z,40.128717937676825,34.09028468717216,32.59230500059814,83.12783074953721
lote-cultivo-03,2026-09-28T08:58:29.578Z,27.83,,,0
lote-cultivo-01,2026-09-28T08:57:16.833Z,63.620977914775054,48.228036400952384,80.59564564981166,46.03757909066248
lote-cultivo-01,2026-09-28T08:56:02.305Z,68.95909899204075,48.58539365660682,26.761672432046,37.268862183011066
lote-cultivo-01,2026-09-28T08:54:47.776Z,22.541875343065087,57.00910142338932,62.24778511377719,66.13255335512618
lote-cultivo-01,2026-09-28T08:53:33.248Z,17.717783828840503,67.1284380636451,15.78819455018027,23.88407350599295
lote-cultivo-01,2026-09-28T08:52:18.726Z,61.894217852458475,57.75830598649002,58.21153127516049,61.737194874597115
lote-cultivo-01,2026-09-28T08:51:04.204Z,61.93664555525425,45.36432254039653,43.51709656607953,43.96352680823974
lote-cultivo-01,2026-09-28T08:49:49.675Z,41.448513580079386,43.63542666288948,43.13906084258956,49.30376641399016
lote-cultivo-01,2026-09-28T08:48:35.158Z,71.37287314479205,37.57061497336248,87.19865506149065,74.55509346697986
lote-cultivo-01,2026-09-28T08:47:20.634Z,88.79426918107157,36.43356209699621,32.13502798352486,38.229562270386666
lote-cultivo-01,2026-09-28T08:46:06.125Z,46.59115084667387,58.91638678345247,79.84393118812643,59.881561088732425
lote-cultivo-01,2026-09-28T08:44:51.587Z,32.88891278105751,73.68501311011738,31.892133854980617,23.454082358287568
lote-cultivo-01,2026-09-28T08:43:37.061Z,67.55408413600462,54.21082794608718,52.952125541021225,40.05151929801588
lote-cultivo-01,2026-09-28T08:42:22.527Z,61.032095919484675,37.95376187158763,26.26745171646512,72.16200161619345
lote-cultivo-01,2026-09-28T08:41:08.015Z,31.260992396830673,47.763191842964744,50.66482392621452,46.29267250530143
lote-cultivo-01,2026-09-28T08:39:53.478Z,57.35086762624952,48.569758093929686,45.88298492944604,84.31633171219725
lote-cultivo-01,2026-09-28T08:38:38.953Z,84.60691571479492,35.043923993375124,44.73939251364566,27.052018531407978
lote-cultivo-01,2026-09-28T08:37:24.413Z,53.54922256787776,44.72744373086273,84.03032100926971,26.073431502217492
lote-cultivo-01,2026-09-28T08:36:09.889Z,42.31242215091795,68.92402527342996,35.69319377424609,61.128692506037
lote-cultivo-01,2026-09-28T08:34:55.376Z,77.60593068105686,68.57209334695739,74.23379223539453,29.158555883819197
lote-cultivo-01,2026-09-28T08:33:40.852Z,69.1565862162576,52.32557224169019,42.35335566939814,91.54190254873916
lote-cultivo-03,2026-09-28T08:33:09.263Z,27.97,,,0
lote-cultivo-01,2026-09-28T08:32:26.337Z,26.656533669439764,43.75806420855346,36.78277424402541,51.379213556237424
lote-cultivo-03,2026-09-28T08:32:09.121Z,28.06,,,0
lote-cultivo-01,2026-09-28T08:31:11.789Z,38.2478376792019,34.83514123718779,45.836254315671944,30.742977092568054
lote-cultivo-03,2026-09-28T08:31:08.983Z,28.26,,,0
lote-cultivo-03,2026-09-28T08:30:08.826Z,28.47,,,0
lote-cultivo-01,2026-09-28T08:29:57.267Z,63.2924285595412,29.803065706002208,32.30952570319314,63.7698344854274
lote-cultivo-03,2026-09-28T08:29:08.7Z,28.59,,,0
lote-cultivo-01,2026-09-28T08:28:42.749Z,36.75592576846377,46.902882910636734,59.34448400341071,16.21041462461826
lote-cultivo-03,2026-09-28T08:28:08.572Z,28.68,,,0
lote-cultivo-01,2026-09-28T08:27:28.228Z,29.406582855260073,65.59734370090185,36.30109842926976,68.75777325822675
lote-cultivo-03,2026-09-28T08:27:08.433Z,28.75,,,0
lote-cultivo-01,2026-09-28T08:26:13.721Z,73.95458186220594,62.616730947298215,89.3854380239768,56.33732460945674
lote-cultivo-03,2026-09-28T08:26:08.294Z,28.97,,,0
lote-cultivo-03,2026-09-28T08:25:08.148Z,29.17,,,0
lote-cultivo-01,2026-09-28T08:24:59.202Z,76.21557305928354,61.09337703032119,33.261150848749175,39.75533978395423
lote-cultivo-03,2026-09-28T08:24:08.007Z,29.21,,,0
lote-cultivo-01,2026-09-28T08:23:43.696Z,31.780413054538915,66.67129470740664,75.48329368936457,71.2821246171429
lote-cultivo-03,2026-09-28T08:23:07.88Z,29.44,,,0
lote-cultivo-01,2026-09-28T08:22:29.177Z,31.338990942237864,47.104031353901405,42.2879547322988,30.34429307546573
lote-cultivo-03,2026-09-28T08:22:07.745Z,29.46,,,0
lote-cultivo-01,2026-09-28T08:21:14.657Z,52.043777170749486,14.752740439871037,28.984400249805255,57.20818284949424
lote-cultivo-03,2026-09-28T08:21:07.604Z,29.7,,,0
lote-cultivo-03,2026-09-28T08:20:07.474Z,29.93,,,0
lote-cultivo-01,2026-09-28T08:20:00.15Z,23.534481822764533,20.481008446146745,58.73321276504883,42.26964666578916
lote-cultivo-03,2026-09-28T08:19:07.337Z,30.17,,,0
lote-cultivo-01,2026-09-28T08:18:45.641Z,9.331641554312556,53.54078780544512,18.984646412647937,35.92719290141418
lote-cultivo-03,2026-09-28T08:18:07.204Z,30.23,,,0
lote-cultivo-01,2026-09-28T08:17:31.119Z,56.81720384029565,67.07334964414788,69.90053197294557,69.28289702479337
lote-cultivo-03,2026-09-28T08:17:07.078Z,30.36,,,0
lote-cultivo-01,2026-09-28T08:16:16.592Z,75.43727782732385,67.21147937856648,34.14344716121112,43.15456368755232
lote-cultivo-03,2026-09-28T08:16:06.93Z,30.39,,,0
lote-cultivo-03,2026-09-28T08:15:06.795Z,25.9,,,0
lote-cultivo-01,2026-09-28T08:15:02.082Z,41.02594532529682,73.67104176175073,88.57737262544843,77.12721966274547
lote-cultivo-03,2026-09-28T08:14:06.657Z,25.95,,,0
lote-cultivo-01,2026-09-28T08:13:47.552Z,42.03734244895293,64.94234233792814,31.50385643999048,39.851510704624374
lote-cultivo-03,2026-09-28T08:13:06.513Z,26.05,,,0
lote-cultivo-01,2026-09-28T08:12:33.022Z,63.90130653363102,36.31231712392397,79.15550116483267,25.726491684546097
lote-cultivo-03,2026-09-28T08:12:06.38Z,26.18,,,0
lote-cultivo-01,2026-09-28T08:11:18.511Z,32.2881679312785,20.636827501585657,37.81777708950535,56.72643791414566
lote-cultivo-03,2026-09-28T08:11:06.24Z,26.23,,,0
lote-cultivo-03,2026-09-28T08:10:06.089Z,26.3,,,0
lote-cultivo-01,2026-09-28T08:10:04Z,5.976890814888141,24.417054561106387,32.31331820122137,27.460413848281735
lote-cultivo-03,2026-09-28T08:09:05.957Z,22,,,0
lote-cultivo-01,2026-09-28T08:08:49.474Z,45.464071153984115,34.15905569502577,57.99113276546854,89.36041344438
lote-cultivo-03,2026-09-28T08:08:05.816Z,22,,,0
lote-cultivo-01,2026-09-28T08:07:34.956Z,68.56502805014198,58.95762987547758,18.737211908625515,60.65805815216299
lote-cultivo-03,2026-09-28T08:07:05.676Z,22,,,0
lote-cultivo-01,2026-09-28T08:06:20.408Z,40.945996006306395,89.16228593310201,67.35532745535059,30.740989900026523
lote-cultivo-03,2026-09-28T08:06:05.526Z,22,,,0
lote-cultivo-01,2026-09-28T08:05:05.879Z,47.892262131125186,84.35468942414846,41.7640897952349,59.86921669647179
lote-cultivo-03,2026-09-28T08:05:05.391Z,22,,,0
lote-cultivo-03,2026-09-28T08:04:05.259Z,22,,,0
lote-cultivo-01,2026-09-28T08:03:51.344Z,81.00768921289962,51.429818001777726,76.51560402720692,8.184580798376304
lote-cultivo-03,2026-09-28T08:03:05.11Z,22,,,0
lote-cultivo-01,2026-09-28T08:02:36.828Z,57.73306226594433,35.88799301580089,44.29084142159566,68.60652930595246
lote-cultivo-03,2026-09-28T08:02:04.978Z,22,,,0
lote-cultivo-01,2026-09-28T08:01:22.305Z,25.400916951745657,32.91502371261855,69.36406835713804,69.58032723375567
lote-cultivo-03,2026-09-28T08:01:04.843Z,22.16,,,0
lote-cultivo-01,2026-09-28T08:00:07.764Z,53.67844611095276,17.985223114700474,43.55204579215954,39.58421607754966
lote-cultivo-03,2026-09-28T08:00:04.691Z,22.38,,,0
lote-cultivo-03,2026-09-28T07:59:04.557Z,22.39,,,0
lote-cultivo-01,2026-09-28T07:58:53.242Z,70.72288758532497,20.57107203558093,29.10562283317603,75.3861072556162
lote-cultivo-03,2026-09-28T07:58:04.412Z,22.54,,,0
lote-cultivo-01,2026-09-28T07:57:38.705Z,36.91450143821965,60.79844411112785,60.741574854534974,19.60070602868084
lote-cultivo-03,2026-09-28T07:57:04.258Z,22.73,,,0
lote-cultivo-01,2026-09-28T07:56:24.183Z,38.940432719557634,91.6432753358521,16.74707760732499,49.96582341867576
lote-cultivo-03,2026-09-28T07:56:04.12Z,22.8,,,0
lote-cultivo-01,2026-09-28T07:55:09.665Z,79.53140488623008,82.59576337462846,65.84078399033298,56.80862733229179
lote-cultivo-03,2026-09-28T07:55:03.98Z,22.84,,,0
lote-cultivo-03,2026-09-28T07:54:03.849Z,23.05,,,0
lote-cultivo-01,2026-09-28T07:53:55.126Z,69.9964743602853,61.99458903094855,49.68048253295479,34.51377469814642
lote-cultivo-03,2026-09-28T07:53:03.693Z,23.15,,,0
lote-cultivo-01,2026-09-28T07:52:40.597Z,42.47403013387079,44.07678036665559,61.84275957133642,73.31242801890751
lote-cultivo-03,2026-09-28T07:52:03.569Z,23.23,,,0
lote-cultivo-01,2026-09-28T07:51:26.066Z,69.1368376233672,20.912543394087365,62.563782544510794,39.32352183146147
lote-cultivo-03,2026-09-28T07:51:03.438Z,23.35,,,0
lote-cultivo-01,2026-09-28T07:50:11.538Z,84.24313760910155,12.935736858885209,52.05534239861542,62.45772861247042
lote-cultivo-03,2026-09-28T07:50:03.292Z,23.44,,,0
lote-cultivo-03,2026-09-28T07:49:03.138Z,23.52,,,0
lote-cultivo-01,2026-09-28T07:48:57.007Z,40.84554683518363,33.75888793133666,57.13828273503246,52.25083985410159
lote-cultivo-03,2026-09-28T07:48:03Z,23.61,,,0
lote-cultivo-01,2026-09-28T07:47:42.48Z,27.203467337162092,56.45970522926002,18.81582342776619,29.072423025106183
lote-cultivo-03,2026-09-28T07:47:02.875Z,23.75,,,0
lote-cultivo-01,2026-09-28T07:46:27.961Z,61.947250371296725,70.27886103732536,69.96735365174865,56.61247623138931
lote-cultivo-03,2026-09-28T07:46:02.735Z,23.85,,,0
lote-cultivo-01,2026-09-28T07:45:13.43Z,57.642143300100216,86.9502950172292,7.430395911428106,28.60701604528477
lote-cultivo-03,2026-09-28T07:45:02.589Z,23.96,,,0
lote-cultivo-03,2026-09-28T07:44:02.453Z,24.04,,,0
lote-cultivo-01,2026-09-28T07:43:58.895Z,34.71945526667019,83.5916638305552,73.6932455758498,76.5204489207177
lote-cultivo-03,2026-09-28T07:43:02.309Z,24.08,,,0
lote-cultivo-01,2026-09-28T07:42:44.374Z,67.03464715264077,42.40289602336567,46.25234678687216,65.36897286137285
lote-cultivo-03,2026-09-28T07:42:02.168Z,24.24,,,0
lote-cultivo-01,2026-09-28T07:41:29.856Z,92.1442845479124,9.96607734826083,59.14066532869793,38.56965123754216
lote-cultivo-03,2026-09-28T07:41:02.023Z,24.4,,,0
lote-cultivo-01,2026-09-28T07:40:15.339Z,50.701124915827776,20.84920951721995,69.67379634101339,59.94995580442266
lote-cultivo-03,2026-09-28T07:40:01.899Z,24.43,,,0
lote-cultivo-03,2026-09-28T07:39:01.755Z,24.68,,,0
lote-cultivo-01,2026-09-28T07:39:00.819Z,26.221860896361328,39.5183607759412,44.74490732426763,5.731965213992852
lote-cultivo-03,2026-09-28T07:38:01.599Z,24.68,,,0
lote-cultivo-01,2026-09-28T07:37:46.306Z,50.83434998130365,45.33861679454051,61.47753532112229,61.38461536575082
lote-cultivo-03,2026-09-28T07:37:01.467Z,24.86,,,0
lote-cultivo-01,2026-09-28T07:36:31.782Z,41.77537333476984,65.08994518524715,18.205012527846847,70.33544017889581
lote-cultivo-03,2026-09-28T07:36:01.329Z,24.86,,,0
lote-cultivo-01,2026-09-28T07:35:17.259Z,13.084510449312114,89.41865793375958,69.40178019145694,45.33718696351828
lote-cultivo-03,2026-09-28T07:35:01.198Z,24.98,,,0
lote-cultivo-01,2026-09-28T07:34:02.736Z,44.68939258494547,78.685954730783,6.51023282269691,82.60912161695119
lote-cultivo-03,2026-09-28T07:34:01.075Z,24.99,,,0
lote-cultivo-03,2026-09-28T07:33:00.936Z,25,,,0
lote-cultivo-01,2026-09-28T07:32:48.22Z,81.60835809584115,45.47197082610078,76.19168930493275,13.053255226245938
lote-cultivo-03,2026-09-28T07:32:00.809Z,25.06,,,0
lote-cultivo-01,2026-09-28T07:31:33.696Z,52.690013539781255,26.55989447558912,43.84905188896893,41.62972030726906
lote-cultivo-03,2026-09-28T07:31:00.654Z,25.21,,,0
lote-cultivo-01,2026-09-28T07:30:19.161Z,31.093965616906537,20.573072991665143,58.98036766934381,60.402885244716856
lote-cultivo-03,2026-09-28T07:30:00.515Z,25.33,,,0
lote-cultivo-01,2026-09-28T07:29:04.633Z,56.26125738474561,24.520856402282284,72.02040635629689,34.06295399898994
lote-cultivo-03,2026-09-28T07:29:00.377Z,25.53,,,0
lote-cultivo-03,2026-09-28T07:28:00.242Z,25.65,,,0
lote-cultivo-01,2026-09-28T07:27:50.118Z,46.52910653566511,50.37115912735779,43.46325726918543,85.17033247927353
lote-cultivo-03,2026-09-28T07:27:00.102Z,25.74,,,0
lote-cultivo-01,2026-09-28T07:26:35.601Z,7.878975390350461,76.10454823995947,58.13130811399005,37.647664005488544
lote-cultivo-03,2026-09-28T07:25:59.964Z,25.78,,,0
lote-cultivo-01,2026-09-28T07:25:21.075Z,27.958650445754312,73.14719839527804,27.8233171838893,47.560168660692355
lote-cultivo-03,2026-09-28T07:24:59.822Z,25.88,,,0
lote-cultivo-01,2026-09-28T07:24:06.556Z,65.60156938325375,62.502052623231165,55.74661148543469,58.30207319251486
lote-cultivo-03,2026-09-28T07:23:59.681Z,25.98,,,0
lote-cultivo-03,2026-09-28T07:22:59.537Z,26.09,,,0
lote-cultivo-01,2026-09-28T07:22:52.041Z,44.35890233395143,60.85936488579796,20.48195834481591,26.99720586959681
lote-cultivo-03,2026-09-28T07:21:59.409Z,26.1,,,0
lote-cultivo-01,2026-09-28T07:21:37.508Z,28.982780917739525,42.15586595204759,64.12785259334926,64.31193378902394
lote-cultivo-03,2026-09-28T07:20:59.271Z,26.24,,,0
lote-cultivo-01,2026-09-28T07:20:22.994Z,64.3133388235705,13.618162489382977,54.1540455949321,35.89321052402295
lote-cultivo-03,2026-09-28T07:19:59.137Z,26.31,,,0
lote-cultivo-01,2026-09-28T07:19:08.452Z,66.45860821855283,22.5567812222611,48.333909574704215,59.7097622759475
lote-cultivo-03,2026-09-28T07:18:58.983Z,26.53,,,0
lote-cultivo-03,2026-09-28T07:17:58.85Z,26.56,,,0
lote-cultivo-01,2026-09-28T07:17:53.922Z,27.35713704229433,58.90158851477957,83.65638320702364,67.01262995929106
lote-cultivo-03,2026-09-28T07:16:58.696Z,26.76,,,0
lote-cultivo-01,2026-09-28T07:16:39.389Z,36.6974166820368,70.87675178155438,33.05393698221369,40.76377937575303
lote-cultivo-03,2026-09-28T07:15:58.57Z,26.9,,,0
lote-cultivo-01,2026-09-28T07:15:24.867Z,67.28813847609997,62.500007726305185,63.513824165193675,62.19634601934585
lote-cultivo-03,2026-09-28T07:14:58.419Z,26.99,,,0
lote-cultivo-01,2026-09-28T07:14:10.333Z,41.761468900391655,63.395353054343126,30.161467326813028,14.965096425710986
lote-cultivo-03,2026-09-28T07:13:58.285Z,27.05,,,0
lote-cultivo-03,2026-09-28T07:12:58.14Z,22,,,0
lote-cultivo-01,2026-09-28T07:12:55.809Z,21.089352626496865,58.511252718130535,46.60001094714536,50.81596657873339
lote-cultivo-03,2026-09-28T07:11:58.015Z,22,,,0
lote-cultivo-01,2026-09-28T07:11:41.277Z,60.34984719249551,37.24269008781951,32.73731232899954,65.38583130924823
lote-cultivo-03,2026-09-28T07:10:57.882Z,22,,,0
lote-cultivo-01,2026-09-28T07:10:26.743Z,77.16463458522213,28.516616022476505,52.4654719223401,49.07639860478398
lote-cultivo-03,2026-09-28T07:09:57.733Z,22,,,0
lote-cultivo-01,2026-09-28T07:09:12.221Z,47.493657373441245,38.72125491275092,64.21502604941584,87.03128253262362
lote-cultivo-03,2026-09-28T07:08:57.608Z,22,,,0
lote-cultivo-01,2026-09-28T07:07:57.693Z,56.7341131647908,47.0302110866446,38.219297482200645,17.28729125553127
lote-cultivo-03,2026-09-28T07:07:57.474Z,22,,,0
lote-cultivo-03,2026-09-28T07:06:57.33Z,22,,,0
lote-cultivo-01,2026-09-28T07:06:43.175Z,86.28789319551802,58.06515841002119,95.51230132960303,36.4202120087063
lote-cultivo-03,2026-09-28T07:05:57.191Z,22,,,0
lote-cultivo-01,2026-09-28T07:05:28.648Z,55.280913830228094,73.27844486021658,20.134960516863796,54.549163297073
lote-cultivo-03,2026-09-28T07:04:57.051Z,22,,,0
lote-cultivo-01,2026-09-28T07:04:14.125Z,20.17791641590336,64.18998955709353,74.49286037658231,31.991676327752312
lote-cultivo-03,2026-09-28T07:03:56.93Z,22,,,0
lote-cultivo-01,2026-09-28T07:02:59.608Z,49.46984693731724,37.21674176150449,24.468619355513265,95.78091837079764
lote-cultivo-03,2026-09-28T07:02:56.792Z,22,,,0
lote-cultivo-03,2026-09-28T07:01:56.664Z,22,,,0
lote-cultivo-01,2026-09-28T07:01:45.102Z,69.2461629800947,35.15968152790296,46.67509375438405,41.18141112426831
lote-cultivo-03,2026-09-28T07:00:56.527Z,22,,,0
lote-cultivo-01,2026-09-28T07:00:30.573Z,45.07708918805031,50.37565301523313,35.34685974616831,40.61331209982665
lote-cultivo-03,2026-09-28T06:59:56.376Z,22,,,0
lote-cultivo-01,2026-09-28T06:59:16.064Z,58.49218744822496,45.89586198638318,50.785066565724634,57.14147627466942
lote-cultivo-03,2026-09-28T06:58:56.228Z,22,,,0
lote-cultivo-01,2026-09-28T06:58:01.535Z,96.86124984490584,40.48730404248507,62.50645512423846,17.980615714203626
lote-cultivo-03,2026-09-28T06:57:56.099Z,22,,,0
lote-cultivo-03,2026-09-28T06:56:55.959Z,22,,,0
lote-cultivo-01,2026-09-28T06:56:47.011Z,71.75622993196956,60.819833738119165,41.98820399817724,73.98058405065187
lote-cultivo-03,2026-09-28T06:55:55.812Z,22,,,0
lote-cultivo-01,2026-09-28T06:55:32.479Z,28.848737412790516,72.41680403145354,92.19301317708548,46.68183278129191
lote-cultivo-03,2026-09-28T06:54:55.677Z,22,,,0
lote-cultivo-01,2026-09-28T06:54:17.952Z,45.71248451408267,51.64701324520291,21.72314536489442,49.002155817618
lote-cultivo-03,2026-09-28T06:53:55.541Z,22,,,0
lote-cultivo-01,2026-09-28T06:53:03.426Z,58.96566974100418,34.727399004571296,73.5734261674007,68.414493452738
lote-cultivo-03,2026-09-28T06:52:55.41Z,22.05,,,0
lote-cultivo-03,2026-09-28T06:51:55.257Z,22.19,,,0
lote-cultivo-01,2026-09-28T06:51:48.911Z,28.648396546434252,39.73401996828979,27.69762330287786,32.44799504166188
lote-cultivo-03,2026-09-28T06:50:55.135Z,22.24,,,0
lote-cultivo-01,2026-09-28T06:50:34.39Z,36.89963390246743,44.29233679568491,40.08015335106992,63.321777049350715
lote-cultivo-03,2026-09-28T06:49:54.994Z,22.47,,,0
lote-cultivo-01,2026-09-28T06:49:19.86Z,82.05603628959702,48.87071573984449,43.399027725345,31.31692673477522
lote-cultivo-03,2026-09-28T06:48:54.866Z,22.47,,,0
lote-cultivo-01,2026-09-28T06:48:05.331Z,70.3451687435225,62.915780741134675,45.401894386301414,42.64848562122061
lote-cultivo-03,2026-09-28T06:47:54.737Z,22.67,,,0
lote-cultivo-03,2026-09-28T06:46:54.601Z,22.77,,,0
lote-cultivo-01,2026-09-28T06:46:50.793Z,32.618424753639324,64.93645964923024,61.79309148193719,62.82672622739628
lote-cultivo-03,2026-09-28T06:45:54.455Z,22.87,,,0
lote-cultivo-01,2026-09-28T06:45:36.26Z,48.870462006785466,50.39639019419301,48.84235672444292,46.03891850845178
lote-cultivo-03,2026-09-28T06:44:54.333Z,22.88,,,0
lote-cultivo-01,2026-09-28T06:44:21.726Z,61.92023899629325,46.23602714337187,81.96906117990116,83.4570245887849
lote-cultivo-03,2026-09-28T06:43:54.195Z,23.12,,,0
lote-cultivo-01,2026-09-28T06:43:07.208Z,24.113505850030883,46.79589042291783,32.458450433616704,30.481292535962435
lote-cultivo-03,2026-09-28T06:42:54.048Z,23.32,,,0
lote-cultivo-03,2026-09-28T06:41:53.91Z,23.51,,,0
lote-cultivo-01,2026-09-28T06:41:52.699Z,18.37523646630904,31.828321485554017,63.051000233257895,35.74180403815258
lote-cultivo-03,2026-09-28T06:40:53.769Z,23.63,,,0
lote-cultivo-01,2026-09-28T06:40:38.191Z,58.82062556677802,29.793562604628477,39.97109160390494,47.92918033370325
lote-cultivo-03,2026-09-28T06:39:53.626Z,23.7,,,0
lote-cultivo-01,2026-09-28T06:39:23.675Z,53.4747469177744,61.12276865585662,24.51942316590123,28.47420317658641
lote-cultivo-03,2026-09-28T06:38:53.489Z,23.78,,,0
lote-cultivo-01,2026-09-28T06:38:09.165Z,22.330349250833468,80.73017748923117,61.22159609643243,96.00272865903533
lote-cultivo-03,2026-09-28T06:37:53.357Z,23.79,,,0
lote-cultivo-01,2026-09-28T06:36:54.64Z,46.72754711600056,62.73585081245982,28.861283618021112,48.55048920620775
lote-cultivo-03,2026-09-28T06:36:53.206Z,23.95,,,0
lote-cultivo-03,2026-09-28T06:35:51.904Z,24.11,,,0
lote-cultivo-01,2026-09-28T06:35:40.104Z,72.35869068202942,46.40765040564739,72.61213114908357,43.654922183070695
lote-cultivo-03,2026-09-28T06:34:51.763Z,24.35,,,0
lote-cultivo-01,2026-09-28T06:34:25.599Z,39.144873326877864,46.959474487407995,44.82006604406901,53.89930624042197
lote-cultivo-03,2026-09-28T06:33:51.626Z,24.6,,,0
lote-cultivo-01,2026-09-28T06:33:11.08Z,24.546834099207985,36.40412636047735,80.68167100269295,7.298292856326031
lote-cultivo-03,2026-09-28T06:32:51.488Z,24.64,,,0
lote-cultivo-01,2026-09-28T06:31:56.561Z,55.95473474506618,23.887088773527413,35.82579087070734,77.18605895401255
lote-cultivo-03,2026-09-28T06:31:51.362Z,24.78,,,0
lote-cultivo-03,2026-09-28T06:30:51.216Z,24.89,,,0
lote-cultivo-01,2026-09-28T06:30:42.038Z,46.79381254815573,38.64384188245824,59.91930760228472,54.53444885865581
lote-cultivo-03,2026-09-28T06:29:51.097Z,24.94,,,0
lote-cultivo-01,2026-09-28T06:29:27.517Z,10.931202819686908,63.214103271252085,44.045641604260446,49.02187493262347
lote-cultivo-03,2026-09-28T06:28:50.958Z,25.11,,,0
lote-cultivo-01,2026-09-28T06:28:13.009Z,35.89087128780141,72.49792187416512,17.65012547828559,72.7218155414786
lote-cultivo-03,2026-09-28T06:27:50.829Z,25.21,,,0
lote-cultivo-01,2026-09-28T06:26:58.474Z,74.66603060010887,74.46788607831414,71.55512770821723,18.542850122626575
lote-cultivo-03,2026-09-28T06:26:50.689Z,25.35,,,0
lote-cultivo-03,2026-09-28T06:25:50.549Z,25.47,,,0
lote-cultivo-01,2026-09-28T06:25:43.937Z,54.98524985309587,65.40940937867924,17.219703045887425,60.80716410098971
lote-cultivo-03,2026-09-28T06:24:50.415Z,25.48,,,0
lote-cultivo-01,2026-09-28T06:24:29.43Z,43.555611426853496,34.996426458937705,81.4210425600521,44.54308828809274
lote-cultivo-03,2026-09-28T06:23:50.284Z,25.63,,,0
lote-cultivo-01,2026-09-28T06:23:14.9Z,74.74861351501289,14.977164396548009,41.15449875395863,39.42283162685872
lote-cultivo-03,2026-09-28T06:22:50.146Z,25.81,,,0
lote-cultivo-01,2026-09-28T06:22:00.376Z,63.90467502379212,30.09512607057903,80.23254263438805,69.0188954065573
lote-cultivo-03,2026-09-28T06:21:50.022Z,25.85,,,0
lote-cultivo-03,2026-09-28T06:20:49.88Z,26.08,,,0
lote-cultivo-01,2026-09-28T06:20:45.848Z,17.286937245319972,47.95384931075107,37.028247549949114,38.14269781679719
lote-cultivo-03,2026-09-28T06:19:49.73Z,26.19,,,0
lote-cultivo-01,2026-09-28T06:19:31.328Z,29.88124763698572,51.449328614725246,61.29031159856259,72.53035268114955
lote-cultivo-03,2026-09-28T06:18:49.607Z,26.36,,,0
lote-cultivo-01,2026-09-28T06:18:16.794Z,68.54244895139911,69.15640564440342,39.85639699459219,44.367053218839885
lote-cultivo-03,2026-09-28T06:17:49.462Z,26.52,,,0
lote-cultivo-01,2026-09-28T06:17:02.275Z,55.465281783623624,90.66666226092092,22.687193557903857,36.02062409953894
lote-cultivo-03,2026-09-28T06:16:49.33Z,26.72,,,0
lote-cultivo-03,2026-09-28T06:15:49.195Z,26.78,,,0
lote-cultivo-01,2026-09-28T06:15:47.758Z,48.33451470903532,71.46829608763854,67.69594562327812,49.570917660358695
lote-cultivo-03,2026-09-28T06:14:49.048Z,26.81,,,0
lote-cultivo-01,2026-09-28T06:14:33.235Z,87.09840260550367,29.300064306441115,20.02936503076749,26.644523109437223
lote-cultivo-03,2026-09-28T06:13:48.923Z,27.05,,,0
lote-cultivo-01,2026-09-28T06:13:18.711Z,85.20519793113995,15.566527630517111,80.52204429786396,85.2105944856152
lote-cultivo-03,2026-09-28T06:12:48.782Z,27.17,,,0
lote-cultivo-01,2026-09-28T06:12:03.206Z,35.29930219342746,24.590372295666192,48.81323445268346,55.12726433200504
lote-cultivo-03,2026-09-28T06:11:48.647Z,27.42,,,0
lote-cultivo-01,2026-09-28T06:10:48.681Z,33.74263394914984,34.31793447360179,66.50180621118072,46.09317580761539
lote-cultivo-03,2026-09-28T06:10:48.508Z,27.62,,,0
lote-cultivo-03,2026-09-28T06:09:48.374Z,27.69,,,0
lote-cultivo-01,2026-09-28T06:09:34.165Z,65.89315716863213,55.24145298605718,51.18178350076429,55.83728366168865
lote-cultivo-03,2026-09-28T06:08:48.25Z,27.86,,,0
lote-cultivo-01,2026-09-28T06:08:19.636Z,50.01086904777562,81.62583301671998,49.33633343326515,2.87444399362626
lote-cultivo-03,2026-09-28T06:07:48.103Z,27.87,,,0
lote-cultivo-01,2026-09-28T06:07:05.124Z,34.79407687574352,83.28607403685699,43.06731008956278,71.09354051359675
lote-cultivo-03,2026-09-28T06:06:47.965Z,27.99,,,0
lote-cultivo-01,2026-09-28T06:05:50.59Z,73.97589226253453,65.56497642866152,24.601541201917552,60.424152345029626
lote-cultivo-03,2026-09-28T06:05:47.829Z,28.03,,,0
lote-cultivo-03,2026-09-28T06:04:47.69Z,28.26,,,0
lote-cultivo-01,2026-09-28T06:04:36.062Z,86.14852854462238,49.04794624496207,64.78040115806955,52.891943901725355
lote-cultivo-03,2026-09-28T06:03:47.542Z,28.36,,,0
lote-cultivo-01,2026-09-28T06:03:21.553Z,44.172290181354406,25.35623551531546,24.260574489889457,79.1050697806737
lote-cultivo-03,2026-09-28T06:02:47.424Z,28.43,,,0
lote-cultivo-01,2026-09-28T06:02:07.032Z,40.654765289604086,4.440321795149836,73.05115223125279,8.630903153382873
lote-cultivo-03,2026-09-28T06:01:47.276Z,28.5,,,0
lote-cultivo-01,2026-09-28T06:00:52.498Z,69.96026180177107,23.864327106745883,60.024721515427046,51.38591159616226
lote-cultivo-03,2026-09-28T06:00:47.147Z,28.61,,,0
lote-cultivo-03,2026-09-28T05:59:47.012Z,28.64,,,0
lote-cultivo-01,2026-09-28T05:59:37.959Z,48.15389421134746,67.62576535101232,50.242850798854136,50.91818937387207
lote-cultivo-03,2026-09-28T05:58:46.86Z,28.67,,,0
lote-cultivo-01,2026-09-28T05:58:23.421Z,18.929678383253297,81.9569043682395,70.59902508321012,41.45826987972776
lote-cultivo-03,2026-09-28T05:57:46.728Z,28.79,,,0
lote-cultivo-01,2026-09-28T05:57:08.879Z,48.88614112667934,72.1012445290158,31.19966508692976,82.9349001542878
lote-cultivo-03,2026-09-28T05:56:46.603Z,28.95,,,0
lote-cultivo-01,2026-09-28T05:55:54.342Z,65.97242326781905,70.96687959059523,55.92817321989333,32.70938880333537
lote-cultivo-03,2026-09-28T05:55:46.448Z,29.19,,,0
lote-cultivo-03,2026-09-28T05:54:46.311Z,29.43,,,0
lote-cultivo-01,2026-09-28T05:54:39.81Z,32.147293154236735,59.70653966222205,17.798494976491984,56.65132001937668
lote-cultivo-03,2026-09-28T05:53:46.187Z,24.53,,,0
lote-cultivo-01,2026-09-28T05:53:25.289Z,34.5048917450992,23.741723241153355,67.80072016623349,48.7424799135263
lote-cultivo-03,2026-09-28T05:52:46.05Z,24.64,,,0
lote-cultivo-01,2026-09-28T05:52:10.765Z,73.60680083657746,5.741889485639617,22.178162757269305,33.743648863865644
lote-cultivo-03,2026-09-28T05:51:45.913Z,24.66,,,0
lote-cultivo-01,2026-09-28T05:50:56.242Z,58.53514375223756,27.23952690904991,74.92654199275496,62.75110348627221
lote-cultivo-03,2026-09-28T05:50:45.759Z,24.82,,,0
lote-cultivo-03,2026-09-28T05:49:45.638Z,24.87,,,0
lote-cultivo-01,2026-09-28T05:49:41.715Z,21.931406851979418,54.90167421039024,60.30155694383279,31.252120233450132
lote-cultivo-03,2026-09-28T05:48:45.503Z,24.96,,,0
lote-cultivo-01,2026-09-28T05:48:27.188Z,39.852606127864135,72.28479652957898,45.647105118951195,69.25829608762152
lote-cultivo-03,2026-09-28T05:47:45.368Z,25.02,,,0
lote-cultivo-01,2026-09-28T05:47:12.658Z,52.34117409578277,84.85806727945712,79.29844637764064,57.66172490945463
lote-cultivo-03,2026-09-28T05:46:45.202Z,25.03,,,0
lote-cultivo-01,2026-09-28T05:45:58.132Z,16.396745910411127,76.11875289513141,21.64090652482847,46.895028941486075
lote-cultivo-03,2026-09-28T05:45:45.076Z,25.07,,,0
lote-cultivo-03,2026-09-28T05:44:44.911Z,25.21,,,0
lote-cultivo-01,2026-09-28T05:44:43.594Z,17.95595436343211,45.22726002738827,62.40647507399317,60.32141132671994
lote-cultivo-03,2026-09-28T05:43:44.77Z,25.26,,,0
lote-cultivo-01,2026-09-28T05:43:29.057Z,67.27193463392281,27.567077183773137,16.284943307760273,9.59425548133699
lote-cultivo-03,2026-09-28T05:42:44.646Z,25.5,,,0
lote-cultivo-01,2026-09-28T05:42:14.514Z,67.93437361693303,28.40663693449127,66.07679995727953,61.00933665041611
lote-cultivo-03,2026-09-28T05:41:44.52Z,22,,,0
lote-cultivo-01,2026-09-28T05:40:59.994Z,37.03611066256517,25.085076766720032,23.561054070454848,56.67036871138211
lote-cultivo-03,2026-09-28T05:40:44.383Z,22,,,0
lote-cultivo-01,2026-09-28T05:39:45.464Z,53.10963425446774,34.24194349426723,76.32270821090592,55.50981870215303
lote-cultivo-03,2026-09-28T05:39:44.246Z,22,,,0
lote-cultivo-03,2026-09-28T05:38:44.098Z,22,,,0
lote-cultivo-01,2026-09-28T05:38:30.936Z,64.40013612177441,71.93041173855573,56.72337081417299,85.52144722518373
lote-cultivo-03,2026-09-28T05:37:43.936Z,22,,,0
lote-cultivo-01,2026-09-28T05:37:16.391Z,21.78442542215557,92.98035730376536,49.01594529143101,10.420137366042386
lote-cultivo-03,2026-09-28T05:36:43.779Z,22,,,0
lote-cultivo-01,2026-09-28T05:36:01.87Z,11.226044195177762,68.5021939784923,77.50088453995366,46.18975776844737
lote-cultivo-03,2026-09-28T05:35:43.652Z,22,,,0
lote-cultivo-01,2026-09-28T05:34:47.336Z,57.98085264330991,41.630457018831265,23.397238751525496,46.03238810969057
lote-cultivo-03,2026-09-28T05:34:43.526Z,22,,,0
lote-cultivo-03,2026-09-28T05:33:43.388Z,22,,,0
lote-cultivo-01,2026-09-28T05:33:32.827Z,67.13425155107909,38.39833379344172,57.29428023507963,38.697920299807336
lote-cultivo-03,2026-09-28T05:32:43.259Z,22,,,0
lote-cultivo-01,2026-09-28T05:32:18.323Z,43.397285952685934,32.20238928186795,26.97488958531004,95.82185533309269
lote-cultivo-03,2026-09-28T05:31:43.118Z,22,,,0
lote-cultivo-01,2026-09-28T05:31:03.81Z,65.68560402223075,24.30090390678268,50.85478472800117,33.837869821818565
lote-cultivo-03,2026-09-28T05:30:42.991Z,22,,,0
lote-cultivo-01,2026-09-28T05:29:49.284Z,86.55362728161926,41.7772379555383,39.22405338968517,49.91813055719316
lote-cultivo-03,2026-09-28T05:29:42.863Z,22,,,0
lote-cultivo-03,2026-09-28T05:28:42.726Z,22,,,0
lote-cultivo-01,2026-09-25T05:45:07.809Z,83.55239790000938,30.0692169454508,43.40431980662479,27.818932026312588
lote-cultivo-01,2026-09-25T05:43:53.288Z,88.11847478726133,44.16491819980851,47.12204441894893,88.56762511066657
lote-cultivo-01,2026-09-25T05:42:38.783Z,43.06404351273295,54.78415401705568,40.33056915442696,55.39554885339445
lote-cultivo-01,2026-09-25T05:41:24.256Z,43.54629421166637,66.36530115237765,25.002903731237147,29.981145777812017
lote-cultivo-01,2026-09-25T05:40:09.728Z,70.5710220388746,76.75206553796093,72.19633265718547,58.37920123074455
lote-cultivo-01,2026-09-25T05:38:55.218Z,47.03430259220433,59.928968712748386,25.54670295104166,8.40532400480891
lote-cultivo-01,2026-09-25T05:37:40.714Z,28.89997217765875,29.982776801739057,81.43176096408801,73.22911170602518
lote-cultivo-01,2026-09-25T05:36:26.198Z,68.23431055707867,28.000304017765774,54.01590452264752,71.87443852031379
lote-cultivo-01,2026-09-25T05:35:11.69Z,81.39827510553334,41.10626284769168,54.51787855508311,43.170982440117115
lote-cultivo-01,2026-09-25T05:33:57.184Z,44.942775652633365,39.040466772359736,57.802106188102954,70.15015930606026
lote-cultivo-01,2026-09-25T05:32:42.675Z,49.51990750631773,46.1533075720067,32.59945359031971,11.846765067614376
lote-cultivo-01,2026-09-25T05:31:28.169Z,81.59202418768717,77.44300843792318,52.03338958497292,48.80392468005657
lote-cultivo-01,2026-09-25T05:30:13.663Z,57.49028094338801,87.2683598238953,16.637541132698875,59.19086632690264
lote-cultivo-01,2026-09-25T05:28:59.146Z,26.217614888098396,57.46071386244238,78.81373591078523,45.81480082486936
lote-cultivo-03,2026-09-25T05:28:06.585Z,24.52,,,0
lote-cultivo-01,2026-09-25T05:27:44.624Z,52.01928172041187,31.42772056485814,18.01073353351507,76.36342812521399
lote-cultivo-03,2026-09-25T05:27:06.449Z,24.7,,,0
lote-cultivo-01,2026-09-25T05:26:30.104Z,61.722238445652465,26.88937381438643,89.05153111962743,32.79387238776836
lote-cultivo-03,2026-09-25T05:26:06.296Z,24.83,,,0
lote-cultivo-01,2026-09-25T05:25:15.587Z,25.230287119088302,25.25276567957066,48.39204167094616,55.38849397517747
lote-cultivo-03,2026-09-25T05:25:06.161Z,24.91,,,0
lote-cultivo-03,2026-09-25T05:24:06.021Z,25.15,,,0
lote-cultivo-01,2026-09-25T05:24:01.064Z,31.95038143086127,34.179014085192186,56.05520879601059,45.488933763463926
lote-cultivo-03,2026-09-25T05:23:05.89Z,25.16,,,0
lote-cultivo-01,2026-09-25T05:22:46.542Z,75.5484389528517,61.5352964057845,60.23935010451339,36.366010066533875
lote-cultivo-03,2026-09-25T05:22:05.746Z,25.24,,,0
lote-cultivo-01,2026-09-25T05:21:32.017Z,64.08239031923169,78.73307993303305,30.004992086162552,64.83356876994347
lote-cultivo-03,2026-09-25T05:21:05.592Z,25.25,,,0
lote-cultivo-01,2026-09-25T05:20:17.5Z,32.85019434872893,74.77305242126911,51.33612790364749,30.791850078017912
lote-cultivo-03,2026-09-25T05:20:05.468Z,25.49,,,0
lote-cultivo-03,2026-09-25T05:19:05.315Z,25.67,,,0
lote-cultivo-01,2026-09-25T05:19:02.979Z,51.96506377369895,68.04521961133202,21.9936133180355,74.9304556506398
lote-cultivo-03,2026-09-25T05:18:05.183Z,25.91,,,0
lote-cultivo-01,2026-09-25T05:17:48.453Z,57.02731812432891,50.50942135440574,70.66469749246312,56.14818730830011
lote-cultivo-03,2026-09-25T05:17:05.041Z,26.08,,,0
lote-cultivo-01,2026-09-25T05:16:33.943Z,12.532926990757732,15.5699111682563,25.266718384522573,37.4622358720758
lote-cultivo-03,2026-09-25T05:16:04.902Z,26.11,,,0
lote-cultivo-01,2026-09-25T05:15:19.429Z,10.204974430771482,5.567271314429504,84.06174835496583,61.75088906080094
lote-cultivo-03,2026-09-25T05:15:04.768Z,22,,,0
lote-cultivo-01,2026-09-25T05:14:04.916Z,57.056028183127694,39.443252850919386,51.85629907610533,8.11683425901383
lote-cultivo-03,2026-09-25T05:14:04.629Z,22,,,0
lote-cultivo-03,2026-09-25T05:13:04.5Z,22,,,0
lote-cultivo-01,2026-09-25T05:12:50.374Z,58.288070646443835,68.87421418793775,51.98269440753576,66.07361318535214
lote-cultivo-03,2026-09-25T05:12:04.345Z,22,,,0
lote-cultivo-01,2026-09-25T05:11:35.86Z,36.60626392015309,70.72366148736637,65.28623291714872,71.50745996367522
lote-cultivo-03,2026-09-25T05:11:04.198Z,22,,,0
lote-cultivo-01,2026-09-25T05:10:20.356Z,58.47020326153959,75.62057693920381,23.21273290262159,43.17534342446539
lote-cultivo-03,2026-09-25T05:10:04.058Z,22,,,0
lote-cultivo-01,2026-09-25T05:09:05.847Z,71.21222140792646,79.22876554059272,52.06938492423339,78.64947669536431
lote-cultivo-03,2026-09-25T05:09:03.917Z,22,,,0
lote-cultivo-03,2026-09-25T05:08:03.777Z,22,,,0
lote-cultivo-01,2026-09-25T05:07:51.341Z,25.57458858178355,51.042188756882354,30.21460412128151,9.538101511260344
lote-cultivo-03,2026-09-25T05:07:03.64Z,22,,,0
lote-cultivo-01,2026-09-25T05:06:36.834Z,9.699205041615937,15.02150666480805,56.60502835043383,39.315247709866995
lote-cultivo-03,2026-09-25T05:06:03.505Z,22,,,0
lote-cultivo-01,2026-09-25T05:05:22.314Z,50.24000691532494,11.89357970666635,43.41415909139359,62.91122317497597
lote-cultivo-03,2026-09-25T05:05:03.366Z,22,,,0
lote-cultivo-01,2026-09-25T05:04:07.808Z,55.32294003219097,30.542024823066168,69.64526599290599,43.72076237259149
lote-cultivo-03,2026-09-25T05:04:03.225Z,22,,,0
lote-cultivo-03,2026-09-25T05:03:03.086Z,22,,,0
lote-cultivo-01,2026-09-25T05:02:53.297Z,32.975726909868506,51.589518227740726,63.23856216270326,88.49139353867218
lote-cultivo-03,2026-09-25T05:02:02.944Z,22,,,0
lote-cultivo-01,2026-09-25T05:01:38.787Z,60.773254081503815,77.81195487972256,40.536889514161686,34.41352979113686
lote-cultivo-03,2026-09-25T05:01:02.802Z,22,,,0
lote-cultivo-01,2026-09-25T05:00:24.262Z,87.06522987668679,90.29573777562145,77.19676644128327,39.12624413396444
lote-cultivo-03,2026-09-25T05:00:02.662Z,22.06,,,0
lote-cultivo-01,2026-09-25T04:59:09.75Z,50.145446163060015,69.11520535670913,11.931368534892371,48.00942317097676
lote-cultivo-03,2026-09-25T04:59:02.519Z,22.23,,,0
lote-cultivo-03,2026-09-25T04:58:02.381Z,22.41,,,0
lote-cultivo-01,2026-09-25T04:57:55.213Z,29.744460320116605,42.62348179796663,60.25305324711425,33.12238506815453
lote-cultivo-03,2026-09-25T04:57:02.229Z,22.62,,,0
lote-cultivo-01,2026-09-25T04:56:40.705Z,62.79472137586743,33.816296385461975,28.387056349489992,75.28793709556838
lote-cultivo-03,2026-09-25T04:56:02.093Z,22.81,,,0
lote-cultivo-01,2026-09-25T04:55:26.184Z,61.92701005008714,22.11995680092836,51.19924902394081,41.95353048475983
lote-cultivo-03,2026-09-25T04:55:01.948Z,22.94,,,0
lote-cultivo-01,2026-09-25T04:54:11.673Z,29.389005114720597,13.316979583453026,52.93954490129517,59.75616227717907
lote-cultivo-03,2026-09-25T04:54:01.813Z,23.1,,,0
lote-cultivo-03,2026-09-25T04:53:01.675Z,23.27,,,0
lote-cultivo-01,2026-09-25T04:52:57.145Z,50.06782735310074,42.46810934195332,59.80651272898185,53.39306659869442
lote-cultivo-03,2026-09-25T04:52:01.518Z,23.51,,,0
lote-cultivo-01,2026-09-25T04:51:42.641Z,83.21184321511441,85.56385899302964,70.78295417160719,33.65087352082799
lote-cultivo-03,2026-09-25T04:51:01.375Z,23.73,,,0
lote-cultivo-01,2026-09-25T04:50:28.113Z,57.70262217997122,88.18364195798645,34.805477823594785,66.23478694809606
lote-cultivo-03,2026-09-25T04:50:01.225Z,23.85,,,0
lote-cultivo-01,2026-09-25T04:49:13.601Z,42.22150931862138,63.352562944490906,83.69119410718527,21.263823319814655
lote-cultivo-03,2026-09-25T04:49:01.1Z,24.06,,,0
lote-cultivo-03,2026-09-25T04:48:00.953Z,24.23,,,0
lote-cultivo-01,2026-09-25T04:47:59.095Z,75.70225388387684,50.81817698983365,3.422491415979119,60.062160435584175
lote-cultivo-03,2026-09-25T04:47:00.799Z,24.3,,,0
lote-cultivo-01,2026-09-25T04:46:43.594Z,77.66327860084135,38.81493046574281,68.64142504482581,65.79021870026473
lote-cultivo-03,2026-09-25T04:46:00.662Z,24.32,,,0
lote-cultivo-01,2026-09-25T04:45:29.075Z,34.8499737030318,19.386098891121502,24.036304873208532,38.22000274059093
lote-cultivo-03,2026-09-25T04:45:00.51Z,24.36,,,0
lote-cultivo-01,2026-09-25T04:44:14.564Z,38.656039996007294,21.809304616684383,50.78554419743839,82.37485956918759
lote-cultivo-03,2026-09-25T04:44:00.384Z,24.44,,,0
lote-cultivo-03,2026-09-25T04:43:00.238Z,24.44,,,0
lote-cultivo-01,2026-09-25T04:43:00.045Z,67.86742985079111,47.392822893012706,59.57210873203239,16.62610484776217
lote-cultivo-03,2026-09-25T04:42:00.098Z,24.52,,,0
lote-cultivo-01,2026-09-25T04:41:45.539Z,45.797283745936326,65.99437193825938,55.01954794023788,37.0222055700238
lote-cultivo-03,2026-09-25T04:40:59.962Z,24.61,,,0
lote-cultivo-01,2026-09-25T04:40:31.016Z,29.719649481091693,75.38617909230602,70.29455733093674,61.5540362999606
lote-cultivo-03,2026-09-25T04:39:59.825Z,24.66,,,0
lote-cultivo-01,2026-09-25T04:39:16.5Z,71.66579346884566,78.90981969066821,40.27059330262861,36.10196374327088
lote-cultivo-03,2026-09-25T04:38:59.676Z,24.86,,,0
lote-cultivo-01,2026-09-25T04:38:01.989Z,85.3751864791528,57.323754240319694,73.92199352410366,95.6076997147157
lote-cultivo-03,2026-09-25T04:37:59.543Z,25.03,,,0
lote-cultivo-03,2026-09-25T04:36:59.405Z,25.13,,,0
lote-cultivo-01,2026-09-25T04:36:47.476Z,43.979056264327546,24.572792258246565,10.72196426469852,41.041977494059374
lote-cultivo-03,2026-09-25T04:35:59.254Z,25.32,,,0
lote-cultivo-01,2026-09-25T04:35:32.97Z,38.1088990614768,23.33766896019112,63.33676001150689,31.95251116916453
lote-cultivo-03,2026-09-25T04:34:59.134Z,25.45,,,0
lote-cultivo-01,2026-09-25T04:34:18.46Z,59.229445376517795,42.87649896511922,28.77695184128776,49.172127230965934
lote-cultivo-03,2026-09-25T04:33:58.983Z,25.46,,,0
lote-cultivo-01,2026-09-25T04:33:03.918Z,31.135208432953643,45.65724684636882,44.14974122568106,22.64077852601417
lote-cultivo-03,2026-09-25T04:32:58.84Z,25.53,,,0
lote-cultivo-03,2026-09-25T04:31:58.689Z,25.54,,,0
lote-cultivo-01,2026-09-25T04:31:49.407Z,6.91626298953948,48.95413841946547,67.51861986436073,81.38374511002121
lote-cultivo-03,2026-09-25T04:30:58.553Z,25.54,,,0
lote-cultivo-01,2026-09-25T04:30:34.899Z,48.792286254430714,73.21695462827736,48.22918715435531,56.50959669106794
lote-cultivo-03,2026-09-25T04:29:58.401Z,25.61,,,0
lote-cultivo-01,2026-09-25T04:29:20.379Z,74.85749695211348,80.15706286924267,71.8158573176534,51.4112549910333
lote-cultivo-03,2026-09-25T04:28:58.275Z,25.81,,,0
lote-cultivo-01,2026-09-25T04:28:05.865Z,44.38656225039498,50.973392280348385,46.110383676034665,53.25410505394175
lote-cultivo-03,2026-09-25T04:27:58.127Z,25.94,,,0
lote-cultivo-03,2026-09-25T04:26:57.991Z,26.07,,,0
lote-cultivo-01,2026-09-25T04:26:51.354Z,39.804490009008134,30.016301402152234,59.985684849233515,21.10592564732727
lote-cultivo-03,2026-09-25T04:25:57.855Z,26.2,,,0
lote-cultivo-01,2026-09-25T04:25:35.846Z,64.25196092427493,35.123771317627515,25.116189433782765,65.74030346223732
lote-cultivo-03,2026-09-25T04:24:57.717Z,26.35,,,0
lote-cultivo-01,2026-09-25T04:24:21.326Z,37.990560103867175,40.75859961408198,50.25780251877151,41.037453791360754
lote-cultivo-03,2026-09-25T04:23:57.581Z,26.38,,,0
lote-cultivo-01,2026-09-25T04:23:06.817Z,2.4021666895723737,46.29073841417083,40.513760644713635,59.7262998701637
lote-cultivo-03,2026-09-25T04:22:57.445Z,26.57,,,0
lote-cultivo-03,2026-09-25T04:21:57.302Z,26.8,,,0
lote-cultivo-01,2026-09-25T04:21:52.314Z,33.82330009174823,61.62990061364645,33.103879783169326,63.74761062109982
lote-cultivo-03,2026-09-25T04:20:57.165Z,26.9,,,0
lote-cultivo-01,2026-09-25T04:20:37.81Z,63.84628517720823,65.84902037818769,83.18593419052377,29.95928929084658
lote-cultivo-03,2026-09-25T04:19:57.014Z,27.06,,,0
lote-cultivo-01,2026-09-25T04:19:23.285Z,39.084747744759504,53.73170088198192,32.65540304243723,75.21536205571809
lote-cultivo-03,2026-09-25T04:18:56.873Z,27.07,,,0
lote-cultivo-01,2026-09-25T04:18:08.777Z,39.1357659050757,50.141745210208434,83.50261983714728,27.095324806446584
lote-cultivo-03,2026-09-25T04:17:56.74Z,27.18,,,0
lote-cultivo-03,2026-09-25T04:16:56.595Z,27.26,,,0
lote-cultivo-01,2026-09-25T04:16:54.248Z,75.06488262967547,49.35350501833809,41.45961808006431,42.12339162448696
lote-cultivo-03,2026-09-25T04:15:56.459Z,27.42,,,0
lote-cultivo-01,2026-09-25T04:15:39.741Z,59.80111719709363,33.793248184865476,57.29555422903869,62.99996257528046
lote-cultivo-03,2026-09-25T04:14:56.311Z,27.47,,,0
lote-cultivo-01,2026-09-25T04:14:25.213Z,20.756562553174003,32.714428233562174,35.47412743641889,27.37228143944548
lote-cultivo-03,2026-09-25T04:13:56.171Z,27.58,,,0
lote-cultivo-01,2026-09-25T04:13:09.707Z,40.915539685333535,60.90658921011587,39.92883697858704,88.37585069516194
lote-cultivo-03,2026-09-25T04:12:56.036Z,27.66,,,0
lote-cultivo-03,2026-09-25T04:11:55.9Z,27.86,,,0
lote-cultivo-01,2026-09-25T04:11:55.172Z,67.85427573521893,73.91719209276869,48.151631847620315,46.811333941702635
lote-cultivo-03,2026-09-25T04:10:55.764Z,27.87,,,0
lote-cultivo-01,2026-09-25T04:10:40.664Z,39.63605516436815,52.954966638689385,29.181358476723503,30.385429179155732
lote-cultivo-03,2026-09-25T04:09:55.625Z,27.9,,,0
lote-cultivo-01,2026-09-25T04:09:26.149Z,32.37869980913272,40.983242740602975,90.33626865462956,56.2690200569005
lote-cultivo-03,2026-09-25T04:08:55.492Z,28.02,,,0
lote-cultivo-01,2026-09-25T04:08:11.631Z,73.53615939827621,48.75296925242256,23.847287912702917,15.435980750978068
lote-cultivo-03,2026-09-25T04:07:55.359Z,28.16,,,0
lote-cultivo-01,2026-09-25T04:06:57.118Z,73.77831463099578,44.087713471193894,92.32861710296456,78.34976816710831
lote-cultivo-03,2026-09-25T04:06:55.222Z,28.28,,,0
lote-cultivo-03,2026-09-25T04:05:55.084Z,28.3,,,0
lote-cultivo-01,2026-09-25T04:05:42.601Z,41.25251767516289,35.0256636912035,35.702395400658524,67.29409128496927
lote-cultivo-03,2026-09-25T04:04:54.944Z,28.33,,,0
lote-cultivo-01,2026-09-25T04:04:28.075Z,60.14620011761168,48.55707840077858,54.540631273147255,47.53448520839838
lote-cultivo-03,2026-09-25T04:03:54.806Z,28.33,,,0
lote-cultivo-01,2026-09-25T04:03:13.555Z,85.08959793739133,65.47221965612931,37.62562590925401,57.64425274530386
lote-cultivo-03,2026-09-25T04:02:54.669Z,23.54,,,0
lote-cultivo-01,2026-09-25T04:01:59.03Z,48.883467940713935,64.17478896223598,38.22749618327574,11.814662668706754
lote-cultivo-03,2026-09-25T04:01:54.515Z,23.56,,,0
lote-cultivo-03,2026-09-25T04:00:54.39Z,23.67,,,0
lote-cultivo-01,2026-09-25T04:00:44.512Z,26.37622774380331,58.82339333038208,46.09697113506679,55.84294668418816
lote-cultivo-03,2026-09-25T03:59:54.249Z,23.7,,,0
lote-cultivo-01,2026-09-25T03:59:29.999Z,60.05067080216085,50.42857637367468,35.07911948339431,54.56372692595123
lote-cultivo-03,2026-09-25T03:58:54.093Z,23.93,,,0
lote-cultivo-01,2026-09-25T03:58:15.488Z,65.15756192423294,30.10564449509836,82.57138399075566,60.47153885953042
lote-cultivo-03,2026-09-25T03:57:53.962Z,23.98,,,0
lote-cultivo-01,2026-09-25T03:57:00.955Z,38.141014638225265,24.782081607345184,30.53957265818771,70.28462148256415
lote-cultivo-03,2026-09-25T03:56:53.809Z,24.15,,,0
lote-cultivo-03,2026-09-25T03:55:53.686Z,24.23,,,0
lote-cultivo-01,2026-09-25T03:55:46.444Z,62.0476644467891,48.99585783201418,87.02107615520156,24.675015419158942
lote-cultivo-03,2026-09-25T03:54:53.547Z,24.4,,,0
lote-cultivo-01,2026-09-25T03:54:31.93Z,96.16457189048762,64.84116153944794,41.719865458044445,59.24933173078165
lote-cultivo-03,2026-09-25T03:53:53.411Z,24.5,,,0
lote-cultivo-01,2026-09-25T03:53:17.403Z,63.06310787434361,58.419221237251485,46.16222620453957,34.16626055013624
lote-cultivo-03,2026-09-25T03:52:53.276Z,24.51,,,0
lote-cultivo-01,2026-09-25T03:52:02.885Z,30.033932993989986,62.89668279009685,48.20123239889597,47.58882820667431
lote-cultivo-03,2026-09-25T03:51:53.134Z,24.75,,,0
lote-cultivo-03,2026-09-25T03:50:52.998Z,24.96,,,0
lote-cultivo-01,2026-09-25T03:50:48.357Z,51.77516356783,71.76113414942358,29.07582855667033,71.06524230976463
lote-cultivo-03,2026-09-25T03:49:52.876Z,25.01,,,0
lote-cultivo-01,2026-09-25T03:49:33.833Z,51.33208725548614,48.35352588287953,49.7331808859232,27.14079872438043
lote-cultivo-03,2026-09-25T03:48:52.74Z,25.07,,,0
lote-cultivo-01,2026-09-25T03:48:19.322Z,18.64689704308649,16.63001363415965,38.37172874589412,79.14922962591446
lote-cultivo-03,2026-09-25T03:47:52.595Z,25.25,,,0
lote-cultivo-01,2026-09-25T03:47:04.817Z,40.333783049140784,21.441702482967848,72.72764856592605,44.49696819275263
lote-cultivo-03,2026-09-25T03:46:52.457Z,25.46,,,0
lote-cultivo-03,2026-09-25T03:45:52.31Z,25.56,,,0
lote-cultivo-01,2026-09-25T03:45:49.315Z,84.71865426116797,46.38851602230786,43.08223747720555,32.77066211402539
lote-cultivo-03,2026-09-25T03:44:52.181Z,25.65,,,0
lote-cultivo-01,2026-09-25T03:44:34.796Z,64.83463793177839,59.717851994981295,75.66503873574986,67.65344495924617
lote-cultivo-03,2026-09-25T03:43:52.042Z,25.71,,,0
lote-cultivo-01,2026-09-25T03:43:20.291Z,29.78823875022625,72.17909166733513,48.55214735825284,17.925082266171483
lote-cultivo-03,2026-09-25T03:42:51.909Z,25.72,,,0
lote-cultivo-01,2026-09-25T03:42:04.787Z,43.187740631720814,81.27879210760194,34.42423495475519,67.2098337102794
lote-cultivo-03,2026-09-25T03:41:51.769Z,25.73,,,0
lote-cultivo-03,2026-09-25T03:40:51.627Z,25.82,,,0
lote-cultivo-01,2026-09-25T03:40:49.282Z,49.32420966983473,63.61644278128816,61.169624312709345,67.8063173090765
lote-cultivo-03,2026-09-25T03:39:51.488Z,26.06,,,0
lote-cultivo-01,2026-09-25T03:39:34.769Z,12.446410625009827,38.331037089631046,12.08419051091438,38.33046338015673
lote-cultivo-03,2026-09-25T03:38:51.348Z,26.11,,,0
lote-cultivo-01,2026-09-25T03:38:20.253Z,19.79845917950728,29.066679970773514,66.98703750847201,63.45553547491469
lote-cultivo-03,2026-09-25T03:37:51.223Z,26.29,,,0
lote-cultivo-01,2026-09-25T03:37:04.752Z,68.38198773393968,21.813163146530375,40.658292841000446,17.757613155278346
lote-cultivo-03,2026-09-25T03:36:51.073Z,26.44,,,0
lote-cultivo-03,2026-09-25T03:35:50.927Z,26.62,,,0
lote-cultivo-01,2026-09-25T03:35:50.24Z,63.588007327026986,20.52657824538343,65.57716216803128,49.24170447018813
lote-cultivo-03,2026-09-25T03:34:50.801Z,26.75,,,0
lote-cultivo-01,2026-09-25T03:34:35.72Z,31.256758261202872,52.65323306323074,58.74115091633064,62.69924129164739
lote-cultivo-03,2026-09-25T03:33:50.661Z,26.97,,,0
lote-cultivo-01,2026-09-25T03:33:21.205Z,47.90764905336856,91.7118515769126,56.601184382080895,56.637691514562086
lote-cultivo-03,2026-09-25T03:32:50.512Z,27.03,,,0
lote-cultivo-01,2026-09-25T03:32:05.711Z,63.236106458009466,87.54659148394953,55.38853831833656,75.96383753162087
lote-cultivo-03,2026-09-25T03:31:50.375Z,27.26,,,0
lote-cultivo-01,2026-09-25T03:30:51.203Z,26.011759468840097,57.94570116504273,25.84577208623566,18.69171691647303
lote-cultivo-03,2026-09-25T03:30:50.238Z,27.45,,,0
lote-cultivo-03,2026-09-25T03:29:50.082Z,27.5,,,0
lote-cultivo-01,2026-09-25T03:29:36.696Z,17.39032541007834,45.20804895077577,64.96050803856683,44.48255894931082
lote-cultivo-03,2026-09-25T03:28:49.947Z,27.74,,,0
lote-cultivo-01,2026-09-25T03:28:21.19Z,62.167414939359944,33.74004645678227,8.945152439166584,47.103413299400295
lote-cultivo-03,2026-09-25T03:27:49.828Z,27.83,,,0
lote-cultivo-01,2026-09-25T03:27:05.686Z,72.40550129086601,13.663224613538844,77.72185556178391,44.20124719265957
lote-cultivo-03,2026-09-25T03:26:49.688Z,27.94,,,0
lote-cultivo-01,2026-09-25T03:25:50.188Z,39.528796303674255,18.788474898674263,39.83348740000886,97.98031704244195
lote-cultivo-03,2026-09-25T03:25:49.546Z,28.01,,,0
lote-cultivo-03,2026-09-25T03:24:49.408Z,28.01,,,0
lote-cultivo-01,2026-09-25T03:24:35.674Z,53.331891364049824,51.84420056036878,62.66319148686531,29.22378674209994
lote-cultivo-03,2026-09-25T03:23:49.272Z,28.22,,,0
lote-cultivo-01,2026-09-25T03:23:21.161Z,80.73282902374473,75.0706518396192,74.6454695438818,38.03423893490997
lote-cultivo-03,2026-09-25T03:22:49.135Z,28.26,,,0
lote-cultivo-01,2026-09-25T03:22:05.661Z,52.23639783331808,83.17467030331449,32.60803128369774,47.945416235723414
lote-cultivo-03,2026-09-25T03:21:48.997Z,24.93,,,0
lote-cultivo-01,2026-09-25T03:20:51.138Z,28.77030174674268,80.77735840847954,67.01052737568757,21.4579742740794
lote-cultivo-03,2026-09-25T03:20:48.844Z,24.96,,,0
lote-cultivo-03,2026-09-25T03:19:48.708Z,24.96,,,0
lote-cultivo-01,2026-09-25T03:19:36.629Z,62.27800240420306,53.985098566299186,18.640364019040373,90.1432685923918
lote-cultivo-03,2026-09-25T03:18:48.571Z,25.12,,,0
lote-cultivo-01,2026-09-25T03:18:22.108Z,70.19176161061226,18.476240413591096,62.06516802048547,50.16849422135794
lote-cultivo-03,2026-09-25T03:17:48.417Z,25.18,,,0
lote-cultivo-01,2026-09-25T03:17:07.602Z,34.873911705332425,15.834256237425045,13.79226078987873,48.96325089309547
lote-cultivo-03,2026-09-25T03:16:48.289Z,25.27,,,0
lote-cultivo-01,2026-09-25T03:15:53.054Z,46.616372626876654,36.24557281152702,79.58704849057932,56.63028688643631
lote-cultivo-03,2026-09-25T03:15:48.146Z,25.27,,,0
lote-cultivo-03,2026-09-25T03:14:48.002Z,25.3,,,0
lote-cultivo-01,2026-09-25T03:14:38.524Z,86.24365523432198,44.48790089417427,37.152985425496226,18.89216994004054
lote-cultivo-03,2026-09-25T03:13:47.861Z,25.4,,,0
lote-cultivo-01,2026-09-25T03:13:24.015Z,68.94838326303321,55.962462430300555,66.2827807788464,66.21202652788344
lote-cultivo-03,2026-09-25T03:12:47.728Z,25.61,,,0
lote-cultivo-01,2026-09-25T03:12:09.487Z,43.688172278916625,84.85734248085733,72.49457901438741,43.00602774074986
lote-cultivo-03,2026-09-25T03:11:47.571Z,25.86,,,0
lote-cultivo-01,2026-09-25T03:10:54.958Z,69.55640642175631,88.6327376873553,32.29349364362697,53.742837987194015
lote-cultivo-03,2026-09-25T03:10:47.432Z,25.91,,,0
lote-cultivo-03,2026-09-25T03:09:47.295Z,22,,,0
lote-cultivo-01,2026-09-25T03:09:40.445Z,71.21432778521506,51.22041093305716,67.49488816490164,63.90688540666274
lote-cultivo-03,2026-09-25T03:08:47.158Z,22,,,0
lote-cultivo-01,2026-09-25T03:08:25.936Z,24.92393019935137,22.63156765615606,21.74530948862263,37.7419697330611
lote-cultivo-03,2026-09-25T03:07:46.999Z,22,,,0
lote-cultivo-01,2026-09-25T03:07:11.401Z,25.49654218364109,25.07251227708998,53.76609721609606,69.6889996749496
lote-cultivo-03,2026-09-25T03:06:46.878Z,22,,,0
lote-cultivo-01,2026-09-25T03:05:56.873Z,67.13477145509773,31.507326418471713,25.348936338054965,28.518033232604328
lote-cultivo-03,2026-09-25T03:05:46.741Z,22,,,0
lote-cultivo-03,2026-09-25T03:04:46.61Z,22,,,0
lote-cultivo-01,2026-09-25T03:04:42.35Z,60.34870710012405,40.46602319570466,68.45846643131294,44.503592727752626
lote-cultivo-03,2026-09-25T03:03:46.47Z,22,,,0
lote-cultivo-01,2026-09-25T03:03:27.829Z,41.331723360637994,63.847103618758126,44.61056090822674,52.94640520861691
lote-cultivo-03,2026-09-25T03:02:46.331Z,22,,,0
lote-cultivo-01,2026-09-25T03:02:13.277Z,71.58706384217162,77.86594895843045,62.46584314736106,38.24292934152533
lote-cultivo-03,2026-09-25T03:01:46.2Z,22,,,0
lote-cultivo-01,2026-09-25T03:00:58.758Z,78.56634263287823,68.56661691330538,74.67404870827588,92.12181065362492
lote-cultivo-03,2026-09-25T03:00:46.049Z,22,,,0
lote-cultivo-03,2026-09-25T02:59:45.915Z,22,,,0
lote-cultivo-01,2026-09-25T02:59:44.216Z,27.795605764694496,57.283221974235374,30.23750159406567,37.82397192160627
lote-cultivo-03,2026-09-25T02:58:45.792Z,22,,,0
lote-cultivo-01,2026-09-25T02:58:29.691Z,14.364371876927734,45.025849328111825,68.41231938294406,43.084076547840574
lote-cultivo-03,2026-09-25T02:57:45.647Z,22,,,0
lote-cultivo-01,2026-09-25T02:57:15.152Z,48.25064286702256,22.49751842411508,25.351703277119437,45.81188214964404
lote-cultivo-03,2026-09-25T02:56:45.513Z,22,,,0
lote-cultivo-01,2026-09-25T02:56:00.635Z,41.71685069968349,19.920198888573385,43.28238033471766,13.419611661533487
lote-cultivo-03,2026-09-25T02:55:45.378Z,22,,,0
lote-cultivo-01,2026-09-25T02:54:46.093Z,22.60100006001657,51.78015549078625,41.98007648782342,89.55547975292436
lote-cultivo-03,2026-09-25T02:54:45.224Z,22,,,0
lote-cultivo-03,2026-09-25T02:53:45.086Z,22,,,0
lote-cultivo-01,2026-09-25T02:53:31.538Z,58.25715831054623,72.26286685154344,49.78787605059071,54.89556756889174
lote-cultivo-03,2026-09-25T02:52:44.953Z,22,,,0
lote-cultivo-01,2026-09-25T02:52:17.011Z,79.96034047877498,61.06725809133068,61.15369000128563,52.870806209696006
lote-cultivo-03,2026-09-25T02:51:44.803Z,22,,,0
lote-cultivo-01,2026-09-25T02:51:02.475Z,38.58780746468832,56.48296217018633,50.03111303021619,61.181228710109
lote-cultivo-03,2026-09-25T02:50:44.669Z,22,,,0
lote-cultivo-01,2026-09-25T02:49:47.933Z,22.387532890252068,63.19400675037761,84.32076126825166,5.14233213541456
lote-cultivo-03,2026-09-25T02:49:44.518Z,22,,,0
lote-cultivo-03,2026-09-25T02:48:44.38Z,22,,,0
lote-cultivo-01,2026-09-25T02:48:33.394Z,52.22287605265589,47.433087181086634,21.0264014376052,64.4073335747571
lote-cultivo-03,2026-09-25T02:47:44.246Z,22,,,0
lote-cultivo-01,2026-09-25T02:47:18.869Z,41.8455682215033,24.74742587044124,77.3206287831373,51.452342300794015
lote-cultivo-03,2026-09-25T02:46:44.106Z,22,,,0
lote-cultivo-01,2026-09-25T02:46:04.329Z,12.722121237464355,32.76665232793622,18.86470648505686,53.28205233343625
lote-cultivo-03,2026-09-25T02:45:43.954Z,22,,,0
lote-cultivo-01,2026-09-25T02:44:49.79Z,42.359194696569936,54.050370748288955,44.11177916190167,73.99962592564235
lote-cultivo-03,2026-09-25T02:44:43.773Z,22,,,0
lote-cultivo-03,2026-09-25T02:43:43.628Z,22,,,0
lote-cultivo-01,2026-09-25T02:43:35.233Z,72.4214996155656,60.379627411968464,47.53166809841078,26.27836368511158
lote-cultivo-03,2026-09-25T02:42:43.492Z,22,,,0
lote-cultivo-01,2026-09-25T02:42:20.712Z,43.076929273105776,62.50139184975703,40.734855682159925,59.26356793282261
lote-cultivo-03,2026-09-25T02:41:43.354Z,22,,,0
lote-cultivo-01,2026-09-25T02:41:06.182Z,33.44316880302154,62.08286646161202,69.44090394405319,39.61978977067203
lote-cultivo-03,2026-09-25T02:40:43.202Z,22,,,0
lote-cultivo-01,2026-09-25T02:39:51.654Z,70.41020943534001,46.00112634275907,45.4697815761982,43.743524416618335
lote-cultivo-03,2026-09-25T02:39:43.064Z,22,,,0
lote-cultivo-03,2026-09-25T02:38:42.927Z,22,,,0
lote-cultivo-01,2026-09-25T02:38:37.102Z,64.90116371107739,34.63000901567718,85.628779827227,61.85581575974158
lote-cultivo-03,2026-09-25T02:37:42.793Z,22,,,0
lote-cultivo-01,2026-09-25T02:37:22.573Z,27.29306231160199,45.15339631128281,20.05596133073147,35.44781277803668
lote-cultivo-03,2026-09-25T02:36:42.651Z,22,,,0
lote-cultivo-01,2026-09-25T02:36:08.045Z,43.028369713531895,50.57787351298326,80.0089955269984,77.52850833369604
lote-cultivo-03,2026-09-25T02:35:42.502Z,22,,,0
lote-cultivo-01,2026-09-25T02:34:53.521Z,68.36858769709751,43.68784428528434,14.87088880809264,44.26262143844525
lote-cultivo-03,2026-09-25T02:34:42.364Z,22,,,0
lote-cultivo-03,2026-09-25T02:33:42.214Z,22,,,0
lote-cultivo-01,2026-09-25T02:33:38.993Z,39.58633719522936,55.32608055491367,46.83118949862381,45.94315402666099
lote-cultivo-03,2026-09-25T02:32:42.07Z,22,,,0
lote-cultivo-01,2026-09-25T02:32:24.434Z,30.54882628670651,73.22140471627046,47.99437461649552,50.542844200760015
lote-cultivo-03,2026-09-25T02:31:41.928Z,22,,,0
lote-cultivo-01,2026-09-25T02:31:09.905Z,76.32043684513792,56.95806026569944,38.40884225184084,13.743472534841269
lote-cultivo-03,2026-09-25T02:30:41.788Z,22,,,0
lote-cultivo-01,2026-09-25T02:29:55.382Z,84.59768238505528,29.08636313229782,70.1190919656708,79.86795823432499
lote-cultivo-03,2026-09-25T02:29:41.655Z,22,,,0
lote-cultivo-03,2026-09-25T02:28:41.515Z,22,,,0
lote-cultivo-01,2026-09-25T02:28:40.829Z,49.66958759762704,33.94186337432908,50.224944389349055,54.74123745166972
lote-cultivo-03,2026-09-25T02:27:41.362Z,22,,,0
lote-cultivo-01,2026-09-25T02:27:26.283Z,57.7329800830429,51.42120747977409,75.03675553671792,57.66236809287149
lote-cultivo-03,2026-09-25T02:26:41.227Z,22,,,0
lote-cultivo-01,2026-09-25T02:26:11.747Z,76.70250762072902,51.77439736233974,33.471940446630875,67.75756509291662
lote-cultivo-03,2026-09-25T02:25:41.087Z,22,,,0
lote-cultivo-01,2026-09-25T02:24:57.19Z,39.86931219122928,54.56690602484306,67.23427131878363,0.5782172927638493
lote-cultivo-03,2026-09-25T02:24:40.949Z,22,,,0
lote-cultivo-01,2026-09-25T02:23:42.639Z,18.638737817555633,66.6083803736107,24.839607504312315,58.997587175161215
lote-cultivo-03,2026-09-25T02:23:40.814Z,22,,,0
lote-cultivo-03,2026-09-25T02:22:40.68Z,22,,,0
lote-cultivo-01,2026-09-25T02:22:28.093Z,61.49583965253066,61.64510530094436,38.20859432087998,50.50987790717816
lote-cultivo-03,2026-09-25T02:21:40.53Z,22,,,0
lote-cultivo-01,2026-09-25T02:21:13.562Z,79.49644154651196,44.310641921936686,57.43643063240456,54.00800381565794
lote-cultivo-03,2026-09-25T02:20:40.392Z,22,,,0
lote-cultivo-01,2026-09-25T02:19:59.018Z,52.2482945866129,37.62570032202243,28.40513827232614,87.68724108338614
lote-cultivo-03,2026-09-25T02:19:40.242Z,22,,,0
lote-cultivo-01,2026-09-25T02:18:44.46Z,62.746198613824234,33.747451003601256,78.25580264554483,20.395437133538323
lote-cultivo-03,2026-09-25T02:18:40.103Z,22,,,0
lote-cultivo-03,2026-09-25T02:17:39.969Z,22,,,0
lote-cultivo-01,2026-09-25T02:17:29.909Z,86.18306543291474,31.997626190217588,48.43755174613173,49.78928594590936
lote-cultivo-03,2026-09-25T02:16:39.834Z,22,,,0
lote-cultivo-01,2026-09-25T02:16:15.34Z,48.31314372103546,54.19474616996573,68.54946821539214,41.7533215238811
lote-cultivo-03,2026-09-25T02:15:39.7Z,22,,,0
lote-cultivo-01,2026-09-25T02:15:00.774Z,13.464112451417463,80.82955976078969,45.96806577046939,39.02597351824932
lote-cultivo-03,2026-09-25T02:14:39.565Z,22,,,0
lote-cultivo-01,2026-09-25T02:13:46.19Z,44.17070787913618,71.66649561053103,52.3638504102677,77.62420228088351
lote-cultivo-03,2026-09-25T02:13:39.411Z,22,,,0
lote-cultivo-03,2026-09-25T02:12:39.274Z,22,,,0
lote-cultivo-01,2026-09-25T02:12:31.645Z,60.85898093401383,47.45272103796676,37.741968979312766,37.96307315538519
lote-cultivo-03,2026-09-25T02:11:39.124Z,22,,,0
lote-cultivo-01,2026-09-25T02:11:17.082Z,33.87224540435125,44.74221231059442,27.338993778156972,63.10579006773597
lote-cultivo-03,2026-09-25T02:10:38.981Z,22,,,0
lote-cultivo-01,2026-09-25T02:10:02.51Z,45.77151870873172,41.49045757889552,68.66846138438981,45.49250401200688
lote-cultivo-03,2026-09-25T02:09:38.844Z,22,,,0
lote-cultivo-01,2026-09-25T02:08:47.94Z,80.81866193778096,22.081896461288128,16.12321950320104,39.7951917509785
lote-cultivo-03,2026-09-25T02:08:38.719Z,22.22,,,0
lote-cultivo-03,2026-09-25T02:07:38.568Z,22.34,,,0
lote-cultivo-01,2026-09-25T02:07:33.369Z,55.14416180702697,25.704498396574515,91.57571767249482,60.27053028590926
lote-cultivo-03,2026-09-25T02:06:38.432Z,22.48,,,0
lote-cultivo-01,2026-09-25T02:06:18.821Z,18.961559446975496,60.962885447931725,38.79032150088831,23.90286767024088
lote-cultivo-03,2026-09-25T02:05:38.297Z,22.57,,,0
lote-cultivo-01,2026-09-25T02:05:04.251Z,42.66997111400096,81.73835748278991,71.44649593346033,69.43055880444837
lote-cultivo-03,2026-09-25T02:04:38.166Z,22.58,,,0
lote-cultivo-01,2026-09-25T02:03:49.69Z,55.599693906247474,74.73833019753974,48.97515589773344,52.442418342513584
lote-cultivo-03,2026-09-25T02:03:38.028Z,22.6,,,0
lote-cultivo-03,2026-09-25T02:02:37.879Z,22.77,,,0
lote-cultivo-01,2026-09-25T02:02:35.106Z,20.935345811722872,63.08311874420082,45.868878585911304,53.23233385870606
lote-cultivo-03,2026-09-25T02:01:37.753Z,22.89,,,0
lote-cultivo-01,2026-09-25T02:01:20.532Z,24.026145149222447,45.066964820686614,41.83940835771568,72.40852462763189
lote-cultivo-03,2026-09-25T02:00:37.612Z,22.97,,,0
lote-cultivo-01,2026-09-25T02:00:05.987Z,64.09367864910239,20.99876931436068,26.757491681133157,7.830920970268564
lote-cultivo-03,2026-09-25T01:59:37.468Z,23.1,,,0
lote-cultivo-01,2026-09-25T01:58:51.421Z,52.72483199531833,19.27180953328217,67.65573090896123,54.99811594683831
lote-cultivo-03,2026-09-25T01:58:37.334Z,23.28,,,0
lote-cultivo-03,2026-09-25T01:57:37.186Z,23.29,,,0
lote-cultivo-01,2026-09-25T01:57:36.853Z,24.747050546769692,39.37239808365226,16.708692886240417,47.144035503689054
lote-cultivo-03,2026-09-25T01:56:37.046Z,23.35,,,0
lote-cultivo-01,2026-09-25T01:56:22.289Z,53.25802272541367,52.99095025831944,93.8287641383637,49.851394412695434
lote-cultivo-03,2026-09-25T01:55:36.878Z,23.38,,,0
lote-cultivo-01,2026-09-25T01:55:07.743Z,72.02355098633608,66.66999762377692,36.349451327711535,96.03903139454084
lote-cultivo-03,2026-09-25T01:54:36.742Z,23.57,,,0
lote-cultivo-01,2026-09-25T01:53:53.145Z,33.198971923764645,88.87795892948232,70.91584033549245,22.915912870829693
lote-cultivo-03,2026-09-25T01:53:36.619Z,23.64,,,0
lote-cultivo-01,2026-09-25T01:52:38.583Z,22.119353474063917,82.26585102568139,52.870401300014514,45.43869267165873
lote-cultivo-03,2026-09-25T01:52:36.48Z,23.79,,,0
lote-cultivo-03,2026-09-25T01:51:36.336Z,23.86,,,0
lote-cultivo-01,2026-09-25T01:51:24.018Z,55.56527469232638,38.06952322195769,39.824239551777666,39.7157315535373
lote-cultivo-03,2026-09-25T01:50:36.197Z,23.9,,,0
lote-cultivo-01,2026-09-25T01:50:09.457Z,47.86166934461647,11.65893690229307,44.55748154524264,29.57950375248536
lote-cultivo-03,2026-09-25T01:49:36.056Z,24.07,,,0
lote-cultivo-01,2026-09-25T01:48:54.863Z,22.89332743462552,23.548902169575666,30.468252420226516,90.34561304980826
lote-cultivo-03,2026-09-25T01:48:35.921Z,24.1,,,0
lote-cultivo-01,2026-09-25T01:47:40.277Z,57.50675705274857,35.94503698795569,58.32582179290282,45.36585898575234
lote-cultivo-03,2026-09-25T01:47:35.772Z,24.13,,,0
lote-cultivo-03,2026-09-25T01:46:35.634Z,24.14,,,0
lote-cultivo-01,2026-09-25T01:46:25.708Z,90.4332742437105,44.293022819113126,29.45556859501299,55.82814534066429
lote-cultivo-03,2026-09-25T01:45:35.502Z,24.23,,,0
lote-cultivo-01,2026-09-25T01:45:11.107Z,58.59061190188921,70.96242279841188,82.78882598236767,45.29943266360689
lote-cultivo-03,2026-09-25T01:44:35.351Z,24.32,,,0
lote-cultivo-01,2026-09-25T01:43:56.549Z,40.01682104277555,91.67248379545104,46.29231771018427,25.09197122920791
lote-cultivo-03,2026-09-25T01:43:35.227Z,24.5,,,0
lote-cultivo-01,2026-09-25T01:42:42.018Z,65.26031546493381,76.52532912376006,60.1472441896494,67.06926971348085
lote-cultivo-03,2026-09-25T01:42:35.075Z,24.57,,,0
lote-cultivo-01,2026-09-27T09:45:59.824Z,31.457711758537172,55.43390916901081,22.93610255148682,27.45949690774295
lote-cultivo-03,2026-09-27T09:45:56.096Z,31.26,,,0
lote-cultivo-03,2026-09-27T09:44:55.964Z,31.34,,,0
lote-cultivo-01,2026-09-27T09:44:45.305Z,56.26180222591473,35.98948039783565,63.68225340048248,57.08600720979089
lote-cultivo-03,2026-09-27T09:43:55.817Z,31.42,,,0
lote-cultivo-01,2026-09-27T09:43:30.762Z,46.013899384248056,31.011971426348794,50.34275225564602,88.09894416374009
lote-cultivo-03,2026-09-27T09:42:55.668Z,31.48,,,0
lote-cultivo-01,2026-09-27T09:42:16.245Z,4.08525584543821,17.82308391477743,68.5678783182346,28.19422117904389
lote-cultivo-03,2026-09-27T09:41:55.547Z,27.18,,,0
lote-cultivo-01,2026-09-27T09:41:01.712Z,22.577319893480155,21.491088008332692,58.7515818240976,62.87133563127345
lote-cultivo-03,2026-09-27T09:40:55.403Z,27.28,,,0
lote-cultivo-03,2026-09-27T09:39:55.25Z,27.37,,,0
lote-cultivo-01,2026-09-27T09:39:47.197Z,66.11419309745666,56.233882195827626,41.8794713784216,21.677787860610547
lote-cultivo-03,2026-09-27T09:38:55.127Z,27.41,,,0
lote-cultivo-01,2026-09-27T09:38:32.673Z,52.535052694723475,83.55677226303283,67.73609317618623,32.440773257027836
lote-cultivo-03,2026-09-27T09:37:54.99Z,27.46,,,0
lote-cultivo-01,2026-09-27T09:37:18.153Z,38.00053063847445,83.16803706429975,9.751831339007866,83.32898246958797
lote-cultivo-03,2026-09-27T09:36:54.86Z,27.6,,,0
lote-cultivo-01,2026-09-27T09:36:03.612Z,68.22845626422969,71.35852192932461,62.898450859301725,45.70701782174923
lote-cultivo-03,2026-09-27T09:35:54.708Z,27.71,,,0
lote-cultivo-03,2026-09-27T09:34:54.583Z,27.74,,,0
lote-cultivo-01,2026-09-27T09:34:49.093Z,62.68684329401605,48.13023921016389,31.58209643165225,73.81743387626686
lote-cultivo-03,2026-09-27T09:33:54.427Z,23.52,,,0
lote-cultivo-01,2026-09-27T09:33:34.583Z,14.36514488798952,17.500661242349537,51.23966670886217,35.354163432132005
lote-cultivo-03,2026-09-27T09:32:54.302Z,23.58,,,0
lote-cultivo-01,2026-09-27T09:32:20.06Z,19.9220938955163,13.67228216752986,65.24617854567103,26.719221645006957
lote-cultivo-03,2026-09-27T09:31:54.165Z,23.65,,,0
lote-cultivo-01,2026-09-27T09:31:05.537Z,58.98414774819899,38.726119790932515,54.98788894758365,58.898080095668234
lote-cultivo-03,2026-09-27T09:30:54.024Z,23.87,,,0
lote-cultivo-03,2026-09-27T09:29:53.881Z,24.11,,,0
lote-cultivo-01,2026-09-27T09:29:51.022Z,47.42117472829709,54.44216516123961,66.97632504279632,38.786099044042146
lote-cultivo-03,2026-09-27T09:28:53.75Z,24.24,,,0
lote-cultivo-01,2026-09-27T09:28:36.51Z,34.740077210256906,61.2627012550502,40.674653954012015,76.54046468261426
lote-cultivo-03,2026-09-27T09:27:53.601Z,24.29,,,0
lote-cultivo-01,2026-09-27T09:27:21.983Z,72.95704099776147,81.29455682831644,64.02566043282768,45.68798175842106
lote-cultivo-03,2026-09-27T09:26:53.463Z,24.38,,,0
lote-cultivo-01,2026-09-27T09:26:07.459Z,81.66182079320788,85.26492627102064,15.6417569167932,47.01770265241436
lote-cultivo-03,2026-09-27T09:25:53.328Z,24.46,,,0
lote-cultivo-03,2026-09-27T09:24:53.188Z,24.6,,,0
lote-cultivo-01,2026-09-27T09:24:52.94Z,38.745352328115075,48.0932682778022,56.35176056420208,58.891954455880715
lote-cultivo-03,2026-09-27T09:23:53.037Z,24.72,,,0
lote-cultivo-01,2026-09-27T09:23:38.425Z,38.14359934100163,15.51777370611132,39.87195780703829,24.46323302316656
lote-cultivo-03,2026-09-27T09:22:52.896Z,24.94,,,0
lote-cultivo-01,2026-09-27T09:22:23.902Z,70.86286362655878,22.874344439726546,38.81264267958611,68.20331490095178
lote-cultivo-03,2026-09-27T09:21:52.754Z,25.13,,,0
lote-cultivo-01,2026-09-27T09:21:09.383Z,52.45145692857407,39.303530737730746,81.57030014043207,33.5921126697516
lote-cultivo-03,2026-09-27T09:20:52.617Z,25.28,,,0
lote-cultivo-01,2026-09-27T09:19:54.858Z,28.218519386672742,46.75842997032193,37.43369401425144,51.09124101509528
lote-cultivo-03,2026-09-27T09:19:52.472Z,25.35,,,0
lote-cultivo-03,2026-09-27T09:18:52.335Z,25.44,,,0
lote-cultivo-01,2026-09-27T09:18:40.343Z,62.19948950910683,63.85033552552106,81.40082753254754,80.1655085628575
lote-cultivo-03,2026-09-27T09:17:52.202Z,25.52,,,0
lote-cultivo-01,2026-09-27T09:17:25.826Z,80.1832078877303,79.27285000114239,32.21133711732432,29.64630419227464
lote-cultivo-03,2026-09-27T09:16:52.051Z,25.75,,,0
lote-cultivo-01,2026-09-27T09:16:11.314Z,47.06547076786364,68.81475078089112,67.65611018950565,70.7375667180036
lote-cultivo-03,2026-09-27T09:15:51.923Z,25.94,,,0
lote-cultivo-01,2026-09-27T09:14:56.789Z,50.33796738451141,49.517704652759264,14.063475878872268,25.239308228050263
lote-cultivo-03,2026-09-27T09:14:51.785Z,22,,,0
lote-cultivo-03,2026-09-27T09:13:51.644Z,22,,,0
lote-cultivo-01,2026-09-27T09:13:42.284Z,87.08065739954803,38.44332865006304,58.51055653516948,26.467197096731734
lote-cultivo-03,2026-09-27T09:12:51.507Z,22,,,0
lote-cultivo-01,2026-09-27T09:12:27.753Z,67.98789328729593,25.655242823693904,37.020965398381286,80.82068419845449
lote-cultivo-03,2026-09-27T09:11:51.369Z,22,,,0
lote-cultivo-01,2026-09-27T09:11:13.246Z,30.515295785583685,24.299902579899943,39.82569685893023,40.195575217276904
lote-cultivo-03,2026-09-27T09:10:51.219Z,22,,,0
lote-cultivo-01,2026-09-27T09:09:58.72Z,50.15102675698302,52.676307879398635,83.52190923687124,82.17200147870035
lote-cultivo-03,2026-09-27T09:09:51.074Z,22,,,0
lote-cultivo-03,2026-09-27T09:08:50.929Z,22,,,0
lote-cultivo-01,2026-09-27T09:08:44.198Z,64.49565962471314,76.1605309395597,33.29788308179108,44.16293335236882
lote-cultivo-03,2026-09-27T09:07:50.786Z,22,,,0
lote-cultivo-01,2026-09-27T09:07:29.67Z,31.900639448167546,64.51915505492416,84.2963977030238,15.443214139673168
lote-cultivo-03,2026-09-27T09:06:50.655Z,22,,,0
lote-cultivo-01,2026-09-27T09:06:15.146Z,36.762674361278115,51.43921694292085,33.74332748577636,59.692183318859215
lote-cultivo-03,2026-09-27T09:05:50.504Z,22,,,0
lote-cultivo-01,2026-09-27T09:05:00.62Z,83.4934138827796,57.06365279342192,61.9939754621334,33.86603379548309
lote-cultivo-03,2026-09-27T09:04:50.364Z,22,,,0
lote-cultivo-03,2026-09-27T09:03:50.215Z,22,,,0
lote-cultivo-01,2026-09-27T09:03:46.091Z,76.06947928864359,48.11430062458597,21.024179929867692,78.27151091421558
lote-cultivo-03,2026-09-27T09:02:50.082Z,22,,,0
lote-cultivo-01,2026-09-27T09:02:31.573Z,37.84849571558401,25.360553821387978,54.233221069572814,61.714295931626374
lote-cultivo-03,2026-09-27T09:01:49.93Z,22,,,0
lote-cultivo-01,2026-09-27T09:01:17.05Z,49.191570706553414,31.409300235682313,37.0287235776077,36.12731772949197
lote-cultivo-03,2026-09-27T09:00:49.793Z,22,,,0
lote-cultivo-01,2026-09-27T09:00:02.524Z,57.860461673898136,58.60431639666947,42.59047223977963,54.83530354012753
lote-cultivo-03,2026-09-27T08:59:49.663Z,22,,,0
lote-cultivo-03,2026-09-27T08:58:49.528Z,22,,,0
lote-cultivo-01,2026-09-27T08:58:48.006Z,17.428361978666672,66.20857395223504,80.13291981251794,24.068624105884098
lote-cultivo-03,2026-09-27T08:57:49.389Z,22,,,0
lote-cultivo-01,2026-09-27T08:57:33.482Z,12.76324323817166,59.35528300949453,36.62748393865593,64.58546725055513
lote-cultivo-03,2026-09-27T08:56:49.252Z,22,,,0
lote-cultivo-01,2026-09-27T08:56:18.979Z,62.262329267664775,55.990798186878344,80.64337625240331,51.52972075128841
lote-cultivo-03,2026-09-27T08:55:49.108Z,22,,,0
lote-cultivo-01,2026-09-27T08:55:03.457Z,68.97522973077542,45.76450312803846,41.1779962339757,48.47950563470555
lote-cultivo-03,2026-09-27T08:54:48.972Z,22,,,0
lote-cultivo-01,2026-09-27T08:53:48.924Z,37.21643480960344,34.290684905777546,45.43849073530264,71.1013630159047
lote-cultivo-03,2026-09-27T08:53:48.831Z,22,,,0
lote-cultivo-03,2026-09-27T08:52:48.696Z,22,,,0
lote-cultivo-01,2026-09-27T08:52:34.393Z,49.998576149135545,43.0867269776099,40.476064445319295,24.591834513944537
lote-cultivo-03,2026-09-27T08:51:48.543Z,22,,,0
lote-cultivo-01,2026-09-27T08:51:19.871Z,65.46804073864409,54.839915778771505,36.50431934232499,67.57209143427185
lote-cultivo-03,2026-09-27T08:50:48.409Z,22,,,0
lote-cultivo-01,2026-09-27T08:50:05.36Z,24.656680950757305,50.46815193261378,49.65984801442553,37.896363751375624
lote-cultivo-03,2026-09-27T08:49:48.273Z,22,,,0
lote-cultivo-01,2026-09-27T08:48:50.831Z,6.519698736954894,54.04439567926984,38.28205265388871,29.68584681675187
lote-cultivo-03,2026-09-27T08:48:48.134Z,22,,,0
lote-cultivo-03,2026-09-27T08:47:48.005Z,22.03,,,0
lote-cultivo-01,2026-09-27T08:47:36.313Z,48.010279843044955,68.57355373249041,83.11769670539726,78.07077202979136
lote-cultivo-03,2026-09-27T08:46:47.849Z,22.05,,,0
lote-cultivo-01,2026-09-27T08:46:21.784Z,57.47674837942684,56.401648307595465,34.316323694727,32.790176624343495
lote-cultivo-03,2026-09-27T08:45:47.711Z,22.21,,,0
lote-cultivo-01,2026-09-27T08:45:07.267Z,29.67403800059441,27.111132341240605,80.12217335729113,79.37186008815438
lote-cultivo-03,2026-09-27T08:44:47.571Z,22.39,,,0
lote-cultivo-01,2026-09-27T08:43:52.731Z,48.65180192022477,29.92791175443671,45.42366353410755,53.06240864135464
lote-cultivo-03,2026-09-27T08:43:47.433Z,22.49,,,0
lote-cultivo-03,2026-09-27T08:42:47.287Z,22.55,,,0
lote-cultivo-01,2026-09-27T08:42:38.205Z,77.9498533051291,54.7080251166271,35.633496405631504,14.0721153892726
lote-cultivo-03,2026-09-27T08:41:47.151Z,22.77,,,0
lote-cultivo-01,2026-09-27T08:41:23.685Z,46.93708048323561,59.20115262784466,55.30747168617482,61.853344788271045
lote-cultivo-03,2026-09-27T08:40:47.022Z,22.92,,,0
lote-cultivo-01,2026-09-27T08:40:09.166Z,24.604869636176037,55.102419768363866,20.38424955453803,27.0020256528378
lote-cultivo-03,2026-09-27T08:39:46.876Z,23.07,,,0
lote-cultivo-01,2026-09-27T08:38:54.627Z,58.133972357587915,63.79717776408893,62.6617274500196,75.24750720063008
lote-cultivo-03,2026-09-27T08:38:46.737Z,23.11,,,0
lote-cultivo-03,2026-09-27T08:37:46.59Z,23.12,,,0
lote-cultivo-01,2026-09-27T08:37:40.102Z,62.43300592604316,61.87848558397804,30.1715323062249,75.50502978454568
lote-cultivo-03,2026-09-27T08:36:46.455Z,23.34,,,0
lote-cultivo-01,2026-09-27T08:36:25.579Z,26.21168566453965,41.30424294888221,87.7167201466879,31.13048368702131
lote-cultivo-03,2026-09-27T08:35:46.313Z,23.36,,,0
lote-cultivo-01,2026-09-27T08:35:11.061Z,39.32023150644305,31.057114330713382,30.158938046746297,54.79619791591061
lote-cultivo-03,2026-09-27T08:34:46.168Z,23.4,,,0
lote-cultivo-01,2026-09-27T08:33:56.553Z,76.49209113532083,34.84535370079163,85.36536138317406,18.02209359363328
lote-cultivo-03,2026-09-27T08:33:46.029Z,23.41,,,0
lote-cultivo-03,2026-09-27T08:32:45.892Z,23.66,,,0
lote-cultivo-01,2026-09-27T08:32:42.038Z,58.64336336114564,39.4887927984689,40.56489315117173,56.2373558451585
lote-cultivo-03,2026-09-27T08:31:45.758Z,23.74,,,0
lote-cultivo-01,2026-09-27T08:31:27.508Z,41.915831318746704,56.82346936254821,37.89245881081161,67.32026322184697
lote-cultivo-03,2026-09-27T08:30:45.605Z,23.81,,,0
lote-cultivo-01,2026-09-27T08:30:12.962Z,77.69415046606815,80.49688236603808,56.729805494959166,49.91894531202315
lote-cultivo-03,2026-09-27T08:29:45.468Z,23.86,,,0
lote-cultivo-01,2026-09-27T08:28:58.436Z,82.93882073769124,73.55032243820541,17.563755226169462,68.6825648714037
lote-cultivo-03,2026-09-27T08:28:45.329Z,24.04,,,0
lote-cultivo-03,2026-09-27T08:27:45.193Z,24.16,,,0
lote-cultivo-01,2026-09-27T08:27:43.917Z,37.06124633761376,44.51590054516909,62.92722576826735,23.814699332618005
lote-cultivo-03,2026-09-27T08:26:45.049Z,24.21,,,0
lote-cultivo-01,2026-09-27T08:26:29.413Z,34.51335628478631,36.23857180286897,34.55918657130187,54.83065448171808
lote-cultivo-03,2026-09-27T08:25:44.909Z,24.35,,,0
lote-cultivo-01,2026-09-27T08:25:14.886Z,65.74050412046843,39.33646787840761,79.24369366764004,46.496079390462015
lote-cultivo-03,2026-09-27T08:24:44.764Z,24.5,,,0
lote-cultivo-01,2026-09-27T08:24:00.351Z,50.26562543081285,27.01628795140888,39.08622554791821,38.23993253604704
lote-cultivo-03,2026-09-27T08:23:44.617Z,24.65,,,0
lote-cultivo-01,2026-09-27T08:22:45.827Z,35.41875802943491,28.470733969002,79.23006762885093,76.17798735699401
lote-cultivo-03,2026-09-27T08:22:44.462Z,24.82,,,0
lote-cultivo-03,2026-09-27T08:21:44.317Z,25.04,,,0
lote-cultivo-01,2026-09-27T08:21:31.292Z,77.66566866360773,63.85180987844602,43.370260362852086,29.850498591754775
lote-cultivo-03,2026-09-27T08:20:44.175Z,25.08,,,0
lote-cultivo-01,2026-09-27T08:20:16.772Z,94.47784362810012,87.92372846382509,36.72293087065005,71.1516531747162
lote-cultivo-03,2026-09-27T08:19:44.047Z,25.1,,,0
lote-cultivo-01,2026-09-27T08:19:02.234Z,50.778295908706006,74.15573948026916,58.2353643830526,54.86480978659639
lote-cultivo-03,2026-09-27T08:18:43.904Z,25.16,,,0
lote-cultivo-01,2026-09-27T08:17:47.7Z,38.62276706884425,53.494320446909605,16.39434260086105,21.312345548491734
lote-cultivo-03,2026-09-27T08:17:43.758Z,25.32,,,0
lote-cultivo-03,2026-09-27T08:16:43.618Z,25.45,,,0
lote-cultivo-01,2026-09-27T08:16:33.182Z,61.45810153865627,39.55391662450956,60.68894004470645,67.00464249968556
lote-cultivo-03,2026-09-27T08:15:43.477Z,25.55,,,0
lote-cultivo-01,2026-09-27T08:15:18.66Z,39.515554966025626,22.138630504132124,43.19480361602908,20.29591605356635
lote-cultivo-03,2026-09-27T08:14:43.326Z,25.74,,,0
lote-cultivo-01,2026-09-27T08:14:04.133Z,15.032545420705596,19.118724342786596,64.0593140918184,68.55719212731795
lote-cultivo-03,2026-09-27T08:13:43.193Z,25.9,,,0
lote-cultivo-01,2026-09-27T08:12:49.605Z,54.640819848822666,41.783968812125224,57.4325130115304,79.223400159755
lote-cultivo-03,2026-09-27T08:12:43.051Z,25.95,,,0
lote-cultivo-03,2026-09-27T08:11:42.926Z,26.08,,,0
lote-cultivo-01,2026-09-27T08:11:35.079Z,82.00358555870079,62.5999328841625,62.086333283714566,31.426665826396004
lote-cultivo-03,2026-09-27T08:10:42.786Z,26.22,,,0
lote-cultivo-01,2026-09-27T08:10:20.566Z,48.754187682021936,72.0594188759746,57.035836800477234,64.62874348494057
lote-cultivo-03,2026-09-27T08:09:42.643Z,26.36,,,0
lote-cultivo-01,2026-09-27T08:09:06.05Z,39.94875230426004,83.47484902041084,26.04270032302033,13.620204070799591
lote-cultivo-03,2026-09-27T08:08:42.506Z,26.6,,,0
lote-cultivo-01,2026-09-27T08:07:51.519Z,66.19655418319944,75.98887161690367,68.22749890153995,43.72602019036432
lote-cultivo-03,2026-09-27T08:07:42.377Z,22,,,0
lote-cultivo-03,2026-09-27T08:06:42.242Z,22,,,0
lote-cultivo-01,2026-09-27T08:06:37.003Z,44.2339092139284,34.533229194266305,6.646338883044669,75.74561231056269
lote-cultivo-03,2026-09-27T08:05:42.106Z,22,,,0
lote-cultivo-01,2026-09-27T08:05:22.471Z,8.389108652177688,6.1461430674594935,68.15673217040012,48.55549267957849
lote-cultivo-03,2026-09-27T08:04:41.949Z,22,,,0
lote-cultivo-01,2026-09-27T08:04:07.929Z,35.895325966499236,22.53013137486158,41.07638229728845,75.81738209736586
lote-cultivo-03,2026-09-27T08:03:41.814Z,22,,,0
lote-cultivo-01,2026-09-27T08:02:53.397Z,62.67867475303275,45.218720765322864,59.28427362357615,26.82900087331625
lote-cultivo-03,2026-09-27T08:02:41.672Z,22,,,0
lote-cultivo-03,2026-09-27T08:01:41.538Z,22,,,0
lote-cultivo-01,2026-09-27T08:01:38.884Z,33.53463647068813,52.74970111075754,66.97628163497079,37.12365837629778
lote-cultivo-03,2026-09-27T08:00:41.397Z,22,,,0
lote-cultivo-01,2026-09-27T08:00:24.369Z,29.15080505700568,71.38764849674041,51.94569217660984,51.80151880251152
lote-cultivo-03,2026-09-27T07:59:41.26Z,22,,,0
lote-cultivo-01,2026-09-27T07:59:09.836Z,67.15589281967583,91.28987740725432,64.44406567187434,41.9812308229031
lote-cultivo-03,2026-09-27T07:58:41.123Z,22,,,0
lote-cultivo-01,2026-09-27T07:57:55.317Z,58.61252179146268,74.65095310107046,21.79112117414206,79.04101629563833
lote-cultivo-03,2026-09-27T07:57:40.975Z,22,,,0
lote-cultivo-03,2026-09-27T07:56:40.847Z,22,,,0
lote-cultivo-01,2026-09-27T07:56:40.807Z,23.222439093974707,37.53653047775261,71.74493793211367,37.18317956776536
lote-cultivo-03,2026-09-27T07:55:40.705Z,22,,,0
lote-cultivo-01,2026-09-27T07:55:26.291Z,42.64942657815132,18.685991810073496,1.6976753388890844,57.22585107419194
lote-cultivo-03,2026-09-27T07:54:40.559Z,22,,,0
lote-cultivo-01,2026-09-27T07:54:11.771Z,63.97623457212416,16.524073773705545,74.05900299500378,51.39539439563702
lote-cultivo-03,2026-09-27T07:53:40.422Z,22,,,0
lote-cultivo-01,2026-09-27T07:52:57.251Z,28.601848771408317,26.344337051769607,36.33578981184291,27.351521531576616
lote-cultivo-03,2026-09-27T07:52:40.279Z,22,,,0
lote-cultivo-01,2026-09-27T07:51:42.726Z,16.93977217363935,57.28663828544603,60.275560836352504,71.22238721674837
lote-cultivo-03,2026-09-27T07:51:40.139Z,22,,,0
lote-cultivo-03,2026-09-27T07:50:40.002Z,22,,,0
lote-cultivo-01,2026-09-27T07:50:28.202Z,59.099115100352826,84.73649957051222,68.9402378832261,24.725647468922656
lote-cultivo-03,2026-09-27T07:49:39.86Z,22,,,0
lote-cultivo-01,2026-09-27T07:49:13.674Z,64.92802319600716,79.59013347883696,50.53309630103337,61.91855195683801
lote-cultivo-03,2026-09-27T07:48:39.717Z,22,,,0
lote-cultivo-01,2026-09-27T07:47:59.156Z,38.90267831854318,63.78497795874439,61.8768002132554,72.86679084483767
lote-cultivo-03,2026-09-27T07:47:39.566Z,22,,,0
lote-cultivo-01,2026-09-27T07:46:44.631Z,61.47596230335838,55.645289520474115,29.86571240119385,31.727403755686336
lote-cultivo-03,2026-09-27T07:46:39.425Z,22,,,0
lote-cultivo-03,2026-09-27T07:45:39.285Z,22,,,0
lote-cultivo-01,2026-09-27T07:45:30.111Z,85.8723360909354,32.35123108991038,60.54806406962005,74.27399246774429
lote-cultivo-03,2026-09-27T07:44:39.161Z,22,,,0
lote-cultivo-01,2026-09-27T07:44:15.593Z,46.14242033790784,4.594026489286384,12.69902155951042,15.486917408655026
lote-cultivo-03,2026-09-27T07:43:39.008Z,22,,,0
lote-cultivo-01,2026-09-27T07:43:01.066Z,20.136216122855085,19.373254346293393,65.01197727184255,37.30447093953085
lote-cultivo-03,2026-09-27T07:42:38.88Z,22,,,0
lote-cultivo-01,2026-09-27T07:41:46.544Z,53.03591470925332,62.813130360976096,44.18080005063679,74.69231839845372
lote-cultivo-03,2026-09-27T07:41:38.748Z,22,,,0
lote-cultivo-03,2026-09-27T07:40:38.607Z,22,,,0
lote-cultivo-01,2026-09-27T07:40:32.021Z,60.53143691676765,79.75425234723222,51.35570235942173,41.91444725519051
lote-cultivo-03,2026-09-27T07:39:38.467Z,22,,,0
lote-cultivo-01,2026-09-27T07:39:17.496Z,37.22120297439601,72.5762539335989,79.13512720019688,86.42588077788312
lote-cultivo-03,2026-09-27T07:38:38.341Z,22,,,0
lote-cultivo-01,2026-09-27T07:38:02.974Z,64.04091183219218,69.86255461062095,41.60319126756968,33.69212146707727
lote-cultivo-03,2026-09-27T07:37:38.201Z,22,,,0
lote-cultivo-01,2026-09-27T07:36:48.449Z,99.69914729416205,57.472353124008414,65.68023124754797,25.154217100838483
lote-cultivo-03,2026-09-27T07:36:38.065Z,22,,,0
lote-cultivo-03,2026-09-27T07:35:37.906Z,22,,,0
lote-cultivo-01,2026-09-27T07:35:33.927Z,67.17251297859819,28.716922892260772,33.795350187555535,54.103823743192216
lote-cultivo-03,2026-09-27T07:34:37.76Z,22,,,0
lote-cultivo-01,2026-09-27T07:34:19.412Z,34.746919098349885,16.84529738247365,50.25433540364646,35.434727492631026
lote-cultivo-03,2026-09-27T07:33:37.622Z,22,,,0
lote-cultivo-01,2026-09-27T07:33:04.889Z,57.79851917684311,29.98899013766075,25.84759362823822,83.50049457271909
lote-cultivo-03,2026-09-27T07:32:37.478Z,22,,,0
lote-cultivo-01,2026-09-27T07:31:50.345Z,58.80919544633192,45.91872031535536,52.24900574461011,51.61686542044991
lote-cultivo-03,2026-09-27T07:31:37.354Z,22,,,0
lote-cultivo-03,2026-09-27T07:30:37.2Z,22,,,0
lote-cultivo-01,2026-09-27T07:30:35.822Z,26.055813210946653,65.37873387852503,55.77395515845125,45.06931226424124
lote-cultivo-03,2026-09-27T07:29:37.064Z,22,,,0
lote-cultivo-01,2026-09-27T07:29:21.305Z,45.4414260358121,85.11583698890296,39.03714332189402,48.931741949176335
lote-cultivo-03,2026-09-27T07:28:36.922Z,22,,,0
lote-cultivo-01,2026-09-27T07:28:06.786Z,87.06760646167919,74.43140563664107,93.37088206202104,25.204796050286088
lote-cultivo-03,2026-09-27T07:27:36.78Z,22,,,0
lote-cultivo-01,2026-09-27T07:26:52.263Z,66.12135611358558,41.01337705150295,26.65624904468002,70.28805632140958
lote-cultivo-03,2026-09-27T07:26:36.636Z,22,,,0
lote-cultivo-01,2026-09-27T07:25:37.727Z,38.25881827508496,30.50757399184167,77.90758852826485,39.60362251052069
lote-cultivo-03,2026-09-27T07:25:36.499Z,22,,,0
lote-cultivo-03,2026-09-27T07:24:36.371Z,22,,,0
lote-cultivo-01,2026-09-27T07:24:23.194Z,63.34594930727269,38.837971546111206,27.715980863440628,57.95368641705486
lote-cultivo-03,2026-09-27T07:23:36.22Z,22,,,0
lote-cultivo-01,2026-09-27T07:23:08.656Z,65.98765983230396,33.228959057067364,50.0314812780376,65.056817577494
lote-cultivo-03,2026-09-27T07:22:36.086Z,22,,,0
lote-cultivo-01,2026-09-27T07:21:54.141Z,24.509867420818377,34.072507213006475,29.321298326603245,29.16589830716772
lote-cultivo-03,2026-09-27T07:21:35.946Z,22,,,0
lote-cultivo-01,2026-09-27T07:20:39.622Z,28.73876625977192,64.21782374021336,49.32330070577964,74.66455119935331
lote-cultivo-03,2026-09-27T07:20:35.817Z,22,,,0
lote-cultivo-03,2026-09-27T07:19:35.682Z,22,,,0
lote-cultivo-01,2026-09-27T07:19:25.109Z,64.5891784847029,83.31049978990693,56.25694514164377,24.29405590018446
lote-cultivo-03,2026-09-27T07:18:35.529Z,22,,,0
lote-cultivo-01,2026-09-27T07:18:10.586Z,46.48136326355075,64.3930285452695,39.54948931570626,39.539836896903914
lote-cultivo-03,2026-09-27T07:17:35.387Z,22,,,0
lote-cultivo-01,2026-09-27T07:16:56.076Z,21.727702927064076,43.21242708707816,94.13374731922086,69.66102897649284
lote-cultivo-03,2026-09-27T07:16:35.236Z,22,,,0
lote-cultivo-01,2026-09-27T07:15:41.549Z,55.195675287242466,39.5223483420812,23.892098941125003,33.33265619480335
lote-cultivo-03,2026-09-27T07:15:35.094Z,22.08,,,0
lote-cultivo-03,2026-09-27T07:14:34.962Z,22.28,,,0
lote-cultivo-01,2026-09-27T07:14:27.039Z,71.78851879968356,35.098948666723985,80.95432652799897,90.46345417263694
lote-cultivo-03,2026-09-27T07:13:34.824Z,22.42,,,0
lote-cultivo-01,2026-09-27T07:13:12.505Z,35.14707174311415,35.375231380221166,27.679646907323463,40.5015054660261
lote-cultivo-03,2026-09-27T07:12:34.681Z,22.54,,,0
lote-cultivo-01,2026-09-27T07:11:57.977Z,31.88163250449951,52.17131414902809,46.20943538055411,24.537724683574353
lote-cultivo-03,2026-09-27T07:11:34.543Z,22.74,,,0
lote-cultivo-01,2026-09-27T07:10:43.452Z,60.68985801032501,62.661797135272046,34.953813653913,56.36819506762267
lote-cultivo-03,2026-09-27T07:10:34.398Z,22.96,,,0
lote-cultivo-03,2026-09-27T07:09:34.24Z,22.96,,,0
lote-cultivo-01,2026-09-27T07:09:28.925Z,37.54357166919944,58.046482177625805,45.89067925694207,22.859531610129736
lote-cultivo-03,2026-09-27T07:08:34.104Z,23.15,,,0
lote-cultivo-01,2026-09-27T07:08:14.4Z,4.976146083843722,59.68332664620368,54.23527324191259,84.78024420792886
lote-cultivo-03,2026-09-27T07:07:33.966Z,23.31,,,0
lote-cultivo-01,2026-09-27T07:06:59.88Z,37.87894765583231,58.546955022991675,46.52756107529301,64.18103912568078
lote-cultivo-03,2026-09-27T07:06:33.825Z,23.34,,,0
lote-cultivo-01,2026-09-27T07:05:45.358Z,67.29697369346712,35.97027293269159,84.74885495528585,39.96764168305509
lote-cultivo-03,2026-09-27T07:05:33.684Z,23.35,,,0
lote-cultivo-03,2026-09-27T07:04:33.548Z,23.51,,,0
lote-cultivo-01,2026-09-27T07:04:30.837Z,43.229810142729555,24.84803581151778,33.22062833112928,53.20443707915631
lote-cultivo-03,2026-09-27T07:03:33.407Z,23.71,,,0
lote-cultivo-01,2026-09-27T07:03:16.321Z,44.68075728730592,49.47946377029267,71.74785835449198,15.822077519926792
lote-cultivo-03,2026-09-27T07:02:33.268Z,23.9,,,0
lote-cultivo-01,2026-09-27T07:02:01.802Z,77.40941748502735,67.76067742609932,39.13813902688949,63.20490063749644
lote-cultivo-03,2026-09-27T07:01:33.131Z,23.95,,,0
lote-cultivo-01,2026-09-27T07:00:47.292Z,54.57606786077845,55.452392589400226,31.28796494689509,55.97397379231821
lote-cultivo-03,2026-09-27T07:00:32.982Z,24.05,,,0
lote-cultivo-03,2026-09-27T06:59:32.839Z,24.27,,,0
lote-cultivo-01,2026-09-27T06:59:32.749Z,11.143991156954009,49.19803730250973,52.170314842326405,56.23487162941314
lote-cultivo-03,2026-09-27T06:58:32.699Z,24.31,,,0
lote-cultivo-01,2026-09-27T06:58:18.227Z,32.40780587588738,57.942213413605835,30.2914094762576,65.22081217849815
lote-cultivo-03,2026-09-27T06:57:32.564Z,24.54,,,0
lote-cultivo-01,2026-09-27T06:57:03.702Z,61.503275594919145,49.28692512810039,63.92476321951823,25.36389329729478
lote-cultivo-03,2026-09-27T06:56:32.411Z,24.54,,,0
lote-cultivo-01,2026-09-27T06:55:49.184Z,41.439550920286344,32.17678809833344,43.72666763939176,63.57949158440284
lote-cultivo-03,2026-09-27T06:55:32.259Z,24.59,,,0
lote-cultivo-01,2026-09-27T06:54:34.671Z,46.379641573229726,38.50052934241105,82.46172583994303,35.17633910977472
lote-cultivo-03,2026-09-27T06:54:32.128Z,24.67,,,0
lote-cultivo-03,2026-09-27T06:53:31.989Z,24.76,,,0
lote-cultivo-01,2026-09-27T06:53:20.152Z,89.17826158041993,54.78230111451905,37.4368648349083,45.42273680770709
lote-cultivo-03,2026-09-27T06:52:31.852Z,24.95,,,0
lote-cultivo-01,2026-09-27T06:52:05.632Z,77.92648012646224,60.13567611919933,67.24253991251678,68.17934189193771
lote-cultivo-03,2026-09-27T06:51:31.7Z,24.99,,,0
lote-cultivo-01,2026-09-27T06:50:51.12Z,33.559951704373994,64.48825778910758,45.4566852211058,29.24629890529048
lote-cultivo-03,2026-09-27T06:50:31.56Z,25.16,,,0
lote-cultivo-01,2026-09-27T06:49:36.61Z,45.52817924445894,62.79446337690121,21.381366875016987,83.36774094260826
lote-cultivo-03,2026-09-27T06:49:31.418Z,25.21,,,0
lote-cultivo-03,2026-09-27T06:48:31.274Z,25.29,,,0
lote-cultivo-01,2026-09-27T06:48:22.086Z,67.87481717602746,41.106677000814265,65.9054039078512,43.60207662058354
lote-cultivo-03,2026-09-27T06:47:31.132Z,25.48,,,0
lote-cultivo-01,2026-09-27T06:47:07.555Z,39.98436873441623,26.77925371716253,15.45621055906006,31.7383621161805
lote-cultivo-03,2026-09-27T06:46:30.993Z,25.7,,,0
lote-cultivo-01,2026-09-27T06:45:53.039Z,35.30269904665211,41.03543742411034,75.46896014686487,60.52374131225922
lote-cultivo-03,2026-09-27T06:45:30.853Z,25.94,,,0
lote-cultivo-01,2026-09-27T06:44:38.496Z,79.2729957619535,52.12325915655025,37.568355482532866,13.966183119753198
lote-cultivo-03,2026-09-27T06:44:30.712Z,25.96,,,0
lote-cultivo-03,2026-09-27T06:43:30.577Z,26.16,,,0
lote-cultivo-01,2026-09-27T06:43:23.965Z,79.76734606181421,47.480474461040366,84.10452640999097,80.75074081396602
lote-cultivo-03,2026-09-27T06:42:30.432Z,26.35,,,0
lote-cultivo-01,2026-09-27T06:42:09.438Z,42.78303426800888,59.79636713575013,36.86120631968858,67.43273611219148
lote-cultivo-03,2026-09-27T06:41:30.296Z,26.54,,,0
lote-cultivo-01,2026-09-27T06:40:54.923Z,56.55656343622044,80.2299711640529,69.57166549874275,40.975026172304126
lote-cultivo-03,2026-09-27T06:40:30.157Z,26.66,,,0
lote-cultivo-01,2026-09-27T06:39:40.396Z,81.13681876560362,64.70883855114765,41.589855176066074,63.90995845530371
lote-cultivo-03,2026-09-27T06:39:30.02Z,26.67,,,0
lote-cultivo-03,2026-09-27T06:38:29.888Z,26.7,,,0
lote-cultivo-01,2026-09-27T06:38:25.872Z,48.0834732827249,29.983302100802405,24.695614422189063,6.775901078356031
lote-cultivo-03,2026-09-27T06:37:29.732Z,26.9,,,0
lote-cultivo-01,2026-09-27T06:37:11.346Z,27.63176486946116,23.566714217375807,64.93560014901735,54.18568142408419
lote-cultivo-03,2026-09-27T06:36:29.591Z,22,,,0
lote-cultivo-01,2026-09-27T06:35:56.807Z,60.64338690891186,36.16423723710127,15.052382229246064,64.50765819645213
lote-cultivo-03,2026-09-27T06:35:29.436Z,22,,,0
lote-cultivo-01,2026-09-27T06:34:42.291Z,61.55221339792166,42.778508374328275,73.94589426115891,53.61261703698887
lote-cultivo-03,2026-09-27T06:34:29.297Z,22,,,0
lote-cultivo-03,2026-09-27T06:33:29.148Z,22,,,0
lote-cultivo-01,2026-09-27T06:33:27.762Z,26.974091956738175,56.49532854877909,43.53447408821312,75.62830315637879
lote-cultivo-03,2026-09-27T06:32:29.009Z,22,,,0
lote-cultivo-01,2026-09-27T06:32:13.228Z,45.31531633667257,76.18871513595997,73.97184770254927,23.394982644515437
lote-cultivo-03,2026-09-27T06:31:28.885Z,22,,,0
lote-cultivo-01,2026-09-27T06:30:58.697Z,82.11846124647263,74.42265950556575,47.69109554717016,47.55078932782556
lote-cultivo-03,2026-09-27T06:30:28.744Z,22,,,0
lote-cultivo-01,2026-09-27T06:29:44.175Z,57.44740624666894,56.993000704063675,62.19789037051944,42.86170663675795
lote-cultivo-03,2026-09-27T06:29:28.61Z,22,,,0
lote-cultivo-01,2026-09-27T06:28:29.65Z,31.39122688251798,44.27950558875953,43.92148085228275,46.57535105653284
lote-cultivo-03,2026-09-27T06:28:28.483Z,22,,,0
lote-cultivo-01,2026-09-27T06:27:15.131Z,55.13895147429644,27.013949506777497,26.11212640647719,74.1204828818432
lote-cultivo-01,2026-09-27T06:26:00.61Z,50.53798976075113,12.240411904730854,62.21562782604545,33.49794437845686
lote-cultivo-01,2026-09-27T06:24:46.084Z,8.24884659799391,33.63045783019853,18.26523112730811,68.56411602084988
lote-cultivo-01,2026-09-27T06:23:31.555Z,21.40847826637789,73.85062346313853,68.15396677271973,43.052754497689975
lote-cultivo-01,2026-09-27T06:22:17.033Z,66.60767285816036,81.84726245933437,54.4377615892415,36.48398886812173
lote-cultivo-01,2026-09-27T06:21:02.515Z,55.83085690438986,66.741274319165,57.29789632383873,65.73959318499871
lote-cultivo-01,2026-09-27T06:19:48.002Z,36.318809277347405,63.254786487425655,67.30374055814971,16.884940510834355
lote-cultivo-01,2026-09-27T06:18:33.49Z,63.58734643510009,52.503276145890354,44.40253540477241,73.49784491827833
lote-cultivo-01,2026-09-27T06:17:18.968Z,62.07756895302627,19.83895532178506,57.04489539612114,62.008363671814294
lote-cultivo-01,2026-09-27T06:16:04.445Z,13.124668738468474,7.535479550397025,17.95788731745424,42.32918995299054
lote-cultivo-01,2026-09-27T06:14:49.922Z,13.380445124030524,34.612956813903686,67.88265072318757,74.22648353317626
lote-cultivo-01,2026-09-27T06:13:35.404Z,54.662519091874096,63.98483554573856,13.171973583285803,5.730732796699935
lote-cultivo-01,2026-09-27T06:12:20.872Z,48.17947371414935,77.94901682953915,71.78980591508095,49.01147490729885
lote-cultivo-01,2026-09-27T06:11:06.346Z,32.4445008048407,84.62673126728828,54.497737286014434,62.94522322864774
lote-cultivo-01,2026-09-27T06:09:51.786Z,67.78636208307893,70.970493711327,51.63781916115987,47.63786565959447
lote-cultivo-01,2026-09-27T06:08:37.263Z,80.30650963250153,37.62083972162364,77.29294609777631,89.29121979726746
lote-cultivo-01,2026-09-27T06:07:22.744Z,36.60325147476765,20.115109170152685,34.06542994570831,25.514787109459824
lote-cultivo-01,2026-09-27T06:06:08.215Z,29.688188166530058,24.296602634570775,63.938123778256006,36.83940248281422
lote-cultivo-01,2026-09-27T06:04:53.683Z,64.02676729496238,27.185238824712787,15.547653871450825,45.68875015309777
lote-cultivo-01,2026-09-27T06:03:39.164Z,51.95915124705758,42.35332101287362,68.07255764092773,38.38485859275555
lote-cultivo-03,2026-09-27T06:03:08.111Z,22,,,0
lote-cultivo-01,2026-09-27T06:02:24.631Z,26.809302009621668,81.74597129834713,12.04484448586071,83.56598971019842
lote-cultivo-03,2026-09-27T06:02:07.956Z,22,,,0
lote-cultivo-01,2026-09-27T06:01:10.087Z,59.35851414585327,98.99611728620695,75.07517314737889,44.14804593388902
lote-cultivo-03,2026-09-27T06:01:07.829Z,22,,,0
lote-cultivo-03,2026-09-27T06:00:07.679Z,22,,,0
lote-cultivo-01,2026-09-27T05:59:55.546Z,82.62770044736565,67.89951013040798,50.675542544583294,55.45883633357593
lote-cultivo-03,2026-09-27T05:59:07.527Z,22,,,0
lote-cultivo-01,2026-09-27T05:58:41.028Z,49.97309667870764,35.31989254230419,53.568856027033526,42.77699869923784
lote-cultivo-03,2026-09-27T05:58:07.387Z,22,,,0
lote-cultivo-01,2026-09-27T05:57:26.499Z,46.25610078481833,29.292525453529052,77.64247192362386,31.710313155603664
lote-cultivo-03,2026-09-27T05:57:07.262Z,22,,,0
lote-cultivo-01,2026-09-27T05:56:11.968Z,82.8681499343708,23.843938994254323,34.065748721241384,68.68012477610101
lote-cultivo-03,2026-09-27T05:56:07.108Z,22,,,0
lote-cultivo-03,2026-09-27T05:55:06.971Z,22,,,0
lote-cultivo-01,2026-09-27T05:54:57.438Z,69.42018896565214,20.64909843037804,59.790813750432335,30.663845246065797
lote-cultivo-03,2026-09-27T05:54:06.828Z,22,,,0
lote-cultivo-01,2026-09-27T05:53:42.912Z,30.963029253964464,45.70199838605131,25.57647423764346,67.20751033861843
lote-cultivo-03,2026-09-27T05:53:06.678Z,22,,,0
lote-cultivo-01,2026-09-27T05:52:28.395Z,49.049891278113925,77.9821036585974,54.01666082923696,55.98370160171794
lote-cultivo-03,2026-09-27T05:52:06.542Z,22,,,0
lote-cultivo-01,2026-09-27T05:51:13.863Z,69.75413839328917,84.06734526391662,26.076905847047012,38.68779371710342
lote-cultivo-03,2026-09-27T05:51:06.391Z,22,,,0
lote-cultivo-03,2026-09-27T05:50:06.252Z,22,,,0
lote-cultivo-01,2026-09-27T05:49:59.334Z,39.73314724279991,73.37769821805611,64.07042686280445,76.38233939511201
lote-cultivo-03,2026-09-27T05:49:06.126Z,22,,,0
lote-cultivo-01,2026-09-27T05:48:44.822Z,38.56249496974938,55.54761996825499,58.33345245232222,14.116899963546436
lote-cultivo-03,2026-09-27T05:48:05.979Z,22,,,0
lote-cultivo-01,2026-09-27T05:47:30.309Z,84.34202306521377,25.76006237908089,47.26049314237587,50.07648194925386
lote-cultivo-03,2026-09-27T05:47:05.838Z,22,,,0
lote-cultivo-01,2026-09-27T05:46:15.769Z,81.45579395683856,10.367121557439244,83.95038540902968,57.541513319298474
lote-cultivo-03,2026-09-27T05:46:05.703Z,22,,,0
lote-cultivo-03,2026-09-27T05:45:05.566Z,22,,,0
lote-cultivo-01,2026-09-27T05:45:01.241Z,40.78695367364713,31.936514256825298,29.180062215133653,39.43669940876887
lote-cultivo-03,2026-09-27T05:44:05.428Z,22,,,0
lote-cultivo-01,2026-09-27T05:43:46.726Z,48.21883658120101,56.76334905061103,60.17136095845156,95.74650134427334
lote-cultivo-03,2026-09-27T05:43:05.293Z,22,,,0
lote-cultivo-01,2026-09-27T05:42:32.205Z,61.628243538471075,60.437078299364245,32.480617876849706,30.236592975030625
lote-cultivo-03,2026-09-27T05:42:05.153Z,22,,,0
lote-cultivo-01,2026-09-27T05:41:17.671Z,24.43898266995716,69.78814006322006,40.51193444355842,36.77943489999996
lote-cultivo-03,2026-09-27T05:41:05.007Z,22,,,0
lote-cultivo-03,2026-09-27T05:40:04.872Z,22,,,0
lote-cultivo-01,2026-09-27T05:40:03.15Z,14.83836354186803,83.30652268674378,42.51724480552369,46.817702217362616
lote-cultivo-03,2026-09-27T05:39:04.745Z,22,,,0
lote-cultivo-01,2026-09-27T05:38:48.595Z,63.05202247956883,62.07623479053925,48.869742366262535,24.593378221926933
lote-cultivo-03,2026-09-27T05:38:04.602Z,22,,,0
lote-cultivo-01,2026-09-27T05:37:34.073Z,73.11128146813923,22.739750005892283,70.40387731337995,89.59819713985608
lote-cultivo-03,2026-09-27T05:37:04.464Z,22.04,,,0
lote-cultivo-01,2026-09-29T05:36:55.078Z,50.34370148944786,21.00737305988449,66.74410472433809,78.43102760379747
lote-cultivo-03,2026-09-29T05:36:49.605Z,29.95,,,0
lote-cultivo-03,2026-09-29T05:35:49.454Z,30.08,,,0
lote-cultivo-01,2026-09-29T05:35:40.546Z,62.63867981151521,59.05279784400326,15.431586168692103,62.24246035114472
lote-cultivo-03,2026-09-29T05:34:49.305Z,24.91,,,0
lote-cultivo-01,2026-09-29T05:34:26.013Z,75.85171830800348,71.42615021445256,56.39725915117568,47.51847797450858
lote-cultivo-03,2026-09-29T05:33:49.173Z,24.95,,,0
lote-cultivo-01,2026-09-29T05:33:11.471Z,32.655452503841076,63.59620160754742,31.904734861045423,65.9508161366876
lote-cultivo-03,2026-09-29T05:32:49.027Z,25.05,,,0
lote-cultivo-01,2026-09-29T05:31:56.948Z,14.18003668038956,67.60280221132304,59.25372420379862,1.3547705448050211
lote-cultivo-03,2026-09-29T05:31:48.882Z,25.09,,,0
lote-cultivo-03,2026-09-29T05:30:48.753Z,25.27,,,0
lote-cultivo-01,2026-09-29T05:30:42.414Z,56.84389294763091,64.13656811845708,50.4708640762385,58.15086181595131
lote-cultivo-03,2026-09-29T05:29:48.613Z,25.46,,,0
lote-cultivo-01,2026-09-29T05:29:27.892Z,68.06282315587082,36.59995396196086,66.94334693768562,61.64316918032953
lote-cultivo-03,2026-09-29T05:28:48.474Z,25.68,,,0
lote-cultivo-01,2026-09-29T05:28:13.365Z,41.809259118619046,20.584309578830975,64.9137333255954,48.59843660130651
lote-cultivo-03,2026-09-29T05:27:48.343Z,25.78,,,0
lote-cultivo-01,2026-09-29T05:26:58.826Z,59.079963463565534,33.06510674031329,32.915572449560486,87.48059895339436
lote-cultivo-03,2026-09-29T05:26:48.198Z,26,,,0
lote-cultivo-03,2026-09-29T05:25:48.068Z,26.2,,,0
lote-cultivo-01,2026-09-29T05:25:44.305Z,81.07588428834322,48.367568491105494,77.87350087576954,17.489360063114585
lote-cultivo-03,2026-09-29T05:24:47.917Z,22,,,0
lote-cultivo-01,2026-09-29T05:24:29.768Z,40.40018473176239,60.25374606411103,2.783819406307757,44.40867040642391
lote-cultivo-03,2026-09-29T05:23:47.782Z,22,,,0
lote-cultivo-01,2026-09-29T05:23:15.253Z,11.351542889495343,73.48969876411698,67.90217690212069,51.349727543851074
lote-cultivo-03,2026-09-29T05:22:47.636Z,22,,,0
lote-cultivo-01,2026-09-29T05:22:00.731Z,43.39914275539142,67.2702401034551,24.997177440730177,34.59328527833751
lote-cultivo-03,2026-09-29T05:21:47.491Z,22,,,0
lote-cultivo-03,2026-09-29T05:20:47.363Z,22,,,0
lote-cultivo-01,2026-09-29T05:20:46.201Z,51.38990080627245,43.165932789283346,60.23981685027259,81.63573733469602
lote-cultivo-03,2026-09-29T05:19:47.206Z,22,,,0
lote-cultivo-01,2026-09-29T05:19:31.674Z,22.165168352176774,37.092619874769504,53.14249839162966,38.43774170007643
lote-cultivo-03,2026-09-29T05:18:47.071Z,22,,,0
lote-cultivo-01,2026-09-29T05:18:17.152Z,40.09226671926947,45.61285560512572,64.61085487706659,55.93565753268065
lote-cultivo-03,2026-09-29T05:17:46.931Z,22,,,0
lote-cultivo-01,2026-09-29T05:17:02.628Z,74.72807385901157,38.79570576395365,64.0973782581845,53.452802858689566
lote-cultivo-03,2026-09-29T05:16:46.795Z,22,,,0
lote-cultivo-01,2026-09-29T05:15:48.11Z,48.1567859127802,36.345703003158384,36.62537200802912,32.66977182164037
lote-cultivo-03,2026-09-29T05:15:46.643Z,22,,,0
lote-cultivo-03,2026-09-29T05:14:46.509Z,22,,,0
lote-cultivo-01,2026-09-29T05:14:33.585Z,22.11210951331064,62.144689021421584,74.03479831822057,61.751711806905554
lote-cultivo-03,2026-09-29T05:13:46.371Z,22,,,0
lote-cultivo-01,2026-09-29T05:13:19.049Z,52.36495935288566,77.16546436392763,4.94221251922501,28.184397028755537
lote-cultivo-03,2026-09-29T05:12:46.238Z,22,,,0
lote-cultivo-01,2026-09-29T05:12:04.51Z,58.3920280297506,55.0049791955954,66.86083087938205,64.06207200972163
lote-cultivo-03,2026-09-29T05:11:46.09Z,22,,,0
lote-cultivo-01,2026-09-29T05:10:49.991Z,19.82451346403845,36.18716842867665,27.48085383881899,61.2869049096815
lote-cultivo-03,2026-09-29T05:10:45.93Z,22,,,0
lote-cultivo-03,2026-09-29T05:09:45.778Z,22,,,0
lote-cultivo-01,2026-09-29T05:09:35.464Z,26.607421086218913,42.48583718362397,54.35054567419159,48.09696448537573
lote-cultivo-03,2026-09-29T05:08:45.64Z,22,,,0
lote-cultivo-01,2026-09-29T05:08:20.941Z,62.992554837838874,45.51556508110218,61.13182575289494,69.07014480639927
lote-cultivo-03,2026-09-29T05:07:45.49Z,22,,,0
lote-cultivo-01,2026-09-29T05:07:06.406Z,46.93954927305849,42.77588321706157,58.30203034858981,9.937639833546555
lote-cultivo-03,2026-09-29T05:06:45.363Z,22,,,0
lote-cultivo-01,2026-09-29T05:05:51.871Z,28.450494070551972,54.09087495899728,64.84445843279948,51.05701693474245
lote-cultivo-03,2026-09-29T05:05:45.22Z,22,,,0
lote-cultivo-03,2026-09-29T05:04:45.079Z,22,,,0
lote-cultivo-01,2026-09-29T05:04:37.335Z,66.81711823208106,63.75913135136276,42.42888160286035,55.60886060978092
lote-cultivo-03,2026-09-29T05:03:44.927Z,22,,,0
lote-cultivo-01,2026-09-29T05:03:22.8Z,82.12791886064772,56.38311112900226,63.94771277494975,48.87656702272336
lote-cultivo-03,2026-09-29T05:02:44.798Z,22,,,0
lote-cultivo-01,2026-09-29T05:02:08.272Z,41.30543556267118,50.78863981847845,16.036528375268354,94.3764777976264
lote-cultivo-03,2026-09-29T05:01:44.663Z,22,,,0
lote-cultivo-01,2026-09-29T05:00:53.746Z,34.971192014101575,48.162401361829566,56.14065744808862,20.927735198549676
lote-cultivo-03,2026-09-29T05:00:44.537Z,22,,,0
lote-cultivo-03,2026-09-29T04:59:44.39Z,22,,,0
lote-cultivo-01,2026-09-29T04:59:39.223Z,62.90290431267723,33.58559574552757,39.15236317515245,40.951317086656175
lote-cultivo-03,2026-09-29T04:58:44.255Z,22,,,0
lote-cultivo-01,2026-09-29T04:58:24.703Z,44.294139825057535,30.88571766879042,39.71863978357767,46.67763365268337
lote-cultivo-03,2026-09-29T04:57:44.117Z,22,,,0
lote-cultivo-01,2026-09-29T04:57:10.178Z,22.74604130768669,58.27534997996262,78.5650469765802,27.853204085388185
lote-cultivo-03,2026-09-29T04:56:43.974Z,22,,,0
lote-cultivo-01,2026-09-29T04:55:55.643Z,64.83809164092861,74.931008286047,41.26381451086051,93.43891443431302
lote-cultivo-03,2026-09-29T04:55:43.834Z,22,,,0
lote-cultivo-03,2026-09-29T04:54:43.691Z,22,,,0
lote-cultivo-01,2026-09-29T04:54:41.107Z,93.70851349076035,58.07643193302881,77.0797888871844,43.56594150938026
lote-cultivo-03,2026-09-29T04:53:43.55Z,22,,,0
lote-cultivo-01,2026-09-29T04:53:26.576Z,61.303988561462255,46.87708720658901,37.47827595732608,49.212094844832336
lote-cultivo-03,2026-09-29T04:52:43.424Z,22,,,0
lote-cultivo-01,2026-09-29T04:52:12.042Z,51.992825621585794,52.96576120733094,62.73977595948429,53.859846811207255
lote-cultivo-03,2026-09-29T04:51:43.282Z,22,,,0
lote-cultivo-01,2026-09-29T04:50:57.504Z,75.72695676406607,42.2379808468379,19.906359285471453,20.513155669709004
lote-cultivo-03,2026-09-29T04:50:43.148Z,22,,,0
lote-cultivo-03,2026-09-29T04:49:43.017Z,22,,,0
lote-cultivo-01,2026-09-29T04:49:42.997Z,51.353979085759605,23.93025408998625,52.24330685839048,69.58645107070475
lote-cultivo-03,2026-09-29T04:48:42.885Z,22,,,0
lote-cultivo-01,2026-09-29T04:48:28.475Z,16.489154239986785,36.15860419393783,43.13921700232568,41.002174477747346
lote-cultivo-03,2026-09-29T04:47:42.744Z,22,,,0
lote-cultivo-01,2026-09-29T04:47:13.96Z,48.74678476090919,63.26443471006926,33.46747610117418,55.16896476539518
lote-cultivo-03,2026-09-29T04:46:42.607Z,22,,,0
lote-cultivo-01,2026-09-29T04:45:59.431Z,81.37837256924598,71.51068200746411,88.30026210903254,62.96661252085095
lote-cultivo-03,2026-09-29T04:45:42.467Z,22,,,0
lote-cultivo-01,2026-09-29T04:44:44.892Z,56.30003876630363,68.77320783331882,29.555598377309327,38.68411006899471
lote-cultivo-03,2026-09-29T04:44:42.335Z,22,,,0
lote-cultivo-03,2026-09-29T04:43:42.194Z,22,,,0
lote-cultivo-01,2026-09-29T04:43:30.378Z,51.129473329807105,61.69354960800219,87.0486628593201,67.89153818460395
lote-cultivo-03,2026-09-29T04:42:42.065Z,22,,,0
lote-cultivo-01,2026-09-29T04:42:15.864Z,81.92074071476125,39.330130165736485,32.446354639091446,25.680050620821675
lote-cultivo-03,2026-09-29T04:41:41.923Z,22,,,0
lote-cultivo-01,2026-09-29T04:41:01.35Z,62.90533884038088,21.68378852333696,63.21938156784014,46.54253958114502
lote-cultivo-03,2026-09-29T04:40:41.788Z,22,,,0
lote-cultivo-01,2026-09-29T04:39:46.823Z,20.186317820070972,31.80227115590477,21.346819659877823,53.04499768805675
lote-cultivo-03,2026-09-29T04:39:41.652Z,22,,,0
lote-cultivo-03,2026-09-29T04:38:41.511Z,22,,,0
lote-cultivo-01,2026-09-29T04:38:32.287Z,38.73269308047183,46.05817689406847,52.614730721320754,44.46615763681283
lote-cultivo-03,2026-09-29T04:37:41.381Z,22,,,0
lote-cultivo-01,2026-09-29T04:37:17.736Z,64.90816172493172,49.981495470168475,39.499186574574864,90.8783403677228
lote-cultivo-03,2026-09-29T04:36:41.246Z,22,,,0
lote-cultivo-01,2026-09-29T04:36:03.21Z,36.507329727046454,68.26314850868405,38.636148707648594,31.265662079031348
lote-cultivo-03,2026-09-29T04:35:41.11Z,22,,,0
lote-cultivo-01,2026-09-29T04:34:48.682Z,28.70444303931577,89.1870302180572,83.87120030846899,43.32457464079232
lote-cultivo-03,2026-09-29T04:34:40.958Z,22,,,0
lote-cultivo-03,2026-09-29T04:33:40.844Z,22,,,0
lote-cultivo-01,2026-09-29T04:33:34.167Z,67.44625566366163,69.2751594240376,32.58067163489217,42.24793487449528
lote-cultivo-03,2026-09-29T04:32:40.701Z,22,,,0
lote-cultivo-01,2026-09-29T04:32:19.637Z,63.52990313743309,27.91532120543761,83.17517765536188,20.94620955531133
lote-cultivo-03,2026-09-29T04:31:40.559Z,22,,,0
lote-cultivo-01,2026-09-29T04:31:05.121Z,26.93952056555771,18.16184275022183,40.13609750166893,94.7564795391969
lote-cultivo-03,2026-09-29T04:30:40.438Z,22,,,0
lote-cultivo-01,2026-09-29T04:29:50.595Z,43.0518359770293,31.088972718072267,51.06475680803712,49.08224993204149
lote-cultivo-03,2026-09-29T04:29:40.283Z,22,,,0
lote-cultivo-03,2026-09-29T04:28:40.147Z,22,,,0
lote-cultivo-01,2026-09-29T04:28:36.066Z,66.88457017001636,36.81142706822031,35.25411150576773,53.05511762352653
lote-cultivo-03,2026-09-29T04:27:40.004Z,22,,,0
lote-cultivo-01,2026-09-29T04:27:21.552Z,31.52695888183282,50.99403784107973,41.464666834688025,54.86022581548048
lote-cultivo-03,2026-09-29T04:26:39.85Z,22,,,0
lote-cultivo-01,2026-09-29T04:26:07.034Z,11.327413218293662,78.79518638627547,44.98821014913027,6.67342979501688
lote-cultivo-03,2026-09-29T04:25:39.712Z,22,,,0
lote-cultivo-01,2026-09-29T04:24:52.508Z,46.91328454673957,85.65087205466301,38.385290997103205,71.61826653000078
lote-cultivo-03,2026-09-29T04:24:39.585Z,22,,,0
lote-cultivo-03,2026-09-29T04:23:39.449Z,22,,,0
lote-cultivo-01,2026-09-29T04:23:37.981Z,52.59557205727532,65.75911544220965,81.13695605965364,49.070108387022934
lote-cultivo-03,2026-09-29T04:22:39.305Z,22,,,0
lote-cultivo-01,2026-09-29T04:22:23.45Z,25.369368314452466,44.416814342378274,36.22842292653726,54.76628016690197
lote-cultivo-03,2026-09-29T04:21:39.177Z,22,,,0
lote-cultivo-01,2026-09-29T04:21:08.929Z,48.782623590844054,23.70107309749717,77.98234704011672,70.83154314930687
lote-cultivo-03,2026-09-29T04:20:39.037Z,22,,,0
lote-cultivo-01,2026-09-29T04:19:54.4Z,82.62643544335262,8.704832009922672,49.439049373239754,24.652322987733523
lote-cultivo-03,2026-09-29T04:19:38.897Z,22,,,0
lote-cultivo-01,2026-09-29T04:18:39.863Z,50.469503711709365,27.48195446945792,36.29874507309946,62.18102974630698
lote-cultivo-03,2026-09-29T04:18:38.774Z,22.14,,,0
lote-cultivo-03,2026-09-29T04:17:38.631Z,22.37,,,0
lote-cultivo-01,2026-09-29T04:17:25.345Z,20.029007224981505,66.92471441402445,54.038432110378686,38.19422545395103
lote-cultivo-03,2026-09-29T04:16:38.495Z,22.47,,,0
lote-cultivo-01,2026-09-29T04:16:10.82Z,45.32019712464203,80.1068188640759,23.00688020626737,44.41817184448102
lote-cultivo-03,2026-09-29T04:15:38.359Z,22.56,,,0
lote-cultivo-01,2026-09-29T04:14:56.3Z,48.583213376463505,71.90284236965218,58.99590030107687,60.76134155838735
lote-cultivo-03,2026-09-29T04:14:38.221Z,22.7,,,0
lote-cultivo-01,2026-09-29T04:13:41.773Z,19.576559902535077,72.21038883324908,29.87834481849323,38.1570055278981
lote-cultivo-03,2026-09-29T04:13:38.087Z,22.82,,,0
lote-cultivo-03,2026-09-29T04:12:37.942Z,22.98,,,0
lote-cultivo-01,2026-09-29T04:12:27.25Z,44.08338274589843,60.13032362578448,85.95881443953358,78.53980131048644
lote-cultivo-03,2026-09-29T04:11:37.808Z,23.01,,,0
lote-cultivo-01,2026-09-29T04:11:12.721Z,89.96894774554858,20.78545458939611,32.23001270827776,41.61618210152878
lote-cultivo-03,2026-09-29T04:10:37.678Z,23.23,,,0
lote-cultivo-01,2026-09-29T04:09:58.195Z,70.63668934707685,1.9908690698236389,81.96252593531439,45.57007913990751
lote-cultivo-03,2026-09-29T04:09:37.541Z,23.36,,,0
lote-cultivo-01,2026-09-29T04:08:43.673Z,41.41387109213666,28.825186444294214,47.398386843167714,45.17981114921656
lote-cultivo-03,2026-09-29T04:08:37.387Z,23.47,,,0
lote-cultivo-03,2026-09-29T04:07:37.25Z,23.7,,,0
lote-cultivo-01,2026-09-29T04:07:29.151Z,62.9606781567999,60.079896308199274,34.277140756867055,19.10489759359034
lote-cultivo-03,2026-09-29T04:06:37.116Z,23.92,,,0
lote-cultivo-01,2026-09-29T04:06:14.615Z,62.840953240866014,72.95716265807835,60.38433146937601,84.6927399279778
lote-cultivo-03,2026-09-29T04:05:36.974Z,23.93,,,0
lote-cultivo-01,2026-09-29T04:05:00.091Z,23.5621868027218,81.87840234119228,15.282971862662864,52.087144531951346
lote-cultivo-03,2026-09-29T04:04:36.823Z,23.93,,,0
lote-cultivo-01,2026-09-29T04:03:45.547Z,35.53888365169955,77.44568895933793,63.95765508069172,59.5440792675406
lote-cultivo-03,2026-09-29T04:03:36.688Z,23.96,,,0
lote-cultivo-03,2026-09-29T04:02:36.56Z,23.98,,,0
lote-cultivo-01,2026-09-29T04:02:31.02Z,81.1001723354919,49.09769859021692,29.68256847790915,58.65821485412342
lote-cultivo-03,2026-09-29T04:01:36.418Z,24.22,,,0
lote-cultivo-01,2026-09-29T04:01:16.497Z,69.90622136646407,25.411185338426336,82.79773740442239,0.7794974622187284
lote-cultivo-03,2026-09-29T04:00:36.278Z,24.46,,,0
lote-cultivo-01,2026-09-29T04:00:01.961Z,45.65862922392875,21.795193928072553,35.199160487135174,66.71372634561273
lote-cultivo-03,2026-09-29T03:59:36.122Z,24.58,,,0
lote-cultivo-01,2026-09-29T03:58:47.42Z,72.78995679024133,22.75323441839702,81.75168761356184,48.73105235505828
lote-cultivo-03,2026-09-29T03:58:35.992Z,24.68,,,0
lote-cultivo-03,2026-09-29T03:57:35.864Z,24.82,,,0
lote-cultivo-01,2026-09-29T03:57:32.891Z,80.1843792269934,37.44673396697503,45.12467199704476,58.647415222691635
lote-cultivo-03,2026-09-29T03:56:35.727Z,24.99,,,0
lote-cultivo-01,2026-09-29T03:56:18.367Z,37.485462830580495,75.59465466211515,36.68911160090757,82.22208883427565
lote-cultivo-03,2026-09-29T03:55:35.588Z,25.12,,,0
lote-cultivo-01,2026-09-29T03:55:03.838Z,35.03479557324309,94.81653214539514,59.32779662692161,15.31878824864842
lote-cultivo-03,2026-09-29T03:54:35.453Z,25.31,,,0
lote-cultivo-01,2026-09-29T03:53:49.307Z,70.48775728947862,69.13637995371865,16.355401020651843,55.49218846016941
lote-cultivo-03,2026-09-29T03:53:35.316Z,25.37,,,0
lote-cultivo-03,2026-09-29T03:52:35.184Z,25.62,,,0
lote-cultivo-01,2026-09-29T03:52:34.779Z,55.28770187421696,42.00051153092661,59.51464668994035,40.59582648853578
lote-cultivo-03,2026-09-29T03:51:35.05Z,25.65,,,0
lote-cultivo-01,2026-09-29T03:51:20.255Z,26.822266426692877,38.71527223145341,40.05472631845547,41.744782504597715
lote-cultivo-03,2026-09-29T03:50:34.913Z,25.76,,,0
lote-cultivo-01,2026-09-29T03:50:05.712Z,56.97681007143325,29.790948489110026,67.17805888142261,76.52523960651705
lote-cultivo-03,2026-09-29T03:49:34.779Z,25.77,,,0
lote-cultivo-01,2026-09-29T03:48:51.191Z,78.06111342291632,17.79751895658912,52.271341638823934,34.63809769952889
lote-cultivo-03,2026-09-29T03:48:34.631Z,25.81,,,0
lote-cultivo-01,2026-09-29T03:47:36.67Z,44.60029204106202,37.90080763564296,67.321170195528,65.66891035114139
lote-cultivo-03,2026-09-29T03:47:34.488Z,26,,,0
lote-cultivo-03,2026-09-29T03:46:34.353Z,26.12,,,0
lote-cultivo-01,2026-09-29T03:46:22.157Z,39.90724021975027,72.72099433641378,55.36141931961842,46.16693713804718
lote-cultivo-03,2026-09-29T03:45:34.214Z,26.36,,,0
lote-cultivo-01,2026-09-29T03:45:07.622Z,71.31971921788983,80.74109859110123,29.46130632405561,40.862173571887816
lote-cultivo-03,2026-09-29T03:44:34.046Z,26.59,,,0
lote-cultivo-01,2026-09-29T03:43:53.094Z,50.6736765291351,69.32247881635023,65.68219640599466,56.20509344924485
lote-cultivo-03,2026-09-29T03:43:33.914Z,26.64,,,0
lote-cultivo-01,2026-09-29T03:42:38.564Z,9.82290805919913,56.4540497841539,10.81753377756528,24.372895293411613
lote-cultivo-03,2026-09-29T03:42:33.774Z,26.88,,,0
lote-cultivo-03,2026-09-29T03:41:33.634Z,27.09,,,0
lote-cultivo-01,2026-09-29T03:41:24.043Z,31.623237409495548,35.607172059309676,61.715161340773115,70.94869732769226
lote-cultivo-03,2026-09-29T03:40:33.514Z,27.1,,,0
lote-cultivo-01,2026-09-29T03:40:09.513Z,58.76154018136738,20.786677848360075,44.1212094633869,52.87667094732109
lote-cultivo-03,2026-09-29T03:39:33.375Z,27.34,,,0
lote-cultivo-01,2026-09-29T03:38:54.988Z,35.50835767699805,33.835970724842824,56.08689823686024,58.93413172784836
lote-cultivo-03,2026-09-29T03:38:33.234Z,27.43,,,0
lote-cultivo-01,2026-09-29T03:37:40.461Z,37.236608951917674,51.959833260721034,67.4560616582885,64.03147505459432
lote-cultivo-03,2026-09-29T03:37:33.093Z,27.56,,,0
lote-cultivo-03,2026-09-29T03:36:32.953Z,27.57,,,0
lote-cultivo-01,2026-09-29T03:36:25.936Z,77.27470207445855,54.15664537608016,52.49932335445442,6.992398438170929
lote-cultivo-03,2026-09-29T03:35:32.809Z,27.81,,,0
lote-cultivo-01,2026-09-29T03:35:11.411Z,63.36013819783915,63.489415548597826,66.91326475393335,58.982333961905255
lote-cultivo-03,2026-09-29T03:34:32.671Z,28.02,,,0
lote-cultivo-01,2026-09-29T03:33:56.887Z,16.13389087241965,78.56354835730683,21.055814607453556,43.39594331295913
lote-cultivo-03,2026-09-29T03:33:32.536Z,28.11,,,0
lote-cultivo-01,2026-09-29T03:32:42.366Z,26.02678471669176,61.38920234236497,73.39715786476336,59.51352127787482
lote-cultivo-03,2026-09-29T03:32:32.409Z,28.36,,,0
lote-cultivo-03,2026-09-29T03:31:32.273Z,28.38,,,0
lote-cultivo-01,2026-09-29T03:31:27.829Z,49.015431834435915,26.86024980974403,2.316511428532112,90.42625739912592
lote-cultivo-03,2026-09-29T03:30:32.135Z,28.54,,,0
lote-cultivo-01,2026-09-29T03:30:13.292Z,25.12134051749286,25.918815478782765,69.94159020731472,16.642188189994727
lote-cultivo-03,2026-09-29T03:29:31.983Z,28.69,,,0
lote-cultivo-01,2026-09-29T03:28:58.761Z,26.21487288112184,47.234165150103976,38.92594378349941,52.60158204078075
lote-cultivo-03,2026-09-29T03:28:31.847Z,28.7,,,0
lote-cultivo-01,2026-09-29T03:27:44.244Z,75.18826469887186,51.30627773462738,56.2147604581184,34.83918362528425
lote-cultivo-03,2026-09-29T03:27:31.706Z,28.89,,,0
lote-cultivo-03,2026-09-29T03:26:31.565Z,28.92,,,0
lote-cultivo-01,2026-09-29T03:26:29.714Z,76.6660108696599,51.30765914040146,70.99093575475258,36.03922169685681
lote-cultivo-03,2026-09-29T03:25:31.428Z,29.04,,,0
lote-cultivo-01,2026-09-29T03:25:15.186Z,35.635138989898124,64.50907560121819,49.15890058933786,90.661284552706
lote-cultivo-03,2026-09-29T03:24:31.291Z,29.21,,,0
lote-cultivo-01,2026-09-29T03:24:00.659Z,42.990829904853214,65.49810729560856,66.50825285450648,36.19145459590967
lote-cultivo-03,2026-09-29T03:23:31.148Z,29.36,,,0
lote-cultivo-01,2026-09-29T03:22:46.131Z,63.90350942956682,48.36967500069697,25.874205712717146,60.782278911038546
lote-cultivo-03,2026-09-29T03:22:31.008Z,29.56,,,0
lote-cultivo-01,2026-09-29T03:21:31.612Z,33.51814239147421,39.931672924420965,66.77709382013505,45.58535917001421
lote-cultivo-03,2026-09-29T03:21:30.872Z,29.72,,,0
lote-cultivo-03,2026-09-29T03:20:30.738Z,29.92,,,0
lote-cultivo-01,2026-09-29T03:20:17.08Z,22.0632370715622,39.8198256291809,7.623564927897701,28.13448678230925
lote-cultivo-03,2026-09-29T03:19:30.592Z,30.11,,,0
lote-cultivo-01,2026-09-29T03:19:02.553Z,66.68593978444267,37.701908022094074,66.94881707865372,68.19461886248139
lote-cultivo-03,2026-09-29T03:18:30.45Z,30.11,,,0
lote-cultivo-01,2026-09-29T03:17:48.011Z,76.21043983553875,50.200171653137005,41.21740630409194,33.244697898078826
lote-cultivo-03,2026-09-29T03:17:30.305Z,30.12,,,0
lote-cultivo-01,2026-09-29T03:16:33.482Z,42.878980124420025,70.80240854255788,52.496050948213046,62.83273821786034
lote-cultivo-03,2026-09-29T03:16:30.17Z,30.34,,,0
lote-cultivo-03,2026-09-29T03:15:30.035Z,30.51,,,0
lote-cultivo-01,2026-09-29T03:15:18.94Z,55.575415417662136,63.475541834612294,76.15526392182042,55.058356356797574
lote-cultivo-03,2026-09-29T03:14:29.889Z,30.6,,,0
lote-cultivo-01,2026-09-29T03:14:04.411Z,84.87465670008305,40.43335809344511,45.575216309628985,47.478963097880566
lote-cultivo-03,2026-09-29T03:13:29.762Z,30.66,,,0
lote-cultivo-01,2026-09-29T03:12:49.891Z,56.244557261989115,42.03823780369022,64.61928819851835,67.16255970631964
lote-cultivo-03,2026-09-29T03:12:29.615Z,30.89,,,0
lote-cultivo-01,2026-09-29T03:11:35.374Z,32.57376601870074,51.64589875045063,34.9388852853665,20.362746555024938
lote-cultivo-03,2026-09-29T03:11:29.483Z,30.91,,,0
lote-cultivo-03,2026-09-29T03:10:29.346Z,31.14,,,0
lote-cultivo-01,2026-09-29T03:10:20.844Z,64.25077329175785,40.06211738693024,52.45374478615464,53.48327282031489
lote-cultivo-03,2026-09-29T03:09:29.197Z,31.29,,,0
lote-cultivo-01,2026-09-29T03:09:06.323Z,68.80468015886336,37.02101983297331,23.27337546664586,42.057614480239366
lote-cultivo-03,2026-09-29T03:08:29.061Z,31.34,,,0
lote-cultivo-01,2026-09-29T03:07:51.801Z,31.648611205140913,62.029286830626695,52.80965095086033,53.58230837985908
lote-cultivo-03,2026-09-29T03:07:28.931Z,31.37,,,0
lote-cultivo-01,2026-09-29T03:06:37.281Z,43.89338662370263,74.3130722864241,53.6958645460015,89.77113267767935
lote-cultivo-03,2026-09-29T03:06:28.785Z,31.56,,,0
lote-cultivo-03,2026-09-29T03:05:28.646Z,31.59,,,0
lote-cultivo-01,2026-09-29T03:05:22.762Z,84.00533682863701,56.43087564453258,39.66621440361085,26.382345737886155
lote-cultivo-03,2026-09-29T03:04:28.514Z,31.84,,,0
lote-cultivo-01,2026-09-29T03:04:08.235Z,67.32653604289379,41.63051654666412,90.05646714476984,53.824462146494824
lote-cultivo-03,2026-09-29T03:03:28.362Z,31.9,,,0
lote-cultivo-01,2026-09-29T03:02:53.693Z,43.609712536013085,38.57400714761788,32.345442676367284,29.8465072503342
lote-cultivo-03,2026-09-29T03:02:28.223Z,32.14,,,0
lote-cultivo-01,2026-09-29T03:01:39.177Z,69.67509028716783,33.40682940408159,73.54068445852529,28.90199395197849
lote-cultivo-03,2026-09-29T03:01:28.076Z,32.27,,,0
lote-cultivo-03,2026-09-29T03:00:27.932Z,32.39,,,0
lote-cultivo-01,2026-09-29T03:00:24.649Z,69.19358303960907,39.43918846211697,33.3432694043894,94.21949348019729
lote-cultivo-03,2026-09-29T02:59:27.797Z,32.5,,,0
lote-cultivo-01,2026-09-29T02:59:10.122Z,21.098795203822743,60.07592152787208,47.400166808811136,40.70496947867446
lote-cultivo-03,2026-09-29T02:58:27.672Z,32.5,,,0
lote-cultivo-01,2026-09-29T02:57:55.599Z,21.05985856698653,67.03589974353517,31.54551793403185,65.25602816762071
lote-cultivo-03,2026-09-29T02:57:27.533Z,32.62,,,0
lote-cultivo-01,2026-09-29T02:56:41.08Z,61.76380014414502,60.61046972391499,45.022336828197815,44.66618779742869
lote-cultivo-03,2026-09-29T02:56:27.396Z,32.67,,,0
lote-cultivo-03,2026-09-29T02:55:27.237Z,32.89,,,0
lote-cultivo-01,2026-09-29T02:55:26.558Z,54.593750460046245,62.59280269919885,59.529121050129895,13.567226044566944
lote-cultivo-03,2026-09-29T02:54:27.097Z,32.91,,,0
lote-cultivo-01,2026-09-29T02:54:12.039Z,37.188790835228865,54.95533823157909,34.07250469222073,73.7369619153982
lote-cultivo-03,2026-09-29T02:53:26.959Z,32.91,,,0
lote-cultivo-01,2026-09-29T02:52:57.508Z,69.42740148026829,24.38719545664724,97.35181008153025,38.77571305240189
lote-cultivo-03,2026-09-29T02:52:26.839Z,32.99,,,0
lote-cultivo-01,2026-09-29T02:51:42.987Z,76.78086707909995,14.580818132280193,23.357989773728413,63.95743180859347
lote-cultivo-03,2026-09-29T02:51:26.7Z,33.06,,,0
lote-cultivo-01,2026-09-29T02:50:28.448Z,26.40183342734784,45.36573008346513,81.690113099049,62.07508123943393
lote-cultivo-03,2026-09-29T02:50:26.548Z,33.19,,,0
lote-cultivo-03,2026-09-29T02:49:26.424Z,33.26,,,0
lote-cultivo-01,2026-09-29T02:49:13.92Z,13.83138641030098,69.2672427933197,29.29944372446483,30.74447386618236
lote-cultivo-03,2026-09-29T02:48:26.28Z,33.38,,,0
lote-cultivo-01,2026-09-29T02:47:59.397Z,46.823174580725414,66.13759593793951,46.79875792353744,66.17639864236692
lote-cultivo-03,2026-09-29T02:47:26.147Z,33.59,,,0
lote-cultivo-01,2026-09-29T02:46:44.876Z,38.44381822793562,67.24614794209032,34.188636479116845,30.749679322835338
lote-cultivo-03,2026-09-29T02:46:26.007Z,33.81,,,0
lote-cultivo-01,2026-09-29T02:45:30.369Z,19.39977065532246,69.670967550042,44.30912050178576,51.39275918089354
lote-cultivo-03,2026-09-29T02:45:25.866Z,33.95,,,0
lote-cultivo-03,2026-09-29T02:44:25.723Z,34.12,,,0
lote-cultivo-01,2026-09-29T02:44:15.84Z,56.324445901809405,46.686188977003866,55.686610679926176,50.55216050520141
lote-cultivo-03,2026-09-29T02:43:25.587Z,34.27,,,0
lote-cultivo-01,2026-09-29T02:43:01.33Z,78.67002447467098,20.068066011560404,41.335320535307865,43.588506287526165
lote-cultivo-03,2026-09-29T02:42:25.439Z,34.52,,,0
lote-cultivo-01,2026-09-29T02:41:46.807Z,39.17213799165013,20.79255639992916,89.30205483753969,81.20499272813528
lote-cultivo-03,2026-09-29T02:41:25.304Z,34.75,,,0
lote-cultivo-01,2026-09-29T02:40:32.294Z,26.322526715145045,35.78698076031058,30.2018879602275,36.68134654947204
lote-cultivo-03,2026-09-29T02:40:25.169Z,34.79,,,0
lote-cultivo-03,2026-09-29T02:39:25.027Z,34.92,,,0
lote-cultivo-01,2026-09-29T02:39:17.753Z,57.15619550393105,53.974853740044935,75.51748373730761,55.08857427987272
lote-cultivo-03,2026-09-29T02:38:24.89Z,31.18,,,0
lote-cultivo-01,2026-09-29T02:38:03.235Z,45.14347725160657,79.6836526329774,37.448168387808174,33.531388842202794
lote-cultivo-01,2026-09-29T02:36:48.709Z,15.027317031819823,88.0367970366421,35.70002450055231,24.503391355502863
lote-cultivo-01,2026-09-29T02:35:34.19Z,43.96272711620035,61.24985953880797,46.66119346846831,85.89180341888904
lote-cultivo-01,2026-09-29T02:34:19.661Z,72.19226755691211,35.25602563477567,34.62336246593218,44.46247678689762
lote-cultivo-01,2026-09-29T02:33:05.141Z,42.95338895418909,32.015762370448165,58.83829615382863,72.20246105595763
lote-cultivo-01,2026-09-29T02:31:50.612Z,36.7926883409586,24.84279825209465,45.017855307595354,47.69081499544556
lote-cultivo-01,2026-09-29T02:30:36.082Z,76.18928439292036,18.179765773753655,81.21842934930386,6.11478634497123
lote-cultivo-01,2026-09-29T02:29:21.553Z,70.59693490125717,47.74733959639297,39.52976349890819,70.51371948835839
lote-cultivo-01,2026-09-29T02:28:07.033Z,33.11166494558015,89.30596943989751,66.0843861761028,37.39707673662262
lote-cultivo-01,2026-09-29T02:26:52.512Z,48.21170273772864,89.92919664858256,48.68482211060089,69.94903694468753
lote-cultivo-01,2026-09-29T02:25:37.994Z,70.00299348003502,62.75324623971068,21.074098367930276,72.51779739335917
lote-cultivo-01,2026-09-29T02:24:23.455Z,38.31930089191558,44.92938773456582,64.23954271950177,18.781277099653305
lote-cultivo-01,2026-09-29T02:23:08.925Z,30.07778534176345,29.35069330225965,17.533277124946476,62.96600767906537
lote-cultivo-01,2026-09-29T02:21:54.397Z,76.9232039379318,13.694741485268896,71.13363666880474,31.070305929302755
lote-cultivo-01,2026-09-29T02:20:39.872Z,85.12004679200854,23.871807183502604,39.28519049099192,50.381924972473136
lote-cultivo-01,2026-09-29T02:19:25.351Z,51.81410745023008,53.1614286678899,81.93775348227634,67.07723137237095
lote-cultivo-01,2026-09-29T02:18:10.825Z,61.63455163372635,72.06942235150389,40.3087321334717,35.45745538426911
lote-cultivo-01,2026-09-29T02:16:56.302Z,78.53649058283638,82.48786719909756,66.1560936115006,71.96801500086055
lote-cultivo-01,2026-09-29T02:15:41.766Z,38.43275618550156,84.26388561487596,48.35100336575639,40.464534260643504
lote-cultivo-01,2026-09-29T02:14:27.238Z,16.376863588945703,54.86193375588423,19.4329566535651,50.47632242380168
lote-cultivo-01,2026-09-29T02:13:12.695Z,58.06159846321988,14.38226828119895,68.9775453761943,46.822292292927216
lote-cultivo-03,2026-09-29T02:13:04.477Z,31.37,,,0
lote-cultivo-03,2026-09-29T02:12:04.338Z,31.45,,,0
lote-cultivo-01,2026-09-29T02:11:58.188Z,73.602105882698,12.29706842762067,11.335280662185422,25.24978383770144
lote-cultivo-03,2026-09-29T02:11:04.196Z,31.63,,,0
lote-cultivo-01,2026-09-29T02:10:43.666Z,47.17433321182746,36.98082376000796,75.12365826397892,73.70625112601844
lote-cultivo-03,2026-09-29T02:10:04.056Z,31.81,,,0
lote-cultivo-01,2026-09-29T02:09:29.137Z,61.1695261364157,47.53100726471903,39.88399402722972,46.10148700435469
lote-cultivo-03,2026-09-29T02:09:03.914Z,31.83,,,0
lote-cultivo-01,2026-09-29T02:08:14.61Z,85.4263692014542,57.88278591042951,77.45669117044746,71.26092577086837
lote-cultivo-03,2026-09-29T02:08:03.778Z,31.99,,,0
lote-cultivo-03,2026-09-29T02:07:03.654Z,32.2,,,0
lote-cultivo-01,2026-09-29T02:07:00.083Z,46.91365100252021,84.41479377445951,45.07344007326059,54.859811099048216
lote-cultivo-03,2026-09-29T02:06:03.514Z,32.43,,,0
lote-cultivo-01,2026-09-29T02:05:45.541Z,13.45011288312829,88.17739646742669,64.83508892883707,9.645443210847771
lote-cultivo-03,2026-09-29T02:05:03.361Z,32.43,,,0
lote-cultivo-01,2026-09-29T02:04:31.013Z,43.35946589671862,53.286142369444136,45.378563841758094,62.80309330173122
lote-cultivo-03,2026-09-29T02:04:03.236Z,32.56,,,0
lote-cultivo-01,2026-09-29T02:03:16.475Z,55.4812428213585,23.855834174130862,24.856360071698468,32.629957517610045
lote-cultivo-03,2026-09-29T02:03:03.083Z,32.58,,,0
lote-cultivo-03,2026-09-29T02:02:02.943Z,32.6,,,0
lote-cultivo-01,2026-09-29T02:02:01.932Z,26.592057866633834,20.643441869664382,63.59201799387304,71.98222816926189
lote-cultivo-03,2026-09-29T02:01:02.807Z,32.72,,,0
lote-cultivo-01,2026-09-29T02:00:47.415Z,40.88916779014713,25.80766119476817,16.434981716309867,81.36730109196047
lote-cultivo-03,2026-09-29T02:00:02.669Z,32.89,,,0
lote-cultivo-01,2026-09-29T01:59:32.875Z,76.9632622924594,41.71200277551788,68.07786378170843,18.02021886300792
lote-cultivo-03,2026-09-29T01:59:02.537Z,33.06,,,0
lote-cultivo-01,2026-09-29T01:58:18.333Z,52.26300930673046,69.64896272642714,51.68102091401169,60.64270946426697
lote-cultivo-03,2026-09-29T01:58:02.386Z,33.28,,,0
lote-cultivo-01,2026-09-29T01:57:03.815Z,21.055526036655888,79.72921980674441,60.96485848420441,23.689005873195363
lote-cultivo-03,2026-09-29T01:57:02.245Z,33.41,,,0
lote-cultivo-03,2026-09-29T01:56:02.105Z,33.49,,,0
lote-cultivo-01,2026-09-29T01:55:49.286Z,47.841987622152395,67.02291743537145,62.90209891692449,46.96439357966536
lote-cultivo-03,2026-09-29T01:55:01.982Z,29.23,,,0
lote-cultivo-01,2026-09-29T01:54:34.76Z,57.404011722971546,58.32653650175853,50.2605707543813,82.55756671639148
lote-cultivo-03,2026-09-29T01:54:01.843Z,29.47,,,0
lote-cultivo-01,2026-09-29T01:53:20.241Z,19.658987592310304,47.1867177742053,53.96652480946123,33.72970544287539
lote-cultivo-03,2026-09-29T01:53:01.692Z,29.52,,,0
lote-cultivo-01,2026-09-29T01:52:05.705Z,23.068759490287995,20.211608654908055,21.55343157500305,69.39180174652493
lote-cultivo-03,2026-09-29T01:52:01.566Z,29.61,,,0
lote-cultivo-03,2026-09-29T01:51:01.429Z,29.74,,,0
lote-cultivo-01,2026-09-29T01:50:51.188Z,61.04369656745856,14.257928323379192,64.24186821586332,37.45783762932679
lote-cultivo-03,2026-09-29T01:50:01.299Z,29.95,,,0
lote-cultivo-01,2026-09-29T01:49:36.66Z,47.72487246739519,48.63092482864205,16.754975046249612,38.68387245319353
lote-cultivo-03,2026-09-29T01:49:01.143Z,30.07,,,0
lote-cultivo-01,2026-09-29T01:48:22.137Z,24.903619482036195,74.54066757491688,65.66474763686634,62.17792895466021
lote-cultivo-03,2026-09-29T01:48:01.009Z,30.25,,,0
lote-cultivo-01,2026-09-29T01:47:07.611Z,59.51495455232888,66.53413187330895,58.46435765371885,29.688876327795
lote-cultivo-03,2026-09-29T01:47:00.879Z,30.34,,,0
lote-cultivo-03,2026-09-29T01:46:00.752Z,30.35,,,0
lote-cultivo-01,2026-09-29T01:45:53.077Z,78.05243686676513,60.09923043162938,48.43234142343567,67.60750704774945
lote-cultivo-03,2026-09-29T01:45:00.616Z,30.44,,,0
lote-cultivo-01,2026-09-29T01:44:38.536Z,38.49142451085037,62.42768284180379,79.16926763467907,47.47137298438987
lote-cultivo-03,2026-09-29T01:44:00.48Z,30.55,,,0
lote-cultivo-01,2026-09-29T01:43:24.008Z,28.945791280770766,45.7737997248603,34.59515332710402,58.80448135807943
lote-cultivo-03,2026-09-29T01:43:00.314Z,30.75,,,0
lote-cultivo-01,2026-09-29T01:42:09.465Z,58.63561728474077,25.097156033175988,65.25344170819892,62.0789266628944
lote-cultivo-03,2026-09-29T01:42:00.174Z,30.93,,,0
lote-cultivo-03,2026-09-29T01:41:00.03Z,31.14,,,0
lote-cultivo-01,2026-09-29T01:40:54.953Z,44.112637082789554,30.988452947521633,15.245484237378646,19.800378990553433
lote-cultivo-03,2026-09-29T01:39:59.891Z,31.28,,,0
lote-cultivo-01,2026-09-29T01:39:40.431Z,19.854902504111173,47.86204468214873,68.06172544450445,57.22061835033085
lote-cultivo-03,2026-09-29T01:38:59.755Z,31.39,,,0
lote-cultivo-01,2026-09-29T01:38:25.908Z,58.887409166614155,57.33231451621581,12.617924334828835,31.428638285068335
lote-cultivo-03,2026-09-29T01:37:59.613Z,31.57,,,0
lote-cultivo-01,2026-09-29T01:37:11.378Z,91.5458042803248,68.16274133112856,70.65244355242417,65.2298121452768
lote-cultivo-03,2026-09-29T01:36:59.483Z,31.65,,,0
lote-cultivo-03,2026-09-29T01:35:59.345Z,31.79,,,0
lote-cultivo-01,2026-09-29T01:35:56.834Z,61.17970515919219,69.50451733377778,54.590044674751695,83.53718133548922
lote-cultivo-03,2026-09-29T01:34:59.195Z,32.03,,,0
lote-cultivo-01,2026-09-29T01:34:42.302Z,48.66941532575319,47.22263944664215,48.96363177480426,26.49467911564599
lote-cultivo-03,2026-09-29T01:33:59.052Z,32.14,,,0
lote-cultivo-01,2026-09-29T01:33:27.766Z,73.39234794381134,32.173584715871534,81.86194168291883,61.340179094229384
lote-cultivo-03,2026-09-29T01:32:58.92Z,32.27,,,0
lote-cultivo-01,2026-09-29T01:32:13.227Z,53.46694362720905,44.01996591257761,31.76820881999154,17.73377982459522
lote-cultivo-03,2026-09-29T01:31:58.781Z,32.43,,,0
lote-cultivo-01,2026-09-28T05:28:34.771Z,45.86408270406757,67.65540584732345,63.760847681146885,48.13309459449094
lote-cultivo-03,2026-09-28T05:27:42.584Z,22,,,0
lote-cultivo-01,2026-09-28T05:27:20.264Z,24.16930705833889,72.97373116447983,64.5942115203434,23.794101780760258
lote-cultivo-03,2026-09-28T05:26:42.449Z,22.22,,,0
lote-cultivo-01,2026-09-28T05:26:05.737Z,59.97471788996237,67.87513959308534,44.25931674499742,75.0736088115695
lote-cultivo-03,2026-09-28T05:25:42.3Z,22.35,,,0
lote-cultivo-01,2026-09-28T05:24:51.218Z,64.53035565659378,58.29151811126294,81.31707256900611,39.586493554214506
lote-cultivo-03,2026-09-28T05:24:42.175Z,22.35,,,0
lote-cultivo-03,2026-09-28T05:23:42.041Z,22.57,,,0
lote-cultivo-01,2026-09-28T05:23:36.697Z,35.86506679559224,34.804191896105685,20.962744405285097,58.62919650078132
lote-cultivo-03,2026-09-28T05:22:41.901Z,22.77,,,0
lote-cultivo-01,2026-09-28T05:22:22.178Z,57.45718791783777,21.448684173252097,56.41234250990903,59.68319404136264
lote-cultivo-03,2026-09-28T05:21:41.777Z,22.98,,,0
lote-cultivo-01,2026-09-28T05:21:07.649Z,89.43157838658358,40.26203895573858,34.16698003144751,37.3484336458638
lote-cultivo-03,2026-09-28T05:20:41.639Z,23.22,,,0
lote-cultivo-01,2026-09-28T05:19:53.138Z,60.25669417472284,58.0442826171535,37.1408759701725,64.30220127643956
lote-cultivo-03,2026-09-28T05:19:41.514Z,23.4,,,0
lote-cultivo-03,2026-09-28T05:18:41.374Z,23.57,,,0
lote-cultivo-01,2026-09-28T05:18:38.631Z,39.045308736017695,52.97559524582523,56.056041696940675,23.924106256078396
lote-cultivo-03,2026-09-28T05:17:41.223Z,23.8,,,0
lote-cultivo-01,2026-09-28T05:17:24.108Z,71.12954794389962,56.78488241483414,47.835754006127246,52.35424643967944
lote-cultivo-03,2026-09-28T05:16:41.098Z,23.97,,,0
lote-cultivo-01,2026-09-28T05:16:09.594Z,70.99283421948196,72.07541584440396,76.63380265548774,54.663293208781894
lote-cultivo-03,2026-09-28T05:15:40.958Z,24.04,,,0
lote-cultivo-01,2026-09-28T05:14:55.075Z,29.80705343406584,59.08848954483947,35.507417011053604,51.30445070213507
lote-cultivo-03,2026-09-28T05:14:40.818Z,24.1,,,0
lote-cultivo-03,2026-09-28T05:13:40.689Z,24.33,,,0
lote-cultivo-01,2026-09-28T05:13:40.535Z,38.03181019124001,29.320346001769547,89.25451044382194,84.68391954332813
lote-cultivo-03,2026-09-28T05:12:40.553Z,24.44,,,0
lote-cultivo-01,2026-09-28T05:12:26.005Z,69.93009032348296,29.624333438048684,12.742397911425227,22.199835821286047
lote-cultivo-03,2026-09-28T05:11:40.429Z,24.55,,,0
lote-cultivo-01,2026-09-28T05:11:11.479Z,48.69257974686368,49.6833437264547,63.964556607670474,45.30479888532206
lote-cultivo-03,2026-09-28T05:10:40.291Z,24.7,,,0
lote-cultivo-01,2026-09-28T05:09:56.969Z,32.902468526806835,55.0852746571538,30.269625255680555,39.646794481388525
lote-cultivo-03,2026-09-28T05:09:40.153Z,24.88,,,0
lote-cultivo-01,2026-09-28T05:08:42.448Z,72.0544908439699,55.96973691048346,35.837393133335524,33.846692282497074
lote-cultivo-03,2026-09-28T05:08:40.013Z,24.95,,,0
lote-cultivo-03,2026-09-28T05:07:39.871Z,25.06,,,0
lote-cultivo-01,2026-09-28T05:07:27.915Z,80.03429862035173,62.32380588577912,60.77001085462087,98.6437916450776
lote-cultivo-03,2026-09-28T05:06:39.746Z,25.09,,,0
lote-cultivo-01,2026-09-28T05:06:13.381Z,35.16989638840102,55.27413781901491,43.52630313629249,39.78450120720381
lote-cultivo-03,2026-09-28T05:05:39.601Z,25.29,,,0
lote-cultivo-01,2026-09-28T05:04:58.843Z,29.940731042949594,41.34921337217754,77.061325768864,52.65347181275091
lote-cultivo-03,2026-09-28T05:04:39.458Z,25.49,,,0
lote-cultivo-01,2026-09-28T05:03:44.299Z,53.86345632250587,42.577051040109424,39.217343425127304,45.287049064293065
lote-cultivo-03,2026-09-28T05:03:39.339Z,25.71,,,0
lote-cultivo-03,2026-09-28T05:02:39.197Z,25.91,,,0
lote-cultivo-01,2026-09-28T05:02:29.763Z,30.092582303489383,45.111537033920634,84.17771040822088,11.598463870126674
lote-cultivo-03,2026-09-28T05:01:39.057Z,26.07,,,0
lote-cultivo-01,2026-09-28T05:01:15.242Z,11.404637126980983,40.279242970717384,16.173598100147572,81.09351713826024
lote-cultivo-03,2026-09-28T05:00:38.92Z,26.27,,,0
lote-cultivo-01,2026-09-28T05:00:00.671Z,55.49495820739791,53.30339056547161,62.84754942442336,46.73190534336304
lote-cultivo-03,2026-09-28T04:59:38.784Z,26.42,,,0
lote-cultivo-01,2026-09-28T04:58:46.128Z,78.56318367382434,74.9906070188706,30.872491688525315,58.33604892232699
lote-cultivo-03,2026-09-28T04:58:38.663Z,26.52,,,0
lote-cultivo-03,2026-09-28T04:57:38.525Z,26.58,,,0
lote-cultivo-01,2026-09-28T04:57:31.615Z,43.228186786441505,63.52841377245891,33.6359942436322,64.12123585309526
lote-cultivo-03,2026-09-28T04:56:38.39Z,26.74,,,0
lote-cultivo-01,2026-09-28T04:56:17.086Z,37.16250610586304,34.48929854506411,64.38398639500792,21.353727662689213
lote-cultivo-03,2026-09-28T04:55:38.262Z,26.76,,,0
lote-cultivo-01,2026-09-28T04:55:02.567Z,59.82072065473029,34.219706400156035,41.89971614636129,64.40670368489201
lote-cultivo-03,2026-09-28T04:54:38.124Z,26.92,,,0
lote-cultivo-01,2026-09-28T04:53:48.042Z,32.56407569273218,47.59738619221558,73.04274286388664,36.38698780546952
lote-cultivo-03,2026-09-28T04:53:38.005Z,27.06,,,0
lote-cultivo-03,2026-09-28T04:52:37.852Z,27.15,,,0
lote-cultivo-01,2026-09-28T04:52:33.508Z,2.482804965480092,43.308918206011015,50.13853946133968,49.46739438449014
lote-cultivo-03,2026-09-28T04:51:37.725Z,22.04,,,0
lote-cultivo-01,2026-09-28T04:51:18.976Z,39.632436617538104,44.69802275192683,68.59119711938177,61.64663824563596
lote-cultivo-03,2026-09-28T04:50:37.579Z,22.04,,,0
lote-cultivo-01,2026-09-28T04:50:04.429Z,69.24884780889641,66.42116811757943,32.16448795628669,40.772330308118704
lote-cultivo-03,2026-09-28T04:49:37.442Z,22.21,,,0
lote-cultivo-01,2026-09-28T04:48:49.903Z,43.13722617898203,73.90380062812476,49.09863684379482,76.2158822578979
lote-cultivo-03,2026-09-28T04:48:37.313Z,22.35,,,0
lote-cultivo-03,2026-09-28T04:47:37.181Z,22.49,,,0
lote-cultivo-01,2026-09-28T04:47:35.374Z,43.35174448797828,56.736279450308736,42.56549750371228,34.88998654414826
lote-cultivo-03,2026-09-28T04:46:37.039Z,22.58,,,0
lote-cultivo-01,2026-09-28T04:46:20.839Z,75.85871190911423,41.90498070173228,22.022921363790022,45.29580639875151
lote-cultivo-03,2026-09-28T04:45:36.913Z,22.83,,,0
lote-cultivo-01,2026-09-28T04:45:06.31Z,55.91916623947074,32.52859117255267,76.76813288929044,42.76463587574922
lote-cultivo-03,2026-09-28T04:44:36.774Z,23.07,,,0
lote-cultivo-01,2026-09-28T04:43:51.784Z,19.107146339904254,24.852215926342986,30.8104142785671,29.595947734865284
lote-cultivo-03,2026-09-28T04:43:36.629Z,23.29,,,0
lote-cultivo-01,2026-09-28T04:42:37.264Z,44.266655495796016,39.2343669651961,79.0713320747244,89.68070314203315
lote-cultivo-03,2026-09-28T04:42:36.493Z,23.31,,,0
lote-cultivo-03,2026-09-28T04:41:36.369Z,23.39,,,0
lote-cultivo-01,2026-09-28T04:41:22.753Z,68.61245623642897,67.80718582602707,51.62681026429923,46.48607591251171
lote-cultivo-03,2026-09-28T04:40:36.226Z,23.59,,,0
lote-cultivo-01,2026-09-28T04:40:08.234Z,39.169950308360825,72.81530807735291,60.69409372860793,58.21494903571091
lote-cultivo-03,2026-09-28T04:39:36.089Z,23.79,,,0
lote-cultivo-01,2026-09-28T04:38:53.717Z,37.07297038668641,61.352789435467784,42.95932157179181,46.42890390029519
lote-cultivo-03,2026-09-28T04:38:35.958Z,23.89,,,0
lote-cultivo-01,2026-09-28T04:37:39.181Z,78.09913997732978,62.15435708612566,39.40625907861051,5.04318485295905
lote-cultivo-03,2026-09-28T04:37:35.803Z,23.98,,,0
lote-cultivo-03,2026-09-28T04:36:35.688Z,24.07,,,0
lote-cultivo-01,2026-09-28T04:36:24.669Z,72.56758034492567,54.23311745956354,50.2892639115975,77.0506644127702
lote-cultivo-03,2026-09-28T04:35:35.561Z,24.31,,,0
lote-cultivo-01,2026-09-28T04:35:10.144Z,40.474180619116034,21.720255502371757,14.64330132673259,48.09810366593963
lote-cultivo-03,2026-09-28T04:34:35.418Z,24.4,,,0
lote-cultivo-01,2026-09-28T04:33:55.616Z,62.1016318540736,10.283487748832142,85.50323640342731,64.34137078179899
lote-cultivo-03,2026-09-28T04:33:35.284Z,24.47,,,0
lote-cultivo-01,2026-09-28T04:32:41.088Z,82.76941104158463,41.62273979554958,20.689988708974425,71.79291327732369
lote-cultivo-01,2026-09-28T04:31:26.565Z,44.041743996895384,69.8262843571231,87.61607574383824,9.449013019674808
lote-cultivo-01,2026-09-28T04:30:12.024Z,27.247779170083792,72.65311852432897,47.56732081533248,60.58768906887836
lote-cultivo-01,2026-09-28T04:28:57.496Z,63.49902041806893,73.46234759815874,59.94635092804816,39.18942304216016
lote-cultivo-01,2026-09-28T04:27:42.979Z,65.1486189395378,68.50930446933383,45.67347703657308,49.56846816456354
lote-cultivo-01,2026-09-28T04:26:28.451Z,39.316689761236226,42.2946435716957,38.84980760987966,76.18176640589873
lote-cultivo-01,2026-09-28T04:25:13.921Z,65.78477515708508,19.97554014576323,46.539099277610575,31.617712628930857
lote-cultivo-01,2026-09-28T04:23:59.394Z,94.33997247210178,21.53362112751544,21.51855985455255,66.04269275550868
lote-cultivo-01,2026-09-28T04:22:44.866Z,55.95262812907912,31.506809343616062,78.39111538711569,41.07941157300019
lote-cultivo-01,2026-09-28T04:21:30.341Z,26.496542524879608,50.13850252768,26.122607603171893,41.72051966853932
lote-cultivo-01,2026-09-28T04:20:15.814Z,51.06672861774647,83.17554291650228,82.8618789612562,55.3015161410622
lote-cultivo-01,2026-09-28T04:19:01.287Z,48.68773961285832,94.15402526594046,54.039667140473725,29.520081811954345
lote-cultivo-01,2026-09-28T04:17:46.755Z,19.055088532068687,62.6623847855362,50.64849647651163,75.50765525586097
lote-cultivo-01,2026-09-28T04:16:32.238Z,45.665422226229055,33.00088755785074,55.83743418980824,50.4384696444632
lote-cultivo-01,2026-09-28T04:15:17.714Z,85.92667792903079,30.306201278095617,32.13725878846894,57.94860112303184
lote-cultivo-01,2026-09-28T04:14:03.181Z,59.611639454779755,24.749225769045303,46.550826327296754,52.94370021342526
lote-cultivo-01,2026-09-28T04:12:48.654Z,31.1388609422327,18.515716912770635,28.24187715852294,8.80965633215832
lote-cultivo-01,2026-09-28T04:11:34.136Z,52.97906869099466,46.334021401918065,67.72353922964255,66.90996409242594
lote-cultivo-01,2026-09-28T04:10:19.603Z,48.11388727229995,86.28998516990963,37.40141155607758,45.40120978803238
lote-cultivo-01,2026-09-28T04:09:05.079Z,8.77087363545677,90.21211887845672,71.74480599799668,67.5907270623103
lote-cultivo-03,2026-09-28T04:07:54.944Z,24.55,,,0
lote-cultivo-01,2026-09-28T04:07:50.563Z,24.48006471666144,67.80820534119265,66.50545749610609,79.05036420270497
lote-cultivo-03,2026-09-28T04:06:54.817Z,24.69,,,0
lote-cultivo-01,2026-09-28T04:06:36.038Z,66.64796612592838,47.466252810117446,35.29633921817023,9.22179425430924
lote-cultivo-03,2026-09-28T04:05:54.679Z,24.79,,,0
lote-cultivo-01,2026-09-28T04:05:21.514Z,50.13779999611175,25.81137080116931,73.44462125212688,56.19217234762566
lote-cultivo-03,2026-09-28T04:04:54.542Z,24.97,,,0
lote-cultivo-01,2026-09-28T04:04:06.987Z,28.740257509565343,11.762503170218796,16.07648705746271,33.212319843429036
lote-cultivo-03,2026-09-28T04:03:54.408Z,25.13,,,0
lote-cultivo-03,2026-09-28T04:02:54.271Z,25.16,,,0
lote-cultivo-01,2026-09-28T04:02:52.475Z,59.361101715835616,27.497604202954296,57.2074526079137,48.45344624099411
lote-cultivo-03,2026-09-28T04:01:54.146Z,25.35,,,0
lote-cultivo-01,2026-09-28T04:01:37.966Z,64.56956279851536,54.54457926111193,24.46787611146636,90.2760096332748
lote-cultivo-03,2026-09-28T04:00:54.007Z,25.35,,,0
lote-cultivo-01,2026-09-28T04:00:23.434Z,23.723777578381284,67.22943517056834,66.38837862197448,29.33083891357863
lote-cultivo-03,2026-09-28T03:59:53.867Z,25.45,,,0
lote-cultivo-01,2026-09-28T03:59:08.906Z,27.63469521689805,78.78432374244201,39.92695672860705,61.53091683867138
lote-cultivo-03,2026-09-28T03:58:53.731Z,25.51,,,0
lote-cultivo-01,2026-09-28T03:57:54.391Z,62.46022875392509,86.28706679770806,69.87087346183775,38.901217831990074
lote-cultivo-03,2026-09-28T03:57:53.592Z,25.62,,,0
lote-cultivo-03,2026-09-28T03:56:53.462Z,25.78,,,0
lote-cultivo-01,2026-09-28T03:56:39.866Z,43.70288942073251,58.16535270861868,68.28201903699467,32.349094177111475
lote-cultivo-03,2026-09-28T03:55:53.313Z,25.83,,,0
lote-cultivo-01,2026-09-28T03:55:25.35Z,19.8923207680202,15.336841815719366,31.57111624721627,70.88318247507745
lote-cultivo-03,2026-09-28T03:54:53.189Z,25.9,,,0
lote-cultivo-01,2026-09-28T03:54:10.827Z,55.89871623600485,12.130984542390138,80.29307692871294,33.12570474083464
lote-cultivo-03,2026-09-28T03:53:53.039Z,26.12,,,0
lote-cultivo-01,2026-09-28T03:52:56.316Z,76.49665994656317,37.43659563400883,8.394664881101804,66.62368572903164
lote-cultivo-03,2026-09-28T03:52:52.91Z,26.2,,,0
lote-cultivo-03,2026-09-28T03:51:52.775Z,26.35,,,0
lote-cultivo-01,2026-09-28T03:51:41.8Z,45.57304178248865,48.91780068826017,62.435199793486994,52.43526202848512
lote-cultivo-03,2026-09-28T03:50:52.606Z,26.39,,,0
lote-cultivo-01,2026-09-28T03:50:27.273Z,48.26855793912506,58.10876032548124,23.88259981457257,47.150572579600535
lote-cultivo-03,2026-09-28T03:49:52.468Z,26.55,,,0
lote-cultivo-01,2026-09-28T03:49:12.754Z,80.12594274137066,80.2484163910538,63.21881660382066,61.237627411520975
lote-cultivo-03,2026-09-28T03:48:52.329Z,22,,,0
lote-cultivo-01,2026-09-28T03:47:58.227Z,55.72786120224067,82.49081154037293,42.88429780172409,19.668390505383982
lote-cultivo-03,2026-09-28T03:47:52.175Z,22,,,0
lote-cultivo-03,2026-09-28T03:46:52.048Z,22,,,0
lote-cultivo-01,2026-09-28T03:46:43.706Z,18.796499454228453,53.973125040183334,70.2354014268766,57.931901045946354
lote-cultivo-03,2026-09-28T03:45:51.9Z,22,,,0
lote-cultivo-01,2026-09-28T03:45:29.181Z,46.17164705824106,30.323160892887724,63.93648003954782,44.604836585215686
lote-cultivo-03,2026-09-28T03:44:51.775Z,22,,,0
lote-cultivo-01,2026-09-28T03:44:14.652Z,71.83107139312558,23.709266907974516,37.9544589664589,61.92704952103206
lote-cultivo-03,2026-09-28T03:43:51.649Z,22,,,0
lote-cultivo-01,2026-09-28T03:43:00.132Z,48.866246564592466,24.155039461049,74.42791525223139,81.25753774621178
lote-cultivo-03,2026-09-28T03:42:51.519Z,22,,,0
lote-cultivo-03,2026-09-28T03:41:51.382Z,22,,,0
lote-cultivo-01,2026-09-28T03:41:45.607Z,56.20506263406194,42.48307245004298,13.984520355434668,19.67531994385955
lote-cultivo-03,2026-09-28T03:40:51.242Z,22,,,0
lote-cultivo-01,2026-09-28T03:40:31.091Z,95.38074447431968,72.14249407814788,54.92856497092349,53.918301304343686
lote-cultivo-03,2026-09-28T03:39:51.11Z,22,,,0
lote-cultivo-01,2026-09-28T03:39:16.56Z,75.5322340123922,76.53354123311904,35.65791153554988,27.059826522066523
lote-cultivo-03,2026-09-28T03:38:50.967Z,22,,,0
lote-cultivo-01,2026-09-28T03:38:02.028Z,29.599356653181335,59.60882444716768,47.38673514995072,43.77842129044989
lote-cultivo-03,2026-09-28T03:37:50.845Z,22,,,0
lote-cultivo-03,2026-09-28T03:36:50.701Z,22,,,0
lote-cultivo-01,2026-09-28T03:36:47.501Z,43.17095764975144,55.384656665644286,59.067958734018774,94.97669507333414
lote-cultivo-03,2026-09-28T03:35:50.562Z,22,,,0
lote-cultivo-01,2026-09-28T03:35:32.983Z,62.3851768849847,50.982543040142225,57.99365712899633,34.21607129881569
lote-cultivo-03,2026-09-28T03:34:50.432Z,22,,,0
lote-cultivo-01,2026-09-28T03:34:18.438Z,35.489834292713255,26.115298320190902,69.85069701446123,64.57961084725
lote-cultivo-03,2026-09-28T03:33:50.297Z,22,,,0
lote-cultivo-01,2026-09-28T03:33:03.899Z,39.251952770261774,18.136843261054775,37.29135827052718,34.046887712165756
lote-cultivo-03,2026-09-28T03:32:50.143Z,22,,,0
lote-cultivo-03,2026-09-28T03:31:50.013Z,22,,,0
lote-cultivo-01,2026-09-28T03:31:49.38Z,85.40390042443411,49.01056085690906,72.66509622149279,20.58992537063399
lote-cultivo-03,2026-09-28T03:30:49.875Z,22,,,0
lote-cultivo-01,2026-09-28T03:30:34.854Z,78.74126910183001,72.73102571228198,16.673616770067728,79.79462298467878
lote-cultivo-03,2026-09-28T03:29:49.747Z,22,,,0
lote-cultivo-01,2026-09-28T03:29:20.332Z,36.830769084493944,64.91232409557394,50.16189347425971,37.23777025671321
lote-cultivo-03,2026-09-28T03:28:49.612Z,22,,,0
lote-cultivo-01,2026-09-28T03:28:05.819Z,46.91674896807695,57.146784801467795,44.90547164502723,68.27538536992967
lote-cultivo-03,2026-09-28T03:27:49.473Z,22,,,0
lote-cultivo-01,2026-09-28T03:26:51.297Z,60.97927617313703,55.45143625016679,32.861301072069466,53.983336867333485
lote-cultivo-03,2026-09-28T03:26:49.346Z,22,,,0
lote-cultivo-03,2026-09-28T03:25:49.22Z,22,,,0
lote-cultivo-01,2026-09-28T03:25:35.791Z,28.340879454868535,42.38173285814986,79.27008526272613,27.97008014001553
lote-cultivo-03,2026-09-28T03:24:49.076Z,22,,,0
lote-cultivo-01,2026-09-28T03:24:21.279Z,17.959459032204947,32.718657273463585,40.87433953335493,64.0602560990013
lote-cultivo-03,2026-09-28T03:23:48.955Z,22,,,0
lote-cultivo-01,2026-09-28T03:23:06.729Z,60.72053793210278,42.143510306909384,80.0444924074967,30.95555645587097
lote-cultivo-03,2026-09-28T03:22:48.813Z,22,,,0
lote-cultivo-01,2026-09-28T03:21:52.211Z,64.47326953938484,50.42110745420884,32.78563849689893,58.51381590266315
lote-cultivo-03,2026-09-28T03:21:48.673Z,22,,,0
lote-cultivo-03,2026-09-28T03:20:48.548Z,22,,,0
lote-cultivo-01,2026-09-28T03:20:37.701Z,29.09212213703116,53.32263012346535,71.95836119222365,52.26329368246997
lote-cultivo-03,2026-09-28T03:19:48.402Z,22,,,0
lote-cultivo-01,2026-09-28T03:19:23.18Z,42.88261903477806,65.59108770306963,15.02183852076093,47.355235452052035
lote-cultivo-03,2026-09-28T03:18:48.274Z,22,,,0
lote-cultivo-01,2026-09-28T03:18:08.661Z,69.88431044280603,66.80185979195618,52.95574740177605,76.11648519319486
lote-cultivo-03,2026-09-28T03:17:48.14Z,22,,,0
lote-cultivo-01,2026-09-28T03:16:54.153Z,38.83004358377807,40.874556851269624,44.12492296443768,28.768856013848765
lote-cultivo-03,2026-09-28T03:16:48.011Z,22,,,0
lote-cultivo-03,2026-09-28T03:15:47.879Z,22,,,0
lote-cultivo-01,2026-09-28T03:15:39.631Z,17.133283756021207,27.46141219197369,30.883393329317567,53.96266269872889
lote-cultivo-03,2026-09-28T03:14:47.744Z,22,,,0
lote-cultivo-01,2026-09-28T03:14:25.114Z,49.42478869527894,46.92944570143157,84.35578257513598,33.08744008449231
lote-cultivo-03,2026-09-28T03:13:47.6Z,22,,,0
lote-cultivo-01,2026-09-28T03:13:10.59Z,51.41727294894259,57.954507862715346,35.346637624228705,36.53059919722394
lote-cultivo-03,2026-09-28T03:12:47.46Z,22,,,0
lote-cultivo-01,2026-09-28T03:11:56.077Z,15.90999280942144,48.09622658731346,82.41458734191755,90.54514973748044
lote-cultivo-03,2026-09-28T03:11:47.332Z,22,,,0
lote-cultivo-03,2026-09-28T03:10:47.205Z,22,,,0
lote-cultivo-01,2026-09-28T03:10:41.541Z,33.17385753739278,53.40516502180452,35.32089439850846,39.974328576600726
lote-cultivo-03,2026-09-28T03:09:47.076Z,22,,,0
lote-cultivo-01,2026-09-28T03:09:27.024Z,74.15669918157603,67.92094929034678,66.80406539834715,67.03274350078469
lote-cultivo-03,2026-09-28T03:08:46.935Z,22,,,0
lote-cultivo-01,2026-09-28T03:08:12.499Z,56.59286879794413,55.62378832230992,19.38453061555507,36.00608142137883
lote-cultivo-03,2026-09-28T03:07:46.818Z,22,,,0
lote-cultivo-01,2026-09-28T03:06:57.978Z,35.67503640969138,33.177420536060076,52.14162376874726,11.134422129129538
lote-cultivo-03,2026-09-28T03:06:46.677Z,22,,,0
lote-cultivo-03,2026-09-28T03:05:46.554Z,22,,,0
lote-cultivo-01,2026-09-28T03:05:43.456Z,63.53575846156403,33.598983949024344,41.67706317450111,79.09542603260414
lote-cultivo-03,2026-09-28T03:04:46.413Z,22,,,0
lote-cultivo-01,2026-09-28T03:04:28.934Z,61.76010791958628,44.00142485971112,34.10770629257776,41.52639773204652
lote-cultivo-03,2026-09-28T03:03:46.277Z,22,,,0
lote-cultivo-01,2026-09-28T03:03:14.4Z,16.79125788313472,51.20725416398992,81.52646838523602,73.9149533481187
lote-cultivo-03,2026-09-28T03:02:46.145Z,22,,,0
lote-cultivo-01,2026-09-28T03:01:59.892Z,24.26960286719488,65.28240141004912,38.75702436707003,61.52575063121476
lote-cultivo-03,2026-09-28T03:01:46.002Z,22,,,0
lote-cultivo-03,2026-09-28T03:00:45.849Z,22,,,0
lote-cultivo-01,2026-09-28T03:00:45.364Z,68.41659112696591,71.72328512691837,75.22705791765563,14.091228813038772
lote-cultivo-03,2026-09-28T02:59:45.711Z,22,,,0
lote-cultivo-01,2026-09-28T02:59:30.848Z,61.71332280198837,53.59380449909117,48.35850889121712,63.139229400262685
lote-cultivo-03,2026-09-28T02:58:45.572Z,22,,,0
lote-cultivo-01,2026-09-28T02:58:16.321Z,47.18811628038035,38.249396421595705,49.40445070875861,32.26054934677865
lote-cultivo-03,2026-09-28T02:57:45.417Z,22,,,0
lote-cultivo-01,2026-09-28T02:57:01.806Z,80.65371318628407,41.80493816180702,37.39704474711313,59.34095713543092
lote-cultivo-03,2026-09-28T02:56:45.231Z,22,,,0
lote-cultivo-01,2026-09-28T02:55:47.282Z,85.0739306912944,37.02063985307657,37.73512307198708,66.88221263573614
lote-cultivo-03,2026-09-28T02:55:45.078Z,22,,,0
lote-cultivo-03,2026-09-28T02:54:44.949Z,22,,,0
lote-cultivo-01,2026-09-28T02:54:32.76Z,35.42765049246407,28.0665575145228,51.07115388455079,35.550443844017494
lote-cultivo-03,2026-09-28T02:53:44.816Z,22,,,0
lote-cultivo-01,2026-09-28T02:53:18.25Z,28.64526651349647,50.827439400912965,27.95864938628615,68.76446845069512
lote-cultivo-03,2026-09-28T02:52:44.668Z,22,,,0
lote-cultivo-01,2026-09-28T02:52:03.728Z,64.03558154654668,83.53626412466319,86.19892161941945,34.07315072161203
lote-cultivo-03,2026-09-28T02:51:44.525Z,22,,,0
lote-cultivo-01,2026-09-28T02:50:49.205Z,54.92244921359091,77.21248507489997,35.14955274891462,51.08177606550455
lote-cultivo-03,2026-09-28T02:50:44.388Z,22,,,0
lote-cultivo-03,2026-09-28T02:49:44.265Z,22,,,0
lote-cultivo-01,2026-09-28T02:49:34.676Z,37.589865915927184,49.75301300677143,75.46353396973778,46.18791834660225
lote-cultivo-03,2026-09-28T02:48:44.124Z,22,,,0
lote-cultivo-01,2026-09-28T02:48:20.164Z,74.65062779594054,40.19277328014565,54.26256626870752,33.44788812237019
lote-cultivo-03,2026-09-28T02:47:43.998Z,22,,,0
lote-cultivo-01,2026-09-28T02:47:05.644Z,91.86265928255986,35.151129040862166,37.63273747445155,78.35804746988053
lote-cultivo-03,2026-09-28T02:46:43.857Z,22,,,0
lote-cultivo-01,2026-09-28T02:45:51.134Z,49.558932344250074,23.855985490594417,52.29041785904032,43.53411467227832
lote-cultivo-03,2026-09-28T02:45:43.718Z,22,,,0
lote-cultivo-03,2026-09-28T02:44:43.566Z,22,,,0
lote-cultivo-01,2026-09-28T02:44:36.613Z,38.811660904819526,32.619928892641845,24.304022809396898,67.70347034997137
lote-cultivo-03,2026-09-28T02:43:43.433Z,22,,,0
lote-cultivo-01,2026-09-28T02:43:22.091Z,68.79546091544412,59.701916045756285,60.42019111225889,43.240027723410776
lote-cultivo-03,2026-09-28T02:42:43.293Z,22,,,0
lote-cultivo-01,2026-09-28T02:42:07.567Z,52.953740183412066,74.41583280990668,21.744981872616275,12.417142088197778
lote-cultivo-03,2026-09-28T02:41:43.148Z,22,,,0
lote-cultivo-01,2026-09-28T02:40:53.039Z,22.43466478243886,76.49902177692913,91.54612673112436,70.33533073983052
lote-cultivo-03,2026-09-28T02:40:43.008Z,22,,,0
lote-cultivo-03,2026-09-28T02:39:42.885Z,22,,,0
lote-cultivo-01,2026-09-28T02:39:38.498Z,50.85867094233424,71.86374083711942,28.717131726046887,37.902132583710255
lote-cultivo-03,2026-09-28T02:38:42.744Z,22,,,0
lote-cultivo-01,2026-09-28T02:38:23.982Z,73.7221215510069,44.742761854428394,81.91470660342073,78.28577530644625
lote-cultivo-03,2026-09-28T02:37:42.598Z,22,,,0
lote-cultivo-01,2026-09-28T02:37:09.471Z,40.77727694703584,12.418111657693018,50.53282486147298,69.42974616301183
lote-cultivo-03,2026-09-28T02:36:42.461Z,22,,,0
lote-cultivo-01,2026-09-28T02:35:54.951Z,35.497349779034934,17.301387501521486,37.40708035937955,11.620896199315943
lote-cultivo-03,2026-09-28T02:35:42.32Z,22,,,0
lote-cultivo-03,2026-09-28T02:34:42.185Z,22,,,0
lote-cultivo-01,2026-09-28T02:34:40.414Z,72.83780054192214,45.304833854157955,55.025844725361814,60.45758833312793
lote-cultivo-03,2026-09-28T02:33:42.049Z,22,,,0
lote-cultivo-01,2026-09-28T02:33:25.897Z,61.63309741970051,55.988073616556136,22.996008106535903,25.046347625225273
lote-cultivo-03,2026-09-28T02:32:41.913Z,22,,,0
lote-cultivo-01,2026-09-28T02:32:11.364Z,22.37346791099098,63.75638847476517,57.112228969571255,59.37924238802835
lote-cultivo-03,2026-09-28T02:31:41.785Z,22,,,0
lote-cultivo-01,2026-09-28T02:30:56.837Z,37.32167226118083,85.56522248011483,29.50651344280006,81.88009361977085
lote-cultivo-03,2026-09-28T02:30:41.634Z,22,,,0
lote-cultivo-01,2026-09-28T02:29:42.295Z,55.48087374126368,82.89378062717324,82.18383317938111,30.52112084312802
lote-cultivo-03,2026-09-28T02:29:41.5Z,22,,,0
lote-cultivo-03,2026-09-28T02:28:41.364Z,22,,,0
lote-cultivo-01,2026-09-28T02:28:27.776Z,22.12336361898342,42.207074377788274,36.23658026468603,66.0845579841315
lote-cultivo-03,2026-09-28T02:27:41.211Z,22,,,0
lote-cultivo-01,2026-09-28T02:27:13.267Z,17.44375281798627,13.225812155809315,77.19830748328287,30.557247994074675
lote-cultivo-03,2026-09-28T02:26:41.075Z,22.04,,,0
lote-cultivo-01,2026-09-28T02:25:58.748Z,64.99472828991793,18.24284755004143,54.091472824102006,42.68546049514286
lote-cultivo-03,2026-09-28T02:25:40.934Z,22.09,,,0
lote-cultivo-01,2026-09-28T02:24:44.221Z,69.28609769303742,31.821445663908897,33.25296631919707,63.48522335098933
lote-cultivo-03,2026-09-28T02:24:40.794Z,22.14,,,0
lote-cultivo-03,2026-09-28T02:23:40.655Z,22.38,,,0
lote-cultivo-01,2026-09-28T02:23:29.694Z,35.11738409750944,50.13941036260029,59.67047002597494,34.02890538224801
lote-cultivo-03,2026-09-28T02:22:40.515Z,22.58,,,0
lote-cultivo-01,2026-09-28T02:22:15.163Z,46.19220950527879,77.52533473318653,21.028838111485936,71.19235358276799
lote-cultivo-03,2026-09-28T02:21:40.386Z,22.76,,,0
lote-cultivo-01,2026-09-28T02:21:00.637Z,61.40577147859224,86.8132614230591,52.859118579139455,44.26209273864677
lote-cultivo-03,2026-09-28T02:20:40.227Z,22.96,,,0
lote-cultivo-01,2026-09-28T02:19:46.12Z,21.76903866859447,69.09078510255146,40.805064285174296,57.150303132370006
lote-cultivo-03,2026-09-28T02:19:40.067Z,23.12,,,0
lote-cultivo-03,2026-09-28T02:18:39.918Z,23.31,,,0
lote-cultivo-01,2026-09-28T02:18:31.604Z,6.4001709717465936,50.88124432434339,66.02236538901525,53.8088449663142
lote-cultivo-03,2026-09-28T02:17:39.762Z,23.32,,,0
lote-cultivo-01,2026-09-28T02:17:17.082Z,52.65616171018584,33.848545898926204,52.84766546656849,20.457870763862935
lote-cultivo-03,2026-09-28T02:16:39.622Z,23.34,,,0
lote-cultivo-01,2026-09-28T02:16:02.567Z,67.45870524651264,9.926356737076452,62.83321647902837,62.562073176705866
lote-cultivo-03,2026-09-28T02:15:39.468Z,23.46,,,0
lote-cultivo-01,2026-09-28T02:14:48.043Z,42.326577294938176,12.415801092016938,66.47780416297286,36.38943012049847
lote-cultivo-03,2026-09-28T02:14:39.341Z,23.64,,,0
lote-cultivo-03,2026-09-28T02:13:39.199Z,23.89,,,0
lote-cultivo-01,2026-09-28T02:13:33.511Z,59.35715742638445,54.95686502937641,21.176030614661435,72.59668834733344
lote-cultivo-03,2026-09-28T02:12:39.056Z,24.06,,,0
lote-cultivo-01,2026-09-28T02:12:18.991Z,82.77493417488027,85.45297728401718,72.52142735722555,73.80327478634861
lote-cultivo-03,2026-09-28T02:11:38.912Z,24.07,,,0
lote-cultivo-01,2026-09-28T02:11:04.463Z,44.55730190275827,77.17689043673396,9.513509591733683,19.684731963389947
lote-cultivo-03,2026-09-28T02:10:38.776Z,24.25,,,0
lote-cultivo-01,2026-09-28T02:09:49.916Z,17.715399330369845,66.50003186423126,59.572005203416914,58.890748748187306
lote-cultivo-03,2026-09-28T02:09:38.622Z,24.45,,,0
lote-cultivo-03,2026-09-28T02:08:38.493Z,24.66,,,0
lote-cultivo-01,2026-09-28T02:08:35.407Z,53.01827518963614,61.77928693903338,41.002916537937125,17.95782696356451
lote-cultivo-03,2026-09-28T02:07:38.355Z,24.89,,,0
lote-cultivo-01,2026-09-28T02:07:20.89Z,64.99558653719114,36.07809634124742,59.869311456419496,55.05771950707865
lote-cultivo-03,2026-09-28T02:06:38.21Z,24.9,,,0
lote-cultivo-01,2026-09-28T02:06:06.369Z,37.691261250214254,9.322224392036782,60.96029150358721,88.4951583580502
lote-cultivo-03,2026-09-28T02:05:38.084Z,25.14,,,0
lote-cultivo-01,2026-09-28T02:04:51.848Z,55.510568065971896,19.44849022281903,56.42162546057532,33.46883483571714
lote-cultivo-03,2026-09-28T02:04:37.944Z,25.17,,,0
lote-cultivo-03,2026-09-28T02:03:37.811Z,25.29,,,0
lote-cultivo-01,2026-09-28T02:03:37.322Z,90.4271405365716,48.97009986270119,70.49779026493697,70.28580970527631
lote-cultivo-03,2026-09-28T02:02:37.678Z,25.48,,,0
lote-cultivo-01,2026-09-28T02:02:22.785Z,63.92030796138851,68.42591898417966,17.955022052294797,24.088532882326923
lote-cultivo-03,2026-09-28T02:01:37.526Z,25.62,,,0
lote-cultivo-01,2026-09-28T02:01:08.267Z,36.580641988265974,81.2517410178677,77.32518938704195,31.35970202134929
lote-cultivo-03,2026-09-28T02:00:37.39Z,25.67,,,0
lote-cultivo-01,2026-09-28T01:59:53.747Z,66.0268796032502,80.27109848337646,3.2257914494919526,74.58264815549343
lote-cultivo-03,2026-09-28T01:59:37.252Z,25.69,,,0
lote-cultivo-01,2026-09-28T01:58:39.225Z,72.52121764144248,52.607253306095224,64.7910783130841,35.81790218503793
lote-cultivo-03,2026-09-28T01:58:37.115Z,25.94,,,0
lote-cultivo-03,2026-09-28T01:57:36.964Z,25.97,,,0
lote-cultivo-01,2026-09-28T01:57:24.707Z,33.59082130871417,27.24781949594128,39.29996617161987,74.37138324583034
lote-cultivo-03,2026-09-28T01:56:36.821Z,26.12,,,0
lote-cultivo-01,2026-09-28T01:56:10.188Z,38.9718991585199,28.721616314896657,57.6552196019218,45.34427597093952
lote-cultivo-03,2026-09-28T01:55:36.692Z,26.17,,,0
lote-cultivo-01,2026-09-28T01:54:55.638Z,74.72809395869392,32.47147563922296,63.89449034303782,39.489242345565714
lote-cultivo-03,2026-09-28T01:54:36.552Z,26.36,,,0
lote-cultivo-01,2026-09-28T01:53:41.104Z,57.67110096956927,32.11779255461669,56.899882116340486,61.649580331078745
lote-cultivo-03,2026-09-28T01:53:36.417Z,26.53,,,0
lote-cultivo-03,2026-09-28T01:52:36.28Z,26.65,,,0
lote-cultivo-01,2026-09-28T01:52:26.586Z,36.17500711682251,56.96047418073038,64.7554108519393,27.2841886099361
lote-cultivo-03,2026-09-28T01:51:36.153Z,26.78,,,0
lote-cultivo-01,2026-09-28T01:51:12.067Z,70.90761874004713,88.58176237232766,27.710984035742637,61.601611105968914
lote-cultivo-03,2026-09-28T01:50:36.017Z,26.87,,,0
lote-cultivo-01,2026-09-28T01:49:57.547Z,83.34301486709087,78.5283882398738,66.92492198448124,42.092808044165885
lote-cultivo-03,2026-09-28T01:49:35.877Z,26.99,,,0
lote-cultivo-01,2026-09-28T01:48:43.021Z,39.336839416759275,44.87703705788862,12.326506391920216,58.14328299451182
lote-cultivo-03,2026-09-28T01:48:35.74Z,27.2,,,0
lote-cultivo-03,2026-09-28T01:47:35.609Z,27.25,,,0
lote-cultivo-01,2026-09-28T01:47:28.502Z,29.86707472314054,34.503713309818465,56.27323149470742,73.04057546949264
lote-cultivo-03,2026-09-28T01:46:35.456Z,27.44,,,0
lote-cultivo-01,2026-09-28T01:46:13.985Z,56.646702011873806,36.62524749054969,49.27411193055934,29.83055149770607
lote-cultivo-03,2026-09-28T01:45:35.318Z,27.45,,,0
lote-cultivo-01,2026-09-28T01:44:59.451Z,38.14898787699192,30.7642997091787,45.25611761582798,58.973409466673985
lote-cultivo-03,2026-09-28T01:44:35.181Z,27.55,,,0
lote-cultivo-01,2026-09-28T01:43:44.902Z,15.319483148006496,38.22071066307808,76.44300375039695,20.320285127629937
lote-cultivo-03,2026-09-28T01:43:35.058Z,27.78,,,0
lote-cultivo-03,2026-09-28T01:42:34.919Z,27.81,,,0
lote-cultivo-01,2026-09-28T01:42:30.373Z,55.230110812731546,61.68279312164234,48.22857118810011,47.19967418763991
lote-cultivo-03,2026-09-28T01:41:34.771Z,27.93,,,0
lote-cultivo-01,2026-09-28T01:41:15.838Z,82.10501946500341,70.64739591303328,66.17467697437317,84.45760315194504
lote-cultivo-03,2026-09-28T01:40:34.636Z,28,,,0
lote-cultivo-01,2026-09-28T01:40:01.318Z,46.83466629121408,64.58698015711227,33.44484357235855,39.39790100667936
lote-cultivo-03,2026-09-28T01:39:34.498Z,28.06,,,0
lote-cultivo-01,2026-09-28T01:38:46.773Z,34.31879698779762,59.013134309402545,57.16292614013907,76.64450675719567
lote-cultivo-03,2026-09-28T01:38:34.365Z,24.41,,,0
lote-cultivo-03,2026-09-28T01:37:34.225Z,24.49,,,0
lote-cultivo-01,2026-09-28T01:37:32.237Z,57.30588748529818,43.119135242455414,22.6799246553798,23.12970662845509
lote-cultivo-03,2026-09-28T01:36:34.073Z,24.73,,,0
lote-cultivo-01,2026-09-28T01:36:17.719Z,34.637561253050045,23.841835560588443,46.30515166680226,22.613445086292874
lote-cultivo-03,2026-09-28T01:35:33.957Z,24.96,,,0
lote-cultivo-01,2026-09-28T01:35:03.184Z,1.4183300402839516,34.288620188086924,60.52889426099357,74.51496890013239
lote-cultivo-03,2026-09-28T01:34:33.804Z,22,,,0
lote-cultivo-01,2026-09-28T01:33:48.646Z,35.19430057920799,60.31387319714735,31.095896667856326,35.79602061587131
lote-cultivo-03,2026-09-28T01:33:33.658Z,22,,,0
lote-cultivo-01,2026-09-28T01:32:34.123Z,69.89250582392891,60.38221233215155,92.75409736831136,83.69440235133551
lote-cultivo-03,2026-09-28T01:32:33.519Z,22,,,0
lote-cultivo-03,2026-09-28T01:31:33.381Z,22,,,0
lote-cultivo-01,2026-09-24T09:29:45.523Z,40.81822540997371,74.0888440443007,53.77058320522099,61.60188314639694
lote-cultivo-03,2026-09-24T09:29:32.301Z,29.59,,,0
lote-cultivo-03,2026-09-24T09:28:32.149Z,29.61,,,0
lote-cultivo-01,2026-09-24T09:28:31Z,15.862091192029432,78.80326468983765,21.286430604064513,69.71714493749775
lote-cultivo-03,2026-09-24T09:27:31.999Z,29.84,,,0
lote-cultivo-01,2026-09-24T09:27:16.481Z,50.316838410280965,52.592314383321046,65.6710152729834,5.554055289304137
lote-cultivo-03,2026-09-24T09:26:31.86Z,29.88,,,0
lote-cultivo-01,2026-09-24T09:26:01.97Z,82.06418083560447,13.249833221612208,16.0087665901855,61.53121783678364
lote-cultivo-03,2026-09-24T09:25:31.722Z,30.11,,,0
lote-cultivo-01,2026-09-24T09:24:47.45Z,48.16156184008395,9.949540602222363,89.3919696038637,43.0044005637372
lote-cultivo-03,2026-09-24T09:24:31.586Z,30.21,,,0
lote-cultivo-01,2026-09-24T09:23:32.928Z,27.933977192183047,34.78479843885275,38.29815219525024,47.24477949697295
lote-cultivo-03,2026-09-24T09:23:31.437Z,30.29,,,0
lote-cultivo-03,2026-09-24T09:22:31.287Z,30.33,,,0
lote-cultivo-01,2026-09-24T09:22:18.382Z,52.55879428651369,55.43745676282129,67.65329359310813,84.88482478337936
lote-cultivo-03,2026-09-24T09:21:31.149Z,30.54,,,0
lote-cultivo-01,2026-09-24T09:21:03.853Z,41.85099406320859,73.60387205924604,65.61316749805341,24.1143523801237
lote-cultivo-03,2026-09-24T09:20:31.009Z,30.66,,,0
lote-cultivo-01,2026-09-24T09:19:48.347Z,10.25359274530511,85.63868516145311,26.32050867368728,58.26384398769419
lote-cultivo-03,2026-09-24T09:19:30.873Z,30.83,,,0
lote-cultivo-01,2026-09-24T09:18:33.83Z,40.334159858155886,69.59238820454287,61.25050045424849,46.93584440896943
lote-cultivo-03,2026-09-24T09:18:30.75Z,30.93,,,0
lote-cultivo-03,2026-09-24T09:17:30.611Z,30.95,,,0
lote-cultivo-01,2026-09-24T09:17:19.293Z,83.41566645864744,43.0737888153915,18.361724556378626,31.556311325799303
lote-cultivo-03,2026-09-24T09:16:30.474Z,31.05,,,0
lote-cultivo-01,2026-09-24T09:16:04.789Z,62.47845069348498,33.218874690357936,62.77760725204937,69.30254082108326
lote-cultivo-03,2026-09-24T09:15:30.322Z,31.11,,,0
lote-cultivo-01,2026-09-24T09:14:50.25Z,43.74590051277304,25.971938093683946,24.35759236944667,32.95995912601518
lote-cultivo-03,2026-09-24T09:14:30.186Z,31.18,,,0
lote-cultivo-01,2026-09-24T09:13:35.715Z,70.22428454479444,18.827478293923665,84.32390612802291,67.42307242701749
lote-cultivo-03,2026-09-24T09:13:30.054Z,31.28,,,0
lote-cultivo-03,2026-09-24T09:12:29.904Z,31.33,,,0
lote-cultivo-01,2026-09-24T09:12:21.197Z,61.80974784217521,42.85189203465586,40.64130994663612,58.26660163944122
lote-cultivo-03,2026-09-24T09:11:29.778Z,31.46,,,0
lote-cultivo-01,2026-09-24T09:11:06.669Z,20.079064147199663,82.57413458719756,67.42784896102447,42.49237788872738
lote-cultivo-03,2026-09-24T09:10:29.63Z,31.7,,,0
lote-cultivo-01,2026-09-24T09:09:52.153Z,36.364462731430486,84.60506895526319,64.2873447355017,55.51118664258239
lote-cultivo-03,2026-09-24T09:09:29.484Z,31.85,,,0
lote-cultivo-01,2026-09-24T09:08:37.637Z,76.6211688524583,57.58753062045474,26.56890613616485,16.306253206437336
lote-cultivo-03,2026-09-24T09:08:29.35Z,31.99,,,0
lote-cultivo-03,2026-09-24T09:07:29.212Z,32.03,,,0
lote-cultivo-01,2026-09-24T09:07:23.107Z,59.722964386340536,46.67474438109088,60.40632894748038,62.673161467228454
lote-cultivo-03,2026-09-24T09:06:29.059Z,32.19,,,0
lote-cultivo-01,2026-09-24T09:06:08.594Z,44.03612455695558,43.05011712536078,23.271320274257707,57.29877047655984
lote-cultivo-03,2026-09-24T09:05:28.919Z,29.2,,,0
lote-cultivo-01,2026-09-24T09:04:54.078Z,78.30686073555742,26.317319160291092,51.54253687557202,60.4573458691156
lote-cultivo-03,2026-09-24T09:04:28.767Z,29.31,,,0
lote-cultivo-01,2026-09-24T09:03:39.544Z,80.94970728662916,24.200054947051648,40.50192289702417,74.59902769026503
lote-cultivo-03,2026-09-24T09:03:28.635Z,29.35,,,0
lote-cultivo-03,2026-09-24T09:02:28.505Z,29.59,,,0
lote-cultivo-01,2026-09-24T09:02:25.016Z,38.97369443422848,49.3190770654539,66.91910861724112,8.817281160226093
lote-cultivo-03,2026-09-24T09:01:28.372Z,29.77,,,0
lote-cultivo-01,2026-09-24T09:01:10.505Z,44.0049055869236,68.4954215402703,55.29708371554345,51.373978310194246
lote-cultivo-03,2026-09-24T09:00:28.222Z,29.87,,,0
lote-cultivo-01,2026-09-24T08:59:55.986Z,75.13190544659467,70.26843442562819,56.564810009879515,42.045271944949256
lote-cultivo-03,2026-09-24T08:59:28.097Z,29.92,,,0
lote-cultivo-01,2026-09-24T08:58:41.462Z,50.94055925609546,68.08501000551743,73.05704085411686,49.11173223033883
lote-cultivo-03,2026-09-24T08:58:27.958Z,30.07,,,0
lote-cultivo-03,2026-09-24T08:57:27.818Z,30.12,,,0
lote-cultivo-01,2026-09-24T08:57:26.956Z,26.250323759441653,53.285588949584785,18.51263444056531,94.94236650784596
lote-cultivo-03,2026-09-24T08:56:27.684Z,30.14,,,0
lote-cultivo-01,2026-09-24T08:56:12.436Z,60.5891207221545,28.919325744514698,67.68046970017053,25.15536938661022
lote-cultivo-03,2026-09-24T08:55:27.554Z,30.23,,,0
lote-cultivo-01,2026-09-24T08:54:57.93Z,75.48699764053752,28.685279695540345,19.851667916423796,54.243431431535406
lote-cultivo-03,2026-09-24T08:54:27.417Z,30.29,,,0
lote-cultivo-01,2026-09-24T08:53:43.395Z,43.03333978611089,48.669769319448854,48.20136349101027,41.92036695161533
lote-cultivo-03,2026-09-24T08:53:27.282Z,30.53,,,0
lote-cultivo-01,2026-09-24T08:52:28.864Z,49.34881910276231,51.811525219095344,50.443602709491245,25.532556806598635
lote-cultivo-03,2026-09-24T08:52:27.157Z,30.55,,,0
lote-cultivo-03,2026-09-24T08:51:27.021Z,25.18,,,0
lote-cultivo-01,2026-09-24T08:51:14.339Z,81.06547998518548,48.726802225669125,53.18526755816304,83.25340169549534
lote-cultivo-03,2026-09-24T08:50:26.879Z,25.25,,,0
lote-cultivo-01,2026-09-24T08:49:59.826Z,52.902286282333776,66.01004157249497,68.2477057203566,35.61328143343724
lote-cultivo-03,2026-09-24T08:49:26.73Z,25.33,,,0
lote-cultivo-01,2026-09-24T08:48:45.305Z,14.252342425035469,73.06206675035352,46.70629564750333,60.61779219728193
lote-cultivo-03,2026-09-24T08:48:26.61Z,25.51,,,0
lote-cultivo-01,2026-09-24T08:47:30.778Z,37.54667540745438,45.79499737322924,80.67649840773771,59.09684691995199
lote-cultivo-03,2026-09-24T08:47:26.456Z,25.62,,,0
lote-cultivo-03,2026-09-24T08:46:26.339Z,25.68,,,0
lote-cultivo-01,2026-09-24T08:46:16.266Z,54.155739369157175,26.453976250068557,11.063924343442476,30.79639802945657
lote-cultivo-03,2026-09-24T08:45:26.208Z,25.89,,,0
lote-cultivo-01,2026-09-24T08:45:01.754Z,27.11406992072447,40.07044237727578,76.35869069323908,65.65520386994757
lote-cultivo-03,2026-09-24T08:44:26.058Z,26.12,,,0
lote-cultivo-01,2026-09-24T08:43:47.235Z,38.70627835692717,52.624696755647925,11.67054418157858,26.461916616274944
lote-cultivo-03,2026-09-24T08:43:25.916Z,26.16,,,0
lote-cultivo-01,2026-09-24T08:42:32.722Z,81.69441189679432,51.768737276779255,52.94313192700387,52.549341328689266
lote-cultivo-03,2026-09-24T08:42:25.767Z,26.28,,,0
lote-cultivo-03,2026-09-24T08:41:25.632Z,26.37,,,0
lote-cultivo-01,2026-09-24T08:41:18.19Z,63.47471999986729,58.19007717088957,50.207120362160275,59.40617677155229
lote-cultivo-03,2026-09-24T08:40:25.499Z,26.39,,,0
lote-cultivo-01,2026-09-24T08:40:03.671Z,21.35657162182989,62.56117819899101,50.296990993103854,51.9707018737439
lote-cultivo-03,2026-09-24T08:39:25.361Z,26.59,,,0
lote-cultivo-01,2026-09-24T08:38:49.148Z,35.31789889599718,50.09864749909452,69.96635986530269,76.37282599427985
lote-cultivo-03,2026-09-24T08:38:25.226Z,26.62,,,0
lote-cultivo-01,2026-09-24T08:37:34.627Z,47.22201231059877,41.62593905348213,49.117526347842286,22.858092000015244
lote-cultivo-03,2026-09-24T08:37:25.085Z,26.75,,,0
lote-cultivo-03,2026-09-24T08:36:24.964Z,26.94,,,0
lote-cultivo-01,2026-09-24T08:36:20.091Z,15.123735079427892,44.29346360884817,74.26351547617675,44.88725879196722
lote-cultivo-03,2026-09-24T08:35:24.81Z,27.05,,,0
lote-cultivo-01,2026-09-24T08:35:05.567Z,21.776474451331804,39.86377789227373,18.985249949252804,38.790299585972285
lote-cultivo-03,2026-09-24T08:34:24.674Z,27.29,,,0
lote-cultivo-01,2026-09-24T08:33:51.05Z,71.67973490167378,41.562169385668426,70.05360056851933,45.282512836719825
lote-cultivo-03,2026-09-24T08:33:24.54Z,27.36,,,0
lote-cultivo-01,2026-09-24T08:32:36.518Z,68.25352279268985,65.54772419831826,16.039748775324718,94.69291119494524
lote-cultivo-03,2026-09-24T08:32:24.397Z,27.49,,,0
lote-cultivo-03,2026-09-24T08:31:24.263Z,27.64,,,0
lote-cultivo-01,2026-09-24T08:31:21.999Z,34.10103365597653,75.61329581749811,48.60371982589671,35.05349668223347
lote-cultivo-03,2026-09-24T08:30:24.125Z,27.82,,,0
lote-cultivo-01,2026-09-24T08:30:07.471Z,50.53074966722144,50.41162106359744,56.26479572359533,55.12167082981342
lote-cultivo-03,2026-09-24T08:29:23.973Z,27.84,,,0
lote-cultivo-01,2026-09-24T08:28:52.929Z,65.2213724563922,33.10129133228044,43.07830731807941,35.76508802609443
lote-cultivo-03,2026-09-24T08:28:23.837Z,27.94,,,0
lote-cultivo-01,2026-09-24T08:27:38.422Z,27.844274892811494,43.1154183953195,74.7747443121001,18.39633999602326
lote-cultivo-03,2026-09-24T08:27:23.703Z,28.11,,,0
lote-cultivo-01,2026-09-24T08:26:23.894Z,20.76051513363069,44.459449735693134,50.484065222164865,87.5475779237948
lote-cultivo-03,2026-09-24T08:26:23.568Z,28.18,,,0
lote-cultivo-03,2026-09-24T08:25:23.429Z,28.3,,,0
lote-cultivo-01,2026-09-24T08:25:09.363Z,64.11699120933795,35.891819662379795,65.69553105181926,41.05355351046663
lote-cultivo-03,2026-09-24T08:24:23.289Z,28.33,,,0
lote-cultivo-01,2026-09-24T08:23:54.833Z,64.79967356750834,51.05359339415298,32.53154096477116,63.967212586271174
lote-cultivo-03,2026-09-24T08:23:23.137Z,28.55,,,0
lote-cultivo-01,2026-09-24T08:22:40.296Z,34.96709188905122,74.49522123028557,55.494719266183544,58.50692272478015
lote-cultivo-03,2026-09-24T08:22:22.998Z,28.63,,,0
lote-cultivo-01,2026-09-24T08:21:25.775Z,57.8534112219432,70.79109135696078,29.329830589302887,16.005507638244598
lote-cultivo-03,2026-09-24T08:21:22.856Z,28.76,,,0
lote-cultivo-03,2026-09-24T08:20:22.719Z,29,,,0
lote-cultivo-01,2026-09-24T08:20:11.257Z,84.99950048709401,53.08870608687067,36.01899700149886,70.4793133220113
lote-cultivo-03,2026-09-24T08:19:22.594Z,29.09,,,0
lote-cultivo-01,2026-09-24T08:18:56.73Z,53.311107659409295,41.222610508286344,69.93766360032964,34.050708213187754
lote-cultivo-03,2026-09-24T08:18:22.464Z,29.11,,,0
lote-cultivo-01,2026-09-24T08:17:42.211Z,37.733284964006835,27.899344242051804,27.73941897068165,51.99533353804115
lote-cultivo-03,2026-09-24T08:17:22.328Z,29.35,,,0
lote-cultivo-01,2026-09-24T08:16:27.682Z,70.7129205697312,24.487828574906796,89.21112556888237,66.33557363424916
lote-cultivo-03,2026-09-24T08:16:22.185Z,29.42,,,0
lote-cultivo-03,2026-09-24T08:15:22.042Z,29.61,,,0
lote-cultivo-01,2026-09-24T08:15:13.154Z,64.79285124786087,47.39824957520643,40.88184148677973,36.661108183515104
lote-cultivo-03,2026-09-24T08:14:21.901Z,29.82,,,0
lote-cultivo-01,2026-09-24T08:13:58.631Z,26.36063587629249,68.60757784158764,68.16342625128586,73.91117416526947
lote-cultivo-03,2026-09-24T08:13:21.766Z,29.86,,,0
lote-cultivo-01,2026-09-24T08:12:44.115Z,45.077702172753135,66.25209915241726,36.24691819776259,35.041908225792454
lote-cultivo-03,2026-09-24T08:12:21.629Z,30.06,,,0
lote-cultivo-01,2026-09-24T08:11:29.605Z,81.54456100533832,65.89953313594182,49.49750353997126,41.75034996367777
lote-cultivo-03,2026-09-24T08:11:21.486Z,30.21,,,0
lote-cultivo-03,2026-09-24T08:10:21.366Z,30.4,,,0
lote-cultivo-01,2026-09-24T08:10:15.087Z,63.529248009515385,70.22234014129262,37.38649822870294,47.59509350826254
lote-cultivo-03,2026-09-24T08:09:21.225Z,30.57,,,0
lote-cultivo-01,2026-09-24T08:08:59.582Z,47.341754524960535,44.83463461624096,32.06349231641071,37.64483637586011
lote-cultivo-03,2026-09-24T08:08:21.068Z,30.72,,,0
lote-cultivo-01,2026-09-24T08:07:45.063Z,78.18899661613264,10.020398246103706,75.15371447344496,86.25105542657002
lote-cultivo-03,2026-09-24T08:07:20.929Z,30.73,,,0
lote-cultivo-01,2026-09-24T08:06:30.535Z,72.37753241614752,16.891237749201643,21.790495838712825,43.83460540821559
lote-cultivo-03,2026-09-24T08:06:20.793Z,30.92,,,0
lote-cultivo-03,2026-09-24T08:05:20.661Z,31.02,,,0
lote-cultivo-01,2026-09-24T08:05:16.013Z,22.893306085346385,50.15054827545449,98.4797075904894,54.68549844900669
lote-cultivo-03,2026-09-24T08:04:20.525Z,31.21,,,0
lote-cultivo-01,2026-09-24T08:04:01.499Z,26.25546311955641,65.65623947224422,32.85157425225959,39.16044019422497
lote-cultivo-03,2026-09-24T08:03:20.377Z,31.43,,,0
lote-cultivo-01,2026-09-24T08:02:46.973Z,61.98574552400278,71.22773482642279,69.1600107431248,13.086350099128314
lote-cultivo-03,2026-09-24T08:02:20.235Z,31.6,,,0
lote-cultivo-01,2026-09-24T08:01:32.456Z,48.78815526047106,79.54666459031274,39.60007540610924,82.2388143093722
lote-cultivo-03,2026-09-24T08:01:20.099Z,31.67,,,0
lote-cultivo-03,2026-09-24T08:00:19.958Z,31.78,,,0
lote-cultivo-01,2026-09-24T08:00:17.937Z,37.20099093007984,67.37714638149671,42.338777426659846,47.72751619310371
lote-cultivo-03,2026-09-24T07:59:19.821Z,31.83,,,0
lote-cultivo-01,2026-09-24T07:59:03.4Z,75.49019066638215,36.68726186803891,37.861012423780515,68.20600483342245
lote-cultivo-03,2026-09-24T07:58:19.685Z,31.84,,,0
lote-cultivo-01,2026-09-24T07:57:48.889Z,79.68934588444525,20.326103200409086,35.91161363455675,61.9670814318192
lote-cultivo-03,2026-09-24T07:57:19.546Z,32.02,,,0
lote-cultivo-01,2026-09-24T07:56:34.364Z,29.434886268997868,20.5090039049244,67.6261777065516,4.94372766024497
lote-cultivo-03,2026-09-24T07:56:19.397Z,32.15,,,0
lote-cultivo-01,2026-09-24T07:55:19.852Z,21.617529065926217,28.306997370195536,29.80255013693338,65.51909097269552
lote-cultivo-03,2026-09-24T07:55:19.264Z,32.21,,,0
lote-cultivo-03,2026-09-24T07:54:19.116Z,32.31,,,0
lote-cultivo-01,2026-09-24T07:54:05.304Z,49.8706464648964,57.21270356645157,91.7427968221324,38.50126812208058
lote-cultivo-03,2026-09-24T07:53:18.983Z,32.45,,,0
lote-cultivo-01,2026-09-24T07:52:50.784Z,32.9371154768709,91.28919982591142,38.96103359592214,57.12497921627817
lote-cultivo-03,2026-09-24T07:52:18.828Z,32.5,,,0
lote-cultivo-01,2026-09-24T07:51:36.262Z,16.203834715849542,86.62561506046265,61.43256190390708,78.6866662485709
lote-cultivo-03,2026-09-24T07:51:18.689Z,32.73,,,0
lote-cultivo-01,2026-09-24T07:50:21.742Z,57.36208848960831,54.73682002566882,50.41673709134402,24.375527637142653
lote-cultivo-03,2026-09-24T07:50:18.55Z,32.78,,,0
lote-cultivo-03,2026-09-24T07:49:18.397Z,32.87,,,0
lote-cultivo-01,2026-09-24T07:49:07.218Z,75.93805014517902,40.183232400209405,30.53970169020233,64.67310502443482
lote-cultivo-03,2026-09-24T07:48:18.27Z,33.09,,,0
lote-cultivo-01,2026-09-24T07:47:52.698Z,36.837690369244775,33.521848977813846,46.74102217968016,37.78405651192232
lote-cultivo-01,2026-09-24T07:46:38.159Z,31.09108417781208,14.453900654422949,33.56892031029794,40.89063098549772
lote-cultivo-01,2026-09-24T07:45:23.627Z,60.44234971680756,17.38599047583233,62.91950879356519,62.88870994218724
lote-cultivo-01,2026-09-24T07:44:09.074Z,41.227565433686905,58.29839913289102,38.78239418427305,32.95910788213842
lote-cultivo-01,2026-09-24T07:42:54.559Z,12.542098985483364,88.68646475812086,81.66639506140615,73.80188293024952
lote-cultivo-01,2026-09-24T07:41:40.047Z,44.33065581822413,82.92893544237424,49.056647894508664,49.39760116758028
lote-cultivo-01,2026-09-24T07:40:25.52Z,66.7108766047257,66.85047080205632,49.905803063666106,51.431651764381826
lote-cultivo-01,2026-09-24T07:39:11.003Z,35.292885260425926,48.05959344756492,65.29447332790829,48.869248724028424
lote-cultivo-01,2026-09-24T07:37:56.489Z,35.99956408988015,21.92025827652926,13.016673805976954,16.125999841100676
lote-cultivo-01,2026-09-24T07:36:41.954Z,76.55350411110088,13.710232281710285,63.48174481171285,69.37730644145186
lote-cultivo-01,2026-09-24T07:35:27.436Z,66.42509773542898,32.8866591300815,21.69345137705921,48.52313860667749
lote-cultivo-01,2026-09-24T07:34:12.903Z,32.55246271156415,51.519575356343104,67.98225276831673,69.91136257919659
lote-cultivo-01,2026-09-24T07:32:58.372Z,52.48130124218352,65.69710884997086,38.6211976272764,67.7979595271516
lote-cultivo-01,2026-09-24T07:31:43.849Z,68.46430860827245,86.7950529233507,80.31132741728146,7.610107317816108
lote-cultivo-01,2026-09-24T07:30:29.318Z,31.940118216436364,85.2677624853317,49.586823457629514,58.49526387597781
lote-cultivo-01,2026-09-24T07:29:14.804Z,28.102522942209056,44.62190032768845,49.7659903126831,32.98467542201922
lote-cultivo-01,2026-09-24T07:28:00.264Z,75.4059738972933,14.506040305943404,67.36966439091508,59.16229797683275
lote-cultivo-01,2026-09-24T07:26:45.744Z,79.2602984639902,24.68664410929426,7.942986513587809,89.25044315447387
lote-cultivo-01,2026-09-24T07:25:31.217Z,50.88653884643583,38.32906155289712,69.86714187193768,22.765716289392778
lote-cultivo-01,2026-09-24T07:24:16.707Z,68.8733834188261,41.63203153424095,17.46412786507501,61.4489692295943
lote-cultivo-01,2026-09-24T07:23:02.187Z,82.87391556911317,62.085196609900976,67.4923288388673,32.26485406351603
lote-cultivo-03,2026-09-24T07:22:57.892Z,33.21,,,0
lote-cultivo-03,2026-09-24T07:21:57.75Z,28.21,,,0
lote-cultivo-01,2026-09-24T07:21:47.665Z,38.10136644222188,85.7578901094355,42.74683004860494,35.16085689497791
lote-cultivo-03,2026-09-24T07:20:57.61Z,24.32,,,0
lote-cultivo-01,2026-09-24T07:20:33.136Z,19.126288800111833,75.981203162999,75.95427741885254,78.89911185030634
lote-cultivo-03,2026-09-24T07:19:57.464Z,24.55,,,0
lote-cultivo-01,2026-09-24T07:19:18.606Z,59.578061676554206,48.28227842691062,50.51106668100998,32.949207056599114
lote-cultivo-03,2026-09-24T07:18:57.327Z,24.66,,,0
lote-cultivo-01,2026-09-24T07:18:04.084Z,68.04715391957816,32.53089411477816,53.28015919977672,68.11735749323621
lote-cultivo-03,2026-09-24T07:17:57.183Z,24.73,,,0
lote-cultivo-03,2026-09-24T07:16:57.041Z,24.82,,,0
lote-cultivo-01,2026-09-24T07:16:49.557Z,44.25414970860092,23.971564939041446,61.600705707131475,49.42854491579038
lote-cultivo-03,2026-09-24T07:15:56.889Z,25.04,,,0
lote-cultivo-01,2026-09-24T07:15:35.032Z,66.93624443790559,25.728681597812887,13.854485446599409,39.451061075862576
lote-cultivo-03,2026-09-24T07:14:56.753Z,25.17,,,0
lote-cultivo-01,2026-09-24T07:14:20.526Z,90.5658344837416,50.6655488607953,64.2389338363881,61.58844523890189
lote-cultivo-03,2026-09-24T07:13:56.615Z,25.23,,,0
lote-cultivo-01,2026-09-24T07:13:06.007Z,49.2078910182677,72.42317754016602,25.019257679470027,23.597944133338764
lote-cultivo-03,2026-09-24T07:12:56.476Z,25.41,,,0
lote-cultivo-03,2026-09-24T07:11:56.325Z,25.53,,,0
lote-cultivo-01,2026-09-24T07:11:51.489Z,20.3861543806585,66.5050609205969,55.338239501644,60.328192432565075
lote-cultivo-03,2026-09-24T07:10:56.189Z,25.76,,,0
lote-cultivo-01,2026-09-24T07:10:36.971Z,50.01596712777853,59.25356395991371,59.09478187645788,50.32784989417143
lote-cultivo-03,2026-09-24T07:09:56.05Z,25.82,,,0
lote-cultivo-01,2026-09-24T07:09:22.447Z,53.137854307248155,62.22291423973865,58.49199991813391,60.700082657732835
lote-cultivo-03,2026-09-24T07:08:55.924Z,25.99,,,0
lote-cultivo-01,2026-09-24T07:08:07.933Z,23.16459632413886,44.94357290162246,64.57792504352498,72.25773943558913
lote-cultivo-03,2026-09-24T07:07:55.786Z,26.23,,,0
lote-cultivo-03,2026-09-24T07:06:55.658Z,26.24,,,0
lote-cultivo-01,2026-09-24T07:06:53.399Z,43.623900117346075,18.1674336903799,45.33420668344262,19.21683055225746
lote-cultivo-03,2026-09-24T07:05:55.52Z,26.28,,,0
lote-cultivo-01,2026-09-24T07:05:38.879Z,77.9726188517759,28.243049521542694,64.45902307973941,52.531246807207
lote-cultivo-03,2026-09-24T07:04:55.382Z,26.36,,,0
lote-cultivo-01,2026-09-24T07:04:24.343Z,50.01908317346248,60.24987520353607,13.751675884883625,29.57303922633286
lote-cultivo-03,2026-09-24T07:03:55.231Z,26.36,,,0
lote-cultivo-01,2026-09-24T07:03:09.828Z,25.10969863160444,66.66499825144318,63.36427360303928,54.69670052899303
lote-cultivo-03,2026-09-24T07:02:55.1Z,26.43,,,0
lote-cultivo-01,2026-09-24T07:01:55.313Z,55.00103019201232,57.69956644804648,27.814081413421786,91.44667977293524
lote-cultivo-03,2026-09-24T07:01:54.957Z,26.63,,,0
lote-cultivo-03,2026-09-24T07:00:54.82Z,26.7,,,0
lote-cultivo-01,2026-09-24T07:00:40.796Z,57.37225015732308,59.58284805043449,47.954705865637465,30.75197094996529
lote-cultivo-03,2026-09-24T06:59:54.679Z,26.85,,,0
lote-cultivo-01,2026-09-24T06:59:26.263Z,17.706362454254393,55.035275515963875,71.91205645361966,62.84647570656667
lote-cultivo-03,2026-09-24T06:58:54.534Z,27.08,,,0
lote-cultivo-01,2026-09-24T06:58:11.732Z,25.591840046095783,37.97814740914696,42.14542934870816,25.57835339938331
lote-cultivo-03,2026-09-24T06:57:54.388Z,27.32,,,0
lote-cultivo-01,2026-09-24T06:56:57.206Z,59.50936859630943,35.04417051874679,80.05593285619932,27.47336466923142
lote-cultivo-03,2026-09-24T06:56:54.251Z,27.54,,,0
lote-cultivo-03,2026-09-24T06:55:54.111Z,27.73,,,0
lote-cultivo-01,2026-09-24T06:55:42.682Z,39.78404107261673,44.87447112148149,34.39986971306,85.69410539404569
lote-cultivo-03,2026-09-24T06:54:53.973Z,27.82,,,0
lote-cultivo-01,2026-09-24T06:54:28.152Z,21.65717514899631,48.80387130480974,70.61273597572985,36.456993060327896
lote-cultivo-03,2026-09-24T06:53:53.838Z,28.03,,,0
lote-cultivo-01,2026-09-24T06:53:13.622Z,61.11206288684398,57.620019722965935,10.094794952011856,72.29437097022485
lote-cultivo-03,2026-09-24T06:52:53.693Z,28.12,,,0
lote-cultivo-01,2026-09-24T06:51:59.1Z,75.51933283217978,70.39156833087131,67.42019616651469,48.05790206073035
lote-cultivo-03,2026-09-24T06:51:53.554Z,28.23,,,0
lote-cultivo-03,2026-09-24T06:50:53.413Z,28.35,,,0
lote-cultivo-01,2026-09-24T06:50:44.585Z,36.36851494038442,57.50463959169863,22.8861596083775,23.8618212731969
lote-cultivo-03,2026-09-24T06:49:53.271Z,28.39,,,0
lote-cultivo-01,2026-09-24T06:49:30.058Z,33.51382688105132,31.749574162781393,51.65432757720539,69.3374896798758
lote-cultivo-03,2026-09-24T06:48:53.145Z,28.63,,,0
lote-cultivo-01,2026-09-24T06:48:15.535Z,59.8716041066942,35.76666527670295,71.38229763487092,29.057927063410492
lote-cultivo-03,2026-09-24T06:47:52.99Z,28.73,,,0
lote-cultivo-01,2026-09-24T06:47:01.022Z,36.57353999140461,54.37533036132557,39.64676672840481,60.60925637932113
lote-cultivo-03,2026-09-24T06:46:52.857Z,28.78,,,0
lote-cultivo-03,2026-09-24T06:45:52.715Z,28.97,,,0
lote-cultivo-01,2026-09-24T06:45:46.5Z,13.819370256788192,50.41718912680593,82.43943535313909,56.59347547480389
lote-cultivo-03,2026-09-24T06:44:52.567Z,29.08,,,0
lote-cultivo-01,2026-09-24T06:44:31.977Z,56.38944991448563,45.92761054913079,35.883854765372426,43.95860410536632
lote-cultivo-03,2026-09-24T06:43:52.443Z,29.25,,,0
lote-cultivo-01,2026-09-24T06:43:17.46Z,84.87261316244756,63.81556377288119,64.46048387855274,73.02056754816236
lote-cultivo-03,2026-09-24T06:42:52.282Z,29.41,,,0
lote-cultivo-01,2026-09-24T06:42:02.94Z,55.957036012065586,68.89132920582874,18.984659764824407,29.710346079548177
lote-cultivo-03,2026-09-24T06:41:52.144Z,29.62,,,0
lote-cultivo-03,2026-09-24T06:40:52.005Z,29.82,,,0
lote-cultivo-01,2026-09-24T06:40:48.423Z,53.520260387040864,45.251795240414715,59.76028013673618,49.980549106188086
lote-cultivo-03,2026-09-24T06:39:51.867Z,30.05,,,0
lote-cultivo-01,2026-09-24T06:39:33.913Z,78.98020267470136,30.623837031728694,26.92422814844956,35.96230750197927
lote-cultivo-03,2026-09-24T06:38:51.735Z,30.27,,,0
lote-cultivo-01,2026-09-24T06:38:19.383Z,51.58011306495081,37.34051860351441,50.358002099619405,44.73641193312571
lote-cultivo-03,2026-09-24T06:37:51.592Z,30.41,,,0
lote-cultivo-01,2026-09-24T06:37:04.867Z,15.604143044496958,44.013236800187705,71.70802504174809,85.250934836455
lote-cultivo-03,2026-09-24T06:36:51.454Z,30.5,,,0
lote-cultivo-03,2026-09-24T06:35:51.317Z,30.73,,,0
lote-cultivo-01,2026-09-24T06:35:50.342Z,47.379092953358864,53.92636279982551,38.99193991632805,41.06602066372006
lote-cultivo-03,2026-09-24T06:34:51.182Z,30.84,,,0
lote-cultivo-01,2026-09-24T06:34:35.824Z,77.6894833520224,70.22190032512007,81.6138862903349,64.8757060260495
lote-cultivo-03,2026-09-24T06:33:51.031Z,30.91,,,0
lote-cultivo-01,2026-09-24T06:33:21.304Z,54.20411926797976,67.79816751338477,41.62303346275823,26.815527585828995
lote-cultivo-03,2026-09-24T06:32:50.896Z,31.14,,,0
lote-cultivo-01,2026-09-24T06:32:06.793Z,55.57607655240785,48.97515724934299,52.29554048885775,21.54879532579075
lote-cultivo-03,2026-09-24T06:31:50.74Z,31.36,,,0
lote-cultivo-01,2026-09-24T06:30:52.259Z,89.59413787047376,43.51868792915008,36.46937057708167,80.09769530260266
lote-cultivo-03,2026-09-24T06:30:50.592Z,31.45,,,0
lote-cultivo-03,2026-09-24T06:29:50.456Z,31.54,,,0
lote-cultivo-01,2026-09-24T06:29:37.731Z,69.5526372067129,41.813504216562016,41.227754726467104,40.094052592990245
lote-cultivo-03,2026-09-24T06:28:50.319Z,31.68,,,0
lote-cultivo-01,2026-09-24T06:28:23.198Z,27.42048531764565,26.050468202395056,42.59592769031571,80.42536525680752
lote-cultivo-03,2026-09-24T06:27:50.173Z,31.78,,,0
lote-cultivo-01,2026-09-24T06:27:08.683Z,46.47401145247253,28.93309618800511,38.439341583125945,50.050018115668195
lote-cultivo-03,2026-09-24T06:26:50.054Z,32.02,,,0
lote-cultivo-01,2026-09-24T06:25:54.158Z,69.29053277215414,65.35778108439754,81.2150507739835,13.767838933053698
lote-cultivo-03,2026-09-24T06:25:49.916Z,32.22,,,0
lote-cultivo-03,2026-09-24T06:24:49.764Z,32.35,,,0
lote-cultivo-01,2026-09-24T06:24:39.62Z,39.39800999440177,85.22483307270242,29.874900765102513,68.21784551340102
lote-cultivo-03,2026-09-24T06:23:49.623Z,32.38,,,0
lote-cultivo-01,2026-09-24T06:23:25.088Z,34.61642087116169,66.6500115100294,89.925443916616,28.030965071457953
lote-cultivo-03,2026-09-24T06:22:49.49Z,32.49,,,0
lote-cultivo-01,2026-09-24T06:22:10.56Z,74.16255533787871,49.72668561289929,36.9052588100224,67.0819907686958
lote-cultivo-03,2026-09-24T06:21:49.347Z,32.73,,,0
lote-cultivo-01,2026-09-24T06:20:56.026Z,67.98720902651033,45.50914458414058,50.65612588285491,67.02952350373145
lote-cultivo-03,2026-09-24T06:20:49.211Z,32.93,,,0
lote-cultivo-03,2026-09-24T06:19:49.073Z,33.01,,,0
lote-cultivo-01,2026-09-24T06:19:41.499Z,32.197657992011095,30.195306668620137,44.48614858300196,29.8199699178645
lote-cultivo-03,2026-09-24T06:18:48.936Z,33.1,,,0
lote-cultivo-01,2026-09-24T06:18:26.968Z,50.392009205336805,19.134659378139897,30.159207644850227,70.74525392806076
lote-cultivo-03,2026-09-24T06:17:48.795Z,33.13,,,0
lote-cultivo-01,2026-09-24T06:17:12.433Z,72.47981245101387,37.31083764122867,52.368155014411386,30.852864563451316
lote-cultivo-03,2026-09-24T06:16:48.658Z,33.37,,,0
lote-cultivo-01,2026-09-24T06:15:57.903Z,35.390279383243175,62.87082512096035,32.29043024021351,49.35812291963498
lote-cultivo-03,2026-09-24T06:15:48.522Z,33.55,,,0
lote-cultivo-03,2026-09-24T06:14:48.377Z,33.77,,,0
lote-cultivo-01,2026-09-24T06:14:43.37Z,16.166678582330434,74.86622379248199,84.873889658544,51.77130769071846
lote-cultivo-03,2026-09-24T06:13:48.237Z,33.83,,,0
lote-cultivo-01,2026-09-24T06:13:28.853Z,49.74039630534272,80.70099337445187,26.002728739165924,35.31727018048857
lote-cultivo-01,2026-09-24T06:13:28.853Z,49.74039630534272,80.70099337445187,26.002728739165924,35.31727018048857
lote-cultivo-03,2026-09-24T06:12:48.102Z,33.97,,,0
lote-cultivo-01,2026-09-24T06:12:14.331Z,49.96623154593621,69.85623729728026,95.40971801934454,76.91095093045334
lote-cultivo-03,2026-09-24T06:11:47.967Z,34.21,,,0
lote-cultivo-01,2026-09-24T06:10:59.808Z,21.18268931496359,34.093401668638634,31.21501167689113,45.613870282546905
lote-cultivo-03,2026-09-24T06:10:47.833Z,34.37,,,0
lote-cultivo-03,2026-09-24T06:09:47.681Z,34.5,,,0
lote-cultivo-01,2026-09-24T06:09:45.293Z,46.68712060026452,12.262166029906338,53.94499610464854,61.68847619193971
lote-cultivo-03,2026-09-24T06:08:47.543Z,34.56,,,0
lote-cultivo-01,2026-09-24T06:08:30.76Z,80.67760833199836,27.09717508328295,44.97515755146887,38.61703443149393
lote-cultivo-03,2026-09-24T06:07:47.397Z,34.61,,,0
lote-cultivo-01,2026-09-24T06:07:16.23Z,48.90533178973614,43.33848056073023,27.93445943176955,20.15787828154577
lote-cultivo-03,2026-09-24T06:06:47.26Z,34.67,,,0
lote-cultivo-01,2026-09-24T06:06:01.707Z,21.202682394568047,48.63855217927091,52.42073261554403,69.09345720881694
lote-cultivo-03,2026-09-24T06:05:47.121Z,34.88,,,0
lote-cultivo-01,2026-09-24T06:04:47.168Z,45.35925221507522,71.60876754986744,37.32200833801151,41.92083717546748
lote-cultivo-03,2026-09-24T06:04:46.981Z,34.9,,,0
lote-cultivo-03,2026-09-24T06:03:46.843Z,35.07,,,0
lote-cultivo-01,2026-09-24T06:03:32.654Z,42.25246191613829,94.86135768954584,74.92917528743503,82.06936266815721
lote-cultivo-03,2026-09-24T06:02:46.71Z,35.12,,,0
lote-cultivo-01,2026-09-24T06:02:18.121Z,9.55772462467726,74.26731461494266,37.62329208994441,56.91231168725206
lote-cultivo-03,2026-09-24T06:01:46.566Z,35.15,,,0
lote-cultivo-01,2026-09-24T06:01:03.608Z,34.639017256360106,32.20583169164854,85.25520572570161,14.084262988388929
lote-cultivo-03,2026-09-24T06:00:46.416Z,35.15,,,0
lote-cultivo-01,2026-09-24T05:59:49.082Z,80.54068249770188,17.028556112808847,39.24710064396575,61.18931638851095
lote-cultivo-03,2026-09-24T05:59:46.274Z,35.34,,,0
lote-cultivo-03,2026-09-24T05:58:46.12Z,35.56,,,0
lote-cultivo-01,2026-09-24T05:58:34.566Z,62.75665213419093,21.985149074291265,46.526167328244384,22.591458805518855
lote-cultivo-03,2026-09-24T05:57:45.984Z,35.8,,,0
lote-cultivo-01,2026-09-24T05:57:20.041Z,38.94722969074653,29.92161932097804,53.64559410602757,71.18853509501153
lote-cultivo-03,2026-09-24T05:56:45.856Z,35.92,,,0
lote-cultivo-01,2026-09-24T05:56:05.504Z,62.95435117366508,53.22534334885451,18.833438791468502,77.20701681523717
lote-cultivo-03,2026-09-24T05:55:45.702Z,36.07,,,0
lote-cultivo-01,2026-09-24T05:54:50.978Z,59.180784361109154,81.01529159248231,58.4441941215473,26.352422164478064
lote-cultivo-03,2026-09-24T05:54:45.551Z,36.3,,,0
lote-cultivo-03,2026-09-24T05:53:45.411Z,36.5,,,0
lote-cultivo-01,2026-09-24T05:53:36.451Z,17.162531390235202,83.29686616980953,37.78952556162004,68.87150058994959
lote-cultivo-03,2026-09-24T05:52:45.261Z,36.6,,,0
lote-cultivo-01,2026-09-24T05:52:21.924Z,29.487393106087517,68.6320765661951,66.78756596992494,23.054572940825803
lote-cultivo-03,2026-09-24T05:51:45.123Z,36.65,,,0
lote-cultivo-01,2026-09-24T05:51:07.404Z,73.98902274942589,53.55520443069367,50.72958801094353,46.693547630207725
lote-cultivo-03,2026-09-24T05:50:44.981Z,36.89,,,0
lote-cultivo-01,2026-09-24T05:49:52.886Z,62.798820080033,26.652296864838593,71.10663859585475,68.46891189489995
lote-cultivo-03,2026-09-24T05:49:44.852Z,36.89,,,0
lote-cultivo-03,2026-09-24T05:48:44.713Z,36.91,,,0
lote-cultivo-01,2026-09-24T05:48:38.357Z,45.22770240856991,3.1462960339542487,51.094076602617235,34.60948045202264
lote-cultivo-03,2026-09-24T05:47:44.548Z,36.94,,,0
lote-cultivo-01,2026-09-24T05:47:22.855Z,74.02152757635912,22.29121864469877,35.004291915570015,72.17910155061377
lote-cultivo-03,2026-09-24T05:46:44.411Z,36.99,,,0
lote-cultivo-01,2026-09-24T05:46:08.337Z,81.13366669865766,64.37012854718938,64.46536343226934,41.11675825844115
lote-cultivo-03,2026-09-24T05:45:44.267Z,37.08,,,0
lote-cultivo-01,2026-09-24T05:44:53.801Z,37.92393935543272,77.23500901608983,5.302623608805347,49.3603544065616
lote-cultivo-03,2026-09-24T05:44:44.123Z,37.23,,,0
lote-cultivo-03,2026-09-24T05:43:43.986Z,37.45,,,0
lote-cultivo-01,2026-09-24T05:43:39.269Z,36.01639132331906,70.90102018109991,72.84435991668873,53.97001638160498
lote-cultivo-03,2026-09-24T05:42:43.847Z,32.89,,,0
lote-cultivo-01,2026-09-24T05:42:24.759Z,72.46853620337289,73.8555607316159,30.26423877452466,25.07060387731019
lote-cultivo-03,2026-09-24T05:41:43.719Z,33.02,,,0
lote-cultivo-01,2026-09-24T05:41:10.231Z,58.535820121882,62.59059549387761,67.82617074308361,64.88886933787114
lote-cultivo-03,2026-09-24T05:40:43.592Z,33.12,,,0
lote-cultivo-01,2026-09-24T05:39:55.727Z,31.74649574422124,26.646602592105552,57.648835258605466,42.39133577466067
lote-cultivo-03,2026-09-24T05:39:43.442Z,33.35,,,0
lote-cultivo-03,2026-09-24T05:38:43.319Z,33.38,,,0
lote-cultivo-01,2026-09-24T05:38:41.202Z,62.60635342071671,9.494028409082537,62.09669478330797,70.86195162923752
lote-cultivo-03,2026-09-24T05:37:43.169Z,33.42,,,0
lote-cultivo-01,2026-09-24T05:37:26.684Z,82.75720051788628,27.48806776589638,56.61696077294741,64.4522075879024
lote-cultivo-03,2026-09-24T05:36:43.031Z,33.55,,,0
lote-cultivo-01,2026-09-24T05:36:12.163Z,48.69027262131305,50.15320684875553,32.23948927763209,19.80395663518519
lote-cultivo-03,2026-09-24T05:35:42.903Z,33.57,,,0
lote-cultivo-01,2026-09-24T05:34:57.648Z,44.96005510851073,67.90358333933568,66.49263373728266,57.01456708727734
lote-cultivo-03,2026-09-24T05:34:42.766Z,33.8,,,0
lote-cultivo-01,2026-09-24T05:33:43.126Z,77.57012589088896,83.08472350960663,1.9001002573800287,21.341199021483536
lote-cultivo-03,2026-09-24T05:33:42.629Z,33.88,,,0
lote-cultivo-03,2026-09-24T05:32:42.498Z,33.96,,,0
lote-cultivo-01,2026-09-24T05:32:28.601Z,57.64575030136546,74.73613986991184,77.80297790035509,65.813196696674
lote-cultivo-03,2026-09-24T05:31:42.353Z,34.16,,,0
lote-cultivo-01,2026-09-24T05:31:14.085Z,17.250971859575124,46.12533897564063,25.66324229789646,84.39694656424173
lote-cultivo-03,2026-09-24T05:30:42.208Z,34.19,,,0
lote-cultivo-01,2026-09-24T05:29:59.578Z,38.06641283803362,32.950241486662065,68.9440409238946,30.682865476128345
lote-cultivo-03,2026-09-24T05:29:42.051Z,34.36,,,0
lote-cultivo-01,2026-09-24T05:28:45.052Z,62.25842939697011,33.50664659335985,60.04543693143026,67.54653588716559
lote-cultivo-03,2026-09-24T05:28:41.922Z,34.46,,,0
lote-cultivo-03,2026-09-24T05:27:41.785Z,34.48,,,0
lote-cultivo-01,2026-09-24T05:27:30.542Z,36.750607693643786,25.747726098454233,58.89722701291317,16.088085725117267
lote-cultivo-03,2026-09-24T05:26:41.655Z,34.72,,,0
lote-cultivo-01,2026-09-24T05:26:16.029Z,38.81151674529236,32.76141240454473,56.83437697824234,38.60826976105092
lote-cultivo-03,2026-09-24T05:25:41.502Z,34.73,,,0
lote-cultivo-01,2026-09-24T05:25:01.506Z,80.04042698386606,69.26149107465652,37.644855783874974,79.73546233674497
lote-cultivo-03,2026-09-24T05:24:41.362Z,34.83,,,0
lote-cultivo-03,2026-09-25T01:41:34.939Z,24.68,,,0
lote-cultivo-01,2026-09-25T01:41:27.473Z,52.58654550264278,47.60364013958585,65.55985314427508,38.90650693905401
lote-cultivo-03,2026-09-25T01:40:34.813Z,24.89,,,0
lote-cultivo-01,2026-09-25T01:40:12.895Z,18.42092751830147,27.28917212460892,24.74023250937545,64.92261005780612
lote-cultivo-03,2026-09-25T01:39:34.674Z,24.95,,,0
lote-cultivo-01,2026-09-25T01:38:58.321Z,47.64394601541464,12.316445574901657,56.60645585836468,53.582229633826906
lote-cultivo-03,2026-09-25T01:38:34.524Z,25.2,,,0
lote-cultivo-01,2026-09-25T01:37:43.778Z,89.37901772319113,18.15762956400787,25.302850463036837,40.447112671438376
lote-cultivo-03,2026-09-25T01:37:34.386Z,25.34,,,0
lote-cultivo-03,2026-09-25T01:36:34.25Z,25.52,,,0
lote-cultivo-01,2026-09-25T01:36:29.2Z,68.68032424980028,53.73911633114287,55.527981622772735,69.58783118708054
lote-cultivo-03,2026-09-25T01:35:34.113Z,25.76,,,0
lote-cultivo-01,2026-09-25T01:35:14.631Z,52.30315896516237,80.06324354241546,38.75696392901978,21.015438052142425
lote-cultivo-03,2026-09-25T01:34:33.973Z,25.88,,,0
lote-cultivo-01,2026-09-25T01:34:00.04Z,78.34870841270784,75.47474517586711,72.18830877296591,56.24023010234288
lote-cultivo-03,2026-09-25T01:33:33.821Z,26.02,,,0
lote-cultivo-01,2026-09-25T01:32:45.454Z,66.17869880707107,70.05253769248682,56.04854139902302,48.4093359372041
lote-cultivo-03,2026-09-25T01:32:33.684Z,26.06,,,0
lote-cultivo-03,2026-09-25T01:31:33.549Z,26.28,,,0
lote-cultivo-01,2026-09-25T01:31:30.912Z,20.924500678050855,66.36330752279765,50.6215219816352,41.49969834735293
lote-cultivo-03,2026-09-25T01:30:33.41Z,26.31,,,0
lote-cultivo-01,2026-09-25T01:30:16.351Z,34.86057549840846,35.71578205335405,76.39313052736715,92.94326240338702
lote-cultivo-03,2026-09-25T01:29:33.273Z,26.49,,,0
lote-cultivo-01,2026-09-25T01:29:01.775Z,72.9918570422362,3.960888907831291,10.291386903692208,28.605024211931717
lote-cultivo-03,2026-09-25T01:28:33.134Z,26.66,,,0
lote-cultivo-01,2026-09-25T01:27:47.182Z,55.41892456364164,18.12614462884187,71.10290821571346,48.136832477377006
lote-cultivo-01,2026-09-25T01:26:32.623Z,40.28624065263403,54.80044912655243,14.638646337377953,41.84370330829411
lote-cultivo-01,2026-09-25T01:25:18.022Z,73.56108821623448,70.02833841440139,59.835286794504825,19.549728501299043
lote-cultivo-01,2026-09-25T01:24:03.428Z,73.50236109404214,73.76153009239131,41.42270287904497,92.65898494920567
lote-cultivo-01,2026-09-25T01:22:48.868Z,28.829222234117317,76.95987465732156,68.55976151182293,50.587679213436886
lote-cultivo-01,2026-09-25T01:21:34.321Z,32.12441302191454,60.14938801611994,57.9482163902017,56.2738428633927
lote-cultivo-01,2026-09-25T01:20:19.761Z,63.06709806884568,32.54576787174842,51.48266588454605,50.52626780819224
lote-cultivo-01,2026-09-25T01:19:05.174Z,40.2910421478559,23.822069814757185,73.89717944797029,9.66978481109766
lote-cultivo-01,2026-09-25T01:17:50.619Z,16.907814889574464,27.733283561466564,10.11284275558702,66.62790648559572
lote-cultivo-01,2026-09-25T01:16:36.043Z,51.41858598554268,34.858213427407776,72.98690650516806,49.787806869947346
lote-cultivo-01,2026-09-25T01:15:21.476Z,65.79834389339182,60.49124616219961,13.29775269118171,64.8502318644081
lote-cultivo-01,2026-09-25T01:14:06.916Z,32.17875242207906,86.84591110967891,58.01534483233717,62.744961922807974
lote-cultivo-01,2026-09-25T01:12:52.317Z,37.517134674937765,74.35596184337334,48.268245309136695,26.59387371795775
lote-cultivo-01,2026-09-25T01:11:37.761Z,70.82854163264366,43.69219156370783,60.978737794125735,59.17155000855123
lote-cultivo-01,2026-09-25T01:10:23.183Z,46.392884721411065,38.676602388140346,62.1174022281126,31.204184061891464
lote-cultivo-01,2026-09-25T01:09:08.604Z,10.345695707984593,41.67633524070426,53.505515911007414,58.75016079101813
lote-cultivo-01,2026-09-25T01:07:54.009Z,35.329655127252416,28.944578327389397,65.54894405514302,59.101443236849725
lote-cultivo-01,2026-09-25T01:06:39.427Z,54.38348670482929,32.05281538377531,19.67924252447703,35.79983938366675
lote-cultivo-01,2026-09-25T01:05:24.861Z,28.340601863636515,62.29459807962401,63.57073551370763,79.87282228509596
lote-cultivo-01,2026-09-25T01:04:10.26Z,38.968090241623145,76.80092231800026,22.470918374316305,30.687188187582443
lote-cultivo-01,2026-09-25T01:02:55.706Z,83.66508046137906,63.403355562423634,47.07271753279548,51.144916276842835
lote-cultivo-03,2026-09-25T01:02:52.758Z,26.76,,,0
lote-cultivo-03,2026-09-25T01:01:52.627Z,26.89,,,0
lote-cultivo-01,2026-09-25T01:01:41.127Z,69.19247429609374,51.27195719071074,64.02604069316116,51.10216048478474
lote-cultivo-03,2026-09-25T01:00:52.49Z,27.11,,,0
lote-cultivo-01,2026-09-25T01:00:26.576Z,28.021968684483017,42.9337471282127,43.78530474467311,17.087270079705895
lote-cultivo-03,2026-09-25T00:59:52.357Z,27.2,,,0
lote-cultivo-01,2026-09-25T00:59:11.968Z,41.99407710413132,31.73252560203113,76.98959378868918,86.5417446715579
lote-cultivo-03,2026-09-25T00:58:52.218Z,27.22,,,0
lote-cultivo-01,2026-09-25T00:57:57.396Z,56.83375381753538,37.09347690882889,45.33929545018573,48.95152909065625
lote-cultivo-03,2026-09-25T00:57:52.085Z,27.41,,,0
lote-cultivo-03,2026-09-25T00:56:51.946Z,27.52,,,0
lote-cultivo-01,2026-09-25T00:56:42.809Z,26.79447009353442,55.672464391784345,64.7391033732384,56.24415318513727
lote-cultivo-03,2026-09-25T00:55:51.808Z,27.54,,,0
lote-cultivo-01,2026-09-25T00:55:28.222Z,32.477758326665324,57.637344828491855,24.962226819464732,60.804498676408095
lote-cultivo-03,2026-09-25T00:54:51.666Z,27.59,,,0
lote-cultivo-01,2026-09-25T00:54:13.641Z,83.93517740880799,52.6241691341021,56.309777464375266,2.9979126594112793
lote-cultivo-03,2026-09-25T00:53:51.544Z,27.63,,,0
lote-cultivo-01,2026-09-25T00:52:59.041Z,83.82569554400642,62.47593156175403,29.382694433949176,62.76261782789276
lote-cultivo-03,2026-09-25T00:52:51.405Z,27.8,,,0
lote-cultivo-03,2026-09-25T00:51:51.266Z,27.8,,,0
lote-cultivo-01,2026-09-25T00:51:44.444Z,47.30387423326627,60.68347549089776,40.05253473933575,52.283136386255
lote-cultivo-03,2026-09-25T00:50:51.119Z,27.9,,,0
lote-cultivo-01,2026-09-25T00:50:29.89Z,58.80515751194013,33.63894853740519,75.55649560682937,62.46491030349721
lote-cultivo-03,2026-09-25T00:49:50.972Z,28.02,,,0
lote-cultivo-01,2026-09-25T00:49:15.299Z,73.04435720723822,26.34917684310627,29.245390562226536,76.88209734925428
lote-cultivo-03,2026-09-25T00:48:50.835Z,28.22,,,0
lote-cultivo-01,2026-09-25T00:48:00.721Z,35.771859692448444,52.51301496341271,92.41799359581968,19.55401758964592
lote-cultivo-03,2026-09-25T00:47:50.7Z,28.31,,,0
lote-cultivo-03,2026-09-25T00:46:50.545Z,28.51,,,0
lote-cultivo-01,2026-09-25T00:46:46.124Z,25.95861407190469,65.53566894470892,33.53717619424133,47.99273798830869
lote-cultivo-03,2026-09-25T00:45:50.387Z,28.69,,,0
lote-cultivo-01,2026-09-25T00:45:31.518Z,70.89057622707185,55.0672089743407,68.50755931493691,34.90834906869742
lote-cultivo-03,2026-09-25T00:44:50.251Z,28.75,,,0
lote-cultivo-01,2026-09-25T00:44:16.926Z,76.66498312803922,53.88439864979,25.8612013183569,55.93401025963571
lote-cultivo-03,2026-09-25T00:43:50.099Z,28.85,,,0
lote-cultivo-01,2026-09-25T00:43:02.33Z,44.60588919714215,56.55186694568483,53.27823015131739,75.31474380242875
lote-cultivo-03,2026-09-25T00:42:49.954Z,29.04,,,0
lote-cultivo-03,2026-09-25T00:41:49.814Z,29.05,,,0
lote-cultivo-01,2026-09-25T00:41:47.713Z,59.49609228787872,42.565879136793974,30.441390097432,37.48827686312457
lote-cultivo-03,2026-09-25T00:40:49.679Z,29.2,,,0
lote-cultivo-01,2026-09-25T00:40:33.093Z,83.18471780491699,32.94661228154154,42.62880172963027,65.2096120333846
lote-cultivo-03,2026-09-25T00:39:49.538Z,29.28,,,0
lote-cultivo-01,2026-09-25T00:39:18.49Z,48.69141391778808,42.16606894013848,74.26252215976704,27.95743980567515
lote-cultivo-03,2026-09-25T00:38:49.402Z,29.44,,,0
lote-cultivo-01,2026-09-25T00:38:03.914Z,26.418785108891292,50.534816433852306,28.905184013106556,46.3749804826881
lote-cultivo-03,2026-09-25T00:37:49.255Z,29.55,,,0
lote-cultivo-01,2026-09-25T00:36:49.326Z,59.35686926915427,57.72864704099467,95.15973664323512,64.43452005179691
lote-cultivo-03,2026-09-25T00:36:49.12Z,29.75,,,0
lote-cultivo-03,2026-09-25T00:35:48.964Z,29.87,,,0
lote-cultivo-01,2026-09-25T00:35:34.754Z,61.36819077000998,72.61607963802363,31.39736459161021,25.753735059494915
lote-cultivo-03,2026-09-25T00:34:48.828Z,30.02,,,0
lote-cultivo-01,2026-09-25T00:34:20.165Z,24.51590117113027,68.5278234343577,64.77438725176329,79.78679885112983
lote-cultivo-03,2026-09-25T00:33:48.693Z,30.22,,,0
lote-cultivo-01,2026-09-25T00:33:05.583Z,38.07151020327946,37.516704131396246,33.41276628332956,42.841282302037186
lote-cultivo-03,2026-09-25T00:32:48.558Z,30.43,,,0
lote-cultivo-01,2026-09-25T00:31:50.984Z,73.94513553503971,24.126935409508143,44.1136319398714,47.92377256485004
lote-cultivo-03,2026-09-25T00:31:48.417Z,30.64,,,0
lote-cultivo-03,2026-09-25T00:30:48.282Z,30.76,,,0
lote-cultivo-01,2026-09-25T00:30:36.415Z,52.862492011484605,40.120309416903694,36.01744374000715,69.75188696181675
lote-cultivo-03,2026-09-25T00:29:48.161Z,30.77,,,0
lote-cultivo-01,2026-09-25T00:29:21.799Z,31.00331713482558,46.18076239900036,44.340502865086144,8.302065535808685
lote-cultivo-03,2026-09-25T00:28:48.019Z,30.92,,,0
lote-cultivo-01,2026-09-25T00:28:07.204Z,59.84962788990881,43.686675567500934,68.58462697550178,62.722011262858025
lote-cultivo-03,2026-09-25T00:27:47.888Z,31.13,,,0
lote-cultivo-01,2026-09-25T00:26:52.561Z,59.9382056604672,64.45800832528143,37.0762108060015,51.06082136850912
lote-cultivo-03,2026-09-25T00:26:47.745Z,31.3,,,0
lote-cultivo-03,2026-09-25T00:25:47.609Z,31.34,,,0
lote-cultivo-01,2026-09-25T00:25:37.987Z,13.726514744109776,84.61270028067337,87.7939617966842,52.19448052554927
lote-cultivo-03,2026-09-25T00:24:47.468Z,31.39,,,0
lote-cultivo-01,2026-09-25T00:24:23.426Z,16.043777828799207,66.95717674591457,38.44562731620143,86.4116749806868
lote-cultivo-03,2026-09-25T00:23:47.326Z,31.59,,,0
lote-cultivo-01,2026-09-25T00:23:08.825Z,55.38468316395663,36.89695617301008,53.23176082253015,20.774709744337983
lote-cultivo-03,2026-09-25T00:22:47.193Z,31.72,,,0
lote-cultivo-01,2026-09-25T00:21:54.203Z,46.40863813708746,26.568230565205823,48.83798434115445,43.831452577772616
lote-cultivo-03,2026-09-25T00:21:47.053Z,31.8,,,0
lote-cultivo-03,2026-09-25T00:20:46.918Z,32.04,,,0
lote-cultivo-01,2026-09-25T00:20:39.638Z,31.212968118249908,25.382541521171618,25.385419157690492,37.3744082170352
lote-cultivo-03,2026-09-25T00:19:46.774Z,32.27,,,0
lote-cultivo-01,2026-09-25T00:19:25.072Z,66.82992213840842,31.930520636455174,52.59335740768187,45.284454514161816
lote-cultivo-03,2026-09-25T00:18:46.64Z,32.44,,,0
lote-cultivo-01,2026-09-25T00:18:10.465Z,75.91309453109616,57.620853070811926,35.752806688542584,86.87480498379307
lote-cultivo-03,2026-09-25T00:17:46.491Z,32.47,,,0
lote-cultivo-01,2026-09-25T00:16:55.874Z,27.393293550961367,78.35357204927207,70.41227666889968,44.48324697913579
lote-cultivo-03,2026-09-25T00:16:46.365Z,32.5,,,0
lote-cultivo-03,2026-09-25T00:15:46.212Z,32.71,,,0
lote-cultivo-01,2026-09-25T00:15:41.293Z,16.684002128200685,73.4647208619337,41.00829624616907,56.8119766856914
lote-cultivo-03,2026-09-25T00:14:46.079Z,32.87,,,0
lote-cultivo-01,2026-09-25T00:14:26.704Z,49.88467295205483,64.77498443843479,82.65553398094893,27.63957473283083
lote-cultivo-03,2026-09-25T00:13:45.953Z,27.44,,,0
lote-cultivo-01,2026-09-25T00:13:12.112Z,42.14472215352233,56.66867582953387,42.87331081693018,33.94067539605052
lote-cultivo-03,2026-09-25T00:12:45.806Z,27.56,,,0
lote-cultivo-01,2026-09-25T00:11:57.546Z,26.13545877351938,27.55394262960919,45.954736019880784,71.61789776489293
lote-cultivo-03,2026-09-25T00:11:45.673Z,27.61,,,0
lote-cultivo-03,2026-09-25T00:10:45.536Z,27.72,,,0
lote-cultivo-01,2026-09-25T00:10:42.966Z,66.48458339726518,3.55132124661893,59.51457461650185,39.9604464818922
lote-cultivo-03,2026-09-25T00:09:45.409Z,27.92,,,0
lote-cultivo-01,2026-09-25T00:09:28.393Z,90.43827113435344,26.54296838718472,9.990344774650575,77.65511727402368
lote-cultivo-03,2026-09-25T00:08:45.271Z,28.09,,,0
lote-cultivo-01,2026-09-25T00:08:13.821Z,50.594543640930944,66.50029158105707,69.11318396680021,40.08571528848211
lote-cultivo-03,2026-09-25T00:07:45.132Z,28.22,,,0
lote-cultivo-01,2026-09-25T00:06:59.224Z,35.56968324407756,76.37409185186912,24.170298854727235,33.66203548914983
lote-cultivo-03,2026-09-25T00:06:44.979Z,28.4,,,0
lote-cultivo-03,2026-09-25T00:05:44.831Z,28.41,,,0
lote-cultivo-01,2026-09-25T00:05:44.633Z,64.02448120555626,72.9620273650854,76.16876176984664,69.82219045193956
lote-cultivo-03,2026-09-25T00:04:44.693Z,28.47,,,0
lote-cultivo-01,2026-09-25T00:04:30.043Z,51.96523034526501,75.01983178280675,41.249692731087464,18.92506119841732
lote-cultivo-03,2026-09-25T00:03:44.552Z,28.68,,,0
lote-cultivo-01,2026-09-25T00:03:15.469Z,24.09021781381572,57.38046934529963,81.38261375378534,68.98760536215585
lote-cultivo-03,2026-09-25T00:02:44.4Z,28.69,,,0
lote-cultivo-01,2026-09-25T00:02:00.942Z,56.332454229409315,22.697408224760725,41.631772234272965,52.27451631405826
lote-cultivo-03,2026-09-25T00:01:44.275Z,28.86,,,0
lote-cultivo-01,2026-09-25T00:00:46.4Z,86.91645248145421,11.070054897138244,48.38253604830612,38.79406079437751
lote-cultivo-03,2026-09-25T00:00:44.138Z,29.03,,,0
lote-cultivo-03,2026-09-24T23:59:43.999Z,29.11,,,0
lote-cultivo-01,2026-09-24T23:59:31.885Z,56.64659337795669,26.08782794900207,57.33175550259318,86.07274075623981
lote-cultivo-03,2026-09-24T23:58:43.845Z,29.11,,,0
lote-cultivo-01,2026-09-24T23:58:17.361Z,45.64969305540517,46.40949756804225,9.283992207530286,23.16347719991939
lote-cultivo-03,2026-09-24T23:57:43.713Z,29.22,,,0
lote-cultivo-01,2026-09-24T23:57:02.847Z,79.36519481131002,72.85482485967631,71.48293277389102,48.803081729649264
lote-cultivo-03,2026-09-24T23:56:43.564Z,29.33,,,0
lote-cultivo-01,2026-09-24T23:55:48.337Z,69.87871566648137,93.0563803575532,23.63096168472557,43.860831453800195
lote-cultivo-03,2026-09-24T23:55:43.44Z,29.34,,,0
lote-cultivo-03,2026-09-24T23:54:43.29Z,29.59,,,0
lote-cultivo-01,2026-09-24T23:54:33.802Z,31.476205565813647,77.04301210288048,72.42363066781407,31.09114076304264
lote-cultivo-03,2026-09-24T23:53:43.152Z,29.63,,,0
lote-cultivo-01,2026-09-24T23:53:19.266Z,48.32993537492265,42.660329593803795,48.93635600473432,89.39993900586921
lote-cultivo-03,2026-09-24T23:52:43.001Z,29.65,,,0
lote-cultivo-01,2026-09-24T23:52:04.753Z,72.66179375941458,30.257270935295395,73.0508432038164,48.42772580218636
lote-cultivo-03,2026-09-24T23:51:42.862Z,29.74,,,0
lote-cultivo-01,2026-09-24T23:50:50.242Z,41.40952879372868,27.627762336127663,46.71079742822032,55.778086256683046
lote-cultivo-03,2026-09-24T23:50:42.726Z,29.92,,,0
lote-cultivo-03,2026-09-24T23:49:42.589Z,30.17,,,0
lote-cultivo-01,2026-09-24T23:49:35.697Z,30.211255701168767,17.16006953340297,48.43966725133864,37.04668680079368
lote-cultivo-03,2026-09-24T23:48:42.449Z,30.29,,,0
lote-cultivo-01,2026-09-24T23:48:21.135Z,72.21136902548571,31.407508376238702,53.56439655620608,19.836375235691936
lote-cultivo-03,2026-09-24T23:47:42.3Z,30.53,,,0
lote-cultivo-01,2026-09-24T23:47:06.607Z,76.15132192730746,75.72090972516477,14.230501925258393,68.73233623375971
lote-cultivo-03,2026-09-24T23:46:42.158Z,30.77,,,0
lote-cultivo-01,2026-09-24T23:45:52.085Z,40.304799118704416,94.99197233111904,66.42022147987807,49.86423165125499
lote-cultivo-03,2026-09-24T23:45:42.005Z,30.86,,,0
lote-cultivo-03,2026-09-24T23:44:41.87Z,31.08,,,0
lote-cultivo-01,2026-09-24T23:44:37.544Z,49.75909412684316,72.6778287378927,30.651088109337763,76.4933218989658
lote-cultivo-03,2026-09-24T23:43:41.718Z,31.3,,,0
lote-cultivo-01,2026-09-24T23:43:23.002Z,68.32362043464913,49.89363249070776,60.80229255266939,47.92628042788661
lote-cultivo-03,2026-09-24T23:42:41.569Z,31.35,,,0
lote-cultivo-01,2026-09-24T23:42:08.48Z,29.587246084445702,37.42104282155618,65.89690790640837,25.391210557829197
lote-cultivo-03,2026-09-24T23:41:41.436Z,31.57,,,0
lote-cultivo-01,2026-09-24T23:40:53.966Z,7.2397388868144175,20.979537265649068,53.47267015940053,59.70432130939328
lote-cultivo-03,2026-09-24T23:40:41.299Z,31.61,,,0
lote-cultivo-03,2026-09-24T23:39:41.158Z,31.75,,,0
lote-cultivo-01,2026-09-24T23:39:39.415Z,48.03258167596249,19.061802200604777,64.05236452392458,25.89802233313235
lote-cultivo-03,2026-09-24T23:38:41.008Z,31.79,,,0
lote-cultivo-01,2026-09-24T23:38:24.882Z,63.37400349045195,43.00764861287427,36.6309031583895,73.86777786211644
lote-cultivo-03,2026-09-24T23:37:40.865Z,31.93,,,0
lote-cultivo-01,2026-09-24T23:37:10.359Z,37.12031064031911,64.8088047575343,59.71436916122425,57.363707029333376
lote-cultivo-03,2026-09-24T23:36:40.726Z,32.08,,,0
lote-cultivo-01,2026-09-24T23:35:55.826Z,51.52088901355925,73.94680595299052,11.196241366569318,34.14650492727381
lote-cultivo-03,2026-09-24T23:35:40.569Z,32.32,,,0
lote-cultivo-01,2026-09-24T23:34:41.268Z,74.41759850640584,80.41946578378456,66.95249091277758,76.17206012867507
lote-cultivo-03,2026-09-24T23:34:40.43Z,32.37,,,0
lote-cultivo-03,2026-09-24T23:33:40.288Z,32.6,,,0
lote-cultivo-01,2026-09-24T23:33:25.761Z,37.908606721311905,68.02182657847301,32.01790122474535,21.15274237119969
lote-cultivo-03,2026-09-24T23:32:40.157Z,32.83,,,0
lote-cultivo-01,2026-09-24T23:32:11.237Z,3.2725988824749317,30.388469079451408,58.19743741858595,54.204010787770166
lote-cultivo-03,2026-09-24T23:31:40.003Z,32.89,,,0
lote-cultivo-01,2026-09-24T23:30:56.713Z,34.652640402951626,14.29490368484562,76.09372048537428,57.63375325930215
lote-cultivo-03,2026-09-24T23:30:39.864Z,32.91,,,0
lote-cultivo-01,2026-09-24T23:29:42.187Z,53.61187830543657,35.59084446597872,37.79707441881593,24.852894061263783
lote-cultivo-03,2026-09-24T23:29:39.732Z,33.12,,,0
lote-cultivo-03,2026-09-24T23:28:39.562Z,33.29,,,0
lote-cultivo-01,2026-09-24T23:28:27.672Z,29.868436627696266,50.43421683499321,78.76346361291601,85.01910810594265
lote-cultivo-03,2026-09-24T23:27:39.429Z,33.41,,,0
lote-cultivo-01,2026-09-24T23:27:13.138Z,45.31842759678354,49.76399803480574,24.986400966395173,43.91055243512685
lote-cultivo-03,2026-09-24T23:26:39.273Z,33.63,,,0
lote-cultivo-01,2026-09-24T23:25:58.601Z,83.11635512467184,65.31133987973587,62.57122282781137,53.26767891170503
lote-cultivo-03,2026-09-24T23:25:39.148Z,33.68,,,0
lote-cultivo-01,2026-09-24T23:24:44.087Z,58.44489331682126,81.23898415823484,11.96256320534576,51.98775336230008
lote-cultivo-03,2026-09-24T23:24:39.009Z,33.85,,,0
lote-cultivo-03,2026-09-24T23:23:38.867Z,34.03,,,0
lote-cultivo-01,2026-09-24T23:23:29.553Z,22.29001746444637,62.44948639624158,69.06520728624159,13.24998151848746
lote-cultivo-03,2026-09-24T23:22:38.734Z,34.24,,,0
lote-cultivo-01,2026-09-24T23:22:15.045Z,46.37144136316572,33.44735732776962,28.216373152935994,65.67838837002957
lote-cultivo-03,2026-09-24T23:21:38.595Z,30.08,,,0
lote-cultivo-01,2026-09-24T23:21:00.542Z,60.54002870845019,28.957218446642045,62.48258269945585,51.70552076698575
lote-cultivo-03,2026-09-24T23:20:38.434Z,30.28,,,0
lote-cultivo-01,2026-09-24T23:19:46.013Z,28.90161566128616,35.355787972919686,73.43065536127,71.05704383080112
lote-cultivo-03,2026-09-24T23:19:38.294Z,30.46,,,0
lote-cultivo-03,2026-09-24T23:18:38.142Z,30.66,,,0
lote-cultivo-01,2026-09-24T23:18:31.493Z,36.31346063117101,42.17792957940663,37.71615081056534,61.868022968776074
lote-cultivo-03,2026-09-24T23:17:38.001Z,30.73,,,0
lote-cultivo-01,2026-09-24T23:17:16.985Z,78.7311214752804,59.63251630793689,79.88726272359014,20.14743072598924
lote-cultivo-03,2026-09-24T23:16:37.863Z,30.78,,,0
lote-cultivo-01,2026-09-24T23:16:02.473Z,66.84852304606855,70.68794387817509,26.672516449031995,50.16102841371867
lote-cultivo-03,2026-09-24T23:15:37.711Z,30.98,,,0
lote-cultivo-01,2026-09-24T23:14:47.951Z,37.890673357385324,58.71276315241817,56.25764935981056,29.09433666922412
lote-cultivo-03,2026-09-24T23:14:37.587Z,30.99,,,0
lote-cultivo-03,2026-09-24T23:13:37.437Z,31.06,,,0
lote-cultivo-01,2026-09-24T23:13:33.445Z,65.3630660663561,49.09377879554046,22.09523220513682,71.61784274776794
lote-cultivo-03,2026-09-24T23:12:37.3Z,31.16,,,0
lote-cultivo-01,2026-09-24T23:12:18.933Z,82.50123643113257,51.71467582101427,58.60309336781964,70.63612951820095
lote-cultivo-03,2026-09-24T23:11:37.165Z,31.21,,,0
lote-cultivo-01,2026-09-24T23:11:04.409Z,43.994051452845426,40.13621123693474,35.188622700171344,35.25349212925429
lote-cultivo-03,2026-09-24T23:10:37.016Z,31.3,,,0
lote-cultivo-01,2026-09-24T23:09:49.888Z,35.59517603144154,26.034626582995053,59.41035597980746,66.39255710442191
lote-cultivo-03,2026-09-24T23:09:36.881Z,31.35,,,0
lote-cultivo-03,2026-09-24T23:08:36.753Z,31.52,,,0
lote-cultivo-01,2026-09-24T23:08:35.379Z,69.05169815079324,45.44691758551617,73.90924200178632,16.795242941929082
lote-cultivo-03,2026-09-24T23:07:36.592Z,31.57,,,0
lote-cultivo-01,2026-09-24T23:07:20.873Z,57.65400773607703,72.72987141132793,37.7855614586709,54.57802080268812
lote-cultivo-03,2026-09-24T23:06:36.452Z,31.76,,,0
lote-cultivo-01,2026-09-24T23:06:06.35Z,29.977071877643095,64.50879514046052,79.19730223657504,64.78374838937896
lote-cultivo-03,2026-09-24T23:05:36.304Z,31.84,,,0
lote-cultivo-01,2026-09-24T23:04:51.831Z,62.78599809864415,45.25027983344235,31.116616696248656,28.78132115733839
lote-cultivo-03,2026-09-24T23:04:36.161Z,31.92,,,0
lote-cultivo-01,2026-09-24T23:03:37.319Z,92.22592516227076,47.55387213917135,46.011414756274846,83.25900942920454
lote-cultivo-03,2026-09-24T23:03:36.025Z,32.13,,,0
lote-cultivo-03,2026-09-24T23:02:35.885Z,32.17,,,0
lote-cultivo-01,2026-09-24T23:02:22.8Z,59.25811821282384,48.70916365683289,38.40746264849782,34.45710526393985
lote-cultivo-03,2026-09-24T23:01:35.73Z,32.3,,,0
lote-cultivo-01,2026-09-24T23:01:08.292Z,43.33326952806797,37.38817778800524,39.493613745390526,50.7656212918936
lote-cultivo-03,2026-09-24T23:00:35.588Z,32.32,,,0
lote-cultivo-01,2026-09-24T22:59:53.78Z,67.81792446026257,41.1373502677334,52.316314084770625,63.47494413708461
lote-cultivo-03,2026-09-24T22:59:35.467Z,32.34,,,72.3
lote-cultivo-01,2026-09-24T22:58:39.263Z,49.42402391255346,57.87938880825644,46.09595126586707,12.425870250330048
lote-cultivo-03,2026-09-24T22:58:35.331Z,32.37,,,145.8
lote-cultivo-03,2026-09-24T22:57:35.194Z,32.41,,,171.5
lote-cultivo-01,2026-09-24T22:57:24.739Z,11.526495487059028,61.60368686249288,83.55731016714718,67.70054149556954
lote-cultivo-03,2026-09-24T22:56:35.044Z,32.54,,,251.2
lote-cultivo-01,2026-09-24T22:56:10.227Z,38.990504202227726,58.92966327397564,29.44589764908822,46.11101558352617
lote-cultivo-03,2026-09-24T22:55:34.906Z,32.71,,,323.7
lote-cultivo-01,2026-09-24T22:54:55.723Z,76.78428250265348,57.41408163904723,87.35545893817626,60.265588288237325
lote-cultivo-03,2026-09-24T22:54:34.769Z,32.91,,,454.8
lote-cultivo-01,2026-09-24T22:53:41.206Z,55.08716421376931,41.06170401425387,25.26544840065511,76.64098247237435
lote-cultivo-03,2026-09-24T22:53:34.633Z,32.98,,,538.8
lote-cultivo-03,2026-09-24T22:52:34.482Z,33.19,,,494.9
lote-cultivo-01,2026-09-24T22:52:26.671Z,43.54975438511416,24.788284088554764,47.19384798469011,21.08024672354878
lote-cultivo-03,2026-09-24T22:51:34.334Z,33.31,,,558.2
lote-cultivo-01,2026-09-24T22:51:12.133Z,71.61624803829714,40.34985506238347,43.43896158923113,47.89300435817587
lote-cultivo-03,2026-09-24T22:50:34.217Z,33.52,,,629.3
lote-cultivo-01,2026-09-24T22:49:57.6Z,55.312093058932064,63.9137582041204,30.263905317255997,30.424891923660457
lote-cultivo-03,2026-09-24T22:49:34.066Z,33.58,,,665.9
lote-cultivo-01,2026-09-24T22:48:43.077Z,8.189575177176362,60.255310133198094,61.39197366985057,57.43900533177033
lote-cultivo-03,2026-09-24T22:48:33.931Z,33.8,,,775.9
lote-cultivo-03,2026-09-24T22:47:33.792Z,33.95,,,764.6
lote-cultivo-01,2026-09-24T22:47:28.549Z,20.71005488374555,55.29175309184933,39.5389252586526,80.53317827053935
lote-cultivo-03,2026-09-24T22:46:33.656Z,34.03,,,964.1
lote-cultivo-01,2026-09-24T22:46:13.044Z,58.49697579083277,66.06266799997594,85.5565598659539,41.53845378020632
lote-cultivo-03,2026-09-24T22:45:33.46Z,34.19,,,962.9
lote-cultivo-01,2026-09-24T22:44:58.52Z,42.0449227647056,58.65838779879513,29.3300999907858,60.2540198041704
lote-cultivo-03,2026-09-24T22:44:33.323Z,34.27,,,884.5
lote-cultivo-01,2026-09-24T22:43:44.009Z,31.248413508910243,27.586965906028997,87.82454549916032,16.154574013843632
lote-cultivo-03,2026-09-24T22:43:33.193Z,34.3,,,1229.1
lote-cultivo-03,2026-09-24T22:42:33.049Z,30.48,,,1246.1
lote-cultivo-01,2026-09-24T22:42:29.478Z,67.60374732522344,19.48860111464897,20.410813219171914,44.21196893714864
lote-cultivo-03,2026-09-24T22:41:32.908Z,30.66,,,1132.4
lote-cultivo-01,2026-09-24T22:41:14.952Z,66.72080353319923,41.209086502215655,49.7795474162187,71.25590978644584
lote-cultivo-03,2026-09-24T22:40:32.772Z,30.77,,,1496.8
lote-cultivo-01,2026-09-24T22:40:00.441Z,22.260335090316016,58.090684506831366,44.31931431227186,39.69351992503137
lote-cultivo-03,2026-09-24T22:39:32.632Z,30.86,,,1276.8
lote-cultivo-01,2026-09-24T22:38:45.927Z,28.087781782955684,67.22185771637669,26.45972166923079,83.35411605779667
lote-cultivo-03,2026-09-24T22:38:32.481Z,30.92,,,1463.4
lote-cultivo-03,2026-09-24T22:37:32.343Z,25.35,,,1338.1
lote-cultivo-01,2026-09-24T22:37:31.402Z,59.90254685266009,76.03386145959144,66.3766536031914,29.49563659499226
lote-cultivo-03,2026-09-24T22:36:32.207Z,25.39,,,1488.7
lote-cultivo-01,2026-09-24T22:36:16.889Z,38.281399876601554,65.78041542510964,42.83970862062489,38.40938196434443
lote-cultivo-03,2026-09-24T22:35:32.075Z,25.39,,,1756.4
lote-cultivo-01,2026-09-24T22:35:02.375Z,20.01902521789831,40.5006610634392,76.69118331476662,66.33978221164799
lote-cultivo-03,2026-09-24T22:34:31.95Z,25.56,,,1673
lote-cultivo-01,2026-09-24T22:33:47.866Z,58.11684403656324,30.368867157197677,41.78178674251981,19.609245768359397
lote-cultivo-03,2026-09-24T22:33:31.792Z,25.68,,,1492.1
lote-cultivo-01,2026-09-24T22:32:33.345Z,70.9612477697334,30.41417932129404,75.76891082853959,76.04539482247334
lote-cultivo-03,2026-09-24T22:32:31.653Z,25.81,,,2169
lote-cultivo-03,2026-09-24T22:31:31.514Z,22,,,1793.2
lote-cultivo-01,2026-09-24T22:31:18.834Z,37.59135449210303,26.40590212234836,29.933157215545386,45.4508069838508
lote-cultivo-03,2026-09-24T22:30:31.382Z,22,,,2255.6
lote-cultivo-01,2026-09-24T22:30:04.313Z,47.026647343713904,43.33872892125894,43.08001341883849,45.41405458270811
lote-cultivo-03,2026-09-24T22:29:31.244Z,22,,,2281
lote-cultivo-01,2026-09-24T22:28:49.812Z,81.60609879586187,82.30922785046842,50.3725977823013,79.27353862509489
lote-cultivo-03,2026-09-24T22:28:31.094Z,22,,,2203.9
lote-cultivo-01,2026-09-24T22:27:35.288Z,57.12333989121957,91.24148841798988,19.99607352531087,21.573468322490168
lote-cultivo-03,2026-09-24T22:27:30.962Z,22,,,2302.6
lote-cultivo-03,2026-09-24T22:26:30.825Z,22,,,2620.2
lote-cultivo-01,2026-09-24T22:26:20.771Z,25.15814593991978,60.30745912095404,71.182708107133,54.38208548605258
lote-cultivo-03,2026-09-24T22:25:30.701Z,22,,,2684.6
lote-cultivo-01,2026-09-24T22:25:06.261Z,51.84604409748693,38.654628712244445,42.57411820680987,37.03618483305176
lote-cultivo-03,2026-09-24T22:24:30.557Z,22,,,2504.4
lote-cultivo-01,2026-09-24T22:23:51.732Z,65.26785710367373,35.14940021564852,69.57091573667545,42.1430293701606
lote-cultivo-03,2026-09-24T22:23:30.42Z,22,,,2178.6
lote-cultivo-01,2026-09-24T22:22:37.207Z,39.174816113859265,22.23831720516792,56.64740481015252,82.737485688002
lote-cultivo-03,2026-09-24T22:22:30.299Z,22,,,2764.6
lote-cultivo-03,2026-09-24T22:21:30.162Z,22,,,2333.3
lote-cultivo-01,2026-09-24T22:21:21.703Z,49.70924635040056,19.063782580201593,56.48753409718362,44.39169475897311
lote-cultivo-03,2026-09-24T22:20:30.011Z,22,,,2625.5
lote-cultivo-01,2026-09-24T22:20:07.188Z,93.87346202994986,48.02856535215907,44.99573030980601,59.35117529111787
lote-cultivo-03,2026-09-24T22:19:29.87Z,22,,,2478.1
lote-cultivo-01,2026-09-24T22:18:52.677Z,78.26216619842647,77.95171663231831,31.568129725691417,24.95927941342009
lote-cultivo-03,2026-09-24T22:18:29.73Z,22,,,3134.4
lote-cultivo-01,2026-09-24T22:17:37.174Z,37.09519590828341,83.94233618624925,57.92213134410409,32.63559393875644
lote-cultivo-03,2026-09-24T22:17:29.588Z,22,,,3247.2
lote-cultivo-03,2026-09-24T22:16:29.447Z,22,,,3075.6
lote-cultivo-01,2026-09-24T22:16:22.669Z,50.36061823909722,77.01782947766742,13.562563199913551,72.64206356226167
lote-cultivo-03,2026-09-24T22:15:29.29Z,22,,,2680.7
lote-cultivo-01,2026-09-24T22:15:08.157Z,62.690794407898096,56.38562877013935,83.45736661627568,46.56463764197967
lote-cultivo-03,2026-09-24T22:14:29.135Z,22,,,2889
lote-cultivo-01,2026-09-24T22:13:53.627Z,29.091569580681657,21.4207217205904,35.658615502975984,84.01451177817195
lote-cultivo-03,2026-09-24T22:13:29.01Z,22,,,2666.6
lote-cultivo-01,2026-09-24T22:12:39.113Z,32.24920894555668,8.463770662565983,70.96887190522358,34.218953514463344
lote-cultivo-03,2026-09-24T22:12:28.872Z,22,,,3284.2
lote-cultivo-03,2026-09-24T22:11:28.736Z,22,,,3037.4
lote-cultivo-01,2026-09-24T22:11:24.602Z,81.95731483835858,31.299509952841532,62.47452511353922,23.816748876239252
lote-cultivo-03,2026-09-24T22:10:28.606Z,22,,,3636.3
lote-cultivo-01,2026-09-24T22:10:10.087Z,80.34924632339956,51.695143456857686,44.12955744107584,62.46984100772591
lote-cultivo-03,2026-09-24T22:09:28.47Z,22,,,3039.6
lote-cultivo-01,2026-09-24T22:08:55.58Z,43.781142817042394,59.54603908117099,55.072926586956285,25.755314637785613
lote-cultivo-03,2026-09-24T22:08:28.324Z,22,,,2988.8
lote-cultivo-01,2026-09-24T22:07:41.064Z,50.60065823650186,79.78033270498922,22.262482370012265,84.44521649716104
lote-cultivo-03,2026-09-24T22:07:28.171Z,22,,,4055.5
lote-cultivo-03,2026-09-24T22:06:28.031Z,22,,,4182.3
lote-cultivo-01,2026-09-24T22:06:25.557Z,62.644953056557064,92.46958689754187,61.825456342982534,58.58237899908825
lote-cultivo-03,2026-09-24T22:05:27.904Z,22,,,3978.7
lote-cultivo-01,2026-09-24T22:05:11.053Z,23.34957291331464,60.80303778576898,12.956776385862035,27.249163523599425
lote-cultivo-03,2026-09-24T22:04:27.764Z,22,,,4078.9
lote-cultivo-01,2026-09-24T22:03:56.536Z,12.120019159400274,19.11475757458992,87.37928898036564,68.633815938049
lote-cultivo-03,2026-09-24T22:03:27.632Z,22,,,3629.6
lote-cultivo-01,2026-09-24T22:02:42.012Z,57.79565251119612,14.312106458071822,31.238797960457703,19.560497287033723
lote-cultivo-03,2026-09-24T22:02:27.492Z,22,,,4081.4
lote-cultivo-01,2026-09-24T22:01:27.503Z,65.20063220874816,29.05933585677687,75.01857376444936,60.37934277390472
lote-cultivo-03,2026-09-24T22:01:27.355Z,22,,,4384.8
lote-cultivo-03,2026-09-24T22:00:27.216Z,22,,,3569.9
lote-cultivo-01,2026-09-24T22:00:12.999Z,33.98192309033023,40.84541006916702,62.16879968089704,58.60951924856009
lote-cultivo-03,2026-09-24T21:59:27.07Z,22,,,3374.5
lote-cultivo-01,2026-09-24T21:58:58.461Z,48.65912471641655,62.420687568644794,38.55331271989581,35.10706468106895
lote-cultivo-03,2026-09-24T21:58:26.938Z,22,,,4287.8
lote-cultivo-01,2026-09-24T21:57:43.944Z,70.60539010848886,84.00292973184824,58.90061303446794,77.39119017688007
lote-cultivo-03,2026-09-24T21:57:26.799Z,22,,,3991.4
lote-cultivo-01,2026-09-24T21:56:29.437Z,34.31737009488296,78.32586857445655,24.51412089725865,37.612729186636926
lote-cultivo-03,2026-09-24T21:56:26.677Z,22,,,4348.2
lote-cultivo-03,2026-09-24T21:55:26.531Z,22,,,4913.2
lote-cultivo-01,2026-09-24T21:55:14.919Z,13.033642078512276,57.77309683086924,54.39059204962978,55.73829362721365
lote-cultivo-03,2026-09-24T21:54:26.413Z,22,,,4198.1
lote-cultivo-01,2026-09-24T21:54:00.401Z,47.10352004883338,43.05430034546378,24.95461370597343,43.22353179544082
lote-cultivo-03,2026-09-24T21:53:26.242Z,22,,,4332.1
lote-cultivo-01,2026-09-24T21:52:44.897Z,55.450782597269786,22.870089012181037,77.02631390804264,29.791582708343068
lote-cultivo-03,2026-09-24T21:52:26.099Z,22,,,3822.4
lote-cultivo-01,2026-09-24T21:51:30.374Z,22.779879842556277,11.46208126385963,39.54954871218556,70.0589501139433
lote-cultivo-03,2026-09-24T21:51:25.981Z,22,,,4821.4
lote-cultivo-03,2026-09-24T21:50:25.842Z,22,,,4531.4
lote-cultivo-01,2026-09-24T21:50:15.866Z,37.52346489428238,38.43757233698032,70.57383150273063,45.12947604911059
lote-cultivo-03,2026-09-24T21:49:25.719Z,22,,,4455.6
lote-cultivo-01,2026-09-24T21:49:01.329Z,73.41219703189246,74.86060541184014,65.59679260693481,77.04222616148408
lote-cultivo-03,2026-09-24T21:48:25.574Z,22,,,5189
lote-cultivo-01,2026-09-24T21:47:46.815Z,51.66073620147299,75.4822099824871,31.526811771015296,45.68595442708087
lote-cultivo-03,2026-09-24T21:47:25.441Z,22,,,5399.5
lote-cultivo-01,2026-09-24T21:46:32.293Z,28.502837203024633,61.03250490231464,64.8948666348402,17.884150360824684
lote-cultivo-03,2026-09-24T21:46:25.29Z,22,,,4530.5
lote-cultivo-03,2026-09-24T21:45:25.138Z,22,,,4774.6
lote-cultivo-01,2026-09-24T21:45:16.785Z,58.96558658947446,62.46408351497139,20.508501071040943,61.7075002709032
lote-cultivo-03,2026-09-24T21:44:25.003Z,22,,,4918.2
lote-cultivo-01,2026-09-24T21:44:02.268Z,66.05458737154198,52.79655487111092,49.32305605146471,28.105790959323507
lote-cultivo-03,2026-09-24T21:43:24.879Z,22,,,5381.4
lote-cultivo-01,2026-09-24T21:42:47.752Z,25.173617575509123,24.470366290280396,41.349400262598515,82.86364072421054
lote-cultivo-03,2026-09-24T21:42:24.738Z,22,,,5829.3
lote-cultivo-01,2026-09-24T21:41:33.233Z,28.987310252124743,19.489308917166547,58.704996316322614,70.27593746971884
lote-cultivo-03,2026-09-24T21:41:24.615Z,22,,,5074.8
lote-cultivo-03,2026-09-24T21:40:24.463Z,22,,,5821.9
lote-cultivo-01,2026-09-24T21:40:18.723Z,69.57426762777696,44.07829239925477,57.45994037218234,22.736299616459178
lote-cultivo-03,2026-09-24T21:39:24.325Z,22,,,5843.7
lote-cultivo-01,2026-09-24T21:39:04.197Z,60.618022440434075,61.66836422659103,57.83636292398827,61.985219886404096
lote-cultivo-03,2026-09-24T21:38:24.191Z,22,,,6237.1
lote-cultivo-01,2026-09-24T21:37:49.677Z,42.98986860553324,67.06628312283298,73.9562887618567,13.902111904781156
lote-cultivo-03,2026-09-24T21:37:24.039Z,22,,,5572
lote-cultivo-01,2026-09-24T21:36:35.155Z,77.58918806125305,70.39140597701984,21.59280405546021,59.01449361472846
lote-cultivo-03,2026-09-24T21:36:23.917Z,22,,,6207.2
lote-cultivo-01,2026-09-29T01:30:58.687Z,16.889198802013134,49.31938012828182,64.39422992679695,40.32666790582204
lote-cultivo-03,2026-09-29T01:30:58.645Z,32.63,,,0
lote-cultivo-03,2026-09-29T01:29:58.513Z,32.65,,,0
lote-cultivo-01,2026-09-29T01:29:44.161Z,46.51565237494703,40.00190483931877,21.162433310096677,88.10360992029234
lote-cultivo-03,2026-09-29T01:28:58.364Z,32.67,,,0
lote-cultivo-01,2026-09-29T01:28:29.635Z,83.55411147360526,51.62555352296228,59.216313261476785,37.13254690778701
lote-cultivo-03,2026-09-29T01:27:58.229Z,32.72,,,0
lote-cultivo-01,2026-09-29T01:27:15.111Z,61.55791058240621,73.56463381036015,20.48338487702611,74.79474114863433
lote-cultivo-03,2026-09-29T01:26:58.105Z,32.78,,,0
lote-cultivo-01,2026-09-29T01:26:00.577Z,52.9706419366036,62.495095369136834,66.41560573676718,33.775180725500014
lote-cultivo-03,2026-09-29T01:25:57.96Z,32.84,,,0
lote-cultivo-03,2026-09-29T01:24:57.832Z,32.86,,,0
lote-cultivo-01,2026-09-29T01:24:46.054Z,83.56387906207246,35.82578108843766,55.76440688815866,24.448980613233704
lote-cultivo-03,2026-09-29T01:23:57.687Z,32.87,,,0
lote-cultivo-01,2026-09-29T01:23:31.521Z,68.24620086163566,35.26896747691293,48.601981482821586,70.6147144832435
lote-cultivo-03,2026-09-29T01:22:57.548Z,33,,,0
lote-cultivo-01,2026-09-29T01:22:17.002Z,23.34253237149997,46.714431394433454,82.57145232240866,32.91989451852023
lote-cultivo-03,2026-09-29T01:21:57.408Z,33.16,,,0
lote-cultivo-01,2026-09-29T01:21:02.469Z,38.448419453622435,47.91071782539113,32.37944362762511,71.22973768461142
lote-cultivo-03,2026-09-29T01:20:57.27Z,33.34,,,0
lote-cultivo-03,2026-09-29T01:19:57.13Z,33.54,,,0
lote-cultivo-01,2026-09-29T01:19:47.946Z,68.57013092426482,54.27760078586934,59.28678690293242,52.147512704176854
lote-cultivo-03,2026-09-29T01:18:56.98Z,33.76,,,0
lote-cultivo-01,2026-09-29T01:18:33.418Z,43.7881041724206,64.85846877976272,33.00937681677139,40.53570937090626
lote-cultivo-03,2026-09-29T01:17:56.849Z,33.76,,,0
lote-cultivo-01,2026-09-29T01:17:18.897Z,32.85374057508099,58.10667028836471,41.96332534433584,65.38909097234018
lote-cultivo-03,2026-09-29T01:16:56.707Z,34,,,0
lote-cultivo-01,2026-09-29T01:16:04.382Z,70.6843311345317,46.22611697650205,38.976052003871445,27.240795887409565
lote-cultivo-03,2026-09-29T01:15:56.571Z,34.16,,,0
lote-cultivo-03,2026-09-29T01:14:56.418Z,34.25,,,0
lote-cultivo-01,2026-09-29T01:14:49.863Z,69.6910506250161,45.57119104179605,50.408988795029074,56.71486412346975
lote-cultivo-03,2026-09-29T01:13:56.278Z,34.33,,,0
lote-cultivo-01,2026-09-29T01:13:35.338Z,30.286345971519513,38.68503611128347,67.72064641881272,39.64267343695592
lote-cultivo-03,2026-09-29T01:12:56.145Z,34.52,,,0
lote-cultivo-01,2026-09-29T01:12:20.805Z,41.35174246007598,29.487091334463628,39.06499053063677,52.41753225971028
lote-cultivo-03,2026-09-29T01:11:56.007Z,34.72,,,0
lote-cultivo-01,2026-09-29T01:11:06.278Z,67.63481606560984,49.23438351179307,91.5967182463164,78.93673719923336
lote-cultivo-03,2026-09-29T01:10:55.864Z,34.82,,,0
lote-cultivo-03,2026-09-29T01:09:55.726Z,34.84,,,0
lote-cultivo-01,2026-09-29T01:09:51.756Z,35.68569651642583,77.9735999369913,24.196496864607173,35.63106255518454
lote-cultivo-03,2026-09-29T01:08:55.581Z,34.88,,,0
lote-cultivo-01,2026-09-29T01:08:37.247Z,12.401912423021876,70.50285610244094,64.21934209906077,62.489646687826315
lote-cultivo-03,2026-09-29T01:07:55.449Z,34.93,,,0
lote-cultivo-01,2026-09-29T01:07:22.719Z,46.74043789918245,46.55302856997474,34.38580663878286,21.39088396161406
lote-cultivo-03,2026-09-29T01:06:55.306Z,34.97,,,0
lote-cultivo-01,2026-09-29T01:06:08.192Z,55.64506454350937,44.60071266178652,34.12287804970296,33.83284506323956
lote-cultivo-03,2026-09-29T01:05:55.169Z,35.17,,,0
lote-cultivo-03,2026-09-29T01:04:55.034Z,35.29,,,0
lote-cultivo-01,2026-09-29T01:04:53.647Z,26.170819128635404,44.092904208866344,50.151107614513855,82.02133793353053
lote-cultivo-03,2026-09-29T01:03:54.88Z,35.49,,,0
lote-cultivo-01,2026-09-29T01:03:39.126Z,43.988276549779464,27.83014044064897,40.23406808232093,41.0867232305833
lote-cultivo-03,2026-09-29T01:02:54.754Z,35.59,,,0
lote-cultivo-01,2026-09-29T01:02:24.61Z,79.29177844018669,29.707339089742895,74.35369291257871,82.28967553320976
lote-cultivo-03,2026-09-29T01:01:54.622Z,35.65,,,0
lote-cultivo-01,2026-09-29T01:01:10.097Z,50.211079959940704,57.8610941662114,34.94476662923694,35.362005454373566
lote-cultivo-03,2026-09-29T01:00:54.483Z,35.83,,,0
lote-cultivo-01,2026-09-29T00:59:55.575Z,16.56639962049211,74.97739193014368,95.74490575179028,16.089543886445988
lote-cultivo-03,2026-09-29T00:59:54.331Z,35.95,,,0
lote-cultivo-03,2026-09-29T00:58:54.21Z,36.11,,,0
lote-cultivo-01,2026-09-29T00:58:41.046Z,40.20342777222211,72.32101862288894,18.623971209392217,68.94001359937707
lote-cultivo-03,2026-09-29T00:57:54.073Z,36.27,,,0
lote-cultivo-01,2026-09-29T00:57:26.514Z,47.2258997038345,64.73888004925745,70.23737275219612,30.61510313461366
lote-cultivo-03,2026-09-29T00:56:53.934Z,36.46,,,0
lote-cultivo-01,2026-09-29T00:56:12.004Z,17.565517512760458,44.93224752072803,30.818594235833164,79.73095880293369
lote-cultivo-03,2026-09-29T00:55:53.801Z,36.54,,,0
lote-cultivo-01,2026-09-29T00:54:57.478Z,37.50854166772456,20.06941264311433,34.03537314384869,60.449760084725646
lote-cultivo-03,2026-09-29T00:54:53.665Z,36.64,,,0
lote-cultivo-03,2026-09-29T00:53:53.529Z,36.73,,,0
lote-cultivo-01,2026-09-29T00:53:42.966Z,85.18745933191254,22.723093435767,52.20266482125327,26.98075376911268
lote-cultivo-03,2026-09-29T00:52:53.388Z,36.81,,,0
lote-cultivo-01,2026-09-29T00:52:28.428Z,69.61076773718314,45.001978525262615,39.86179939402812,65.0899270294866
lote-cultivo-03,2026-09-29T00:51:53.246Z,36.85,,,0
lote-cultivo-01,2026-09-29T00:51:13.908Z,37.500084178982945,53.984407410724046,69.65508774502028,25.16200764951374
lote-cultivo-03,2026-09-29T00:50:53.11Z,36.87,,,0
lote-cultivo-01,2026-09-29T00:49:59.383Z,56.84726127323111,62.42030854396635,44.47062889160263,58.58931168068907
lote-cultivo-03,2026-09-29T00:49:52.982Z,37.04,,,0
lote-cultivo-03,2026-09-29T00:48:52.828Z,37.13,,,0
lote-cultivo-01,2026-09-29T00:48:44.843Z,60.53259243115912,84.46189449380196,84.33146393006548,55.43798769177199
lote-cultivo-03,2026-09-29T00:47:52.684Z,37.19,,,0
lote-cultivo-01,2026-09-29T00:47:30.326Z,21.77884647357704,80.99162479217762,28.81020622419198,40.80171478113449
lote-cultivo-03,2026-09-29T00:46:52.548Z,37.32,,,0
lote-cultivo-01,2026-09-29T00:46:15.803Z,30.297969267598795,39.08972951861855,62.37794273629104,73.45634694982654
lote-cultivo-03,2026-09-29T00:45:52.404Z,37.38,,,0
lote-cultivo-01,2026-09-29T00:45:01.277Z,78.4086330146179,12.383572322532377,38.13955851903442,37.601038773027454
lote-cultivo-03,2026-09-29T00:44:52.268Z,37.5,,,0
lote-cultivo-03,2026-09-29T00:43:52.129Z,37.56,,,0
lote-cultivo-01,2026-09-29T00:43:46.751Z,72.24195478463086,23.39050743769513,25.515591225412336,59.29306590665618
lote-cultivo-03,2026-09-29T00:42:51.995Z,37.6,,,0
lote-cultivo-01,2026-09-29T00:42:32.224Z,46.11238996998824,37.62320453662183,61.26895753332987,35.68213721595788
lote-cultivo-03,2026-09-29T00:41:51.855Z,37.66,,,0
lote-cultivo-01,2026-09-29T00:41:17.702Z,70.79992109028565,48.616960608802714,33.42278657966692,30.606772821784677
lote-cultivo-03,2026-09-29T00:40:51.718Z,37.67,,,0
lote-cultivo-01,2026-09-29T00:40:03.184Z,81.3841701062385,72.82220188210262,69.5645297290581,71.96497303891617
lote-cultivo-03,2026-09-29T00:39:51.57Z,37.75,,,0
lote-cultivo-03,2026-09-29T00:38:51.435Z,37.84,,,0
lote-cultivo-01,2026-09-29T00:38:48.655Z,39.346486085208035,87.67572431536085,52.14820965838596,42.5800583322577
lote-cultivo-03,2026-09-29T00:37:51.3Z,37.98,,,0
lote-cultivo-01,2026-09-29T00:37:34.127Z,33.36450549531928,71.91540523024054,71.43302024271445,82.11744393783043
lote-cultivo-03,2026-09-29T00:36:51.161Z,38.04,,,0
lote-cultivo-01,2026-09-29T00:36:19.608Z,71.0017339773036,47.7803135487082,43.056847894644925,43.45555636257988
lote-cultivo-03,2026-09-29T00:35:51.035Z,38.05,,,0
lote-cultivo-01,2026-09-29T00:35:05.097Z,61.26500329318073,28.941242865876433,49.54524354913396,17.290882549367208
lote-cultivo-03,2026-09-29T00:34:50.898Z,33.01,,,0
lote-cultivo-03,2026-09-29T00:33:50.77Z,33.09,,,0
lote-cultivo-01,2026-09-29T00:33:50.58Z,31.743494364036557,11.049717704977562,50.168663604705166,61.51044688045838
lote-cultivo-03,2026-09-29T00:32:50.628Z,33.18,,,0
lote-cultivo-01,2026-09-29T00:32:36.061Z,59.233690760718346,17.027561205135395,12.58062706978144,25.418210967410825
lote-cultivo-03,2026-09-29T00:31:50.487Z,33.38,,,0
lote-cultivo-01,2026-09-29T00:31:21.532Z,82.90522484726456,56.76123423606534,75.6929362255292,83.75177465564474
lote-cultivo-03,2026-09-29T00:30:50.346Z,33.47,,,0
lote-cultivo-03,2026-09-29T00:30:50.346Z,33.47,,,0
lote-cultivo-01,2026-09-29T00:30:07.011Z,49.88088147198526,84.48774521483728,19.40194617028367,68.85418786131629
lote-cultivo-03,2026-09-29T00:29:50.214Z,33.53,,,0
lote-cultivo-01,2026-09-29T00:28:52.479Z,40.746511695621784,76.46511985472316,79.19328343970547,24.92486192335057
lote-cultivo-03,2026-09-29T00:28:50.083Z,33.71,,,0
lote-cultivo-03,2026-09-29T00:27:49.945Z,33.85,,,0
lote-cultivo-01,2026-09-29T00:27:37.931Z,72.73776649743292,67.30751411067766,49.17584541253482,63.77510650480549
lote-cultivo-03,2026-09-29T00:26:49.815Z,33.87,,,0
lote-cultivo-01,2026-09-29T00:26:23.383Z,56.99364506736029,63.147285052394096,68.67657839602515,15.69236306693948
lote-cultivo-03,2026-09-29T00:25:49.674Z,33.9,,,0
lote-cultivo-01,2026-09-29T00:25:08.839Z,15.020299565745468,34.44946504767882,47.74964435601812,58.27908189726069
lote-cultivo-03,2026-09-29T00:24:49.523Z,34.03,,,0
lote-cultivo-01,2026-09-29T00:23:54.309Z,33.49048621917384,3.9395457978621673,46.37247543540601,70.83380182731672
lote-cultivo-03,2026-09-29T00:23:49.388Z,34.1,,,0
lote-cultivo-03,2026-09-29T00:22:49.244Z,34.2,,,0
lote-cultivo-01,2026-09-29T00:22:39.758Z,62.99254543548679,17.15119966452876,50.809000437059346,36.41283450339882
lote-cultivo-03,2026-09-29T00:21:49.103Z,34.24,,,0
lote-cultivo-01,2026-09-29T00:21:25.212Z,40.426685415744025,53.8965819915249,12.33463519333238,73.29977305645502
lote-cultivo-03,2026-09-29T00:20:48.967Z,34.47,,,0
lote-cultivo-01,2026-09-29T00:20:10.689Z,37.008371085991875,73.09003770965545,77.90324556553936,31.566900075047556
lote-cultivo-03,2026-09-29T00:19:48.818Z,34.71,,,0
lote-cultivo-01,2026-09-29T00:18:56.16Z,76.20196177601188,79.80651000978995,15.583699280487846,49.85462921994296
lote-cultivo-03,2026-09-29T00:18:48.695Z,34.91,,,0
lote-cultivo-03,2026-09-29T00:17:48.559Z,34.99,,,0
lote-cultivo-01,2026-09-29T00:17:41.635Z,66.31175351098636,79.19984337616015,82.25255853673428,52.87431393286529
lote-cultivo-03,2026-09-29T00:16:48.418Z,35.01,,,0
lote-cultivo-01,2026-09-29T00:16:27.093Z,17.39305753831808,56.22840144656544,49.86552856672545,31.176357025723195
lote-cultivo-03,2026-09-29T00:15:48.282Z,35.05,,,0
lote-cultivo-01,2026-09-29T00:15:12.546Z,23.037590591794125,28.02504839014823,64.19427923329437,68.46544438349494
lote-cultivo-03,2026-09-29T00:14:48.146Z,35.18,,,0
lote-cultivo-01,2026-09-29T00:13:58.006Z,48.23263300439003,22.3528238653191,52.71645029545758,41.93058824510031
lote-cultivo-03,2026-09-29T00:13:47.996Z,35.43,,,0
lote-cultivo-03,2026-09-29T00:12:47.866Z,35.47,,,0
lote-cultivo-01,2026-09-29T00:12:43.46Z,26.07845438668224,26.56472645997975,45.126104927353104,70.23105355931787
lote-cultivo-03,2026-09-29T00:11:47.728Z,35.51,,,0
lote-cultivo-01,2026-09-29T00:11:28.931Z,22.926871163637102,32.991622705337484,46.22449206688255,53.673665000821494
lote-cultivo-03,2026-09-29T00:10:47.591Z,35.76,,,0
lote-cultivo-01,2026-09-29T00:10:14.399Z,70.89287656310326,61.72550345880124,21.326270382348284,23.840847554186464
lote-cultivo-03,2026-09-29T00:09:47.455Z,35.79,,,0
lote-cultivo-01,2026-09-29T00:08:59.866Z,76.59850123582586,92.68963486781686,67.74533881600772,57.22275037754767
lote-cultivo-03,2026-09-29T00:08:47.32Z,36.01,,,0
lote-cultivo-03,2026-09-29T00:07:47.183Z,36.12,,,0
lote-cultivo-01,2026-09-29T00:07:45.316Z,33.95974197998156,80.37999899960472,25.091913410398075,23.75894868450755
lote-cultivo-03,2026-09-29T00:06:47.044Z,36.12,,,0
lote-cultivo-01,2026-09-29T00:06:30.802Z,36.24199371822593,44.74337448949341,72.7844821114798,77.065179765583
lote-cultivo-03,2026-09-29T00:05:46.904Z,36.33,,,0
lote-cultivo-01,2026-09-29T00:05:16.275Z,58.77859257506077,34.1094147589599,61.73355184199206,73.63404344531364
lote-cultivo-03,2026-09-29T00:04:46.771Z,36.33,,,0
lote-cultivo-01,2026-09-29T00:04:01.734Z,31.142295168219835,35.39932605992979,49.06603970216928,31.50362085968141
lote-cultivo-03,2026-09-29T00:03:46.614Z,36.37,,,0
lote-cultivo-01,2026-09-29T00:02:47.217Z,16.567566997214985,25.27376005804959,68.71965213139377,64.20396575938851
lote-cultivo-03,2026-09-29T00:02:46.49Z,36.45,,,0
lote-cultivo-03,2026-09-29T00:01:46.35Z,36.55,,,0
lote-cultivo-01,2026-09-29T00:01:32.691Z,61.069163675592144,31.40755575523548,32.539364794545406,8.226211478037444
lote-cultivo-03,2026-09-29T00:00:46.226Z,36.79,,,0
lote-cultivo-01,2026-09-29T00:00:18.164Z,76.09268611078453,63.01706437632646,51.807176925267385,52.970636160285586
lote-cultivo-03,2026-09-28T23:59:46.088Z,37,,,0
lote-cultivo-01,2026-09-28T23:59:03.637Z,42.58244937235878,80.06005414244416,22.73596803883988,77.59458827520643
lote-cultivo-03,2026-09-28T23:58:45.944Z,37.06,,,0
lote-cultivo-01,2026-09-28T23:57:49.122Z,50.49929739065282,70.56981623217608,62.16220383684554,38.808348277223246
lote-cultivo-03,2026-09-28T23:57:45.81Z,37.18,,,0
lote-cultivo-03,2026-09-28T23:56:45.674Z,37.36,,,0
lote-cultivo-01,2026-09-28T23:56:34.607Z,80.92860397922831,57.624848625600535,31.57764522530637,80.08793529526392
lote-cultivo-03,2026-09-28T23:55:45.541Z,37.4,,,0
lote-cultivo-01,2026-09-28T23:55:20.094Z,55.13689197045514,41.631544698128074,65.86662295970096,24.54836746185028
lote-cultivo-03,2026-09-28T23:54:45.398Z,37.6,,,0
lote-cultivo-01,2026-09-28T23:54:05.58Z,28.775945098767675,23.69457905956379,70.52827880954831,37.46112734394925
lote-cultivo-03,2026-09-28T23:53:45.245Z,34.48,,,0
lote-cultivo-01,2026-09-28T23:52:51.044Z,60.32187915165464,29.65136063734884,36.69347752537347,63.08155224058112
lote-cultivo-03,2026-09-28T23:52:45.056Z,34.69,,,0
lote-cultivo-03,2026-09-28T23:51:44.917Z,34.76,,,0
lote-cultivo-01,2026-09-28T23:51:36.507Z,71.09081140238537,52.768080198200195,84.06704508170083,31.764925772851793
lote-cultivo-03,2026-09-28T23:50:44.784Z,34.92,,,0
lote-cultivo-01,2026-09-28T23:50:21.986Z,35.455784380667424,58.21263210238274,17.9144141525135,74.79378955207034
lote-cultivo-03,2026-09-28T23:49:44.628Z,34.97,,,0
lote-cultivo-01,2026-09-28T23:49:07.45Z,43.61482063422616,55.96170268782604,62.02502619436916,43.318881806433936
lote-cultivo-03,2026-09-28T23:48:44.497Z,35.1,,,0
lote-cultivo-01,2026-09-28T23:47:52.937Z,84.74850383368214,69.00881304744325,18.400249137921566,52.26110882811996
lote-cultivo-03,2026-09-28T23:47:44.365Z,31.84,,,0
lote-cultivo-03,2026-09-28T23:46:44.231Z,31.92,,,0
lote-cultivo-01,2026-09-28T23:46:38.422Z,71.04736024572175,68.12187738062862,62.639488451225574,60.61198188232111
lote-cultivo-03,2026-09-28T23:45:44.093Z,32.07,,,0
lote-cultivo-01,2026-09-28T23:45:23.9Z,44.37815047941297,36.86569999728146,31.15345935628458,28.298355590390734
lote-cultivo-03,2026-09-28T23:44:43.95Z,32.23,,,0
lote-cultivo-01,2026-09-28T23:44:09.383Z,69.09315915141853,21.87016733399888,68.11536839810958,58.47710082993519
lote-cultivo-03,2026-09-28T23:43:43.814Z,32.39,,,0
lote-cultivo-01,2026-09-28T23:42:54.858Z,73.97666365224958,42.72407586339522,67.07402342582171,29.99816652543123
lote-cultivo-03,2026-09-28T23:42:43.637Z,32.53,,,0
lote-cultivo-03,2026-09-28T23:41:43.479Z,32.74,,,0
lote-cultivo-01,2026-09-28T23:41:40.342Z,27.51345456173018,57.511471425564295,38.91193912150512,62.824228813605785
lote-cultivo-03,2026-09-28T23:40:43.338Z,28.45,,,0
lote-cultivo-01,2026-09-28T23:40:25.815Z,23.508805391706755,53.7394829950656,84.2781096968592,72.59147247457726
lote-cultivo-03,2026-09-28T23:39:43.199Z,28.66,,,0
lote-cultivo-01,2026-09-28T23:39:11.308Z,64.95650422177923,58.04799138706919,17.358607403237297,39.48550765557526
lote-cultivo-03,2026-09-28T23:38:43.068Z,28.72,,,0
lote-cultivo-01,2026-09-28T23:37:56.791Z,61.084752668038554,62.83701909651331,60.16917099475128,65.99621583897313
lote-cultivo-03,2026-09-28T23:37:42.947Z,28.96,,,0
lote-cultivo-03,2026-09-28T23:36:42.807Z,29.16,,,0
lote-cultivo-01,2026-09-28T23:36:42.268Z,40.79473563993757,49.635918556637755,24.78427579119124,10.767165608022482
lote-cultivo-03,2026-09-28T23:35:42.67Z,29.22,,,0
lote-cultivo-01,2026-09-28T23:35:27.74Z,70.38998983796422,38.77354031447055,53.096784177653774,45.31503852142358
lote-cultivo-03,2026-09-28T23:34:42.522Z,29.41,,,0
lote-cultivo-01,2026-09-28T23:34:13.219Z,81.55117225975404,42.08465296074069,39.667836905997625,73.06519737911465
lote-cultivo-03,2026-09-28T23:33:42.391Z,29.62,,,0
lote-cultivo-01,2026-09-28T23:32:58.702Z,32.01058129383151,42.550659909832824,63.80620070067915,42.896593082463895
lote-cultivo-03,2026-09-28T23:32:42.253Z,29.76,,,0
lote-cultivo-01,2026-09-28T23:31:44.19Z,14.581363842580284,47.0144141740091,66.2802144322851,88.57811734153681
lote-cultivo-03,2026-09-28T23:31:42.104Z,29.91,,,0
lote-cultivo-03,2026-09-28T23:30:41.964Z,30.15,,,0
lote-cultivo-01,2026-09-28T23:30:29.677Z,47.27302414571715,66.81217641154882,42.79325387473658,23.911238416288292
lote-cultivo-03,2026-09-28T23:29:41.811Z,30.21,,,0
lote-cultivo-01,2026-09-28T23:29:15.158Z,42.26844218552127,70.36998786482614,79.78209943576856,29.39765154670265
lote-cultivo-03,2026-09-28T23:28:41.679Z,30.39,,,0
lote-cultivo-01,2026-09-28T23:28:00.631Z,20.990781356137287,44.175058125716795,22.78862485585241,62.20660747402237
lote-cultivo-03,2026-09-28T23:27:41.54Z,30.41,,,0
lote-cultivo-01,2026-09-28T23:26:46.102Z,55.02388083694616,31.72478368077512,51.82508022749811,28.6464415245596
lote-cultivo-03,2026-09-28T23:26:41.396Z,30.58,,,0
lote-cultivo-03,2026-09-28T23:25:41.274Z,30.83,,,0
lote-cultivo-01,2026-09-28T23:25:31.573Z,80.53264065838255,46.265581599036345,38.39143603480528,86.11698981574423
lote-cultivo-03,2026-09-28T23:24:41.138Z,31,,,0
lote-cultivo-01,2026-09-28T23:24:17.038Z,41.61132949373652,48.62041230858974,34.68836485864991,48.31862546181451
lote-cultivo-03,2026-09-28T23:23:41.007Z,31.24,,,0
lote-cultivo-01,2026-09-28T23:23:02.503Z,22.94463016069856,40.02744096480234,59.07886765542592,38.53012167433944
lote-cultivo-03,2026-09-28T23:22:40.867Z,31.48,,,0
lote-cultivo-01,2026-09-28T23:21:47.975Z,52.403129364338184,55.24185039661709,47.73001717693161,62.64853683225316
lote-cultivo-03,2026-09-28T23:21:40.712Z,31.58,,,0
lote-cultivo-03,2026-09-28T23:20:40.581Z,31.65,,,0
lote-cultivo-01,2026-09-28T23:20:33.455Z,43.83467240888267,75.43528898773673,76.52207305881711,23.811346047716626
lote-cultivo-03,2026-09-28T23:19:40.46Z,31.68,,,0
lote-cultivo-01,2026-09-28T23:19:18.918Z,12.324237983206377,64.1562070678263,37.27672114552654,63.994753117592495
lote-cultivo-03,2026-09-28T23:18:40.301Z,31.77,,,0
lote-cultivo-01,2026-09-28T23:18:04.397Z,38.74496334625274,41.58342967026527,83.32343263598045,43.50325882579764
lote-cultivo-03,2026-09-28T23:17:40.173Z,31.8,,,0
lote-cultivo-01,2026-09-28T23:16:49.877Z,70.77687637287269,34.514616956196306,19.88313426897235,48.97268157326533
lote-cultivo-03,2026-09-28T23:16:40.031Z,31.82,,,0
lote-cultivo-03,2026-09-28T23:15:39.891Z,32.04,,,0
lote-cultivo-01,2026-09-28T23:15:35.354Z,43.38842999209341,32.106233916694976,52.85646694216434,70.56903583942628
lote-cultivo-03,2026-09-28T23:14:39.772Z,32.1,,,0
lote-cultivo-01,2026-09-28T23:14:20.816Z,31.81906440538075,35.58358935790073,41.7948045257946,39.10731413751253
lote-cultivo-03,2026-09-28T23:13:39.632Z,32.27,,,0
lote-cultivo-01,2026-09-28T23:13:06.301Z,69.32358032041547,57.13268344095732,25.888148731275813,65.280583087201
lote-cultivo-03,2026-09-28T23:12:39.493Z,32.44,,,0
lote-cultivo-01,2026-09-28T23:11:51.775Z,67.22889212255151,73.01038630765045,70.92979930892407,24.761045516732803
lote-cultivo-03,2026-09-28T23:11:39.359Z,32.68,,,0
lote-cultivo-03,2026-09-28T23:10:39.219Z,32.81,,,0
lote-cultivo-01,2026-09-28T23:10:37.237Z,28.885998616191337,65.01855224677267,36.96441474319927,38.86769539998134
lote-cultivo-03,2026-09-28T23:09:39.077Z,32.86,,,0
lote-cultivo-01,2026-09-28T23:09:22.691Z,41.62520012714215,58.23367042019218,82.88593715238494,65.63003368177927
lote-cultivo-03,2026-09-28T23:08:38.941Z,32.91,,,0
lote-cultivo-01,2026-09-28T23:08:08.183Z,67.82595478534662,56.612652097415015,35.18360546618693,43.61558059949939
lote-cultivo-03,2026-09-28T23:07:38.821Z,33.05,,,0
lote-cultivo-01,2026-09-28T23:06:53.635Z,39.66634943067559,33.48910480080715,84.0185112589192,89.63062619354277
lote-cultivo-03,2026-09-28T23:06:38.672Z,33.16,,,0
lote-cultivo-01,2026-09-28T23:05:39.104Z,27.49536041989019,10.72384367748165,17.68273881725971,32.08537226617916
lote-cultivo-03,2026-09-28T23:05:38.536Z,33.23,,,0
lote-cultivo-03,2026-09-28T23:04:38.409Z,33.35,,,0
lote-cultivo-01,2026-09-28T23:04:24.573Z,72.8357012664612,31.162379247642885,56.914748045763986,28.131597784306617
lote-cultivo-03,2026-09-28T23:03:38.276Z,33.35,,,0
lote-cultivo-01,2026-09-28T23:03:10.041Z,85.06322091203162,68.01112409225094,37.984483537436866,55.55828915219537
lote-cultivo-03,2026-09-28T23:02:38.136Z,33.42,,,0
lote-cultivo-01,2026-09-28T23:01:55.526Z,51.34297104072243,74.75489191971894,27.386388798462168,23.505083348354223
lote-cultivo-03,2026-09-28T23:01:37.979Z,33.61,,,0
lote-cultivo-01,2026-09-28T23:00:40.996Z,58.14314630946089,67.79214916172947,71.20513576876822,92.318620939818
lote-cultivo-03,2026-09-28T23:00:37.84Z,33.67,,,0
lote-cultivo-03,2026-09-28T22:59:37.717Z,33.9,,,69.2
lote-cultivo-01,2026-09-28T22:59:26.468Z,78.76940268305643,68.17639617930675,38.10156225313422,55.73493425774607
lote-cultivo-03,2026-09-28T22:58:37.565Z,34.06,,,123
lote-cultivo-01,2026-09-28T22:58:11.935Z,42.67387559907573,53.198107769405865,76.99249762474898,35.525519263255525
lote-cultivo-03,2026-09-28T22:57:37.429Z,34.28,,,226
lote-cultivo-01,2026-09-28T22:56:57.412Z,17.45254268062765,23.87854707669968,46.50619962457292,61.56929308190055
lote-cultivo-03,2026-09-28T22:56:37.297Z,34.34,,,280.1
lote-cultivo-01,2026-09-28T22:55:42.894Z,57.889222507463145,16.201517966714228,70.1594112870285,12.47915511971193
lote-cultivo-03,2026-09-28T22:55:37.153Z,34.34,,,305.2
lote-cultivo-03,2026-09-28T22:54:37.02Z,34.46,,,378.4
lote-cultivo-01,2026-09-28T22:54:28.37Z,78.11545738068436,31.551429600661585,30.124535716685312,67.58001074962041
lote-cultivo-03,2026-09-28T22:53:36.88Z,34.7,,,438.2
lote-cultivo-01,2026-09-28T22:53:13.84Z,51.996819639793266,49.69600528096925,48.39138020964528,57.325141257130355
lote-cultivo-03,2026-09-28T22:52:36.747Z,34.74,,,561.9
lote-cultivo-01,2026-09-28T22:51:59.321Z,62.403525706550525,73.62910358857953,43.33719088525814,43.002069027664994
lote-cultivo-03,2026-09-28T22:51:36.609Z,34.94,,,606
lote-cultivo-01,2026-09-28T22:50:44.794Z,88.86628099195958,91.66371115266928,23.069598705105243,72.58620402972778
lote-cultivo-03,2026-09-28T22:50:36.466Z,30.51,,,748.3
lote-cultivo-03,2026-09-28T22:49:36.324Z,30.68,,,612.8
lote-cultivo-01,2026-09-28T22:49:30.267Z,53.45602927392492,73.24493393970539,75.16655274208742,29.74863781699729
lote-cultivo-03,2026-09-28T22:48:36.183Z,30.9,,,770.7
lote-cultivo-01,2026-09-28T22:48:15.725Z,16.164089692563007,37.208815435852614,36.30717024020916,59.61317698140574
lote-cultivo-03,2026-09-28T22:47:36.059Z,25.46,,,923.3
lote-cultivo-01,2026-09-28T22:47:01.215Z,43.866731951728895,26.44842321053743,73.21756725417539,42.114568926316856
lote-cultivo-03,2026-09-28T22:46:35.924Z,25.62,,,1096.8
lote-cultivo-01,2026-09-28T22:45:46.7Z,60.319725848696656,28.442109235065065,57.47794207080379,35.85780875256721
lote-cultivo-03,2026-09-28T22:45:35.786Z,25.87,,,833.2
lote-cultivo-03,2026-09-28T22:44:35.642Z,25.89,,,1225
lote-cultivo-01,2026-09-28T22:44:32.171Z,32.435766623788176,21.534782134965056,53.85838528516898,64.51133029958154
lote-cultivo-03,2026-09-28T22:43:35.505Z,26.07,,,1256.6
lote-cultivo-01,2026-09-28T22:43:17.646Z,43.13731768871255,35.851141472406766,47.64648923725296,40.609508586524576
lote-cultivo-03,2026-09-28T22:42:35.359Z,26.17,,,1058.4
lote-cultivo-01,2026-09-28T22:42:03.136Z,80.47608182127713,78.66307179334044,33.53279909745294,79.90867152878369
lote-cultivo-03,2026-09-28T22:41:35.227Z,26.3,,,1277.6
lote-cultivo-01,2026-09-28T22:40:48.585Z,58.18947193995548,96.738125423049,54.75841325866161,44.36679718886565
lote-cultivo-03,2026-09-28T22:40:35.088Z,26.55,,,1297
lote-cultivo-03,2026-09-28T22:39:34.949Z,26.64,,,1179.3
lote-cultivo-01,2026-09-28T22:39:34.06Z,22.34743352748822,72.28943585705754,13.263847723158776,32.025253890340444
lote-cultivo-03,2026-09-28T22:38:34.816Z,26.77,,,1375.6
lote-cultivo-01,2026-09-28T22:38:19.532Z,45.30419205785747,45.97889127287722,85.0886975650147,51.48258163959215
lote-cultivo-03,2026-09-28T22:37:34.669Z,27.02,,,1658.6
lote-cultivo-01,2026-09-28T22:37:05.014Z,58.12653061631572,31.399019153272707,26.621360027679778,20.280844581702407
lote-cultivo-03,2026-09-28T22:36:34.541Z,27.19,,,1421.1
lote-cultivo-01,2026-09-28T22:35:50.475Z,21.57702678909193,16.69081783177228,79.78664224739589,86.95352567092178
lote-cultivo-03,2026-09-28T22:35:34.404Z,27.31,,,1712.2
lote-cultivo-01,2026-09-28T22:34:35.964Z,21.532873005057507,19.23237994541284,56.62293017941904,61.48194592803824
lote-cultivo-03,2026-09-28T22:34:34.277Z,27.52,,,1989.9
lote-cultivo-03,2026-09-28T22:33:34.139Z,27.72,,,1737.1
lote-cultivo-01,2026-09-28T22:33:21.434Z,60.63173484293256,47.13032339914425,49.28688076987226,41.78768242957226
lote-cultivo-03,2026-09-28T22:32:33.985Z,27.89,,,1667.7
lote-cultivo-01,2026-09-28T22:32:06.903Z,50.28879672450769,70.2394839872389,54.374726455059616,61.87497785567473
lote-cultivo-03,2026-09-28T22:31:33.857Z,28.01,,,1845.9
lote-cultivo-01,2026-09-28T22:30:52.375Z,23.270659654842753,78.33856722047337,28.857729881283905,3.0232926471798884
lote-cultivo-03,2026-09-28T22:30:33.723Z,28.22,,,2302.6
lote-cultivo-01,2026-09-28T22:29:37.832Z,53.29259556444128,83.03078000058962,55.55735585791039,64.69883638750038
lote-cultivo-03,2026-09-28T22:29:33.564Z,28.33,,,2224.5
lote-cultivo-03,2026-09-28T22:28:33.431Z,28.41,,,2384.3
lote-cultivo-01,2026-09-28T22:28:23.304Z,74.52266707946887,66.69998521183942,14.844005980808031,63.70539245660372
lote-cultivo-03,2026-09-28T22:27:33.292Z,28.62,,,2307
lote-cultivo-01,2026-09-28T22:27:08.781Z,36.344287950485246,24.69283384742332,84.01473283457625,45.16707604268437
lote-cultivo-03,2026-09-28T22:26:33.153Z,28.83,,,2088.4
lote-cultivo-01,2026-09-28T22:25:54.266Z,23.44623483214689,5.905478114629138,25.566285452638756,80.37293981755998
lote-cultivo-03,2026-09-28T22:25:33.018Z,28.88,,,2700.3
lote-cultivo-01,2026-09-28T22:24:39.746Z,54.17890333443947,29.71334780220666,81.58300908817596,19.067209952266175
lote-cultivo-03,2026-09-28T22:24:32.892Z,29.07,,,2145.9
lote-cultivo-03,2026-09-28T22:23:32.753Z,29.23,,,2756.5
lote-cultivo-01,2026-09-28T22:23:25.207Z,43.73569184042354,51.30097148880537,56.58360363237709,50.585713700520486
lote-cultivo-03,2026-09-28T22:22:32.615Z,29.24,,,2335.6
lote-cultivo-01,2026-09-28T22:22:10.678Z,16.943043229513435,56.1978403257672,46.631960204367715,52.64213112277155
lote-cultivo-03,2026-09-28T22:21:32.475Z,29.37,,,2984.9
lote-cultivo-01,2026-09-28T22:20:56.133Z,52.11180946415491,73.27911824685323,57.53367300068633,34.771051177033705
lote-cultivo-03,2026-09-28T22:20:32.337Z,29.61,,,2195.3
lote-cultivo-01,2026-09-28T22:19:41.602Z,87.84376823840171,87.73381210880035,29.30966014221169,73.5893872431798
lote-cultivo-03,2026-09-28T22:19:32.198Z,29.78,,,2804.8
lote-cultivo-03,2026-09-28T22:18:32.076Z,29.82,,,2720
lote-cultivo-01,2026-09-28T22:18:27.079Z,59.62796572254443,64.79519723646406,48.86236704185075,37.52026481236961
lote-cultivo-03,2026-09-28T22:17:31.934Z,24.19,,,3288.3
lote-cultivo-01,2026-09-28T22:17:12.548Z,43.81300197898181,29.435943762325937,27.09089045884992,63.83268150681724
lote-cultivo-03,2026-09-28T22:16:31.795Z,24.39,,,3327.1
lote-cultivo-01,2026-09-28T22:15:58.027Z,69.15411020422559,19.81575817043423,69.61417784854311,53.57607993087644
lote-cultivo-03,2026-09-28T22:15:31.653Z,24.62,,,2906.9
lote-cultivo-01,2026-09-28T22:14:43.487Z,53.71326563158285,26.058256592190386,38.79938460729273,33.54169720743446
lote-cultivo-03,2026-09-28T22:14:31.516Z,24.76,,,3030.4
lote-cultivo-03,2026-09-28T22:13:31.38Z,24.99,,,3655.7
lote-cultivo-01,2026-09-28T22:13:28.951Z,15.77307829698088,37.942056869743446,70.28847880767563,55.67999545680557
lote-cultivo-01,2026-09-28T22:12:14.43Z,42.368342254470896,62.999079438478866,67.64388929921172,23.729959939073662
lote-cultivo-01,2026-09-28T22:10:59.908Z,83.22650352039426,80.10599491052258,34.324020007642204,72.51379969641746
lote-cultivo-01,2026-09-28T22:09:45.386Z,64.58766773240676,68.78914266416798,70.12387362213379,63.720571789877134
lote-cultivo-01,2026-09-28T22:08:30.856Z,53.14942206676329,54.36491865028994,20.075720215278366,47.602153131945784
lote-cultivo-01,2026-09-28T22:07:16.324Z,83.5687378197994,50.27190274522256,51.176810366840066,64.57541548435054
lote-cultivo-01,2026-09-28T22:06:01.804Z,72.18105300281594,32.83484056304787,32.37162710703848,3.97177759212721
lote-cultivo-01,2026-09-28T22:04:47.281Z,25.913662834607052,15.270610409243885,59.40144587982983,56.48723522871902
lote-cultivo-01,2026-09-28T22:03:32.76Z,37.56170519059082,36.47466661226217,49.78485247165923,61.15411991243987
lote-cultivo-01,2026-09-28T22:02:18.242Z,71.18929117866237,71.80137721059057,60.539621002082725,49.50965681528302
lote-cultivo-01,2026-09-28T22:01:03.714Z,50.406201855092945,72.69068946801754,76.7894333759394,89.33651823691862
lote-cultivo-01,2026-09-28T21:59:49.199Z,37.01225912851779,56.98047355994396,23.87720264067331,15.810689506977395
lote-cultivo-01,2026-09-28T21:58:34.666Z,73.94975610586634,56.28902653631701,82.62177422048683,43.07397607386507
lote-cultivo-01,2026-09-28T21:57:20.149Z,76.21454318668965,50.859556638352124,8.005474879263492,52.073594205940175
lote-cultivo-01,2026-09-28T21:56:05.61Z,34.87961986491249,32.1167898528364,59.38575986454915,32.00851074139076
lote-cultivo-01,2026-09-28T21:54:51.091Z,41.20462745303197,30.49247837220771,29.81102000354025,87.52431785368911
lote-cultivo-01,2026-09-28T21:53:36.585Z,69.58280040237281,47.10240409303295,57.61685509394358,38.41765917452259
lote-cultivo-01,2026-09-28T21:52:22.058Z,41.31763043492455,56.584897931042136,51.7593613131594,51.245839047362
lote-cultivo-01,2026-09-28T21:51:07.538Z,15.473796679417012,62.65055809239309,61.334346464338985,56.528927981182306
lote-cultivo-01,2026-09-28T21:49:53.013Z,48.32691204696667,68.32011334688401,72.96084201527755,27.23286361966511
lote-cultivo-01,2026-09-28T21:48:38.488Z,60.185399134403006,53.09623673364836,28.56617102589884,65.19260406949836
lote-cultivo-03,2026-09-28T21:47:51.046Z,25.18,,,4291.8
lote-cultivo-01,2026-09-28T21:47:23.977Z,29.014293762353212,30.730753458152293,79.56811450211156,33.50045096625109
lote-cultivo-03,2026-09-28T21:46:50.903Z,25.33,,,4725.4
lote-cultivo-01,2026-09-28T21:46:09.46Z,41.4512362707339,37.3830571448662,9.965057829941378,57.95647455372583
lote-cultivo-03,2026-09-28T21:45:50.772Z,25.33,,,5625.5
lote-cultivo-01,2026-09-28T21:44:54.943Z,77.66327231499973,54.853409890574746,56.31597721188797,64.49810996360247
lote-cultivo-03,2026-09-28T21:44:50.637Z,25.55,,,4343.7
lote-cultivo-03,2026-09-28T21:43:50.512Z,25.67,,,5797.8
lote-cultivo-01,2026-09-28T21:43:40.432Z,51.73633943322265,49.57658574605176,36.05611897226987,45.212635615859355
lote-cultivo-03,2026-09-28T21:42:50.376Z,25.8,,,4604.2
lote-cultivo-01,2026-09-28T21:42:25.918Z,15.363872727843662,46.29048204854232,48.57449502130615,67.00111809881369
lote-cultivo-03,2026-09-28T21:41:50.246Z,25.85,,,5400.8
lote-cultivo-01,2026-09-28T21:41:11.404Z,36.876390861762424,64.97925439893109,59.63713358907417,16.318973512063735
lote-cultivo-03,2026-09-28T21:40:50.095Z,25.89,,,5312.4
lote-cultivo-01,2026-09-28T21:39:56.881Z,46.879004769455975,67.23197746681183,58.27855417804676,47.63721921389634
lote-cultivo-03,2026-09-28T21:39:49.955Z,26.03,,,6079.4
lote-cultivo-03,2026-09-28T21:38:49.818Z,26.18,,,5822.6
lote-cultivo-01,2026-09-28T21:38:42.367Z,16.594307797543244,40.615162599775935,69.57683656355461,55.55739701165135
lote-cultivo-03,2026-09-28T21:37:49.687Z,26.38,,,4916.7
lote-cultivo-01,2026-09-28T21:37:27.822Z,31.757706441723094,29.124524133021236,36.86256827709967,49.804002111504246
lote-cultivo-03,2026-09-28T21:36:49.542Z,26.57,,,5800.3
lote-cultivo-01,2026-09-28T21:36:13.303Z,80.32470470120309,43.17842796203388,69.81710068698276,92.28204784203984
lote-cultivo-03,2026-09-28T21:35:49.405Z,26.78,,,5979
lote-cultivo-01,2026-09-28T21:34:58.794Z,68.33139425972769,52.08613854420297,19.9716200917414,23.23729199727983
lote-cultivo-03,2026-09-28T21:34:49.266Z,26.82,,,6256.4
lote-cultivo-03,2026-09-28T21:33:49.13Z,26.96,,,6612.6
lote-cultivo-01,2026-09-28T21:33:44.275Z,33.82116040244746,55.899324876916154,45.28545929951965,41.10894591836996
lote-cultivo-03,2026-09-28T21:32:48.944Z,22.89,,,5075.6
lote-cultivo-01,2026-09-28T21:32:29.749Z,50.7954991794468,65.34383282444054,50.145600452720615,44.84355431146528
lote-cultivo-03,2026-09-28T21:31:48.805Z,23.09,,,5306.3
lote-cultivo-01,2026-09-28T21:31:15.245Z,57.48209706534946,61.72109394101336,30.879547847935925,26.883048707873748
lote-cultivo-03,2026-09-28T21:30:48.664Z,23.22,,,5801.3
lote-cultivo-01,2026-09-28T21:30:00.724Z,19.103106393928996,44.49351846054759,77.75719344739835,95.96293730464862
lote-cultivo-03,2026-09-28T21:29:48.533Z,23.43,,,5490.2
lote-cultivo-03,2026-09-28T21:28:48.375Z,23.56,,,5219.6
lote-cultivo-01,2026-09-28T21:28:46.216Z,23.87925945471751,39.91545755137402,43.77136460282367,43.271469246530955
lote-cultivo-03,2026-09-28T21:27:48.256Z,23.69,,,5626.6
lote-cultivo-01,2026-09-28T21:27:31.697Z,73.51808157978127,41.29659408675264,77.50540808510623,49.351720455993515
lote-cultivo-03,2026-09-28T21:26:48.097Z,23.69,,,5358.8
lote-cultivo-01,2026-09-28T21:26:17.175Z,72.04306356242284,32.8359672945147,35.23760054056935,55.237045147411465
lote-cultivo-03,2026-09-28T21:25:47.97Z,23.72,,,6005
lote-cultivo-01,2026-09-28T21:25:02.647Z,44.684259599598,41.10615111808589,68.56051838222031,14.673283630023528
lote-cultivo-03,2026-09-28T21:24:47.815Z,23.84,,,6264.8
lote-cultivo-01,2026-09-28T21:23:48.128Z,67.05251791851929,73.46271533151412,21.777818017323003,73.07544344520308
lote-cultivo-03,2026-09-28T21:23:47.676Z,24.02,,,5219.2
lote-cultivo-03,2026-09-28T21:22:47.518Z,24.22,,,6156.5
lote-cultivo-01,2026-09-28T01:31:19.597Z,45.557586565835855,50.37229343653842,33.31612700543506,49.646226021011856
lote-cultivo-03,2026-09-28T01:30:33.242Z,22,,,0
lote-cultivo-01,2026-09-28T01:30:05.076Z,39.49567110391221,60.515574628710624,75.83990956363485,24.635477348213676
lote-cultivo-03,2026-09-28T01:29:33.109Z,22,,,0
lote-cultivo-01,2026-09-28T01:28:50.553Z,70.69550320053595,62.683090506815645,30.297998228721713,63.30983108067798
lote-cultivo-03,2026-09-28T01:28:32.963Z,22,,,0
lote-cultivo-01,2026-09-28T01:27:36.025Z,54.132862709762385,37.974025850879045,56.11015298802121,26.332568909780747
lote-cultivo-03,2026-09-28T01:27:32.809Z,22,,,0
lote-cultivo-03,2026-09-28T01:26:32.672Z,22,,,0
lote-cultivo-01,2026-09-28T01:26:21.497Z,13.828939968452742,27.20319360788881,24.200301777467583,66.23256902243155
lote-cultivo-03,2026-09-28T01:25:32.528Z,22,,,0
lote-cultivo-01,2026-09-28T01:25:06.981Z,35.26433394488031,46.64636433613472,46.52254466691781,55.063122994113975
lote-cultivo-03,2026-09-28T01:24:32.393Z,22,,,0
lote-cultivo-01,2026-09-28T01:23:52.461Z,65.57258642068541,60.13807236430569,59.244871687410225,43.1509081287629
lote-cultivo-03,2026-09-28T01:23:32.226Z,22.16,,,0
lote-cultivo-01,2026-09-28T01:22:37.924Z,40.6940743396337,58.379774785852454,30.943040604145587,69.66717405569337
lote-cultivo-03,2026-09-28T01:22:32.074Z,22.17,,,0
lote-cultivo-03,2026-09-28T01:21:31.937Z,22.35,,,0
lote-cultivo-01,2026-09-28T01:21:23.386Z,34.47801799707921,59.56692465395194,95.37085983009358,32.28990424761765
lote-cultivo-03,2026-09-28T01:20:31.798Z,22.5,,,0
lote-cultivo-01,2026-09-28T01:20:08.843Z,74.86474228472233,54.42023320393552,29.87611984966624,57.99955100699757
lote-cultivo-03,2026-09-28T01:19:31.662Z,22.58,,,0
lote-cultivo-01,2026-09-28T01:18:54.311Z,73.20567652769441,38.53370745320484,76.78143592045372,34.260007689957234
lote-cultivo-03,2026-09-28T01:18:31.53Z,22.6,,,0
lote-cultivo-01,2026-09-28T01:17:39.778Z,37.387670882374,37.2891351738491,33.83701175295352,40.15176236825932
lote-cultivo-03,2026-09-28T01:17:31.394Z,22.73,,,0
lote-cultivo-03,2026-09-28T01:16:31.26Z,22.92,,,0
lote-cultivo-01,2026-09-28T01:16:25.252Z,53.73655869087477,48.4787582582836,49.551827597099155,75.62269390262064
lote-cultivo-03,2026-09-28T01:15:31.108Z,23.02,,,0
lote-cultivo-01,2026-09-28T01:15:10.725Z,79.33358026873336,47.544257618406874,29.86674201579001,42.36837148357682
lote-cultivo-03,2026-09-28T01:14:30.967Z,23.26,,,0
lote-cultivo-01,2026-09-28T01:13:56.211Z,46.01459953411353,49.82387942006559,45.37678542714889,77.42858616814259
lote-cultivo-03,2026-09-28T01:13:30.825Z,23.26,,,0
lote-cultivo-01,2026-09-28T01:12:41.687Z,26.579722544443147,70.53750367464501,55.22769945997795,31.14823278234938
lote-cultivo-03,2026-09-28T01:12:30.696Z,23.37,,,0
lote-cultivo-03,2026-09-28T01:11:30.549Z,23.5,,,0
lote-cultivo-01,2026-09-28T01:11:27.161Z,63.37332938778153,72.13101667548818,37.81152484238028,21.117391622498715
lote-cultivo-03,2026-09-28T01:10:30.413Z,23.52,,,0
lote-cultivo-01,2026-09-28T01:10:12.656Z,70.6203815282615,40.25020169314509,88.0277548908852,66.67232113357315
lote-cultivo-03,2026-09-28T01:09:30.263Z,23.74,,,0
lote-cultivo-01,2026-09-28T01:08:58.134Z,42.61722598090152,23.844493181999777,37.4041110584179,32.78344853506197
lote-cultivo-03,2026-09-28T01:08:30.114Z,23.93,,,0
lote-cultivo-01,2026-09-28T01:07:43.608Z,63.269484335841064,39.534977532216054,67.1751045893386,89.57559402460863
lote-cultivo-03,2026-09-28T01:07:29.991Z,24.01,,,0
lote-cultivo-03,2026-09-28T01:06:29.837Z,24.18,,,0
lote-cultivo-01,2026-09-28T01:06:29.093Z,94.81920261476075,48.5571738389514,47.875853443435496,56.720548292393445
lote-cultivo-03,2026-09-28T01:05:29.713Z,24.33,,,0
lote-cultivo-01,2026-09-28T01:05:14.559Z,60.55455270082841,47.5785749112944,31.872915796325785,20.75789893428016
lote-cultivo-03,2026-09-28T01:04:29.576Z,24.54,,,0
lote-cultivo-01,2026-09-28T01:04:00.05Z,27.514419443204098,62.803503624645785,47.732653809718386,61.12165453236731
lote-cultivo-03,2026-09-28T01:03:29.421Z,24.77,,,0
lote-cultivo-01,2026-09-28T01:02:45.538Z,51.6174148511145,76.29982529206427,31.67475532856796,17.70941544313251
lote-cultivo-03,2026-09-28T01:02:29.281Z,24.89,,,0
lote-cultivo-01,2026-09-28T01:01:31.007Z,55.37375516388268,62.62511559337152,62.27975368648775,69.90803913166303
lote-cultivo-03,2026-09-28T01:01:29.143Z,25.12,,,0
lote-cultivo-03,2026-09-28T01:00:28.999Z,25.27,,,0
lote-cultivo-01,2026-09-28T01:00:16.478Z,25.496333011449224,42.31478380523912,35.944320096708616,68.99412266341571
lote-cultivo-03,2026-09-28T00:59:28.853Z,25.49,,,0
lote-cultivo-01,2026-09-28T00:59:01.956Z,47.03460547163207,31.905913825516706,87.30212091052981,35.88149804388131
lote-cultivo-03,2026-09-28T00:58:28.716Z,25.52,,,0
lote-cultivo-01,2026-09-28T00:57:47.426Z,89.73861291926475,23.413769753232913,38.91229202030796,69.39174878278027
lote-cultivo-03,2026-09-28T00:57:28.576Z,25.72,,,0
lote-cultivo-01,2026-09-28T00:56:32.903Z,66.78575985040868,30.67676399865766,63.96592898410375,25.656375530845516
lote-cultivo-03,2026-09-28T00:56:28.431Z,25.96,,,0
lote-cultivo-03,2026-09-28T00:55:28.298Z,26.2,,,0
lote-cultivo-01,2026-09-28T00:55:18.378Z,33.020220936532176,62.57133834421846,55.296004355839386,52.82150791790438
lote-cultivo-03,2026-09-28T00:54:28.162Z,26.41,,,0
lote-cultivo-01,2026-09-28T00:54:03.864Z,51.66044437549703,81.11436578373838,19.70954351075796,52.35674430462345
lote-cultivo-03,2026-09-28T00:53:28.018Z,26.52,,,0
lote-cultivo-01,2026-09-28T00:52:49.342Z,51.297330137394916,67.8720194814759,62.519640290112136,36.595634380870294
lote-cultivo-03,2026-09-28T00:52:27.88Z,26.59,,,0
lote-cultivo-01,2026-09-28T00:51:34.821Z,11.992692260268411,57.53108439604282,18.50781119131564,71.37798326744266
lote-cultivo-03,2026-09-28T00:51:27.737Z,26.83,,,0
lote-cultivo-03,2026-09-28T00:50:27.59Z,27.05,,,0
lote-cultivo-01,2026-09-28T00:50:20.294Z,23.189313801219637,55.55672242698657,70.4777912592557,41.12856638365307
lote-cultivo-03,2026-09-28T00:49:27.465Z,27.23,,,0
lote-cultivo-01,2026-09-28T00:49:05.782Z,68.3414730165266,31.75430372967541,32.29485193075419,68.16798906460212
lote-cultivo-03,2026-09-28T00:48:27.332Z,27.45,,,0
lote-cultivo-01,2026-09-28T00:47:51.26Z,56.38865983957262,7.697150023599732,89.03893276763336,44.28741957906879
lote-cultivo-03,2026-09-28T00:47:27.183Z,27.48,,,0
lote-cultivo-01,2026-09-28T00:46:36.73Z,30.054486913037472,27.23551927963168,36.11678806543814,25.368384348066
lote-cultivo-03,2026-09-28T00:46:27.061Z,27.61,,,0
lote-cultivo-03,2026-09-28T00:45:26.925Z,27.76,,,0
lote-cultivo-01,2026-09-28T00:45:22.197Z,55.69478819997576,65.70847912967544,68.32326860789715,60.005173178923734
lote-cultivo-03,2026-09-28T00:44:26.787Z,27.83,,,0
lote-cultivo-01,2026-09-28T00:44:07.667Z,63.59026011102385,78.46030435023454,51.543294729867426,30.749115921166375
lote-cultivo-03,2026-09-28T00:43:26.652Z,27.94,,,0
lote-cultivo-01,2026-09-28T00:42:53.144Z,21.929618527738505,75.51661980013714,21.05251524179276,84.41157097016414
lote-cultivo-03,2026-09-28T00:42:26.529Z,27.97,,,0
lote-cultivo-01,2026-09-28T00:41:38.622Z,20.50754538205574,70.66687875940006,63.27757611399238,63.04149833822317
lote-cultivo-03,2026-09-28T00:41:26.388Z,28.2,,,0
lote-cultivo-03,2026-09-28T00:40:26.251Z,28.34,,,0
lote-cultivo-01,2026-09-28T00:40:24.098Z,58.2693781187357,48.69246916087351,18.744300371694187,27.248394890912724
lote-cultivo-03,2026-09-28T00:39:26.106Z,28.56,,,0
lote-cultivo-01,2026-09-28T00:39:09.579Z,45.97091352985938,21.41759709575816,65.89565233840247,59.13645785903917
lote-cultivo-03,2026-09-28T00:38:25.965Z,28.68,,,0
lote-cultivo-01,2026-09-28T00:37:55.052Z,19.434946453895098,18.229814045355976,41.685555591580645,9.540574296852196
lote-cultivo-03,2026-09-28T00:37:25.825Z,28.86,,,0
lote-cultivo-01,2026-09-28T00:36:40.521Z,51.309481969792984,30.221083189372628,77.5327291382162,67.46620989356958
lote-cultivo-03,2026-09-28T00:36:25.698Z,28.89,,,0
lote-cultivo-01,2026-09-28T00:35:26.004Z,74.89428045988701,44.342987260377974,45.646140940528085,76.20556559040949
lote-cultivo-03,2026-09-28T00:35:25.567Z,29,,,0
lote-cultivo-03,2026-09-28T00:34:25.414Z,29.17,,,0
lote-cultivo-01,2026-09-28T00:34:11.463Z,43.25920656580232,72.99889129495362,63.22777069172428,38.034733071472424
lote-cultivo-03,2026-09-28T00:33:25.278Z,29.33,,,0
lote-cultivo-01,2026-09-28T00:32:56.955Z,39.488833848946626,97.07407950878743,53.1604720387458,74.34752553736023
lote-cultivo-03,2026-09-28T00:32:25.155Z,29.57,,,0
lote-cultivo-01,2026-09-28T00:31:42.421Z,72.76705959978361,77.12462094737069,20.830172796051837,15.938353629036811
lote-cultivo-03,2026-09-28T00:31:25.01Z,29.76,,,0
lote-cultivo-01,2026-09-28T00:30:27.881Z,55.231467675019694,36.49334861643766,63.22043815589107,44.19031564248221
lote-cultivo-03,2026-09-28T00:30:24.872Z,29.97,,,0
lote-cultivo-03,2026-09-28T00:29:24.749Z,30.04,,,0
lote-cultivo-01,2026-09-28T00:29:13.338Z,17.212770909469512,24.4427695147898,20.7658809941691,64.60596109459745
lote-cultivo-03,2026-09-28T00:28:24.599Z,30.14,,,0
lote-cultivo-01,2026-09-28T00:27:58.788Z,41.88820832654332,27.786146212305702,58.77963304471101,36.40201629783266
lote-cultivo-03,2026-09-28T00:27:24.467Z,30.34,,,0
lote-cultivo-01,2026-09-28T00:26:44.252Z,72.58991592930842,22.353868812580156,55.58311161619667,77.14825310433756
lote-cultivo-03,2026-09-28T00:26:24.326Z,30.56,,,0
lote-cultivo-01,2026-09-28T00:25:29.711Z,51.26871198801013,35.86898393058963,58.93708957951549,38.191418838139555
lote-cultivo-03,2026-09-28T00:25:24.188Z,30.7,,,0
lote-cultivo-03,2026-09-28T00:24:24.041Z,30.8,,,0
lote-cultivo-01,2026-09-28T00:24:15.188Z,52.28219196527725,75.33883320085512,64.48262191395261,51.67995153098312
lote-cultivo-03,2026-09-28T00:23:23.913Z,30.94,,,0
lote-cultivo-01,2026-09-28T00:23:00.649Z,91.33703183580556,93.52872087092383,48.00223534431215,54.94506162312847
lote-cultivo-03,2026-09-28T00:22:23.77Z,31.03,,,0
lote-cultivo-01,2026-09-28T00:21:46.117Z,77.27722762677287,75.24194007990741,63.635652391558075,28.93036174411332
lote-cultivo-03,2026-09-28T00:21:23.628Z,31.17,,,0
lote-cultivo-01,2026-09-28T00:20:31.567Z,29.543883400614533,51.52559076490662,12.8044473303541,61.8530798684567
lote-cultivo-03,2026-09-28T00:20:23.491Z,31.37,,,0
lote-cultivo-03,2026-09-28T00:19:23.358Z,31.42,,,0
lote-cultivo-01,2026-09-28T00:19:17.036Z,39.56151670224332,31.036184378696664,70.7222533285912,34.2371285973415
lote-cultivo-03,2026-09-28T00:18:23.21Z,31.59,,,0
lote-cultivo-01,2026-09-28T00:18:02.497Z,64.53945029355954,13.233362822371737,14.057985505337044,69.19822335552213
lote-cultivo-03,2026-09-28T00:17:23.084Z,31.78,,,0
lote-cultivo-01,2026-09-28T00:16:47.973Z,41.74049025677493,21.0664223691648,62.149244353407326,65.86180980778836
lote-cultivo-03,2026-09-28T00:16:22.947Z,31.86,,,0
lote-cultivo-01,2026-09-28T00:15:33.438Z,41.10960975158428,50.820780003371425,58.29489718505524,34.46750207579924
lote-cultivo-03,2026-09-28T00:15:22.792Z,31.95,,,0
lote-cultivo-03,2026-09-28T00:14:22.665Z,32.17,,,0
lote-cultivo-01,2026-09-28T00:14:18.882Z,87.19209788047006,67.25410421417311,50.653183243331,60.13482117420036
lote-cultivo-03,2026-09-28T00:13:22.534Z,32.32,,,0
lote-cultivo-01,2026-09-28T00:13:04.351Z,85.9093241875652,71.8845040199552,74.79565480436581,10.957193089086749
lote-cultivo-03,2026-09-28T00:12:22.379Z,32.35,,,0
lote-cultivo-01,2026-09-28T00:11:49.832Z,40.91478242115482,81.64164667290812,39.89134082273912,58.76019287850757
lote-cultivo-03,2026-09-28T00:11:22.248Z,32.39,,,0
lote-cultivo-01,2026-09-28T00:10:35.306Z,44.60909805964027,70.23839300406843,67.48519692927621,74.90093230922726
lote-cultivo-03,2026-09-28T00:10:22.095Z,32.56,,,0
lote-cultivo-03,2026-09-28T00:09:21.973Z,32.8,,,0
lote-cultivo-01,2026-09-28T00:09:20.779Z,64.48271950725479,28.048639615716827,11.674349991338746,43.47169950273002
lote-cultivo-03,2026-09-28T00:08:21.839Z,32.99,,,0
lote-cultivo-01,2026-09-28T00:08:06.253Z,33.749673078575945,7.40162452868277,72.13320463848054,80.84462560795654
lote-cultivo-01,2026-09-28T00:06:51.717Z,20.341150144339732,30.1032091358876,10.729124359795282,12.775321342765922
lote-cultivo-01,2026-09-28T00:05:37.201Z,62.92809771673875,51.82076603507587,66.210209140419,35.709315624087054
lote-cultivo-01,2026-09-28T00:04:22.679Z,70.83070969486707,56.93180315442559,55.92596951958823,65.63356103484925
lote-cultivo-01,2026-09-28T00:03:08.162Z,34.41209871630223,70.62598032598432,50.14610733954796,36.00495240070708
lote-cultivo-01,2026-09-28T00:01:53.634Z,43.452418526819905,80.59092015162256,76.14994647514465,88.83468112705845
lote-cultivo-01,2026-09-28T00:00:39.108Z,70.96020818437889,61.24811388135403,41.708308141213415,38.84873356752038
lote-cultivo-01,2026-09-27T23:59:24.599Z,41.42360886184972,35.288596188677666,60.14703828295386,37.36979718251417
lote-cultivo-01,2026-09-27T23:58:10.084Z,16.318315194075048,27.176963369645197,24.057716439100084,58.54494389667855
lote-cultivo-01,2026-09-27T23:56:55.563Z,47.67990803533263,26.70293765985356,58.34547344651313,25.68056472496341
lote-cultivo-01,2026-09-27T23:55:41.052Z,53.62145603650384,36.649997613079904,22.57664554205111,69.92621612662752
lote-cultivo-01,2026-09-27T23:54:26.531Z,17.461492273507258,64.75976658324065,56.90228574879962,44.07187914885285
lote-cultivo-01,2026-09-27T23:53:11.999Z,29.892866250036587,79.1404119776709,63.92444707062966,53.009108775026256
lote-cultivo-01,2026-09-27T23:51:57.487Z,71.0042456844087,61.514910583922486,41.57864593868616,66.15168468201146
lote-cultivo-01,2026-09-27T23:50:42.971Z,55.24014537727607,48.11079809461251,84.3574483923033,34.897933166003064
lote-cultivo-01,2026-09-27T23:49:28.436Z,31.151910272264427,51.6329613238884,37.155204198014935,61.61729312514256
lote-cultivo-01,2026-09-27T23:48:13.904Z,57.644205766986175,39.63349216212386,57.98997801081924,23.469207270410248
lote-cultivo-01,2026-09-27T23:46:59.379Z,59.94273834230518,21.999693392158218,33.75554371492833,48.94809699656354
lote-cultivo-01,2026-09-27T23:45:44.845Z,15.249701392111966,38.992454215649566,44.16933509239048,68.59187652986854
lote-cultivo-01,2026-09-27T23:44:30.329Z,18.463270645088244,69.52172253443779,37.06102917853963,45.932139123410806
lote-cultivo-01,2026-09-27T23:43:15.804Z,63.21691968416202,69.41752181421313,44.38348238680289,83.16190113813308
lote-cultivo-03,2026-09-27T23:43:01.467Z,33.15,,,0
lote-cultivo-03,2026-09-27T23:42:01.323Z,33.18,,,0
lote-cultivo-01,2026-09-27T23:42:01.282Z,59.407708974293406,54.497188091761494,74.8490467245702,20.18867769767962
lote-cultivo-03,2026-09-27T23:41:01.189Z,33.39,,,0
lote-cultivo-01,2026-09-27T23:40:46.766Z,42.740435770218376,51.239140341747344,30.06529160659085,32.53423174545467
lote-cultivo-03,2026-09-27T23:40:01.047Z,33.43,,,0
lote-cultivo-01,2026-09-27T23:39:32.24Z,74.91517099194803,45.18157191878137,97.04128401883682,58.36219458492957
lote-cultivo-03,2026-09-27T23:39:00.909Z,33.54,,,0
lote-cultivo-01,2026-09-27T23:38:17.712Z,83.62181146655149,35.00821862969213,25.546925502591872,33.0493917454305
lote-cultivo-03,2026-09-27T23:38:00.771Z,33.66,,,0
lote-cultivo-01,2026-09-27T23:37:03.207Z,35.00547154867773,41.771008399877694,65.36718992283502,96.80489652618162
lote-cultivo-03,2026-09-27T23:37:00.625Z,33.84,,,0
lote-cultivo-03,2026-09-27T23:36:00.473Z,33.99,,,0
lote-cultivo-01,2026-09-27T23:35:48.688Z,24.395732582726005,54.0355655051561,32.6417512896021,44.09324069085282
lote-cultivo-03,2026-09-27T23:35:00.328Z,29.54,,,0
lote-cultivo-01,2026-09-27T23:34:34.169Z,60.61574478044328,53.93797151374136,40.79448254337324,33.301482337144314
lote-cultivo-03,2026-09-27T23:34:00.192Z,29.77,,,0
lote-cultivo-01,2026-09-27T23:33:19.642Z,55.47057062474601,58.1480915013662,40.97138902836879,56.604199026710376
lote-cultivo-03,2026-09-27T23:33:00.057Z,29.85,,,0
lote-cultivo-01,2026-09-27T23:32:05.116Z,37.11221379106142,65.84768281847707,42.96786270688466,15.76902678666158
lote-cultivo-03,2026-09-27T23:31:59.909Z,30.04,,,0
lote-cultivo-03,2026-09-27T23:30:59.772Z,30.04,,,0
lote-cultivo-01,2026-09-27T23:30:50.593Z,73.08226678632175,48.770952395954495,73.16067767783171,77.44083705012257
lote-cultivo-03,2026-09-27T23:29:59.624Z,30.2,,,0
lote-cultivo-01,2026-09-27T23:29:36.071Z,94.5843128810672,25.44658986574941,32.29619678614361,55.40410482689981
lote-cultivo-03,2026-09-27T23:28:59.482Z,30.4,,,0
lote-cultivo-01,2026-09-27T23:28:21.557Z,53.65798449450217,37.29925871392032,96.42555608830604,44.83059608712779
lote-cultivo-03,2026-09-27T23:27:59.336Z,30.61,,,0
lote-cultivo-01,2026-09-27T23:27:07.039Z,38.781763341890674,61.481338415751075,24.7989554746361,67.72817658675368
lote-cultivo-03,2026-09-27T23:26:59.196Z,30.75,,,0
lote-cultivo-03,2026-09-27T23:25:59.057Z,30.84,,,0
lote-cultivo-01,2026-09-27T23:25:52.511Z,68.88907447858362,58.40416056079201,65.37347028283847,25.226322470245865
lote-cultivo-03,2026-09-27T23:24:58.916Z,30.85,,,0
lote-cultivo-01,2026-09-27T23:24:37.984Z,57.09030488690702,51.08030364801777,35.83100465974389,60.65617541770051
lote-cultivo-03,2026-09-27T23:23:58.771Z,31.03,,,0
lote-cultivo-01,2026-09-27T23:23:23.438Z,25.868981118177643,61.5739533920296,35.06998734700803,40.74017649701575
lote-cultivo-03,2026-09-27T23:22:58.634Z,31.06,,,0
lote-cultivo-01,2026-09-27T23:22:08.912Z,52.83423366607741,59.17447363086929,45.687181104267566,42.545218878341565
lote-cultivo-03,2026-09-27T23:21:58.492Z,31.17,,,0
lote-cultivo-03,2026-09-27T23:20:58.364Z,31.18,,,0
lote-cultivo-01,2026-09-27T23:20:54.397Z,79.6661384466464,36.0876131257784,43.04673942589565,67.11027363751606
lote-cultivo-03,2026-09-27T23:19:58.228Z,26.6,,,0
lote-cultivo-01,2026-09-27T23:19:39.861Z,48.18487214714714,28.69385725851154,66.61786793064445,41.91199938244787
lote-cultivo-03,2026-09-27T23:18:58.092Z,26.8,,,0
lote-cultivo-01,2026-09-27T23:18:25.339Z,38.1444806915018,41.496112895665085,43.249777152746475,76.36960726675541
lote-cultivo-03,2026-09-27T23:17:57.944Z,27.04,,,0
lote-cultivo-01,2026-09-27T23:17:10.821Z,74.3184728607907,51.99137546510231,84.37903442652353,34.49223553410723
lote-cultivo-03,2026-09-27T23:16:57.801Z,27.24,,,0
lote-cultivo-03,2026-09-27T23:15:57.679Z,27.36,,,0
lote-cultivo-01,2026-09-27T23:15:56.303Z,66.38404624743347,63.84028489695927,36.13932773711805,33.53387894066483
lote-cultivo-03,2026-09-27T23:14:57.524Z,27.57,,,0
lote-cultivo-01,2026-09-27T23:14:41.775Z,25.93192226706811,75.112279205868,54.01577337628603,53.06337005266705
lote-cultivo-03,2026-09-27T23:13:57.4Z,27.63,,,0
lote-cultivo-01,2026-09-27T23:13:27.228Z,38.424062590916165,61.562119096119694,49.383960676596104,29.899139606501983
lote-cultivo-03,2026-09-27T23:12:57.257Z,27.75,,,0
lote-cultivo-01,2026-09-27T23:12:12.709Z,59.72879929436882,36.30111673653344,19.06019183086939,93.0412600629273
lote-cultivo-03,2026-09-27T23:11:57.119Z,27.8,,,0
lote-cultivo-01,2026-09-27T23:10:58.188Z,27.94708684966954,33.901473669074186,61.501491191239936,51.571807746576425
lote-cultivo-03,2026-09-27T23:10:56.977Z,27.93,,,0
lote-cultivo-03,2026-09-27T23:09:56.837Z,28.13,,,0
lote-cultivo-01,2026-09-27T23:09:43.657Z,18.40038015635919,39.62467989306885,31.70172452833239,38.14345169306368
lote-cultivo-03,2026-09-27T23:08:56.7Z,28.21,,,0
lote-cultivo-01,2026-09-27T23:08:29.119Z,63.9342553304327,32.14938354922877,70.54755529342788,54.288708214496616
lote-cultivo-03,2026-09-27T23:07:56.581Z,28.43,,,0
lote-cultivo-01,2026-09-27T23:07:14.59Z,71.0739642929566,41.73428764493286,45.933567559375454,6.460358487470811
lote-cultivo-03,2026-09-27T23:06:56.426Z,28.55,,,0
lote-cultivo-01,2026-09-27T23:06:00.087Z,35.51741248737176,77.10209953980792,78.29055540896623,77.4113677379932
lote-cultivo-03,2026-09-27T23:05:56.284Z,28.8,,,0
lote-cultivo-03,2026-09-27T23:04:56.151Z,28.95,,,0
lote-cultivo-01,2026-09-27T23:04:45.554Z,43.206332478584535,87.44780343251503,42.545645274739094,62.383161338204786
lote-cultivo-03,2026-09-27T23:03:56.021Z,29.18,,,0
lote-cultivo-01,2026-09-27T23:03:31.03Z,60.7212112501424,58.93679853537491,47.84992535550268,46.75940554475605
lote-cultivo-03,2026-09-27T23:02:55.884Z,23.47,,,0
lote-cultivo-01,2026-09-27T23:02:16.503Z,22.90782168586302,36.789331349666334,57.22911204429197,72.76832664818836
lote-cultivo-03,2026-09-27T23:01:55.744Z,23.49,,,0
lote-cultivo-01,2026-09-27T23:01:01.983Z,3.0405715847913446,32.67948814969972,8.090770632026771,12.352883353358562
lote-cultivo-03,2026-09-27T23:00:55.591Z,23.57,,,0
lote-cultivo-03,2026-09-27T22:59:55.459Z,23.74,,,56.8
lote-cultivo-01,2026-09-27T22:59:47.461Z,47.3644098740675,25.50348619538684,74.54038572394919,55.8104059154971
lote-cultivo-03,2026-09-27T22:58:55.32Z,23.81,,,125.2
lote-cultivo-01,2026-09-27T22:58:32.933Z,65.70702002124445,28.30480240674012,19.95801577366143,52.43787807633602
lote-cultivo-03,2026-09-27T22:57:55.186Z,24.03,,,225.5
lote-cultivo-01,2026-09-27T22:57:18.4Z,40.076601869300426,54.195856936755206,77.37460293122696,40.91543397758251
lote-cultivo-03,2026-09-27T22:56:55.046Z,24.17,,,252.2
lote-cultivo-01,2026-09-27T22:56:03.87Z,53.61425398368967,75.2298226184921,44.520885937097155,75.10472031019061
lote-cultivo-03,2026-09-27T22:55:54.902Z,24.29,,,357.9
lote-cultivo-03,2026-09-27T22:54:54.765Z,24.41,,,421.1
lote-cultivo-01,2026-09-27T22:54:49.337Z,79.00109106130981,77.22438556011004,77.06713154473715,34.760442840257824
lote-cultivo-03,2026-09-27T22:53:54.623Z,24.61,,,398.4
lote-cultivo-01,2026-09-27T22:53:34.805Z,43.076921239922534,73.41789882432313,42.63980789297479,62.97939564826088
lote-cultivo-03,2026-09-27T22:52:54.475Z,24.65,,,550.9
lote-cultivo-01,2026-09-27T22:52:20.276Z,12.268473191796271,54.56283476373305,50.79655613928389,46.73906673330545
lote-cultivo-03,2026-09-27T22:51:54.347Z,24.77,,,664.7
lote-cultivo-01,2026-09-27T22:51:05.751Z,45.86663844137833,18.273269014910596,52.53250091216063,34.17281045132681
lote-cultivo-03,2026-09-27T22:50:54.209Z,24.86,,,569.4
lote-cultivo-03,2026-09-27T22:49:54.078Z,24.97,,,671.6
lote-cultivo-01,2026-09-27T22:49:51.227Z,62.45984808954132,7.418539149769546,12.020985338483356,57.11715600656048
lote-cultivo-03,2026-09-27T22:48:53.937Z,25.22,,,849.4
lote-cultivo-01,2026-09-27T22:48:36.686Z,36.32194170549059,36.55840326829133,72.36514888673459,30.11336696427172
lote-cultivo-03,2026-09-27T22:47:53.794Z,25.31,,,939.8
lote-cultivo-01,2026-09-27T22:47:22.161Z,51.42879760287589,60.08350958154685,22.20739538626249,78.74420957938081
lote-cultivo-03,2026-09-27T22:46:53.653Z,25.35,,,821.7
lote-cultivo-01,2026-09-27T22:46:07.629Z,88.53093390636904,63.84871925476507,72.00544380088549,57.26259821228745
lote-cultivo-03,2026-09-27T22:45:53.514Z,25.36,,,1168.2
lote-cultivo-03,2026-09-27T22:44:53.375Z,25.57,,,1235.2
lote-cultivo-01,2026-09-27T22:44:53.108Z,64.93316820423544,77.42636125131371,54.204539880461475,44.00458731261721
lote-cultivo-03,2026-09-27T22:43:53.234Z,25.71,,,1214.1
lote-cultivo-01,2026-09-27T22:43:38.589Z,33.928780214934854,86.27398743731702,65.27654274628993,55.87015657193872
lote-cultivo-03,2026-09-27T22:42:53.112Z,25.88,,,1237.9
lote-cultivo-01,2026-09-27T22:42:24.071Z,61.253267005202694,56.13079101313125,52.302317906036954,5.762036187972382
lote-cultivo-03,2026-09-27T22:41:52.942Z,26.02,,,1053.1
lote-cultivo-01,2026-09-27T22:41:09.532Z,72.49526753583883,16.782359433027334,46.72934799108135,68.92580905380956
lote-cultivo-03,2026-09-27T22:40:52.804Z,26.12,,,1194.7
lote-cultivo-01,2026-09-27T22:39:55.009Z,35.6986327496185,12.020163348113888,50.936352023141495,62.23662347537814
lote-cultivo-03,2026-09-27T22:39:52.651Z,26.29,,,1336.6
lote-cultivo-03,2026-09-27T22:38:52.529Z,26.35,,,1323.5
lote-cultivo-01,2026-09-27T22:38:40.479Z,38.87012851318628,28.34643968992906,16.9291515108796,52.65942910706107
lote-cultivo-03,2026-09-27T22:37:52.374Z,26.42,,,1576.8
lote-cultivo-01,2026-09-27T22:37:25.949Z,76.95150729345711,46.24278004874627,66.50105930520208,79.78978499789118
lote-cultivo-03,2026-09-27T22:36:52.234Z,26.65,,,1660.7
lote-cultivo-01,2026-09-27T22:36:11.44Z,63.4515974983945,71.80913467781109,28.98980956337436,6.532698846003973
lote-cultivo-03,2026-09-27T22:35:52.09Z,26.83,,,1901
lote-cultivo-01,2026-09-27T22:34:56.926Z,38.60647711999061,88.50212588237589,61.85419628251131,49.19690286092669
lote-cultivo-03,2026-09-27T22:34:51.956Z,26.83,,,1977.3
lote-cultivo-03,2026-09-27T22:33:51.818Z,26.97,,,1705.9
lote-cultivo-01,2026-09-27T22:33:42.42Z,70.45751870619006,74.42032836696994,69.2054463744639,53.05262670407465
lote-cultivo-03,2026-09-27T22:32:51.68Z,22,,,2082.8
lote-cultivo-01,2026-09-27T22:32:27.88Z,86.70204617771387,51.3467322889781,46.353805355567616,40.755076611451855
lote-cultivo-03,2026-09-27T22:31:51.543Z,22,,,2058.6
lote-cultivo-01,2026-09-27T22:31:13.345Z,44.48492618828778,37.97406621130699,71.22164011716437,88.75907708729895
lote-cultivo-03,2026-09-27T22:30:51.391Z,22,,,2261.8
lote-cultivo-01,2026-09-27T22:29:58.808Z,32.10374070169425,19.109895415231236,32.29473308052464,31.024763655070803
lote-cultivo-03,2026-09-27T22:29:51.256Z,22,,,2013.5
lote-cultivo-03,2026-09-27T22:28:51.133Z,22,,,2472.2
lote-cultivo-01,2026-09-27T22:28:44.283Z,60.40448049157485,8.543579930278453,59.321393685282885,50.94434563679654
lote-cultivo-03,2026-09-27T22:27:50.987Z,22,,,2272.4
lote-cultivo-01,2026-09-27T22:27:29.754Z,45.48010073278227,39.5635560618028,13.043450294427306,50.9804868085465
lote-cultivo-03,2026-09-27T22:26:50.858Z,22,,,2601.4
lote-cultivo-01,2026-09-27T22:26:15.24Z,19.653616741411327,82.27122674303929,68.69599451772199,29.529117852465458
lote-cultivo-03,2026-09-27T22:25:50.714Z,22,,,2612.9
lote-cultivo-01,2026-09-27T22:25:00.692Z,55.976784255816206,85.12136667747707,26.979231069871695,68.94224530096929
lote-cultivo-03,2026-09-27T22:24:50.575Z,22,,,2197.9
lote-cultivo-03,2026-09-27T22:23:50.44Z,22,,,2649.2
lote-cultivo-01,2026-09-27T22:23:46.157Z,85.86033961752216,66.061421461805,62.377401452846726,35.595713819311705
lote-cultivo-03,2026-09-27T22:22:50.305Z,22,,,2526.4
lote-cultivo-01,2026-09-27T22:22:31.619Z,51.91025952554008,58.87083112693098,72.68837260005502,62.937920456634814
lote-cultivo-03,2026-09-27T22:21:50.161Z,22,,,2811.8
lote-cultivo-01,2026-09-27T22:21:17.083Z,35.36916139520254,44.649352664708,38.31630369945554,59.84797143207879
lote-cultivo-03,2026-09-27T22:20:50.022Z,22,,,2364.3
lote-cultivo-01,2026-09-27T22:20:02.546Z,58.22348594782875,17.261803130799972,81.16021981307884,41.747014863148976
lote-cultivo-03,2026-09-27T22:19:49.893Z,22,,,2921.5
lote-cultivo-03,2026-09-27T22:18:49.752Z,22,,,2344.5
lote-cultivo-01,2026-09-27T22:18:48.019Z,38.639140981171785,14.877108283139592,24.532599144317174,60.783496540987414
lote-cultivo-03,2026-09-27T22:17:49.618Z,22,,,3225
lote-cultivo-01,2026-09-27T22:17:33.485Z,2.5507287105076046,42.18354096826207,62.14074139026464,15.90798519502676
lote-cultivo-03,2026-09-27T22:16:49.468Z,22,,,2895.3
lote-cultivo-01,2026-09-27T22:16:18.951Z,32.48611813076177,65.04402068462252,14.282159101068872,57.64254780071552
lote-cultivo-03,2026-09-27T22:15:49.326Z,22,,,2934
lote-cultivo-01,2026-09-27T22:15:04.419Z,70.14965154086518,76.88425589810969,66.96579653689709,58.814453377844934
lote-cultivo-03,2026-09-27T22:14:49.199Z,22,,,3522.4
lote-cultivo-01,2026-09-27T22:13:49.892Z,47.73095480328264,81.0832274186628,26.376163146539515,53.83767441070349
lote-cultivo-03,2026-09-27T22:13:49.059Z,22,,,2570.6
lote-cultivo-03,2026-09-27T22:12:48.923Z,22,,,2620.2
lote-cultivo-01,2026-09-27T22:12:35.351Z,37.35296280541101,61.05112244536976,65.66271433119682,83.66537847395826
lote-cultivo-03,2026-09-27T22:11:48.788Z,22,,,2698.1
lote-cultivo-01,2026-09-27T22:11:20.82Z,67.35023103418285,29.834702581293943,69.01793007505643,12.570097067120397
lote-cultivo-03,2026-09-27T22:10:48.646Z,22,,,3212.6
lote-cultivo-01,2026-09-27T22:10:06.29Z,53.48620477156989,25.19945876323524,40.49779660908381,44.23652680841846
lote-cultivo-03,2026-09-27T22:09:48.507Z,22,,,3738.2
lote-cultivo-01,2026-09-27T22:08:51.763Z,10.486491403154409,36.990000598119885,79.76933821070944,47.002959870768166
lote-cultivo-03,2026-09-27T22:08:48.378Z,22,,,3450.6
lote-cultivo-03,2026-09-27T22:07:48.244Z,22,,,3125.8
lote-cultivo-01,2026-09-27T22:07:37.231Z,27.943554658405382,36.949531661456994,28.259563511638465,38.52576785701581
lote-cultivo-03,2026-09-27T22:06:48.092Z,22,,,3955.8
lote-cultivo-01,2026-09-27T22:06:22.702Z,61.7033382989871,46.49049771632602,53.10736239883658,98.58570046882387
lote-cultivo-03,2026-09-27T22:05:47.953Z,22,,,3199.8
lote-cultivo-01,2026-09-27T22:05:08.189Z,40.09100291075931,77.62028705755782,28.484055023694367,34.17741434427551
lote-cultivo-03,2026-09-27T22:04:47.823Z,22,,,3408
lote-cultivo-01,2026-09-27T22:03:53.665Z,30.68229773956509,84.69607664999039,50.96818378716057,46.580045608562905
lote-cultivo-03,2026-09-27T22:03:47.68Z,22,,,3713.2
lote-cultivo-03,2026-09-27T22:02:47.557Z,22,,,4078.1
lote-cultivo-01,2026-09-27T22:02:39.143Z,70.11145149639546,53.13817561808125,39.79318491341924,48.26996614883448
lote-cultivo-03,2026-09-27T22:01:47.419Z,22,,,3585.6
lote-cultivo-01,2026-09-27T22:01:24.625Z,71.52319358747809,31.56252523391264,56.78067050543856,19.36414282543128
lote-cultivo-03,2026-09-27T22:00:47.276Z,22,,,4216
lote-cultivo-01,2026-09-27T22:00:10.094Z,33.73029162789957,35.904436578539546,74.13655615899857,80.35481102601872
lote-cultivo-03,2026-09-27T21:59:47.126Z,22,,,4379.2
lote-cultivo-01,2026-09-27T21:58:55.567Z,46.077365149514954,37.0916292570409,36.86309455444918,43.9331772234504
lote-cultivo-03,2026-09-27T21:58:46.991Z,22,,,3698.5
lote-cultivo-03,2026-09-27T21:57:46.857Z,22,,,4705.3
lote-cultivo-01,2026-09-27T21:57:41.046Z,74.92356575350672,38.43910457888807,82.67618301111919,55.11006034788396
lote-cultivo-03,2026-09-27T21:56:46.718Z,22,,,3930
lote-cultivo-01,2026-09-27T21:56:26.518Z,45.85599278678459,56.35834613285277,28.23482058646558,61.85889805720196
lote-cultivo-03,2026-09-27T21:55:46.583Z,22,,,4668.4
lote-cultivo-01,2026-09-27T21:55:12Z,24.458097815602677,68.87236956294115,47.55712225158687,29.49771646753244
lote-cultivo-03,2026-09-27T21:54:46.444Z,22,,,4970.5
lote-cultivo-01,2026-09-27T21:53:57.467Z,60.87317720143706,62.41980025637853,40.86248434313515,64.4903221580854
lote-cultivo-03,2026-09-27T21:53:46.298Z,22,,,3989.6
lote-cultivo-03,2026-09-27T21:52:46.16Z,22,,,4113.5
lote-cultivo-01,2026-09-27T21:52:42.951Z,72.13447444289908,56.29984380170637,34.11232255817387,30.860710481727914
lote-cultivo-03,2026-09-27T21:51:46.022Z,22,,,5190.7
lote-cultivo-01,2026-09-27T21:51:28.43Z,43.27395373324384,48.886430680969866,56.55458964084228,49.972985260008976
lote-cultivo-03,2026-09-27T21:50:45.885Z,22,,,4114.5
lote-cultivo-01,2026-09-27T21:50:13.901Z,59.8480173997295,30.30355643293018,43.4077680599267,59.38862127616501
lote-cultivo-03,2026-09-27T21:49:45.75Z,22,,,4251.7
lote-cultivo-01,2026-09-27T21:48:59.37Z,94.0609203268426,29.09627609813576,83.6045548269214,47.06476731027375
lote-cultivo-03,2026-09-27T21:48:45.618Z,22,,,4009.1
lote-cultivo-03,2026-09-27T21:47:45.481Z,22,,,5589
lote-cultivo-01,2026-09-27T21:47:44.833Z,64.09920458455252,56.33179287078678,29.07642571865661,80.23280639309243
lote-cultivo-03,2026-09-27T21:46:45.337Z,22,,,4744
lote-cultivo-01,2026-09-27T21:46:30.312Z,28.931475218708908,68.36715701556378,90.71479804262935,26.45979833631363
lote-cultivo-03,2026-09-27T21:45:45.202Z,22,,,4892
lote-cultivo-01,2026-09-27T21:45:15.758Z,52.20182116331207,52.5175323847016,20.4365006702278,42.94346209259555
lote-cultivo-03,2026-09-27T21:44:45.067Z,22,,,5160.1
lote-cultivo-01,2026-09-27T21:44:01.231Z,60.440316800219016,49.41392347547037,52.43444567770569,42.992027794156655
lote-cultivo-03,2026-09-27T21:43:44.935Z,22,,,4332.8
lote-cultivo-01,2026-09-27T21:42:46.691Z,30.59971789745099,59.212583313015365,41.09850177665016,34.09815313072039
lote-cultivo-03,2026-09-27T21:42:44.787Z,22,,,5763
lote-cultivo-03,2026-09-27T21:41:44.648Z,22,,,5595.1
lote-cultivo-01,2026-09-27T21:41:32.173Z,48.01189347368278,46.563241113562896,29.47746320239864,96.98254963782
lote-cultivo-03,2026-09-27T21:40:44.509Z,22.13,,,4942.6
lote-cultivo-01,2026-09-27T21:40:17.643Z,92.69073709561086,28.90735739030979,61.91251236029197,41.7685361571967
lote-cultivo-03,2026-09-27T21:39:44.354Z,22.25,,,5590.9
lote-cultivo-01,2026-09-27T21:39:03.117Z,73.6411281088658,41.39794432511989,41.27286441940531,50.386317984912566
lote-cultivo-03,2026-09-27T21:38:44.233Z,22.39,,,4880.6
lote-cultivo-01,2026-09-27T21:37:48.577Z,36.84201828554912,61.89230643663805,81.27706244538646,45.338504679399335
lote-cultivo-03,2026-09-27T21:37:44.092Z,22.43,,,5500.8
lote-cultivo-03,2026-09-27T21:36:43.959Z,22.46,,,5396.5
lote-cultivo-01,2026-09-27T21:36:34.061Z,52.89820271472132,62.66545847375925,33.76876152864472,9.12529053153232
lote-cultivo-03,2026-09-27T21:35:43.817Z,22.6,,,6264.1
lote-cultivo-01,2026-09-27T21:35:19.546Z,55.99328733697535,58.489985094438154,87.08427150304574,83.03876780249907
lote-cultivo-03,2026-09-27T21:34:43.677Z,22.69,,,4869.1
lote-cultivo-01,2026-09-27T21:34:05.035Z,16.789903795500738,54.27901111298669,21.736825824549495,49.82049618531474
lote-cultivo-03,2026-09-27T21:33:43.526Z,22.75,,,5711.1
lote-cultivo-01,2026-09-27T21:32:50.498Z,23.759911722803228,38.66868900423495,52.42022836947039,57.585181657635765
lote-cultivo-03,2026-09-27T21:32:43.387Z,22.94,,,6234.1
lote-cultivo-03,2026-09-27T21:31:43.246Z,23.16,,,5910.2
lote-cultivo-01,2026-09-27T21:31:35.968Z,70.55609375084677,31.232944242965544,42.272871185763805,66.33362849768396
lote-cultivo-03,2026-09-27T21:30:43.095Z,23.17,,,5069.9
lote-cultivo-01,2026-09-27T21:30:21.45Z,62.69918904992925,46.021365560463195,26.62586390659593,14.06938021658393
lote-cultivo-03,2026-09-27T21:29:42.953Z,23.33,,,4900.5
lote-cultivo-01,2026-09-27T21:29:06.922Z,33.13964006523742,54.96005135254972,63.86984538856964,63.67913643722829
lote-cultivo-03,2026-09-27T21:28:42.817Z,23.5,,,5952.4
lote-cultivo-01,2026-09-27T21:27:52.402Z,54.6860644429081,51.54212636633439,43.794384199637854,41.08458643220837
lote-cultivo-03,2026-09-27T21:27:42.679Z,23.7,,,5667.8
lote-cultivo-03,2026-09-27T21:26:42.536Z,23.85,,,6277.8
lote-cultivo-01,2026-09-27T21:26:37.855Z,64.61611620372612,63.47462551201085,71.97923428687878,48.395692426004075
lote-cultivo-03,2026-09-27T21:25:42.41Z,23.98,,,6074.4
lote-cultivo-01,2026-09-27T21:25:23.325Z,22.62616440373121,75.26317686617803,48.45476748710384,68.59403730363036
lote-cultivo-03,2026-09-27T21:24:42.275Z,24.01,,,5541.9
lote-cultivo-01,2026-09-27T21:24:08.791Z,16.39549039618112,51.03643353970363,70.80913581469449,35.860078772649544
lote-cultivo-03,2026-09-27T21:23:42.13Z,24.04,,,6087.9
lote-cultivo-01,2026-09-27T21:22:54.248Z,55.445027785052034,20.57619658701108,36.15652611076733,70.70923339469995
lote-cultivo-03,2026-09-27T21:22:41.995Z,24.13,,,6250.4
lote-cultivo-03,2026-09-24T21:35:23.775Z,22,,,5805.9
lote-cultivo-01,2026-09-24T21:35:20.642Z,88.51302673346609,57.92352785181778,73.57673893764755,77.29640996014831
lote-cultivo-03,2026-09-24T21:34:23.637Z,22,,,5836
lote-cultivo-01,2026-09-24T21:34:06.126Z,41.08204937687876,36.21222742775056,14.024263523744546,35.45055550811555
lote-cultivo-03,2026-09-24T21:33:23.502Z,22,,,4730
lote-cultivo-01,2026-09-24T21:32:51.607Z,29.57640510965311,35.16826098169099,50.59978642763225,73.27542184929233
lote-cultivo-03,2026-09-24T21:32:23.363Z,22,,,4783.7
lote-cultivo-01,2026-09-24T21:31:37.074Z,61.68401201069648,44.4952641927203,46.63269242914361,27.16021055842527
lote-cultivo-03,2026-09-24T21:31:23.208Z,22,,,5807.8
lote-cultivo-03,2026-09-24T21:30:23.086Z,22,,,5566.8
lote-cultivo-01,2026-09-24T21:30:22.569Z,52.427888344831494,40.52945886492168,48.15159599056699,44.02013009906731
lote-cultivo-03,2026-09-24T21:29:22.945Z,22,,,6513.6
lote-cultivo-01,2026-09-24T21:29:08.046Z,34.486184261034076,45.8993789732666,68.71384632322066,60.13157687426977
lote-cultivo-03,2026-09-24T21:28:22.811Z,22,,,6973.8
lote-cultivo-01,2026-09-24T21:27:53.537Z,73.76161380438032,71.28614884570878,49.11592621785093,32.49042825933891
lote-cultivo-03,2026-09-24T21:27:22.672Z,22,,,5214.6
lote-cultivo-01,2026-09-24T21:26:39Z,96.9913026462893,73.51124596474978,79.53051722325564,70.97464304905361
lote-cultivo-03,2026-09-24T21:26:22.54Z,22,,,5262.5
lote-cultivo-01,2026-09-24T21:25:24.474Z,55.42236694177068,43.77001290919684,17.373340893811893,42.74089348271226
lote-cultivo-03,2026-09-24T21:25:22.404Z,22,,,5800.8
lote-cultivo-03,2026-09-24T21:24:22.277Z,22,,,5995.5
lote-cultivo-01,2026-09-24T21:24:09.967Z,37.58618606147881,31.534694726104107,79.02078343354015,60.9352148591321
lote-cultivo-03,2026-09-24T21:23:22.141Z,22,,,7263.7
lote-cultivo-01,2026-09-24T21:22:55.416Z,62.36295351982232,45.39085261895458,7.541812077199947,55.83282321501469
lote-cultivo-03,2026-09-24T21:22:21.987Z,22,,,7246.9
lote-cultivo-01,2026-09-24T21:21:40.88Z,46.662697172489665,48.56020627679558,55.798332293695466,25.109352927812623
lote-cultivo-03,2026-09-24T21:21:21.861Z,22,,,7189.3
lote-cultivo-01,2026-09-24T21:20:26.356Z,17.297447214875678,45.05320722214414,45.05029658766735,57.935074033072794
lote-cultivo-03,2026-09-24T21:20:21.729Z,22,,,6410.7
lote-cultivo-03,2026-09-24T21:19:21.592Z,22,,,7065.1
lote-cultivo-01,2026-09-24T21:19:11.826Z,49.80909959495075,57.19254597772768,46.302978249149824,28.66545233912794
lote-cultivo-03,2026-09-24T21:18:21.456Z,22,,,7476.1
lote-cultivo-01,2026-09-24T21:17:57.299Z,80.4405754958686,65.13311167009707,70.69824851414198,72.89994825441403
lote-cultivo-03,2026-09-24T21:17:21.303Z,22,,,7658.3
lote-cultivo-01,2026-09-24T21:16:42.769Z,49.35035112722193,53.81915014453151,50.89197754172514,73.03057673699344
lote-cultivo-03,2026-09-24T21:16:21.158Z,22,,,5907.8
lote-cultivo-01,2026-09-24T21:15:28.201Z,36.20074710688715,45.025393929327954,72.29825055177763,31.668515315391087
lote-cultivo-03,2026-09-24T21:15:21.021Z,22,,,6846.8
lote-cultivo-03,2026-09-24T21:14:20.881Z,22,,,6327.3
lote-cultivo-01,2026-09-24T21:14:13.671Z,66.41775732341962,42.2099017984485,28.013191980762265,62.49983264573057
lote-cultivo-03,2026-09-24T21:13:20.748Z,22,,,7202
lote-cultivo-01,2026-09-24T21:12:59.153Z,53.96437015684058,34.362874976452346,68.47609553039095,9.270493853317612
lote-cultivo-03,2026-09-24T21:12:20.61Z,22,,,6336.5
lote-cultivo-01,2026-09-24T21:11:44.635Z,15.247767836094669,41.17284368682554,15.819352713297674,52.72177637491128
lote-cultivo-03,2026-09-24T21:11:20.46Z,22,,,6081.1
lote-cultivo-01,2026-09-24T21:10:30.114Z,34.195580619228345,67.44079117507424,49.08702668821236,79.88016880898223
lote-cultivo-03,2026-09-24T21:10:20.319Z,22,,,6986.5
lote-cultivo-03,2026-09-24T21:09:20.198Z,22,,,8037.3
lote-cultivo-01,2026-09-24T21:09:15.577Z,61.20671543325364,72.4703015224794,52.3867535020499,39.57891850994866
lote-cultivo-03,2026-09-24T21:08:20.046Z,22,,,7937.9
lote-cultivo-01,2026-09-24T21:08:01.049Z,31.86097891688175,50.099320882806865,37.62948383695172,80.65796528354923
lote-cultivo-03,2026-09-24T21:07:19.922Z,22,,,6048.1
lote-cultivo-01,2026-09-24T21:06:46.506Z,21.097244380074205,42.88546495048693,78.49976153998401,21.37648952826991
lote-cultivo-03,2026-09-24T21:06:19.782Z,22,,,7451.3
lote-cultivo-01,2026-09-24T21:05:31.98Z,62.02978876297289,49.846578991317976,48.15192777213429,32.69463210530297
lote-cultivo-03,2026-09-24T21:05:19.654Z,22,,,7323.8
lote-cultivo-03,2026-09-24T21:04:19.499Z,22,,,7835.5
lote-cultivo-01,2026-09-24T21:04:17.46Z,64.77731492360456,37.308186993939806,67.55490484686125,66.88358326055783
lote-cultivo-03,2026-09-24T21:03:19.369Z,22,,,7924.3
lote-cultivo-01,2026-09-24T21:03:02.933Z,29.979979345655423,25.98682739616472,39.49273082454588,32.81250667540282
lote-cultivo-01,2026-09-24T21:01:48.404Z,42.86719494007867,48.72808844911638,53.978763646654194,79.62499866328366
lote-cultivo-01,2026-09-24T21:00:33.87Z,65.20306149694778,74.94446054341809,29.757440663658585,44.49765780909301
lote-cultivo-01,2026-09-24T20:59:19.337Z,29.62564343260335,71.84753377540416,36.67342399381763,43.08601998764383
lote-cultivo-01,2026-09-24T20:58:04.829Z,9.49965188743959,59.0227666387366,64.73483199695742,61.29405868003851
lote-cultivo-01,2026-09-24T20:56:50.28Z,50.98145644027592,48.787554311501054,23.722100296492098,27.28982846555598
lote-cultivo-01,2026-09-24T20:55:35.739Z,66.49327380038763,31.01565071133883,93.12423961840254,61.5945048480152
lote-cultivo-01,2026-09-24T20:54:21.198Z,41.836736082754896,22.79373211116817,36.1774060348919,37.81525237173381
lote-cultivo-01,2026-09-24T20:53:06.639Z,59.12034567218372,39.49273747944645,73.32312648911685,57.218600908289574
lote-cultivo-01,2026-09-24T20:51:52.101Z,86.84299562004804,55.57688351662332,40.62695134149447,71.22588299854098
lote-cultivo-01,2026-09-24T20:50:37.517Z,50.523877847276935,61.024993531689,48.56648075406047,37.034680571149515
lote-cultivo-01,2026-09-24T20:49:22.984Z,17.350080065141523,75.66277632777559,34.77047350953357,63.675282661105435
lote-cultivo-01,2026-09-24T20:48:08.472Z,47.82928567884015,81.41655587792708,34.26303613454233,16.583946762271886
lote-cultivo-01,2026-09-24T20:46:53.947Z,62.801238847847365,48.53820916793868,65.75020783270452,44.55713764911997
lote-cultivo-01,2026-09-24T20:45:39.418Z,38.85369513109133,13.506146949918712,21.858300867967685,74.09083351778072
lote-cultivo-01,2026-09-24T20:44:24.911Z,58.33999110376211,20.36917019369349,97.25676813894908,43.30834040511879
lote-cultivo-01,2026-09-24T20:43:10.389Z,97.1612135029944,41.87830279712943,31.5671279240717,86.60054688930016
lote-cultivo-01,2026-09-24T20:41:55.866Z,70.86749399754298,48.826057462943865,75.31253551623215,23.891793700205813
lote-cultivo-01,2026-09-24T20:40:41.329Z,34.66711095583242,63.40366914930994,42.64585799122109,26.15144728253005
lote-cultivo-01,2026-09-24T20:39:26.815Z,56.72403964397207,85.62245873416403,44.41427869640745,63.44337465674717
lote-cultivo-01,2026-09-24T20:38:12.297Z,65.33424066888412,78.97886887854068,37.43538382357347,30.018805903219587
lote-cultivo-03,2026-09-24T20:37:59.005Z,22,,,10390.5
lote-cultivo-03,2026-09-24T20:36:58.867Z,22,,,7587.4
lote-cultivo-01,2026-09-24T20:36:57.762Z,31.264602602061743,48.00860623722031,36.52857810160298,90.0279944083129
lote-cultivo-03,2026-09-24T20:35:58.735Z,22,,,9364.9
lote-cultivo-01,2026-09-24T20:35:43.239Z,40.42598474972852,26.55534849069168,58.25029090460829,50.403391616542315
lote-cultivo-03,2026-09-24T20:34:58.602Z,22,,,9997.8
lote-cultivo-01,2026-09-24T20:34:28.712Z,81.95020664278907,16.965077367745547,31.818301529269732,31.881288761493963
lote-cultivo-03,2026-09-24T20:33:58.478Z,22,,,7720.4
lote-cultivo-01,2026-09-24T20:33:14.172Z,66.67513825390527,19.051710911192764,87.45330950385129,61.33181710960891
lote-cultivo-03,2026-09-24T20:32:58.333Z,22,,,8820.7
lote-cultivo-01,2026-09-24T20:31:59.655Z,36.41870343052351,48.04541920850956,40.67289023769312,20.722156896556424
lote-cultivo-03,2026-09-24T20:31:58.191Z,22,,,7819.6
lote-cultivo-03,2026-09-24T20:30:58.055Z,22,,,9211
lote-cultivo-01,2026-09-24T20:30:45.127Z,61.96522200472725,81.67594891996336,65.0055768898375,67.51698076734478
lote-cultivo-03,2026-09-24T20:29:57.93Z,22,,,10882.4
lote-cultivo-01,2026-09-24T20:29:30.617Z,74.43537910323332,82.16933563711109,56.11657837693548,52.235182949046
lote-cultivo-03,2026-09-24T20:28:57.791Z,22,,,8925.9
lote-cultivo-01,2026-09-24T20:28:16.102Z,34.05991516915715,66.40181015862834,28.798192209352894,45.05761263617723
lote-cultivo-03,2026-09-24T20:27:57.659Z,22,,,10563.3
lote-cultivo-01,2026-09-24T20:27:01.579Z,27.82888051986338,60.27719314316716,51.61642343163009,69.90438655950267
lote-cultivo-03,2026-09-24T20:26:57.52Z,22,,,8706.3
lote-cultivo-03,2026-09-24T20:25:57.385Z,22,,,9165.8
lote-cultivo-01,2026-09-24T20:25:47.065Z,60.88099342531578,41.040069396118426,27.930031694278128,33.98863320167672
lote-cultivo-03,2026-09-24T20:24:57.233Z,22,,,7959.9
lote-cultivo-01,2026-09-24T20:24:32.544Z,46.22070613722813,7.38524523564426,59.37297339746272,61.54648824494423
lote-cultivo-03,2026-09-24T20:23:57.096Z,22,,,9087.5
lote-cultivo-01,2026-09-24T20:23:18.018Z,17.461542903579552,9.229414792850184,36.14427295885409,33.020408948384414
lote-cultivo-03,2026-09-24T20:22:56.962Z,22,,,10173.8
lote-cultivo-01,2026-09-24T20:22:03.484Z,49.649978543990656,50.646408702475,80.70187603392327,38.81999292844144
lote-cultivo-03,2026-09-24T20:21:56.794Z,22,,,9104.1
lote-cultivo-03,2026-09-24T20:20:56.657Z,22,,,11363.4
lote-cultivo-01,2026-09-24T20:20:48.957Z,76.55696393683455,77.86090228658038,47.716616950360454,67.33603061525065
lote-cultivo-03,2026-09-24T20:19:56.524Z,22,,,10156.9
lote-cultivo-01,2026-09-24T20:19:34.427Z,43.98948857262795,78.14618189550417,57.0152226868984,43.02836542776541
lote-cultivo-03,2026-09-24T20:18:56.386Z,22,,,8217.9
lote-cultivo-01,2026-09-24T20:18:19.888Z,32.52874618700923,76.08071671597547,67.21148909005117,83.99268268776746
lote-cultivo-03,2026-09-24T20:17:56.239Z,22,,,11559.6
lote-cultivo-01,2026-09-24T20:17:05.347Z,59.31327622312937,63.50127884971323,14.12637464565881,34.41991185542086
lote-cultivo-03,2026-09-24T20:16:56.102Z,22,,,11549.5
lote-cultivo-03,2026-09-24T20:15:55.962Z,22,,,10532.6
lote-cultivo-01,2026-09-24T20:15:50.843Z,39.89971720526764,32.900779437113336,67.49255388673599,27.31967476541376
lote-cultivo-03,2026-09-24T20:14:55.826Z,22,,,8649.7
lote-cultivo-01,2026-09-24T20:14:36.315Z,2.2197854509368184,15.275714559094473,15.073613293550745,56.1360973533113
lote-cultivo-03,2026-09-24T20:13:55.686Z,22,,,11789.6
lote-cultivo-01,2026-09-24T20:13:21.813Z,30.54892276004152,22.82190962081757,66.35983137200932,25.33341243189987
lote-cultivo-03,2026-09-24T20:12:55.536Z,22,,,9162.2
lote-cultivo-01,2026-09-24T20:12:07.29Z,67.52451035355558,36.4268647028809,34.12435414844177,92.57700251085885
lote-cultivo-03,2026-09-24T20:11:55.397Z,22,,,11917.6
lote-cultivo-03,2026-09-24T20:10:55.266Z,22,,,8809.3
lote-cultivo-01,2026-09-24T20:10:52.782Z,47.61804217097695,58.61197008302431,80.79712408137138,57.43104570007107
lote-cultivo-03,2026-09-24T20:09:55.13Z,22,,,8624.7
lote-cultivo-01,2026-09-24T20:09:38.268Z,42.35125648879852,88.62594677291608,46.34720959907457,33.089088734159134
lote-cultivo-03,2026-09-24T20:08:54.992Z,22,,,12197.6
lote-cultivo-01,2026-09-24T20:08:23.755Z,74.73685790252014,88.1719028311027,60.16716158690754,60.07508063444829
lote-cultivo-03,2026-09-24T20:07:54.846Z,22,,,11136.6
lote-cultivo-01,2026-09-24T20:07:09.252Z,58.53162766083584,51.75112250024361,64.67875854397185,9.257069698640604
lote-cultivo-03,2026-09-24T20:06:54.716Z,22,,,11557.6
lote-cultivo-01,2026-09-24T20:05:54.741Z,12.308660119584244,29.33508061845313,14.702437663888947,69.50039642689335
lote-cultivo-03,2026-09-24T20:05:54.563Z,22,,,8856.7
lote-cultivo-03,2026-09-24T20:04:54.429Z,22,,,12138.6
lote-cultivo-01,2026-09-24T20:04:40.197Z,28.059866304275804,32.499490730871,68.80546939251072,63.73756125201713
lote-cultivo-03,2026-09-24T20:03:54.263Z,22,,,12042
lote-cultivo-01,2026-09-24T20:03:25.667Z,62.0024828642745,27.672089761866353,14.811595684507992,41.91119574279523
lote-cultivo-03,2026-09-24T20:02:54.127Z,22,,,11763.8
lote-cultivo-01,2026-09-24T20:02:11.138Z,44.09376867563004,25.77182590619922,62.433525117829056,73.62899048830798
lote-cultivo-03,2026-09-24T20:01:53.986Z,22,,,11268.3
lote-cultivo-01,2026-09-24T20:00:56.629Z,40.63302384404602,56.10803568679829,41.99929691337691,23.4696421003877
lote-cultivo-03,2026-09-24T20:00:53.848Z,22,,,12069.3
lote-cultivo-03,2026-09-24T19:59:53.724Z,22,,,11652
lote-cultivo-01,2026-09-24T19:59:42.102Z,82.09342602868792,86.57449096364212,71.71399196099571,55.02901349539113
lote-cultivo-03,2026-09-24T19:58:53.593Z,22,,,9767.3
lote-cultivo-01,2026-09-24T19:58:27.598Z,79.42935703681613,78.87841690173309,52.42152597519225,49.228170678286155
lote-cultivo-03,2026-09-24T19:57:53.445Z,22,,,9296.4
lote-cultivo-01,2026-09-24T19:57:13.081Z,35.99598843743669,55.88233535522812,59.23902298560113,36.14743180849299
lote-cultivo-03,2026-09-24T19:56:53.31Z,22,,,9918.5
lote-cultivo-01,2026-09-24T19:55:58.571Z,44.60720802559766,41.868356205643884,61.77182118240528,68.93630302397465
lote-cultivo-03,2026-09-24T19:55:53.173Z,22,,,10980.3
lote-cultivo-03,2026-09-24T19:54:53.037Z,22,,,9419.8
lote-cultivo-01,2026-09-24T19:54:44.046Z,72.30216762544354,27.89563330876196,19.331405563377594,39.66386264887903
lote-cultivo-03,2026-09-24T19:53:52.885Z,22,,,10542
lote-cultivo-01,2026-09-24T19:53:29.522Z,46.33797353791796,23.14323428936897,63.88719301914906,71.5823880075541
lote-cultivo-03,2026-09-24T19:52:52.742Z,22,,,11678.2
lote-cultivo-01,2026-09-24T19:52:15.005Z,31.224037857462463,42.19557072750625,21.53739569647355,47.251118694124365
lote-cultivo-03,2026-09-24T19:51:52.604Z,22,,,12397.1
lote-cultivo-01,2026-09-24T19:51:00.478Z,70.44708488443365,60.53396715983681,51.12967005097408,31.331287424764596
lote-cultivo-03,2026-09-24T19:50:52.466Z,22,,,12036.4
lote-cultivo-03,2026-09-24T19:49:52.326Z,22,,,12270.6
lote-cultivo-01,2026-09-24T19:49:45.964Z,77.90049135411527,62.38298154580064,58.37582399119342,53.553956478657085
lote-cultivo-03,2026-09-24T19:48:52.19Z,22,,,12203.5
lote-cultivo-01,2026-09-24T19:48:31.45Z,43.02714250383352,68.46530412503448,52.19925953341523,24.16226528453874
lote-cultivo-03,2026-09-24T19:47:52.06Z,22,,,11353.5
lote-cultivo-01,2026-09-24T19:47:16.904Z,54.893224434373955,71.83030112362374,70.38433168700631,83.14421512213464
lote-cultivo-03,2026-09-24T19:46:51.918Z,22,,,9723.7
lote-cultivo-01,2026-09-24T19:46:02.342Z,86.6810048697926,45.35746920387267,46.47004336335673,62.425534106217384
lote-cultivo-03,2026-09-24T19:45:51.782Z,22,,,12117.5
lote-cultivo-03,2026-09-24T19:44:51.641Z,22,,,12351.8
lote-cultivo-01,2026-09-24T19:44:47.823Z,58.40167022120837,18.20092948317102,69.076987048663,40.83555511753983
lote-cultivo-03,2026-09-24T19:43:51.503Z,22,,,9749.8
lote-cultivo-01,2026-09-24T19:43:33.295Z,28.634983853670537,31.558869404749,15.318697016098346,60.446227913028935
lote-cultivo-03,2026-09-24T19:42:51.373Z,22,,,9893.4
lote-cultivo-01,2026-09-24T19:42:18.784Z,54.962204544876926,55.984849088592824,66.99888220650645,3.0323035445944915
lote-cultivo-03,2026-09-24T19:41:51.219Z,22,,,11535.3
lote-cultivo-01,2026-09-24T19:41:04.272Z,60.38748694150329,55.34906172159755,19.508333248120792,64.52510404546452
lote-cultivo-03,2026-09-24T19:40:51.083Z,22,,,10317.5
lote-cultivo-03,2026-09-24T19:39:50.937Z,22,,,12406.8
lote-cultivo-01,2026-09-24T19:39:49.75Z,26.046865037312912,54.32436181934974,49.67755735356224,66.55848981119289
lote-cultivo-03,2026-09-24T19:38:50.787Z,22,,,11288.9
lote-cultivo-01,2026-09-24T19:38:35.233Z,40.71022331178435,66.77302024795804,65.12000243401755,46.13224331175469
lote-cultivo-03,2026-09-24T19:37:50.652Z,22,,,9981.2
lote-cultivo-01,2026-09-24T19:37:20.718Z,84.06900007203788,61.926798735742736,40.8501675392383,81.78348424940248
lote-cultivo-03,2026-09-24T19:36:50.526Z,22,,,10548.5
lote-cultivo-01,2026-09-24T19:36:06.179Z,66.47252415556105,40.311492333787186,82.41031461834663,14.382419913097769
lote-cultivo-03,2026-09-24T19:35:50.374Z,22,,,9897.1
lote-cultivo-01,2026-09-24T19:34:51.676Z,34.22622501316865,34.2882415932079,37.67648472817266,46.59496722006594
lote-cultivo-03,2026-09-24T19:34:50.233Z,22,,,11894.2
lote-cultivo-03,2026-09-24T19:33:50.094Z,22,,,14060.1
lote-cultivo-01,2026-09-24T19:33:37.137Z,52.61179305313595,40.954014831223006,73.3873913794017,56.04787514194437
lote-cultivo-03,2026-09-24T19:32:49.959Z,22,,,13074.6
lote-cultivo-01,2026-09-24T19:32:22.621Z,52.768800476768426,45.37848224151336,13.930513050472246,35.068635763929144
lote-cultivo-03,2026-09-24T19:31:49.808Z,22,,,12699.2
lote-cultivo-01,2026-09-24T19:31:08.087Z,10.127486741820563,58.053001514267656,68.82172899359153,80.15125386489338
lote-cultivo-03,2026-09-24T19:30:49.67Z,22,,,12764.1
lote-cultivo-01,2026-09-24T19:29:53.566Z,16.630628822154254,70.0523755069402,15.758200143805263,36.8946556119202
lote-cultivo-03,2026-09-24T19:29:49.532Z,22,,,13245.8
lote-cultivo-03,2026-09-24T19:28:49.386Z,22,,,12708.4
lote-cultivo-01,2026-09-24T19:28:39.044Z,64.73748142415886,55.871034916523975,54.002865491161266,55.878703180495634
lote-cultivo-03,2026-09-24T19:27:49.255Z,22,,,14161.6
lote-cultivo-01,2026-09-24T19:27:24.531Z,60.00941686084387,36.77355800593047,62.36253739508314,55.17304776919117
lote-cultivo-03,2026-09-24T19:26:49.101Z,22,,,11247.5
lote-cultivo-01,2026-09-24T19:26:10.015Z,35.43783450172426,43.70586287813613,41.113733425659,30.708152689955355
lote-cultivo-03,2026-09-24T19:25:48.967Z,22,,,13487.9
lote-cultivo-01,2026-09-24T19:24:55.497Z,58.930322978484554,51.058478994937175,82.35423200359713,60.01089274048132
lote-cultivo-03,2026-09-24T19:24:48.83Z,22,,,10262.5
lote-cultivo-03,2026-09-24T19:23:48.677Z,22,,,11113
lote-cultivo-01,2026-09-24T19:23:40.982Z,64.82050366660982,39.31617041648769,41.19611531036596,29.628815129369695
lote-cultivo-03,2026-09-24T19:22:48.545Z,22,,,12226.7
lote-cultivo-01,2026-09-24T19:22:26.438Z,18.40329265430633,43.69543365764884,64.54659027259483,66.92788841551095
lote-cultivo-03,2026-09-24T19:21:48.398Z,22,,,10314.7
lote-cultivo-01,2026-09-24T19:21:11.905Z,12.071189442170946,69.95078853979568,26.973213051116996,64.46445609660745
lote-cultivo-03,2026-09-24T19:20:48.148Z,22,,,12522.5
lote-cultivo-01,2026-09-24T19:19:57.402Z,53.96726442741444,71.4017724690764,54.770266723139926,41.56646301464695
lote-cultivo-03,2026-09-24T19:19:48.008Z,22,,,13271.5
lote-cultivo-03,2026-09-24T19:18:47.874Z,22,,,12235.2
lote-cultivo-01,2026-09-24T19:18:41.896Z,54.308367405375144,45.06210292278798,26.1392079516186,64.29266718454771
lote-cultivo-03,2026-09-24T19:17:47.743Z,22,,,12223.7
lote-cultivo-01,2026-09-24T19:17:27.379Z,33.66281494864209,32.83133220331289,51.9463859929134,10.053628743130908
lote-cultivo-03,2026-09-24T19:16:47.589Z,22,,,13958.7
lote-cultivo-01,2026-09-24T19:16:11.877Z,58.8327601379207,36.758959169489295,65.7948922871943,55.634385138154805
lote-cultivo-03,2026-09-24T19:15:47.45Z,22,,,11956.5
lote-cultivo-01,2026-09-24T19:14:57.356Z,80.37948907736195,38.08976103354462,39.00873577455437,69.3392787144018
lote-cultivo-03,2026-09-24T19:14:47.315Z,22,,,13862.4
lote-cultivo-03,2026-09-24T19:13:47.175Z,22,,,11991
lote-cultivo-01,2026-09-24T19:13:42.824Z,42.234208111596466,48.809055372081666,86.55314439945569,44.82897235016715
lote-cultivo-03,2026-09-24T19:12:47.04Z,22,,,15077.7
lote-cultivo-01,2026-09-24T19:12:28.288Z,26.407301012249267,67.98372110157457,38.059500117120514,86.81178397404258
lote-cultivo-03,2026-09-24T19:11:46.892Z,22,,,13562.7
lote-cultivo-01,2026-09-24T19:11:13.78Z,62.41252348454083,69.14109771878061,55.29623069326447,15.499662828293712
lote-cultivo-03,2026-09-24T19:10:46.752Z,22,,,14578
lote-cultivo-01,2026-09-24T19:09:59.257Z,60.5174772074922,58.09489530925854,42.08380521074984,34.04533534592103
lote-cultivo-03,2026-09-24T19:09:46.609Z,22,,,11005.3
lote-cultivo-03,2026-09-24T19:08:46.472Z,22,,,11709.9
lote-cultivo-01,2026-09-24T19:08:44.739Z,28.33714559019026,54.42487502684384,34.28826459617863,58.7840138615968
lote-cultivo-03,2026-09-24T19:07:46.334Z,22,,,12047.6
lote-cultivo-01,2026-09-24T19:07:30.226Z,50.50010801165114,41.114759517118195,45.2087455211924,35.50665443509251
lote-cultivo-03,2026-09-24T19:06:46.208Z,22,,,12108.5
lote-cultivo-01,2026-09-24T19:06:15.699Z,82.4641994656002,16.8214016883179,38.30216718766087,92.2416392293107
lote-cultivo-03,2026-09-24T19:05:46.06Z,22,,,13297.8
lote-cultivo-01,2026-09-24T19:05:01.165Z,56.669132978210214,24.017061260465493,74.71322578351376,42.34771479571148
lote-cultivo-03,2026-09-24T19:04:45.925Z,22,,,14520.8
lote-cultivo-01,2026-09-24T19:03:46.653Z,44.08679516313184,62.11241172535641,32.29388155535869,38.86737321684815
lote-cultivo-03,2026-09-24T19:03:45.774Z,22,,,13629.1
lote-cultivo-03,2026-09-24T19:02:45.626Z,22,,,14734.9
lote-cultivo-01,2026-09-24T19:02:32.137Z,80.28873394922678,77.77304088400817,92.52008181004258,52.333518713503345
lote-cultivo-03,2026-09-24T19:01:45.489Z,22,,,12040.6
lote-cultivo-01,2026-09-24T19:01:17.623Z,76.41210985328668,66.13960778850513,33.64508810319807,25.0751010282679
lote-cultivo-03,2026-09-24T19:00:45.354Z,22,,,12223.8
lote-cultivo-01,2026-09-24T19:00:03.111Z,31.978469764241986,63.42551914265767,55.763792805034505,72.19948729625416
lote-cultivo-03,2026-09-24T18:59:45.205Z,22,,,12535
lote-cultivo-01,2026-09-24T18:58:48.57Z,39.22754353005287,59.23469994153252,47.73657404613069,45.49489064741867
lote-cultivo-03,2026-09-24T18:58:45.083Z,22,,,15446.2
lote-cultivo-03,2026-09-24T18:57:44.934Z,22,,,11203.7
lote-cultivo-01,2026-09-24T18:57:34.036Z,68.17870389646589,31.926506976331147,24.01502085912122,55.28833789478666
lote-cultivo-03,2026-09-24T18:56:44.81Z,22,,,15562.5
lote-cultivo-01,2026-09-24T18:56:19.534Z,46.77683815988403,13.107352597634438,56.276646195909166,60.52462236718088
lote-cultivo-03,2026-09-24T18:55:44.627Z,22,,,11049
lote-cultivo-01,2026-09-24T18:55:05.011Z,37.500304064826736,27.890751479348975,30.101366236222145,34.14916750740185
lote-cultivo-03,2026-09-24T18:54:44.506Z,22,,,11886.9
lote-cultivo-01,2026-09-24T18:53:50.5Z,79.91565559545732,50.73050441628993,79.18609489741645,66.64895583837685
lote-cultivo-03,2026-09-24T18:53:44.364Z,22,,,12275.6
lote-cultivo-03,2026-09-24T18:52:44.227Z,22,,,14046.5
lote-cultivo-01,2026-09-24T18:52:34.992Z,86.87975731379638,69.46881121833486,32.59368436243659,26.065067640820395
lote-cultivo-03,2026-09-24T18:51:44.106Z,22,,,12801.7
lote-cultivo-01,2026-09-24T18:51:20.472Z,40.11206377774042,86.14143743826219,93.07670877728286,52.141380687318005
lote-cultivo-03,2026-09-24T18:50:43.971Z,22,,,13042.7
lote-cultivo-01,2026-09-24T18:50:05.958Z,33.92089268409605,79.24142198224867,29.286139436338825,65.20002901790524
lote-cultivo-03,2026-09-24T18:49:43.818Z,22,,,15895.6
lote-cultivo-01,2026-09-24T18:48:51.449Z,54.95330829357549,45.19445428120888,56.76032938851766,35.40573376482442
lote-cultivo-03,2026-09-24T18:48:43.686Z,22,,,13624
lote-cultivo-03,2026-09-24T18:47:43.551Z,22,,,15850.5
lote-cultivo-01,2026-09-24T18:47:35.937Z,34.25979987266604,23.875603993131044,47.012576679032456,84.2081441482189
lote-cultivo-03,2026-09-24T18:46:43.397Z,22,,,15422.4
lote-cultivo-01,2026-09-24T18:46:21.42Z,16.61411092205131,27.099457595583555,18.08490861485914,25.4619156619884
lote-cultivo-03,2026-09-24T18:45:43.26Z,22,,,13741.3
lote-cultivo-01,2026-09-24T18:45:06.909Z,60.22425004375034,25.671127234364445,65.53698901384196,31.598017024985097
lote-cultivo-03,2026-09-24T18:44:43.127Z,22,,,14137
lote-cultivo-01,2026-09-24T18:43:52.398Z,82.04653504829025,30.844312611315697,29.105199543875234,61.21518260145523
lote-cultivo-03,2026-09-24T18:43:42.992Z,22,,,14431.2
lote-cultivo-03,2026-09-24T18:42:42.846Z,22,,,13261.4
lote-cultivo-01,2026-09-24T18:42:37.887Z,43.81514228727266,68.05361137851291,74.32799979776429,29.324676687285447
lote-cultivo-03,2026-09-24T18:41:42.707Z,22,,,14142.1
lote-cultivo-01,2026-09-24T18:41:23.384Z,34.950344557798644,98.47519965286617,44.246724183732645,94.13965744075097
lote-cultivo-03,2026-09-24T18:40:42.56Z,22,,,14624.9
lote-cultivo-01,2026-09-24T18:40:08.855Z,58.065209281109354,80.65525580596794,80.20206859282763,51.52173874177263
lote-cultivo-03,2026-09-24T18:39:42.408Z,22,,,13905.2
lote-cultivo-01,2026-09-24T18:38:54.332Z,33.358222216220646,46.75000539740139,37.30624276375522,31.233642184939512
lote-cultivo-03,2026-09-24T18:38:42.273Z,22,,,15080.4
lote-cultivo-03,2026-09-24T18:37:42.14Z,22,,,13030.6
lote-cultivo-01,2026-09-24T18:37:39.818Z,4.18209426327484,32.01583470110797,53.45265489978264,52.26645084383992
lote-cultivo-03,2026-09-24T18:36:42.005Z,22,,,14263.6
lote-cultivo-01,2026-09-24T18:36:25.299Z,40.276830040977465,22.13553210378182,48.206935632213735,15.730494978864783
lote-cultivo-03,2026-09-24T18:35:41.859Z,22,,,13502.1
lote-cultivo-01,2026-09-24T18:35:10.781Z,67.9163947815042,16.973364116646433,17.346123057081247,75.30194290462914
lote-cultivo-03,2026-09-24T18:34:41.738Z,22,,,12882.2
lote-cultivo-01,2026-09-24T18:33:56.265Z,38.8495192492609,38.210729430608495,65.67926217252835,62.777920986182934
lote-cultivo-03,2026-09-24T18:33:41.589Z,22,,,16170.6
lote-cultivo-01,2026-09-24T18:32:41.759Z,36.86986467712837,68.86143898196549,31.735007391354507,50.59324779366477
lote-cultivo-03,2026-09-24T18:32:41.461Z,22,,,12379.5
lote-cultivo-03,2026-09-24T18:31:41.291Z,22,,,15494.6
lote-cultivo-01,2026-09-24T18:31:27.253Z,70.44608112358267,80.49625875312871,65.50085968922713,59.74272539281582
lote-cultivo-03,2026-09-24T18:30:41.029Z,22,,,16440.9
lote-cultivo-01,2026-09-24T18:30:12.752Z,53.53781097457123,80.54634612971225,59.30472752187524,20.041186531060447
lote-cultivo-03,2026-09-24T18:29:40.89Z,22,,,15467.5
lote-cultivo-01,2026-09-24T18:28:58.221Z,18.420678750174964,69.88250986053505,61.71496258118545,59.25726593934332
lote-cultivo-03,2026-09-24T18:28:40.752Z,22,,,16045.1
lote-cultivo-01,2026-09-24T18:27:43.703Z,42.917765707695615,34.93216885462648,55.137336572366905,43.32071722683332
lote-cultivo-03,2026-09-24T18:27:40.586Z,22,,,16025.2
lote-cultivo-03,2026-09-24T18:26:40.447Z,22,,,13951.8
lote-cultivo-01,2026-09-24T18:26:29.179Z,65.31282686149935,5.997940808113806,39.566359436513245,53.38139411123238
lote-cultivo-03,2026-09-24T18:25:40.31Z,22,,,13022.9
lote-cultivo-01,2026-09-24T18:25:14.665Z,33.21641055401707,20.86066372007243,58.89245967459561,66.98636021839806
lote-cultivo-03,2026-09-24T18:24:40.17Z,22,,,12340.7
lote-cultivo-01,2026-09-24T18:24:00.148Z,31.19784818330003,50.18955511025107,10.863963371137688,28.78775537545648
lote-cultivo-03,2026-09-24T18:23:40.027Z,22,,,13077.9
lote-cultivo-01,2026-09-24T18:22:44.646Z,73.24875820291106,57.73059662116091,73.66907025486685,72.43868361474264
lote-cultivo-03,2026-09-24T18:22:39.894Z,22,,,13335.9
lote-cultivo-03,2026-09-24T18:21:39.756Z,22,,,16357.3
lote-cultivo-01,2026-09-24T18:21:30.123Z,72.43126896998893,66.53464742485228,26.33179566709484,33.75785715828557
lote-cultivo-03,2026-09-24T18:20:39.621Z,22,,,14414.8
lote-cultivo-01,2026-09-24T18:20:15.603Z,40.685173452332144,85.14427601896023,67.69479704616423,37.96727636936165
lote-cultivo-03,2026-09-24T18:19:39.473Z,22,,,12063.1
lote-cultivo-01,2026-09-24T18:19:01.08Z,59.80442838905991,74.21736468043714,65.82221767055843,65.29693066339438
lote-cultivo-03,2026-09-24T18:18:39.349Z,22,,,15627.9
lote-cultivo-01,2026-09-24T18:17:46.563Z,80.81792680136235,35.31653026140293,48.872701923358186,23.873601048562833
lote-cultivo-03,2026-09-24T18:17:39.199Z,22,,,12224.7
lote-cultivo-03,2026-09-24T18:16:39.062Z,22,,,12680.6
lote-cultivo-01,2026-09-24T18:16:32.055Z,42.0907401152439,16.92135934769038,67.25036306785445,86.82287492370283
lote-cultivo-03,2026-09-24T18:15:38.928Z,22,,,16286.3
lote-cultivo-01,2026-09-24T18:15:17.545Z,23.319646114450777,25.835468415010325,29.977068490734887,54.39144535594828
lote-cultivo-03,2026-09-24T18:14:38.78Z,22,,,14524.1
lote-cultivo-01,2026-09-24T18:14:03.023Z,61.85944831521684,37.7927756212312,61.59277496825091,33.36564284856012
lote-cultivo-03,2026-09-24T18:13:38.641Z,22,,,16880.9
lote-cultivo-01,2026-09-24T18:12:48.512Z,69.50084635408736,55.83389764588597,7.414677647203803,59.627229097283006
lote-cultivo-03,2026-09-24T18:12:38.511Z,22,,,13585.3
lote-cultivo-03,2026-09-24T18:11:38.375Z,22,,,16618.2
lote-cultivo-01,2026-09-24T18:11:33.984Z,44.94173048031534,76.92485064753627,77.54913538358673,8.072761290753942
lote-cultivo-03,2026-09-24T18:10:38.228Z,22,,,13697.2
lote-cultivo-01,2026-09-24T18:10:19.473Z,68.54885926597856,74.61067418970549,20.80710695515751,70.14035101672033
lote-cultivo-03,2026-09-24T18:09:38.091Z,22,,,16889.8
lote-cultivo-01,2026-09-24T18:09:04.951Z,96.03929120868162,56.09301439285546,72.6694479182821,70.04812480797963
lote-cultivo-03,2026-09-24T18:08:37.939Z,22,,,16909.8
lote-cultivo-01,2026-09-24T18:07:50.426Z,56.67080147838352,48.17139194597657,63.42882446782067,48.84106210088462
lote-cultivo-03,2026-09-24T18:07:37.773Z,22,,,13985.4
lote-cultivo-03,2026-09-24T18:06:37.634Z,22,,,14140.9
lote-cultivo-01,2026-09-24T18:06:35.922Z,24.676973602101853,38.49430007592853,48.171742760375906,68.78771252494964
lote-cultivo-03,2026-09-24T18:05:37.494Z,22,,,13213.4
lote-cultivo-01,2026-09-24T18:05:21.394Z,51.03238723219509,19.675077485213546,68.69396231087744,12.074973051817032
lote-cultivo-03,2026-09-24T18:04:37.352Z,22,,,13391.4
lote-cultivo-01,2026-09-24T18:04:06.852Z,54.88640551232045,28.136286264231018,32.09104214853289,47.227348462773605
lote-cultivo-03,2026-09-24T18:03:37.218Z,22,,,14105.2
lote-cultivo-01,2026-09-24T18:02:52.337Z,27.379549632079392,65.17568964578034,54.21184539467896,53.99486470245116
lote-cultivo-03,2026-09-24T18:02:37.05Z,22,,,15857.3
lote-cultivo-01,2026-09-24T18:01:37.829Z,51.35045446728335,77.76358920338893,18.76892334891999,53.72459304185414
lote-cultivo-03,2026-09-24T18:01:36.91Z,22,,,16524.5
lote-cultivo-03,2026-09-24T18:00:36.756Z,22,,,17211.6
lote-cultivo-01,2026-09-24T18:00:23.316Z,90.02233172437315,59.22812571863123,65.6892982689242,76.86132495876335
lote-cultivo-03,2026-09-24T17:59:36.607Z,22,,,16309.7
lote-cultivo-01,2026-09-24T17:59:08.803Z,62.054454016698855,52.063004971529466,30.084411479209965,30.68543212407711
lote-cultivo-03,2026-09-24T17:58:36.466Z,22,,,17187.4
lote-cultivo-01,2026-09-24T17:57:54.281Z,30.05660113663797,53.80702575169533,65.61760608813994,56.09424911987021
lote-cultivo-03,2026-09-24T17:57:36.322Z,22,,,14065.8
lote-cultivo-01,2026-09-24T17:56:39.767Z,52.10123977576562,38.346162300561126,69.84556066637403,38.03378024863886
lote-cultivo-03,2026-09-24T17:56:36.184Z,22,,,16467.5
lote-cultivo-03,2026-09-24T17:55:36.049Z,22,,,12427.7
lote-cultivo-01,2026-09-24T17:55:25.243Z,52.094775044395114,27.407098157646736,41.12723456804934,41.41153561893651
lote-cultivo-03,2026-09-24T17:54:35.912Z,22,,,16329.6
lote-cultivo-01,2026-09-24T17:54:10.733Z,14.512802909306489,42.54904997791032,75.04914525037594,69.42939586183971
lote-cultivo-03,2026-09-24T17:53:35.772Z,22,,,13317.7
lote-cultivo-01,2026-09-24T17:52:56.224Z,27.595660346361488,58.602381319294494,30.361849347993303,28.32445832065157
lote-cultivo-03,2026-09-24T17:52:35.638Z,22,,,15260.3
lote-cultivo-01,2026-09-24T17:51:41.707Z,68.26648730277815,61.76458178631216,49.057921304237254,75.79202118744
lote-cultivo-03,2026-09-24T17:51:35.497Z,22.21,,,13458.7
lote-cultivo-03,2026-09-24T17:50:35.362Z,22.22,,,16501.8
lote-cultivo-01,2026-09-24T17:50:27.18Z,50.62069529703731,64.67206566876655,30.76321882155951,50.5217787562938
lote-cultivo-03,2026-09-24T17:49:35.219Z,22.3,,,17340.5
lote-cultivo-01,2026-09-24T17:49:12.67Z,26.06540943674183,57.667215392077466,50.160332116764074,38.07203666353457
lote-cultivo-03,2026-09-24T17:48:35.081Z,22.53,,,16391.7
lote-cultivo-01,2026-09-24T17:47:58.167Z,54.12466911102351,35.03443787646404,47.13679739660133,69.05525463918795
lote-cultivo-03,2026-09-24T17:47:34.93Z,22.63,,,17007.8
lote-cultivo-01,2026-09-24T17:46:42.666Z,64.12118690753643,32.19187565639285,54.06756722643989,11.14415127989225
lote-cultivo-03,2026-09-24T17:46:34.79Z,22.77,,,15972.2
lote-cultivo-03,2026-09-24T17:45:34.649Z,22.79,,,12490.2
lote-cultivo-01,2026-09-24T17:45:28.153Z,24.395646585625304,52.55124824159246,80.08209916332535,64.32896643748508
lote-cultivo-03,2026-09-24T17:44:34.512Z,23.01,,,14161.2
lote-cultivo-01,2026-09-24T17:44:13.631Z,23.6549693974481,56.528613412973414,29.5644844597841,67.76247264381301
lote-cultivo-03,2026-09-24T17:43:34.377Z,23.04,,,17244.5
lote-cultivo-01,2026-09-24T17:42:59.115Z,58.839585753421645,46.89432633632816,86.6721251844898,43.89031742301037
lote-cultivo-03,2026-09-24T17:42:34.243Z,23.22,,,14338.6
lote-cultivo-01,2026-09-24T17:41:44.586Z,43.40659757571981,57.74410818061801,18.66150738040767,79.5245061871189
lote-cultivo-03,2026-09-24T17:41:34.092Z,23.31,,,17698.9
lote-cultivo-03,2026-09-24T17:40:33.968Z,23.44,,,15663.9
lote-cultivo-01,2026-09-24T17:40:30.058Z,17.277993971601337,68.68156294110183,53.0094930657016,12.713161462342375
lote-cultivo-03,2026-09-24T17:39:33.832Z,23.55,,,16193.5
lote-cultivo-01,2026-09-24T17:39:15.54Z,52.03180745637139,47.21397148673184,34.747121900779746,38.875386703008175
lote-cultivo-03,2026-09-24T17:38:33.687Z,23.58,,,14545.7
lote-cultivo-01,2026-09-24T17:38:01.029Z,78.97880952005166,25.521128339326648,38.783098559180985,59.20398292055468
lote-cultivo-03,2026-09-24T17:37:33.53Z,23.68,,,12685.2
lote-cultivo-01,2026-09-24T17:36:45.526Z,47.56312884049238,37.51454660456723,59.52694857324629,49.18857574541383
lote-cultivo-03,2026-09-24T17:36:33.393Z,23.87,,,15374.3
lote-cultivo-03,2026-09-24T17:35:33.261Z,24.03,,,15713.1
lote-cultivo-01,2026-09-24T17:35:31.007Z,40.19772087783762,54.752342968461555,47.514465766548426,86.75429935304516
lote-cultivo-03,2026-09-24T17:34:33.111Z,24.12,,,13464.4
lote-cultivo-01,2026-09-24T17:34:16.493Z,70.36381432227431,58.42774599087649,82.78170598261167,35.20407078275641
lote-cultivo-03,2026-09-24T17:33:32.975Z,24.34,,,15233.6
lote-cultivo-01,2026-09-24T17:33:01.973Z,52.307401445912106,64.21369089425745,27.59950041640107,40.31589997376778
lote-cultivo-03,2026-09-24T17:32:32.837Z,24.38,,,12832.7
lote-cultivo-01,2026-09-24T17:31:47.471Z,15.549291040753962,65.25635689431968,89.09992405957216,38.24329918970621
lote-cultivo-03,2026-09-24T17:31:32.711Z,24.39,,,16950.6
lote-cultivo-01,2026-09-24T17:30:32.93Z,43.68490478894584,47.92477032236276,12.42353343770238,37.144642368780154
lote-cultivo-03,2026-09-24T17:30:32.559Z,24.63,,,15072.8
lote-cultivo-01,2026-09-28T21:22:33.621Z,80.56698583249887,81.68954620249633,43.28686902860564,43.58705339192452
lote-cultivo-03,2026-09-28T21:21:47.368Z,24.41,,,5612.8
lote-cultivo-01,2026-09-28T21:21:19.098Z,39.523930192496834,54.04666169291603,54.173129699398736,51.71145594606388
lote-cultivo-03,2026-09-28T21:20:47.233Z,24.54,,,6918.8
lote-cultivo-01,2026-09-28T21:20:04.581Z,30.1938507921927,37.65318731772928,22.955365985041855,67.96801274327339
lote-cultivo-03,2026-09-28T21:19:47.078Z,24.62,,,5828.1
lote-cultivo-01,2026-09-28T21:18:50.049Z,69.32003466104318,40.64157842290284,88.11142164282282,33.023143553251415
lote-cultivo-03,2026-09-28T21:18:46.958Z,24.65,,,6699
lote-cultivo-03,2026-09-28T21:17:46.816Z,24.69,,,6977.8
lote-cultivo-01,2026-09-28T21:17:35.516Z,65.02268790954713,32.529183417391216,34.2779839059414,66.36213045735816
lote-cultivo-03,2026-09-28T21:16:46.668Z,24.83,,,6885.3
lote-cultivo-01,2026-09-28T21:16:20.976Z,35.10904195499992,27.15186234561888,82.6185549332223,32.13854678666431
lote-cultivo-03,2026-09-28T21:15:46.54Z,25.04,,,7138.2
lote-cultivo-01,2026-09-28T21:15:06.453Z,60.09575001211037,50.26597812160267,35.05457870408826,42.13406052716995
lote-cultivo-03,2026-09-28T21:14:46.407Z,22,,,6849.2
lote-cultivo-01,2026-09-28T21:13:51.939Z,86.37915873816907,75.42655434207245,66.76072241655683,56.44622695839171
lote-cultivo-03,2026-09-28T21:13:46.261Z,22,,,7449.8
lote-cultivo-03,2026-09-28T21:12:46.115Z,22,,,7086.6
lote-cultivo-01,2026-09-28T21:12:37.412Z,54.433441430075376,76.55313492764962,22.130505735762387,43.9104174745123
lote-cultivo-03,2026-09-28T21:11:45.99Z,22,,,5926
lote-cultivo-01,2026-09-28T21:11:22.872Z,41.48446412383379,67.27958564926159,46.22367656221445,85.70647033911267
lote-cultivo-03,2026-09-28T21:10:45.847Z,22,,,8189.9
lote-cultivo-01,2026-09-28T21:10:08.344Z,73.96238291978054,50.76686113686999,49.309032628946,36.44244802334322
lote-cultivo-03,2026-09-28T21:09:45.702Z,22,,,6650.5
lote-cultivo-01,2026-09-28T21:08:53.797Z,63.19828305098222,23.085830833214455,27.32846372920742,42.3227710668222
lote-cultivo-03,2026-09-28T21:08:45.549Z,22,,,8021.5
lote-cultivo-03,2026-09-28T21:07:45.417Z,22,,,8261.1
lote-cultivo-01,2026-09-28T21:07:39.273Z,20.84403983401376,14.388009116578932,84.99139910576065,41.540224392718855
lote-cultivo-03,2026-09-28T21:06:45.266Z,22,,,6760
lote-cultivo-01,2026-09-28T21:06:24.758Z,36.28616979033972,38.33533195283072,38.13897504296035,22.33441883521749
lote-cultivo-03,2026-09-28T21:05:45.133Z,22,,,6410.1
lote-cultivo-01,2026-09-28T21:05:10.229Z,67.59420467119088,58.13892164045811,74.97058818713003,92.2740469118676
lote-cultivo-03,2026-09-28T21:04:44.993Z,22,,,8316.3
lote-cultivo-01,2026-09-28T21:03:55.704Z,46.03191735874832,61.97785267662046,47.71005524113286,49.957555293356585
lote-cultivo-03,2026-09-28T21:03:44.871Z,22,,,7603.1
lote-cultivo-03,2026-09-28T21:02:44.716Z,22,,,6582.8
lote-cultivo-01,2026-09-28T21:02:41.185Z,38.59788185151106,76.65590103674148,51.49960942053446,54.9691151039375
lote-cultivo-03,2026-09-28T21:01:44.595Z,22,,,8081.1
lote-cultivo-01,2026-09-28T21:01:26.659Z,77.09720722895771,85.79187808345658,35.633906209983486,54.49070649008626
lote-cultivo-03,2026-09-28T21:00:44.456Z,22,,,7073.8
lote-cultivo-01,2026-09-28T21:00:12.128Z,71.17468189176138,53.89474971318542,37.86299647270327,3.965850844576541
lote-cultivo-03,2026-09-28T20:59:44.319Z,22,,,6392.1
lote-cultivo-01,2026-09-28T20:58:57.612Z,21.503624513170216,13.712087753352836,52.27763438040696,72.90963509568836
lote-cultivo-03,2026-09-28T20:58:44.181Z,22,,,9001.8
lote-cultivo-03,2026-09-28T20:57:44.03Z,22,,,7592.9
lote-cultivo-01,2026-09-28T20:57:43.092Z,23.290296247488225,13.675451428768191,27.3402023587363,48.961051231641115
lote-cultivo-03,2026-09-28T20:56:43.892Z,22,,,8223.2
lote-cultivo-01,2026-09-28T20:56:28.56Z,49.294302409647976,34.79595868484785,83.79942989681095,54.84427652088366
lote-cultivo-03,2026-09-28T20:55:43.751Z,22,,,6701.6
lote-cultivo-01,2026-09-28T20:55:14.042Z,28.09221631911287,48.491410297296255,40.83531280531812,75.36356183857637
lote-cultivo-03,2026-09-28T20:54:43.612Z,22,,,7520.3
lote-cultivo-01,2026-09-28T20:53:59.513Z,21.007439241189367,67.43506497443387,68.23677967606157,18.897623857282948
lote-cultivo-03,2026-09-28T20:53:43.481Z,22,,,7107
lote-cultivo-01,2026-09-28T20:52:45Z,67.84473657065926,86.70073111325505,60.459927168551864,61.786282052737285
lote-cultivo-03,2026-09-28T20:52:43.328Z,22,,,7878.5
lote-cultivo-03,2026-09-28T20:51:43.204Z,22,,,8420
lote-cultivo-01,2026-09-28T20:51:30.462Z,77.12108101034144,78.00926799833373,33.99733773261157,41.29541866671202
lote-cultivo-03,2026-09-28T20:50:43.058Z,22,,,9123
lote-cultivo-01,2026-09-28T20:50:15.934Z,34.0397013792923,51.598800273666726,54.0379793688319,40.536832918835216
lote-cultivo-03,2026-09-28T20:49:42.935Z,22,,,8119.2
lote-cultivo-01,2026-09-28T20:49:01.411Z,32.3073090217905,32.558031380019855,22.945087237327936,67.46445235672974
lote-cultivo-03,2026-09-28T20:48:42.785Z,22,,,8235.5
lote-cultivo-01,2026-09-28T20:47:46.875Z,55.31825645031185,16.375113398131774,62.00947945516532,35.90971552706208
lote-cultivo-03,2026-09-28T20:47:42.64Z,22,,,9581
lote-cultivo-03,2026-09-28T20:46:42.495Z,22,,,9201.3
lote-cultivo-01,2026-09-28T20:46:32.366Z,29.008591860501888,11.680006095939367,21.104422076340647,73.36036196890868
lote-cultivo-03,2026-09-28T20:45:42.353Z,22,,,7546.3
lote-cultivo-01,2026-09-28T20:45:17.827Z,11.239958144915668,43.06556202568011,89.10874709951953,46.817010979670314
lote-cultivo-03,2026-09-28T20:44:42.213Z,22,,,8732.8
lote-cultivo-01,2026-09-28T20:44:03.31Z,54.700904562629994,82.95775970097112,35.340657195931755,41.66142406365865
lote-cultivo-03,2026-09-28T20:43:42.083Z,22,,,7143.7
lote-cultivo-01,2026-09-28T20:42:48.771Z,73.745186532395,84.59645669564614,72.25723173231006,48.01537854802546
lote-cultivo-03,2026-09-28T20:42:41.942Z,22,,,8483.6
lote-cultivo-03,2026-09-28T20:41:41.785Z,22,,,8391.2
lote-cultivo-01,2026-09-28T20:41:34.241Z,40.70917765813151,66.19938467831047,60.46039228578487,21.939305040610343
lote-cultivo-03,2026-09-28T20:40:41.65Z,22,,,8523.9
lote-cultivo-01,2026-09-28T20:40:19.724Z,45.05365864622539,60.2812539581137,29.541028583106144,78.8570644414588
lote-cultivo-03,2026-09-28T20:39:41.527Z,22,,,9667.1
lote-cultivo-01,2026-09-28T20:39:05.198Z,76.14471336116227,44.77108862910194,60.441646352424335,54.7000549367967
lote-cultivo-03,2026-09-28T20:38:41.383Z,22,,,8565.7
lote-cultivo-01,2026-09-28T20:37:50.683Z,52.70786753641388,12.48028892160304,18.73891819802877,59.74016986327763
lote-cultivo-03,2026-09-28T20:37:41.252Z,22,,,8130.7
lote-cultivo-03,2026-09-28T20:36:41.114Z,22,,,10548.6
lote-cultivo-01,2026-09-28T20:36:36.161Z,24.15735661119747,9.219389671618698,61.57254765092519,57.88432872342961
lote-cultivo-03,2026-09-28T20:35:40.974Z,22,,,7597.2
lote-cultivo-01,2026-09-28T20:35:21.638Z,55.01527362312719,44.07021123240095,24.99985185621798,2.8729322010694394
lote-cultivo-03,2026-09-28T20:34:40.831Z,22,,,8787.7
lote-cultivo-01,2026-09-28T20:34:07.118Z,70.2934958352625,72.08207859418806,84.84281672945794,64.83464767775786
lote-cultivo-03,2026-09-28T20:33:40.691Z,22.05,,,9405.5
lote-cultivo-01,2026-09-28T20:32:52.598Z,36.05212477784999,79.0473087544313,37.00611617929508,47.26698194154118
lote-cultivo-03,2026-09-28T20:32:40.534Z,22.06,,,7731.7
lote-cultivo-03,2026-09-28T20:31:40.396Z,22.21,,,8544.5
lote-cultivo-01,2026-09-28T20:31:38.069Z,41.13925945187797,79.02740773113955,73.14602336055705,60.31758630204156
lote-cultivo-03,2026-09-28T20:30:40.251Z,22.28,,,10580.3
lote-cultivo-01,2026-09-28T20:30:23.537Z,83.01660853211358,62.653826394722536,59.2558526045263,84.2629056571243
lote-cultivo-03,2026-09-28T20:29:40.121Z,22.4,,,10243.3
lote-cultivo-01,2026-09-28T20:29:09.015Z,72.29844522941492,32.50324575393878,29.6887331426559,13.024409009930734
lote-cultivo-03,2026-09-28T20:28:39.977Z,22.47,,,8083.5
lote-cultivo-01,2026-09-28T20:27:54.496Z,44.08722885850167,20.957801620417698,60.60377437251747,56.22712516019658
lote-cultivo-03,2026-09-28T20:27:39.834Z,22.66,,,9534.8
lote-cultivo-01,2026-09-28T20:26:39.972Z,67.95762431671271,29.001356525456163,21.732141833086477,39.58724829617862
lote-cultivo-03,2026-09-28T20:26:39.712Z,22.81,,,8469.6
lote-cultivo-03,2026-09-28T20:25:39.574Z,22.82,,,8066.7
lote-cultivo-01,2026-09-28T20:25:25.443Z,77.3209677932633,34.415732402732495,52.494589809173355,39.18018723032078
lote-cultivo-03,2026-09-28T20:24:39.43Z,23,,,8763.7
lote-cultivo-01,2026-09-28T20:24:10.922Z,32.70843434287032,50.699918150904985,39.86459100612701,83.11716714235149
lote-cultivo-03,2026-09-28T20:23:39.265Z,23.23,,,9943.3
lote-cultivo-01,2026-09-28T20:22:56.38Z,25.376207007028572,83.67167431541785,67.41279171498994,32.08188642567295
lote-cultivo-03,2026-09-28T20:22:39.123Z,23.42,,,8872.9
lote-cultivo-01,2026-09-28T20:21:41.847Z,67.02523647982984,88.70470192960255,52.7277786693092,63.57805754961912
lote-cultivo-03,2026-09-28T20:21:38.982Z,23.57,,,11413.9
lote-cultivo-03,2026-09-28T20:20:38.847Z,23.74,,,8955.4
lote-cultivo-01,2026-09-28T20:20:27.334Z,66.15662003791242,53.53732343300719,61.06758614444444,49.279441435729126
lote-cultivo-03,2026-09-28T20:19:38.705Z,23.77,,,8304.3
lote-cultivo-01,2026-09-28T20:19:12.816Z,44.233980153096866,29.98392877771882,68.7431371490938,34.641799262946535
lote-cultivo-03,2026-09-28T20:18:38.574Z,23.82,,,9179.2
lote-cultivo-01,2026-09-28T20:17:58.289Z,72.09509193779536,34.577565603626724,20.95034291286125,61.50840678432902
lote-cultivo-03,2026-09-28T20:17:38.432Z,23.83,,,8461
lote-cultivo-01,2026-09-28T20:16:43.758Z,86.9656642464646,33.39408819887316,68.98934358646144,26.743772009447035
lote-cultivo-03,2026-09-28T20:16:38.292Z,23.95,,,10882.4
lote-cultivo-03,2026-09-28T20:15:38.146Z,24.12,,,8575.3
lote-cultivo-01,2026-09-28T20:15:29.226Z,38.961048846314085,30.91302434274435,16.20301276853431,65.33257250773636
lote-cultivo-03,2026-09-28T20:14:38.025Z,24.35,,,9988.3
lote-cultivo-01,2026-09-28T20:14:14.704Z,17.4556972867276,53.34502189240297,51.877918546148535,57.18543850628569
lote-cultivo-03,2026-09-28T20:13:37.873Z,24.57,,,9645.9
lote-cultivo-01,2026-09-28T20:13:00.186Z,49.326810647810234,76.83804239613414,47.66273013958934,55.12475412503613
lote-cultivo-03,2026-09-28T20:12:37.735Z,24.69,,,10659.7
lote-cultivo-01,2026-09-28T20:11:45.663Z,47.05832251109067,72.49314105900793,54.61419994590355,63.96573351084038
lote-cultivo-03,2026-09-28T20:11:37.597Z,24.7,,,9047.9
lote-cultivo-03,2026-09-28T20:10:37.462Z,24.76,,,9136
lote-cultivo-01,2026-09-28T20:10:31.143Z,24.025014695697937,57.88575964755924,66.06834610537807,12.314499154977144
lote-cultivo-03,2026-09-28T20:09:37.313Z,24.84,,,10182.4
lote-cultivo-01,2026-09-28T20:09:16.609Z,55.42883861499567,45.738424518198855,50.34873465680826,54.771535620500586
lote-cultivo-03,2026-09-28T20:08:37.174Z,25.08,,,10024.7
lote-cultivo-01,2026-09-28T20:08:02.068Z,83.81820934986949,28.99245262256347,76.70434631005779,43.981406062974834
lote-cultivo-03,2026-09-28T20:07:37.051Z,25.25,,,8836.8
lote-cultivo-01,2026-09-28T20:06:47.527Z,46.12830546663145,26.286266981231098,13.588642465919015,59.87993555560672
lote-cultivo-03,2026-09-28T20:06:36.903Z,25.41,,,9794.4
lote-cultivo-03,2026-09-28T20:05:36.765Z,25.61,,,11238.8
lote-cultivo-01,2026-09-28T20:05:32.99Z,22.723083916578275,49.302118779916526,77.52302995496517,89.10133279643163
lote-cultivo-03,2026-09-28T20:04:36.629Z,25.64,,,9849.5
lote-cultivo-01,2026-09-28T20:04:18.463Z,50.23978194471654,63.50305070027409,7.394740712769774,18.933772005316165
lote-cultivo-03,2026-09-28T20:03:36.474Z,25.88,,,10969.5
lote-cultivo-01,2026-09-28T20:03:03.927Z,44.30957608223399,55.53548714658506,58.060582421692786,52.718878451671635
lote-cultivo-03,2026-09-28T20:02:36.34Z,26.02,,,10048
lote-cultivo-01,2026-09-28T20:01:49.405Z,11.366940955825385,58.05653720504446,46.39610657755351,32.54240335042272
lote-cultivo-03,2026-09-28T20:01:36.204Z,26.26,,,12555.3
lote-cultivo-03,2026-09-28T20:00:36.072Z,26.38,,,10678.1
lote-cultivo-01,2026-09-28T20:00:34.869Z,34.934373056928806,67.28055590174633,51.96906397995621,35.28381373032637
lote-cultivo-03,2026-09-28T19:59:35.92Z,26.61,,,12627.4
lote-cultivo-01,2026-09-28T19:59:20.362Z,69.76803391851563,48.261885328319046,69.08766320931181,93.65875147599934
lote-cultivo-03,2026-09-28T19:58:35.768Z,26.65,,,11058.5
lote-cultivo-01,2026-09-28T19:58:05.804Z,44.10938611219408,23.509773478193413,50.97241124318348,35.024798638516145
lote-cultivo-03,2026-09-28T19:57:35.631Z,26.8,,,10903.1
lote-cultivo-01,2026-09-28T19:56:51.284Z,27.99479097794315,35.26539657328035,71.48448280207786,61.97719393217835
lote-cultivo-03,2026-09-28T19:56:35.492Z,27.02,,,11248.8
lote-cultivo-01,2026-09-28T19:55:36.764Z,63.29736351307251,59.28101914640008,21.18237669054078,45.97839227746736
lote-cultivo-03,2026-09-28T19:55:35.339Z,27.17,,,12421.9
lote-cultivo-03,2026-09-28T19:54:35.202Z,27.22,,,9773.2
lote-cultivo-01,2026-09-28T19:54:22.243Z,63.989068987875854,59.72258616392385,70.79976114355365,22.142321093115896
lote-cultivo-03,2026-09-28T19:53:35.058Z,27.38,,,9964.9
lote-cultivo-01,2026-09-28T19:53:07.707Z,24.97572840322075,55.04404990491537,11.98300393359235,73.30094977166624
lote-cultivo-03,2026-09-28T19:52:34.918Z,27.42,,,12619.7
lote-cultivo-01,2026-09-28T19:51:53.185Z,35.14927454967734,58.52791153625334,54.15502742750399,33.71615038496854
lote-cultivo-03,2026-09-28T19:51:34.778Z,27.54,,,9825.4
lote-cultivo-01,2026-09-28T19:50:38.666Z,64.33719464814013,50.535404137352245,51.709806890777635,60.574416247600546
lote-cultivo-03,2026-09-28T19:50:34.641Z,27.7,,,12015.1
lote-cultivo-03,2026-09-28T19:49:34.5Z,27.77,,,10587.9
lote-cultivo-01,2026-09-28T19:49:24.146Z,38.91924643137561,37.66331248128162,44.782353409700626,60.04173046578815
lote-cultivo-03,2026-09-28T19:48:34.365Z,27.93,,,10080.8
lote-cultivo-01,2026-09-28T19:48:09.626Z,23.323196300642028,41.30266132177872,75.02416258842068,40.45705444301334
lote-cultivo-03,2026-09-28T19:47:34.23Z,28.12,,,10530.2
lote-cultivo-01,2026-09-28T19:46:55.1Z,66.89128535810568,47.73498939493081,50.08012886018095,68.22130572487475
lote-cultivo-03,2026-09-28T19:46:34.099Z,28.36,,,10700.4
lote-cultivo-01,2026-09-28T19:45:40.564Z,82.49735267658711,47.853656258475425,65.20873064731273,25.198344503389812
lote-cultivo-03,2026-09-28T19:45:33.948Z,28.44,,,13113.5
lote-cultivo-03,2026-09-28T19:44:33.802Z,28.58,,,13421.2
lote-cultivo-01,2026-09-28T19:44:26.044Z,49.13701019243238,60.7703560230437,33.45757469553185,48.85026048315929
lote-cultivo-01,2026-09-28T19:44:26.044Z,49.13701019243238,60.7703560230437,33.45757469553185,48.85026048315929
lote-cultivo-03,2026-09-28T19:43:33.662Z,28.64,,,13361.3
lote-cultivo-01,2026-09-28T19:43:11.525Z,53.78227272718714,73.05405912984718,56.37928128177781,46.395006052794216
lote-cultivo-03,2026-09-28T19:42:33.52Z,28.71,,,11755.2
lote-cultivo-01,2026-09-28T19:41:56.995Z,77.3876820686082,52.828114088805755,25.65597096940787,51.20489809429696
lote-cultivo-03,2026-09-28T19:41:33.37Z,28.74,,,11573.8
lote-cultivo-01,2026-09-28T19:40:42.472Z,44.754177645727886,26.930709596800373,41.5276774728956,86.32764730284777
lote-cultivo-03,2026-09-28T19:40:33.231Z,28.98,,,12464.1
lote-cultivo-03,2026-09-28T19:39:33.109Z,29.04,,,12229.5
lote-cultivo-01,2026-09-28T19:39:27.944Z,16.85502544197515,35.33743164737119,64.91667954284051,31.53450243912826
lote-cultivo-03,2026-09-28T19:38:32.959Z,29.09,,,9993.9
lote-cultivo-01,2026-09-28T19:38:13.413Z,55.608846623238065,51.692039042129935,29.68043742799344,52.12098020204874
lote-cultivo-03,2026-09-28T19:37:32.802Z,29.27,,,10557.3
lote-cultivo-01,2026-09-28T19:36:58.894Z,79.55714446822432,47.43455603927721,90.2836813753144,29.731697787395703
lote-cultivo-03,2026-09-28T19:36:32.664Z,29.33,,,11967.3
lote-cultivo-01,2026-09-28T19:35:44.368Z,54.55689409791719,51.27056798356864,38.450681740431165,29.48711758018768
lote-cultivo-03,2026-09-28T19:35:32.525Z,29.55,,,12527.5
lote-cultivo-03,2026-09-28T19:34:32.387Z,29.58,,,12311.2
lote-cultivo-01,2026-09-28T19:34:29.837Z,62.697241560003526,72.05113841769129,70.06345774138777,92.10041914285635
lote-cultivo-03,2026-09-28T19:33:32.249Z,29.75,,,10248.7
lote-cultivo-01,2026-09-28T19:33:15.307Z,91.5405424134804,71.00864665049633,35.55893134674656,41.71272004621011
lote-cultivo-03,2026-09-28T19:32:32.097Z,29.78,,,13003
lote-cultivo-01,2026-09-28T19:32:00.79Z,59.57773604288813,45.61919867908779,50.67396731608827,67.57715565598357
lote-cultivo-03,2026-09-28T19:31:31.972Z,29.83,,,12981.5
lote-cultivo-01,2026-09-28T19:30:46.28Z,19.504488921937632,31.144135619474824,31.402936231370905,43.81831340957305
lote-cultivo-03,2026-09-28T19:30:31.829Z,25.95,,,13096.9
lote-cultivo-01,2026-09-28T19:29:31.747Z,44.797694368622146,30.121973071576928,37.313987452750574,10.795770249185622
lote-cultivo-03,2026-09-28T19:29:31.685Z,26.02,,,14309.6
lote-cultivo-03,2026-09-28T19:28:31.534Z,26.05,,,13221.7
lote-cultivo-01,2026-09-28T19:28:17.22Z,64.60668641165634,32.67974311137197,68.79205606449085,75.7626316952757
lote-cultivo-03,2026-09-28T19:27:31.396Z,26.29,,,13481.4
lote-cultivo-01,2026-09-28T19:27:02.684Z,37.9485289334876,51.502037649511,23.85274550607509,37.41590009348301
lote-cultivo-03,2026-09-28T19:26:31.266Z,26.46,,,10306
lote-cultivo-01,2026-09-28T19:25:48.165Z,45.9405024553317,75.44968286149995,98.19208307549204,65.27093675174831
lote-cultivo-03,2026-09-28T19:25:31.122Z,26.53,,,13247.4
lote-cultivo-01,2026-09-28T19:24:33.644Z,84.61921641565834,72.95670139427297,30.902537719960037,66.07405125597371
lote-cultivo-03,2026-09-28T19:24:30.978Z,26.66,,,10837.8
lote-cultivo-03,2026-09-28T19:23:30.828Z,26.68,,,11965.3
lote-cultivo-01,2026-09-28T19:23:19.13Z,65.17473350320586,57.05519621115782,74.15092966092158,24.078192959980836
lote-cultivo-03,2026-09-28T19:22:30.691Z,26.92,,,10885.4
lote-cultivo-01,2026-09-28T19:22:04.602Z,26.105571798022076,53.42648503144691,36.30697098590222,68.01303609214999
lote-cultivo-03,2026-09-28T19:21:30.537Z,26.98,,,11567.6
lote-cultivo-01,2026-09-28T19:20:50.07Z,45.527011038600165,41.28848552236862,47.51158794460497,32.04417731277071
lote-cultivo-03,2026-09-28T19:20:30.399Z,27.1,,,10837.7
lote-cultivo-01,2026-09-28T19:19:35.542Z,60.83825440499698,14.512939723344545,32.8810882340178,48.161095519648775
lote-cultivo-03,2026-09-28T19:19:30.263Z,27.11,,,12768.9
lote-cultivo-03,2026-09-28T19:18:30.127Z,27.29,,,13038
lote-cultivo-01,2026-09-28T19:18:21.021Z,25.355587390177924,18.628541388331357,40.181625774102194,57.87173383752899
lote-cultivo-03,2026-09-28T19:17:29.992Z,27.49,,,12235.7
lote-cultivo-01,2026-09-28T19:17:06.484Z,22.156428510035063,59.032886097674094,61.86534083983345,39.082560219030235
lote-cultivo-03,2026-09-28T19:16:29.843Z,27.68,,,13067.1
lote-cultivo-01,2026-09-28T19:15:51.976Z,61.70103430309799,81.3418489830142,31.885018040511135,78.37538506742469
lote-cultivo-03,2026-09-28T19:15:29.723Z,27.75,,,11380.7
lote-cultivo-01,2026-09-28T19:14:37.453Z,53.914242717373625,72.98820067319191,90.97198355218656,41.24955110219238
lote-cultivo-03,2026-09-28T19:14:29.571Z,27.89,,,11138.6
lote-cultivo-03,2026-09-28T19:13:29.339Z,28.06,,,11134.2
lote-cultivo-01,2026-09-28T19:13:22.923Z,23.634107623700658,66.23124633850784,37.700879285602355,50.66869763637811
lote-cultivo-03,2026-09-28T19:12:29.201Z,28.17,,,11555.5
lote-cultivo-01,2026-09-28T19:12:08.397Z,47.43611807743554,56.87505674253498,66.65506636374559,39.862742450769446
lote-cultivo-03,2026-09-28T19:11:29.051Z,28.31,,,11439
lote-cultivo-01,2026-09-28T19:10:52.889Z,71.31198176348153,29.55020401491117,46.72080593584428,25.620041621440297
lote-cultivo-03,2026-09-28T19:10:28.914Z,28.36,,,13059.2
lote-cultivo-01,2026-09-28T19:09:38.364Z,35.35392535613204,13.76142847839004,31.882070077541265,83.37073805941233
lote-cultivo-03,2026-09-28T19:09:28.773Z,28.45,,,14428.6
lote-cultivo-03,2026-09-28T19:08:28.636Z,28.68,,,13313.7
lote-cultivo-01,2026-09-28T19:08:23.837Z,18.055502951112707,26.28981742507765,46.56475012699352,46.4903409510504
lote-cultivo-03,2026-09-28T19:07:28.484Z,28.78,,,13116
lote-cultivo-01,2026-09-28T19:07:09.324Z,50.16488187225549,45.730958845999304,34.34739927877854,68.57886408952471
lote-cultivo-03,2026-09-28T19:06:28.342Z,28.81,,,11684.7
lote-cultivo-01,2026-09-28T19:05:54.8Z,46.12750929061934,66.73457401148734,60.95925710858291,48.99191149603793
lote-cultivo-03,2026-09-28T19:05:28.22Z,28.91,,,12647.3
lote-cultivo-01,2026-09-28T19:04:40.28Z,16.813855281462693,90.2450747623112,40.24240768319785,5.170826854872565
lote-cultivo-03,2026-09-28T19:04:28.08Z,29.07,,,13342.1
lote-cultivo-03,2026-09-28T19:03:27.926Z,29.12,,,15240.5
lote-cultivo-01,2026-09-28T19:03:25.756Z,46.038452564191125,85.15021905670989,82.60084514944815,70.00967169804183
lote-cultivo-03,2026-09-28T19:02:27.793Z,29.19,,,14494.7
lote-cultivo-01,2026-09-28T19:02:11.227Z,84.29310438143796,45.999334368037296,44.92290400536508,39.7538581527878
lote-cultivo-03,2026-09-28T19:01:27.639Z,29.34,,,13770
lote-cultivo-01,2026-09-28T19:00:56.71Z,58.13427612120524,21.397340696677414,55.79013532619297,70.18344167737459
lote-cultivo-03,2026-09-28T19:00:27.5Z,29.38,,,13980.3
lote-cultivo-01,2026-09-28T18:59:42.189Z,36.98007458203802,26.315933213951237,60.59480048661767,75.8595052640827
lote-cultivo-03,2026-09-28T18:59:27.361Z,29.61,,,12486.5
lote-cultivo-01,2026-09-28T18:58:27.654Z,62.0171329604968,27.14929981309918,14.86576909779842,13.866989728751896
lote-cultivo-03,2026-09-28T18:58:27.218Z,29.71,,,14925.9
lote-cultivo-03,2026-09-28T18:57:27.081Z,29.73,,,11398.1
lote-cultivo-01,2026-09-28T18:57:13.121Z,53.039880808144034,30.336251797968277,64.13485819956026,60.852292708005294
lote-cultivo-03,2026-09-28T18:56:26.941Z,29.85,,,11328.3
lote-cultivo-01,2026-09-28T18:55:58.614Z,14.661366949384092,64.25090166332322,20.439343640136254,31.496510124828653
lote-cultivo-03,2026-09-28T18:55:26.793Z,30.03,,,12229.9
lote-cultivo-01,2026-09-28T18:54:44.078Z,37.23104038055858,96.12497589080094,68.21158145646089,49.55463990788089
lote-cultivo-03,2026-09-28T18:54:26.659Z,30.22,,,15300.6
lote-cultivo-01,2026-09-28T18:53:29.543Z,82.3428721638286,83.51166509354685,38.83012862229579,76.10861070014997
lote-cultivo-03,2026-09-28T18:53:26.513Z,30.43,,,15394.3
lote-cultivo-03,2026-09-28T18:52:26.373Z,30.55,,,11370.5
lote-cultivo-01,2026-09-28T18:52:15.025Z,67.75752176887173,51.32269937770998,81.32494435804895,32.907435431655294
lote-cultivo-03,2026-09-28T18:51:26.253Z,30.68,,,11937
lote-cultivo-01,2026-09-28T18:51:00.495Z,51.4152189824369,32.60507392577286,45.83474466748569,68.39322045426638
lote-cultivo-03,2026-09-28T18:50:26.112Z,30.84,,,11683.5
lote-cultivo-01,2026-09-28T18:49:45.978Z,79.874383173936,19.70642957261341,55.66967415018953,40.1741456881885
lote-cultivo-03,2026-09-28T18:49:25.975Z,31.04,,,14032.4
lote-cultivo-01,2026-09-28T18:48:31.456Z,73.4457867175997,16.81173379826137,62.06783775935823,44.16921180134279
lote-cultivo-03,2026-09-28T18:48:25.836Z,31.1,,,15117.7
lote-cultivo-03,2026-09-28T18:47:25.709Z,31.12,,,13411.1
lote-cultivo-01,2026-09-28T18:47:16.927Z,26.36344234131588,40.246930669988274,10.458680580251317,54.81425887442699
lote-cultivo-03,2026-09-28T18:46:25.557Z,31.25,,,12518.4
lote-cultivo-01,2026-09-28T18:46:02.403Z,33.65210242553979,67.76099609415527,70.83576466299883,27.659888799762765
lote-cultivo-03,2026-09-28T18:45:25.423Z,31.45,,,14354.6
lote-cultivo-01,2026-09-28T18:44:47.862Z,72.14773414785178,75.7274950325246,14.794646840946251,71.36692323461399
lote-cultivo-03,2026-09-28T18:44:25.272Z,31.62,,,13528.1
lote-cultivo-01,2026-09-28T18:43:33.352Z,57.63757011649788,78.33960829984721,69.5767548186251,48.36342841266465
lote-cultivo-03,2026-09-28T18:43:25.134Z,31.84,,,15180.5
lote-cultivo-03,2026-09-28T18:42:24.992Z,32.06,,,14323.3
lote-cultivo-01,2026-09-28T18:42:18.834Z,41.17237476576081,73.37990390154587,41.82864289512559,64.2174906571355
lote-cultivo-03,2026-09-28T18:41:24.85Z,32.1,,,13746.1
lote-cultivo-01,2026-09-28T18:41:04.299Z,75.9230723317629,39.39149650285342,76.81675314632136,56.76270897428627
lote-cultivo-03,2026-09-28T18:40:24.714Z,32.3,,,16154.5
lote-cultivo-01,2026-09-28T18:39:49.781Z,82.24596536770709,6.541681092581589,47.99401678066508,11.915736974234822
lote-cultivo-03,2026-09-28T18:39:24.576Z,32.43,,,15760.8
lote-cultivo-01,2026-09-28T18:38:35.231Z,38.913656978862086,19.22088108746746,57.87790607292692,61.3067549091173
lote-cultivo-03,2026-09-28T18:38:24.408Z,32.46,,,13515.2
lote-cultivo-03,2026-09-28T18:37:24.268Z,32.56,,,13425.8
lote-cultivo-01,2026-09-28T18:37:20.704Z,38.54039037304384,50.55677024732628,56.78984681449254,35.772136001155225
lote-cultivo-03,2026-09-28T18:36:24.135Z,32.61,,,15645.2
lote-cultivo-01,2026-09-28T18:36:06.189Z,69.6539279884636,59.37171306403807,16.318852226140397,69.9456692489068
lote-cultivo-03,2026-09-28T18:35:23.992Z,32.7,,,13420.7
lote-cultivo-01,2026-09-28T18:34:51.665Z,47.72571332880259,65.08243199549057,65.49468941983957,82.50176256828847
lote-cultivo-03,2026-09-28T18:34:23.85Z,32.78,,,15718.7
lote-cultivo-01,2026-09-28T18:33:37.141Z,19.8029245580196,80.76152939599297,21.1470700491807,17.329173317324933
lote-cultivo-03,2026-09-28T18:33:23.714Z,32.79,,,14956.4
lote-cultivo-03,2026-09-28T18:32:23.569Z,32.85,,,16336.1
lote-cultivo-01,2026-09-28T18:32:22.622Z,50.9860593166929,72.44016019219714,59.365773004305865,58.66471077028733
lote-cultivo-03,2026-09-28T18:31:23.434Z,32.93,,,14022.3
lote-cultivo-01,2026-09-28T18:31:08.077Z,67.72196238795361,38.77555304890349,56.8678591079249,23.61549551058989
lote-cultivo-03,2026-09-28T18:30:23.293Z,32.99,,,12429.8
lote-cultivo-01,2026-09-28T18:29:53.555Z,35.15740623169025,21.182414863192125,59.28570717216897,45.753545947203946
lote-cultivo-03,2026-09-28T18:29:23.148Z,33.08,,,11916.7
lote-cultivo-01,2026-09-28T18:28:39.033Z,39.418650552549565,26.25309277714972,63.423342294313414,88.5699695837527
lote-cultivo-03,2026-09-28T18:28:23.016Z,33.32,,,14803.1
lote-cultivo-01,2026-09-28T18:27:24.506Z,75.59065533367549,36.09262175625769,48.07662976748756,33.19639500263912
lote-cultivo-03,2026-09-28T18:27:22.876Z,33.33,,,13727.9
lote-cultivo-03,2026-09-28T18:26:22.749Z,33.42,,,14344.9
lote-cultivo-01,2026-09-28T18:26:09.988Z,54.261563707306046,55.92771958664648,60.87355971184596,68.12327834825079
lote-cultivo-03,2026-09-28T18:25:22.611Z,33.43,,,16235.6
lote-cultivo-01,2026-09-28T18:24:55.464Z,14.75576755010755,77.65993681859962,15.806410868425813,36.11458049576474
lote-cultivo-03,2026-09-28T18:24:22.473Z,33.52,,,16553.1
lote-cultivo-01,2026-09-28T18:23:40.942Z,33.865722962957776,72.1196646831274,64.7448290506721,31.678621770500182
lote-cultivo-03,2026-09-28T18:23:22.335Z,33.61,,,15708.5
lote-cultivo-01,2026-09-28T18:22:26.41Z,49.736046159041,51.65360530786673,23.24578588303908,68.93440725336666
lote-cultivo-03,2026-09-28T18:22:22.192Z,33.83,,,16365.1
lote-cultivo-03,2026-09-28T18:21:22.057Z,33.96,,,15058.2
lote-cultivo-01,2026-09-28T18:21:11.891Z,20.42521375074772,47.55238195441227,53.42408100823267,31.981486362232346
