id,ts,temperatura,humedadRelativa,iluminancia
dosel-sombra-01,2026-09-27T14:29:49.51Z,26.37,76.1,5369
dosel-sombra-01,2026-09-27T14:30:34.52Z,26.38,76.3,5446.8
dosel-sombra-01,2026-09-27T14:31:19.528Z,26.01,74.9,5267.2
dosel-sombra-01,2026-09-27T14:32:04.532Z,26.46,75.2,7104.4
dosel-sombra-01,2026-09-27T14:20:49.511Z,26.15,76.3,5770.6
dosel-sombra-01,2026-09-27T14:21:34.522Z,26.46,76,6886.4
dosel-sombra-01,2026-09-27T14:22:19.517Z,26.37,74.6,6633.4
dosel-sombra-01,2026-09-27T14:23:04.522Z,26.15,77.2,5941.4
dosel-sombra-01,2026-09-27T15:02:49.964Z,26.58,74.8,7177.4
dosel-sombra-01,2026-09-27T15:03:34.966Z,26.93,74.2,5521.4
dosel-sombra-01,2026-09-27T14:23:49.508Z,26.26,74.3,6022.8
dosel-sombra-01,2026-09-27T14:24:34.518Z,26.2,74.5,5574
dosel-sombra-01,2026-09-27T14:25:19.509Z,26.1,76.8,6164.3
dosel-sombra-01,2026-09-27T14:26:04.505Z,26.54,74.4,6628.4
dosel-sombra-01,2026-09-27T14:32:49.507Z,26.03,74.1,5705.1
dosel-sombra-01,2026-09-27T14:33:34.532Z,26.57,74.1,5738.4
dosel-sombra-01,2026-09-27T14:34:19.513Z,26.63,75.8,5951.5
dosel-sombra-01,2026-09-27T14:35:04.537Z,26.2,74.3,5356.6
dosel-sombra-01,2026-09-27T14:39:34.526Z,26.41,75.7,5697.6
dosel-sombra-01,2026-09-27T14:40:19.519Z,26.51,74.5,6312
dosel-sombra-01,2026-09-27T14:41:04.524Z,26.86,73.9,6150.6
dosel-sombra-01,2026-09-27T15:23:49.977Z,26.75,73,7925.7
dosel-sombra-01,2026-09-27T14:17:49.503Z,26.28,77.4,5284.3
dosel-sombra-01,2026-09-27T14:18:34.512Z,26.05,76.6,5487.2
dosel-sombra-01,2026-09-27T14:19:19.506Z,26.07,75,5397.8
dosel-sombra-01,2026-09-27T14:20:04.514Z,26.29,74.6,5477.4
dosel-sombra-01,2026-09-27T14:35:49.514Z,26.52,75.1,6071.9
dosel-sombra-01,2026-09-27T14:36:34.527Z,26.67,76,5826
dosel-sombra-01,2026-09-27T14:37:19.521Z,26.39,73.8,6706
dosel-sombra-01,2026-09-27T14:38:04.533Z,26.13,73.7,5472.8
dosel-sombra-01,2026-09-27T14:59:49.542Z,26.53,73.3,6984.1
dosel-sombra-01,2026-09-27T15:00:34.538Z,26.94,75.1,6828.3
dosel-sombra-01,2026-09-27T15:01:19.536Z,26.63,73.2,6979.7
dosel-sombra-01,2026-09-27T15:02:05.015Z,26.87,74.5,6826.7
dosel-sombra-01,2026-09-27T15:32:49.989Z,26.89,72.1,6745.7
dosel-sombra-01,2026-09-27T15:33:34.996Z,27.01,71.6,7948
dosel-sombra-01,2026-09-27T14:11:49.607Z,26.41,76.6,5706.3
dosel-sombra-01,2026-09-27T14:12:34.502Z,26.39,76.3,4730.2
dosel-sombra-01,2026-09-27T14:13:19.502Z,25.7,76.4,6579.5
dosel-sombra-01,2026-09-27T14:14:04.522Z,25.97,75.2,5001.5
dosel-sombra-01,2026-09-27T14:14:49.504Z,25.9,77.6,5240.5
dosel-sombra-01,2026-09-27T14:15:34.514Z,26.34,77.3,4850.5
dosel-sombra-01,2026-09-27T14:16:19.504Z,25.86,76.7,6431.6
dosel-sombra-01,2026-09-27T14:17:04.513Z,25.98,76,6631.5
dosel-sombra-01,2026-09-27T14:26:49.528Z,26.44,74.7,5980.8
dosel-sombra-01,2026-09-27T14:27:34.522Z,26.6,75.2,6584
dosel-sombra-01,2026-09-27T14:28:19.527Z,26.22,75.2,5823.8
dosel-sombra-01,2026-09-27T14:29:04.522Z,26.02,76.3,6351.7
dosel-sombra-01,2026-09-27T14:41:49.53Z,26.55,75,5685.1
dosel-sombra-01,2026-09-27T14:42:34.528Z,26.67,74.8,6270.8
dosel-sombra-01,2026-09-27T14:43:19.53Z,26.69,75.7,5605
dosel-sombra-01,2026-09-27T14:44:04.531Z,26.16,73.5,5994.9
dosel-sombra-01,2026-09-27T15:29:49.99Z,27.23,74,7806.9
dosel-sombra-01,2026-09-27T15:30:34.986Z,27.15,72.7,6451.5
dosel-sombra-01,2026-09-27T15:31:19.991Z,27.39,73.3,6677.1
dosel-sombra-01,2026-09-27T15:32:04.981Z,27.47,72.3,7185.1
dosel-sombra-01,2026-09-26T13:42:57.245Z,25.9,77.4,4963.9
dosel-sombra-01,2026-09-26T13:42:12.251Z,25.39,78.6,5053
dosel-sombra-01,2026-09-26T13:41:27.263Z,25.61,78.9,4093.9
dosel-sombra-01,2026-09-26T13:40:42.248Z,25.28,77,4512.3
dosel-sombra-01,2026-09-26T13:39:57.249Z,25.41,78.5,4574
dosel-sombra-01,2026-09-26T13:39:12.254Z,25.76,77.6,4401
dosel-sombra-01,2026-09-26T13:38:27.247Z,25.49,78.1,4441.6
dosel-sombra-01,2026-09-26T13:37:42.251Z,25.68,79.5,5084.8
dosel-sombra-01,2026-09-26T13:36:57.255Z,25.71,79.1,4125.9
dosel-sombra-01,2026-09-26T13:36:12.262Z,25.85,76.7,5634.5
dosel-sombra-01,2026-09-26T13:35:27.251Z,25.67,79.2,4339.6
dosel-sombra-01,2026-09-26T13:34:42.246Z,25.51,78.9,4631.3
dosel-sombra-01,2026-09-26T13:33:57.245Z,25.13,78.1,5056.1
dosel-sombra-01,2026-09-26T13:33:12.255Z,25.79,77.5,4983.8
dosel-sombra-01,2026-09-26T13:32:27.263Z,25.4,77.8,4284.3
dosel-sombra-01,2026-09-26T13:31:42.254Z,25.69,77.3,4976.4
dosel-sombra-01,2026-09-26T13:30:57.258Z,25.16,78.4,5297.2
dosel-sombra-01,2026-09-26T13:30:12.243Z,25.24,77.1,3900
dosel-sombra-01,2026-09-26T13:29:27.245Z,25.46,80,5122.8
dosel-sombra-01,2026-09-26T13:28:42.254Z,25.69,78,4554.5
dosel-sombra-01,2026-09-26T13:27:57.24Z,25.48,78.3,4203.9
dosel-sombra-01,2026-09-26T13:27:12.255Z,25.51,77.4,3974.4
dosel-sombra-01,2026-09-26T13:26:27.24Z,25.78,77.2,3978.2
dosel-sombra-01,2026-09-26T13:25:42.247Z,25.66,77.4,4803.4
dosel-sombra-01,2026-09-26T13:24:57.237Z,25.04,79,4134.4
dosel-sombra-01,2026-09-26T13:24:12.242Z,25.04,78.7,5221.5
dosel-sombra-01,2026-09-26T13:23:27.245Z,25.39,77.7,5234.1
dosel-sombra-01,2026-09-26T13:22:42.246Z,25.49,80.3,3872.3
dosel-sombra-01,2026-09-26T13:21:57.252Z,25.18,80,4816.1
dosel-sombra-01,2026-09-26T13:21:12.241Z,25.31,79.4,3986.8
dosel-sombra-01,2026-09-26T13:20:27.244Z,25.53,78.2,4310.2
dosel-sombra-01,2026-09-26T13:19:42.246Z,25.41,78.4,4684.8
dosel-sombra-01,2026-09-26T13:18:57.246Z,25.26,80,4243.2
dosel-sombra-01,2026-09-26T13:18:12.245Z,24.89,80.3,4001.8
dosel-sombra-01,2026-09-26T13:17:27.242Z,25.02,78.2,4833.7
dosel-sombra-01,2026-09-26T13:16:42.231Z,25.01,79.5,4190.7
dosel-sombra-01,2026-09-26T13:15:57.236Z,24.98,78.3,4329.9
dosel-sombra-01,2026-09-26T13:15:12.231Z,25.33,78.5,4262.8
dosel-sombra-01,2026-09-26T13:14:27.233Z,24.87,78.6,4152
dosel-sombra-01,2026-09-26T13:13:42.234Z,25.33,80.2,3978.6
dosel-sombra-01,2026-09-26T13:12:57.283Z,25.19,78.7,4636.5
dosel-sombra-01,2026-09-26T13:12:11.803Z,25.51,80.6,4014.3
dosel-sombra-01,2026-09-26T13:11:26.801Z,25.18,80.1,3901.4
dosel-sombra-01,2026-09-26T13:10:41.81Z,25.4,78.4,4552.4
dosel-sombra-01,2026-09-26T13:09:56.814Z,24.75,79.7,3907.5
dosel-sombra-01,2026-09-26T13:09:11.801Z,24.82,79.8,4595.4
dosel-sombra-01,2026-09-26T13:08:26.808Z,25.04,79.7,4449
dosel-sombra-01,2026-09-26T13:07:41.8Z,24.9,81.1,4228.2
dosel-sombra-01,2026-09-26T13:06:56.804Z,25.26,80.9,4551.5
dosel-sombra-01,2026-09-26T13:06:11.786Z,24.91,80.2,3515.1
dosel-sombra-01,2026-09-26T13:05:26.804Z,25.1,79.7,3903
dosel-sombra-01,2026-09-26T13:04:41.797Z,25.35,80.2,4159.5
dosel-sombra-01,2026-09-26T13:03:56.801Z,24.65,80.3,3508.9
dosel-sombra-01,2026-09-26T13:03:11.801Z,25.02,78.4,3855.3
dosel-sombra-01,2026-09-26T13:02:26.795Z,25.35,80.5,3814.1
dosel-sombra-01,2026-09-26T13:01:41.799Z,24.67,81.4,3270
dosel-sombra-01,2026-09-26T13:00:56.791Z,25.29,79.1,3961.3
dosel-sombra-01,2026-09-26T13:00:11.795Z,25.03,80.9,4404
dosel-sombra-01,2026-09-26T12:59:26.796Z,24.91,80.8,3142.1
dosel-sombra-01,2026-09-26T12:58:41.798Z,24.92,80.1,3296.7
dosel-sombra-01,2026-09-26T12:57:56.788Z,25.16,78.7,3981.8
dosel-sombra-01,2026-09-26T12:57:11.793Z,24.82,79.1,3384.9
dosel-sombra-01,2026-09-26T12:56:26.799Z,24.75,80.7,3953.1
dosel-sombra-01,2026-09-26T12:55:41.786Z,25.04,79.1,3211.8
dosel-sombra-01,2026-09-26T12:54:56.802Z,24.93,79.9,3694.8
dosel-sombra-01,2026-09-26T12:54:11.801Z,24.79,81.5,3945.3
dosel-sombra-01,2026-09-26T12:53:26.795Z,25.29,81.6,4031.5
dosel-sombra-01,2026-09-26T12:52:41.794Z,24.99,79.5,4223.5
dosel-sombra-01,2026-09-26T12:51:56.783Z,24.92,81.1,3035.1
dosel-sombra-01,2026-09-26T12:51:11.788Z,24.65,79.4,3873.4
dosel-sombra-01,2026-09-26T12:50:26.782Z,24.5,81.8,3952.1
dosel-sombra-01,2026-09-26T12:49:41.79Z,24.6,79.3,3965.5
dosel-sombra-01,2026-09-26T12:48:56.791Z,24.9,80.3,3315.9
dosel-sombra-01,2026-09-26T12:48:11.781Z,25.01,80.9,3388.1
dosel-sombra-01,2026-09-26T12:47:26.787Z,24.61,79.7,3365.9
dosel-sombra-01,2026-09-26T12:46:41.791Z,24.45,80,3888.9
dosel-sombra-01,2026-09-26T12:45:56.796Z,24.53,80.5,3118.6
dosel-sombra-01,2026-09-26T12:45:11.783Z,24.98,79.7,2817
dosel-sombra-01,2026-09-26T12:44:26.787Z,24.47,80.4,3294
dosel-sombra-01,2026-09-26T12:43:41.788Z,25.01,81.4,3768.1
dosel-sombra-01,2026-09-26T12:42:56.787Z,24.93,79.5,2999.9
dosel-sombra-01,2026-09-26T12:42:11.792Z,24.74,81.9,3772.7
dosel-sombra-01,2026-09-26T12:41:26.787Z,24.94,81.8,3025.6
dosel-sombra-01,2026-09-26T12:40:41.783Z,24.34,82.3,2971.1
dosel-sombra-01,2026-09-26T12:39:56.782Z,24.71,80.2,3389.3
dosel-sombra-01,2026-09-26T12:39:11.767Z,24.58,82.6,3172.3
dosel-sombra-01,2026-09-26T12:38:26.772Z,24.8,81.3,2934.8
dosel-sombra-01,2026-09-26T12:37:41.775Z,24.92,82.5,3022.1
dosel-sombra-01,2026-09-26T12:36:56.778Z,24.91,80.9,3144.1
dosel-sombra-01,2026-09-26T12:36:11.787Z,24.61,82.2,3021.1
dosel-sombra-01,2026-09-26T12:35:26.79Z,24.85,81.8,2943.9
dosel-sombra-01,2026-09-26T12:34:41.776Z,24.38,81.7,2714.3
dosel-sombra-01,2026-09-26T12:33:56.782Z,24.92,81.2,2986
dosel-sombra-01,2026-09-26T12:33:11.787Z,24.79,81,2581.1
dosel-sombra-01,2026-09-26T12:32:26.772Z,24.83,81.7,2764.4
dosel-sombra-01,2026-09-26T12:31:41.773Z,24.47,82.1,2514.9
dosel-sombra-01,2026-09-26T12:30:56.775Z,24.72,82.1,2571.1
dosel-sombra-01,2026-09-26T12:30:11.785Z,24.79,80.3,3239.4
dosel-sombra-01,2026-09-26T12:29:26.775Z,24.14,82.6,3309
dosel-sombra-01,2026-09-26T12:28:41.773Z,24.26,82.3,2954.7
dosel-sombra-01,2026-09-26T12:27:56.781Z,24.8,82.7,3178.7
dosel-sombra-01,2026-09-26T12:27:11.766Z,24.12,80.4,2838.8
dosel-sombra-01,2026-09-26T12:26:26.774Z,24.84,82.4,2817.9
dosel-sombra-01,2026-09-26T12:25:41.781Z,24.68,82.6,2984.5
dosel-sombra-01,2026-09-26T12:24:56.766Z,24.15,81.6,2871.5
dosel-sombra-01,2026-09-26T12:24:11.777Z,24.58,82.1,2343
dosel-sombra-01,2026-09-26T12:23:26.776Z,24.05,83.4,2939.9
dosel-sombra-01,2026-09-26T12:22:41.89Z,24.43,81.2,2340.9
dosel-sombra-01,2026-09-26T12:21:56.345Z,24.08,81,2192.9
dosel-sombra-01,2026-09-26T12:21:11.351Z,24.29,83.1,2408.4
dosel-sombra-01,2026-09-26T12:20:26.355Z,24.36,80.8,3032
dosel-sombra-01,2026-09-26T12:19:41.345Z,24.41,81,2398.6
dosel-sombra-01,2026-09-26T12:18:56.352Z,24.47,81.1,2192
dosel-sombra-01,2026-09-26T12:18:11.352Z,24.29,82.8,2817.6
dosel-sombra-01,2026-09-26T12:17:26.353Z,24.62,80.8,2144.5
dosel-sombra-01,2026-09-26T12:16:41.338Z,24.01,81.5,2225.4
dosel-sombra-01,2026-09-26T12:15:56.334Z,24.52,81.8,2328
dosel-sombra-01,2026-09-26T12:15:11.351Z,24.23,81.3,2703.6
dosel-sombra-01,2026-09-26T12:14:26.361Z,24.04,82.8,2418.4
dosel-sombra-01,2026-09-26T12:13:41.336Z,24.55,82,2645.3
dosel-sombra-01,2026-09-26T12:12:56.353Z,23.92,82.2,2153.2
dosel-sombra-01,2026-09-26T12:12:11.341Z,24.03,82.1,2656.5
dosel-sombra-01,2026-09-26T12:11:26.353Z,24.04,81.3,2608.3
dosel-sombra-01,2026-09-26T12:10:41.348Z,24.59,83.9,2184.3
dosel-sombra-01,2026-09-26T12:09:56.349Z,24.31,82.5,1905.5
dosel-sombra-01,2026-09-26T12:09:11.34Z,23.89,81.9,2045.2
dosel-sombra-01,2026-09-26T12:08:26.345Z,24.03,83.2,1907.6
dosel-sombra-01,2026-09-26T12:07:41.338Z,24.32,83.1,2566.5
dosel-sombra-01,2026-09-26T12:06:56.334Z,24.08,81.7,1816.3
dosel-sombra-01,2026-09-26T12:06:11.344Z,23.86,82.3,2418.8
dosel-sombra-01,2026-09-26T12:05:26.328Z,24.17,82.6,2261.1
dosel-sombra-01,2026-09-26T12:04:41.332Z,24.02,82.2,2474.4
dosel-sombra-01,2026-09-26T12:03:56.338Z,23.74,83.7,2008.5
dosel-sombra-01,2026-09-26T12:03:11.338Z,24.44,82.6,1903.6
dosel-sombra-01,2026-09-26T12:02:26.347Z,23.97,83.6,1699.2
dosel-sombra-01,2026-09-26T12:01:41.332Z,24.22,82.7,1859.9
dosel-sombra-01,2026-09-26T12:00:56.336Z,24.2,83.1,1827.1
dosel-sombra-01,2026-09-26T12:00:11.338Z,24.27,81.6,2103
dosel-sombra-01,2026-09-26T11:59:26.324Z,24.31,82.4,1631.6
dosel-sombra-01,2026-09-26T11:58:41.342Z,23.93,83.8,2148.3
dosel-sombra-01,2026-09-26T11:57:56.333Z,24.35,83.2,2214.3
dosel-sombra-01,2026-09-26T11:57:11.332Z,24.31,83.9,1817.3
dosel-sombra-01,2026-09-26T11:56:26.331Z,24.03,82.7,1877
dosel-sombra-01,2026-09-26T11:55:41.344Z,24.35,82.6,2041.4
dosel-sombra-01,2026-09-26T11:54:56.321Z,23.93,84.4,1872.2
dosel-sombra-01,2026-09-26T11:54:11.328Z,24.21,83.7,1910.7
dosel-sombra-01,2026-09-26T11:53:26.334Z,23.81,84.3,1474.4
dosel-sombra-01,2026-09-26T11:52:41.336Z,23.63,82.2,1510.8
dosel-sombra-01,2026-09-26T11:51:56.335Z,24.22,83.1,1903.6
dosel-sombra-01,2026-09-26T11:51:11.326Z,24.21,83.2,1450.3
dosel-sombra-01,2026-09-26T11:50:26.324Z,23.7,84.8,1833
dosel-sombra-01,2026-09-26T11:49:41.315Z,23.78,84.2,1754.2
dosel-sombra-01,2026-09-26T11:48:56.322Z,24,82.8,1364
dosel-sombra-01,2026-09-26T11:48:11.336Z,23.54,83.7,1666.3
dosel-sombra-01,2026-09-26T11:47:26.321Z,24.11,83.8,1716.3
dosel-sombra-01,2026-09-26T11:46:41.329Z,24,83.3,1631.1
dosel-sombra-01,2026-09-26T11:45:56.318Z,23.69,82.5,1302
dosel-sombra-01,2026-09-26T11:45:11.324Z,23.67,84.3,1364.6
dosel-sombra-01,2026-09-26T11:44:26.323Z,23.64,84.2,1273.4
dosel-sombra-01,2026-09-26T11:43:41.329Z,24.23,84.9,1678.6
dosel-sombra-01,2026-09-26T11:42:56.331Z,23.65,84.9,1395.7
dosel-sombra-01,2026-09-26T11:42:11.319Z,23.6,84.3,1627.5
dosel-sombra-01,2026-09-26T11:41:26.315Z,23.56,82.8,1380.6
dosel-sombra-01,2026-09-26T11:40:41.321Z,24.09,82.7,1277.6
dosel-sombra-01,2026-09-26T11:39:56.322Z,23.43,84.8,1156.6
dosel-sombra-01,2026-09-26T11:39:11.325Z,23.75,85,1513.2
dosel-sombra-01,2026-09-26T11:38:26.329Z,23.73,85.1,1107.1
dosel-sombra-01,2026-09-26T11:37:41.331Z,23.62,83.8,1437.7
dosel-sombra-01,2026-09-26T11:36:56.319Z,23.79,83.5,1061.9
dosel-sombra-01,2026-09-26T11:36:11.309Z,24.12,85.2,1187.8
dosel-sombra-01,2026-09-26T11:35:26.309Z,23.68,85.2,1177
dosel-sombra-01,2026-09-26T11:34:41.31Z,23.81,85.6,1001.8
dosel-sombra-01,2026-09-26T11:33:56.314Z,23.71,84.6,1277.5
dosel-sombra-01,2026-09-26T11:33:11.312Z,23.8,83.5,1048
dosel-sombra-01,2026-09-26T11:32:26.403Z,23.71,84.4,1079.9
dosel-sombra-01,2026-09-26T11:31:40.887Z,23.45,83.8,1106.3
dosel-sombra-01,2026-09-26T11:30:55.905Z,23.51,85.5,1101.7
dosel-sombra-01,2026-09-26T11:30:10.894Z,23.64,85.2,1060.8
dosel-sombra-01,2026-09-26T11:29:25.896Z,23.94,83.8,909
dosel-sombra-01,2026-09-26T11:28:40.898Z,23.26,83.8,805.9
dosel-sombra-01,2026-09-26T11:27:55.901Z,23.45,84.4,779.7
dosel-sombra-01,2026-09-26T11:27:10.903Z,23.69,85.9,1007.2
dosel-sombra-01,2026-09-26T11:26:25.905Z,23.85,83.3,1008.6
dosel-sombra-01,2026-09-26T11:25:40.897Z,23.33,84.6,944.8
dosel-sombra-01,2026-09-26T11:24:55.886Z,23.35,84.6,872.8
dosel-sombra-01,2026-09-26T11:24:10.888Z,23.57,84.9,736.4
dosel-sombra-01,2026-09-26T11:23:25.883Z,23.18,83.5,852.4
dosel-sombra-01,2026-09-26T11:22:40.897Z,23.52,84.3,616
dosel-sombra-01,2026-09-26T11:21:55.881Z,23.79,86.2,586.1
dosel-sombra-01,2026-09-26T11:21:10.881Z,23.73,84.6,752.1
dosel-sombra-01,2026-09-26T11:20:25.882Z,23.85,86.4,735
dosel-sombra-01,2026-09-26T11:19:40.883Z,23.31,84.1,728.7
dosel-sombra-01,2026-09-26T11:18:55.874Z,23.48,85.8,697.3
dosel-sombra-01,2026-09-26T11:18:10.888Z,23.39,86.1,695.1
dosel-sombra-01,2026-09-26T11:17:25.887Z,23.28,85.2,538.9
dosel-sombra-01,2026-09-26T11:16:40.882Z,23.23,86.5,540
dosel-sombra-01,2026-09-26T11:15:55.888Z,23.47,84.7,461.6
dosel-sombra-01,2026-09-26T11:15:10.899Z,23.62,84.7,435.8
dosel-sombra-01,2026-09-26T11:14:25.884Z,23.36,85.3,526.6
dosel-sombra-01,2026-09-26T11:13:40.885Z,23.07,86.1,382.8
dosel-sombra-01,2026-09-26T11:12:55.884Z,23.59,86.9,451
dosel-sombra-01,2026-09-26T11:12:10.887Z,23.3,85.6,448.5
dosel-sombra-01,2026-09-26T11:11:25.888Z,23.48,85.9,367.4
dosel-sombra-01,2026-09-26T11:10:40.883Z,23.25,86.5,302.8
dosel-sombra-01,2026-09-26T11:09:55.886Z,23.46,85.3,347.5
dosel-sombra-01,2026-09-26T11:09:10.889Z,23.07,85.3,291.2
dosel-sombra-01,2026-09-26T11:08:25.891Z,23.57,86.5,242.4
dosel-sombra-01,2026-09-26T11:07:40.876Z,23.64,85.9,241.2
dosel-sombra-01,2026-09-26T11:06:55.882Z,23.43,84.5,179.7
dosel-sombra-01,2026-09-26T11:06:10.871Z,23.33,87.1,166.4
dosel-sombra-01,2026-09-26T11:05:25.882Z,23.51,87,194.2
dosel-sombra-01,2026-09-26T11:04:40.873Z,23.44,87.3,110.7
dosel-sombra-01,2026-09-26T11:03:55.881Z,23.25,85.4,115.9
dosel-sombra-01,2026-09-26T11:03:10.869Z,23.08,87,115.9
dosel-sombra-01,2026-09-26T11:02:25.887Z,23.18,87.4,77.3
dosel-sombra-01,2026-09-26T11:01:40.878Z,23.43,86.9,37.6
dosel-sombra-01,2026-09-26T11:00:55.883Z,23.16,85.9,0
dosel-sombra-01,2026-09-26T11:00:10.885Z,23.39,85.2,0
dosel-sombra-01,2026-09-26T10:59:25.868Z,23.2,84.6,0
dosel-sombra-01,2026-09-26T10:58:40.861Z,22.9,86.9,0
dosel-sombra-01,2026-09-26T10:57:55.87Z,23.38,86.3,0
dosel-sombra-01,2026-09-26T10:57:10.873Z,22.93,84.9,0
dosel-sombra-01,2026-09-26T10:56:25.872Z,23.01,87.5,0
dosel-sombra-01,2026-09-26T10:55:40.866Z,23.45,86,0
dosel-sombra-01,2026-09-26T10:54:55.857Z,22.8,85,0
dosel-sombra-01,2026-09-26T10:54:10.868Z,23.42,86.4,0
dosel-sombra-01,2026-09-26T10:53:25.877Z,23.01,87.1,0
dosel-sombra-01,2026-09-26T10:52:40.866Z,22.87,85.1,0
dosel-sombra-01,2026-09-26T10:51:55.868Z,22.85,86.6,0
dosel-sombra-01,2026-09-26T10:51:10.866Z,22.91,85,0
dosel-sombra-01,2026-09-26T10:50:25.877Z,23.09,86.5,0
dosel-sombra-01,2026-09-26T10:49:40.867Z,23.23,85.8,0
dosel-sombra-01,2026-09-26T10:48:55.872Z,22.96,85.8,0
dosel-sombra-01,2026-09-26T10:48:10.882Z,22.91,86.1,0
dosel-sombra-01,2026-09-26T10:47:25.867Z,22.82,86.1,0
dosel-sombra-01,2026-09-26T10:46:40.856Z,22.74,86,0
dosel-sombra-01,2026-09-26T10:45:55.866Z,22.74,86.2,0
dosel-sombra-01,2026-09-26T10:45:10.866Z,23.3,87.1,0
dosel-sombra-01,2026-09-26T10:44:25.86Z,23.27,88,0
dosel-sombra-01,2026-09-26T10:43:40.864Z,23.19,87.8,0
dosel-sombra-01,2026-09-26T10:42:55.865Z,23.39,87.8,0
dosel-sombra-01,2026-09-26T10:42:10.901Z,22.81,87.9,0
dosel-sombra-01,2026-09-26T10:41:25.421Z,22.9,87.8,0
dosel-sombra-01,2026-09-26T10:40:40.426Z,23.24,86.9,0
dosel-sombra-01,2026-09-26T10:39:55.417Z,23.12,88,0
dosel-sombra-01,2026-09-26T10:39:10.424Z,22.68,86.4,0
dosel-sombra-01,2026-09-26T10:38:25.415Z,22.87,85.7,0
dosel-sombra-01,2026-09-26T10:37:40.422Z,23.01,85.7,0
dosel-sombra-01,2026-09-26T10:36:55.414Z,22.71,86.5,0
dosel-sombra-01,2026-09-26T10:36:10.413Z,22.61,86.1,0
dosel-sombra-01,2026-09-26T10:35:25.417Z,22.98,88,0
dosel-sombra-01,2026-09-26T10:34:40.408Z,23.11,87.3,0
dosel-sombra-01,2026-09-26T10:33:55.412Z,22.64,86.9,0
dosel-sombra-01,2026-09-26T10:33:10.414Z,22.88,88.2,0
dosel-sombra-01,2026-09-26T10:32:25.404Z,22.82,86.9,0
dosel-sombra-01,2026-09-26T10:31:40.409Z,23.09,87,0
dosel-sombra-01,2026-09-26T10:30:55.415Z,22.53,86.2,0
dosel-sombra-01,2026-09-26T10:30:10.424Z,22.62,87,0
dosel-sombra-01,2026-09-26T10:29:25.41Z,23.09,87.6,0
dosel-sombra-01,2026-09-26T10:28:40.413Z,23.13,86.6,0
dosel-sombra-01,2026-09-26T10:27:55.4Z,22.84,87.4,0
dosel-sombra-01,2026-09-26T10:27:10.407Z,22.94,87.2,0
dosel-sombra-01,2026-09-26T10:26:25.399Z,22.43,88.7,0
dosel-sombra-01,2026-09-26T10:25:40.415Z,22.6,87,0
dosel-sombra-01,2026-09-26T10:24:55.418Z,23.12,88,0
dosel-sombra-01,2026-09-26T10:24:10.413Z,22.58,87,0
dosel-sombra-01,2026-09-26T10:23:25.42Z,22.98,87.5,0
dosel-sombra-01,2026-09-26T10:22:40.409Z,23.03,87.1,0
dosel-sombra-01,2026-09-26T10:21:55.409Z,23.13,88.7,0
dosel-sombra-01,2026-09-26T10:21:10.394Z,23.04,89,0
dosel-sombra-01,2026-09-26T10:20:25.398Z,22.53,87.7,0
dosel-sombra-01,2026-09-26T10:19:40.406Z,23.06,87.1,0
dosel-sombra-01,2026-09-26T10:18:55.396Z,22.55,88.5,0
dosel-sombra-01,2026-09-26T10:18:10.41Z,22.69,87.9,0
dosel-sombra-01,2026-09-26T10:17:25.412Z,23.01,86.8,0
dosel-sombra-01,2026-09-26T10:16:40.417Z,22.83,88.4,0
dosel-sombra-01,2026-09-26T10:15:55.408Z,23.03,87,0
dosel-sombra-01,2026-09-26T10:15:10.398Z,22.32,88.9,0
dosel-sombra-01,2026-09-26T10:14:25.393Z,23.06,89,0
dosel-sombra-01,2026-09-26T10:13:40.4Z,22.84,86.8,0
dosel-sombra-01,2026-09-26T10:12:55.397Z,22.76,89.3,0
dosel-sombra-01,2026-09-26T10:12:10.398Z,22.32,86.7,0
dosel-sombra-01,2026-09-26T10:11:25.395Z,22.69,87.9,0
dosel-sombra-01,2026-09-26T10:10:40.395Z,22.74,88,0
dosel-sombra-01,2026-09-26T10:09:55.399Z,23.01,88.3,0
dosel-sombra-01,2026-09-26T10:09:10.388Z,22.35,89.4,0
dosel-sombra-01,2026-09-26T10:08:25.4Z,22.43,88,0
dosel-sombra-01,2026-09-26T10:07:40.403Z,22.53,89.2,0
dosel-sombra-01,2026-09-26T10:06:55.391Z,22.66,87.4,0
dosel-sombra-01,2026-09-26T10:06:10.395Z,22.5,86.8,0
dosel-sombra-01,2026-09-26T10:05:25.391Z,22.75,89.8,0
dosel-sombra-01,2026-09-26T10:04:40.399Z,22.5,87.6,0
dosel-sombra-01,2026-09-26T10:03:55.386Z,22.34,87.9,0
dosel-sombra-01,2026-09-26T10:03:10.392Z,22.18,87,0
dosel-sombra-01,2026-09-26T10:02:25.394Z,22.54,89.1,0
dosel-sombra-01,2026-09-26T10:01:40.397Z,22.62,88.1,0
dosel-sombra-01,2026-09-26T10:00:55.388Z,22.87,87.5,0
dosel-sombra-01,2026-09-26T10:00:10.392Z,22.76,87.7,0
dosel-sombra-01,2026-09-26T09:59:25.386Z,22.61,89.1,0
dosel-sombra-01,2026-09-26T09:58:40.396Z,22.81,87.6,0
dosel-sombra-01,2026-09-26T09:57:55.393Z,22.47,88.6,0
dosel-sombra-01,2026-09-26T09:57:10.394Z,22.82,89.5,0
dosel-sombra-01,2026-09-26T09:56:25.393Z,22.75,88.7,0
dosel-sombra-01,2026-09-26T09:55:40.386Z,22.56,87.8,0
dosel-sombra-01,2026-09-26T09:54:55.377Z,22.81,90.2,0
dosel-sombra-01,2026-09-26T09:54:10.399Z,22.51,87.4,0
dosel-sombra-01,2026-09-26T09:53:25.4Z,22.73,87.7,0
dosel-sombra-01,2026-09-26T09:52:40.39Z,22.73,89.9,0
dosel-sombra-01,2026-09-26T09:51:55.473Z,22.69,88,0
dosel-sombra-01,2026-09-26T09:11:29.939Z,22.39,90.1,0
dosel-sombra-01,2026-09-26T09:10:44.929Z,22.29,90,0
dosel-sombra-01,2026-09-26T09:09:59.947Z,21.79,90,0
dosel-sombra-01,2026-09-26T09:09:14.936Z,22.37,89,0
dosel-sombra-01,2026-09-26T09:08:29.942Z,22.08,89.2,0
dosel-sombra-01,2026-09-26T09:07:44.937Z,21.73,90,0
dosel-sombra-01,2026-09-26T09:06:59.941Z,22.26,89.4,0
dosel-sombra-01,2026-09-26T09:06:14.93Z,21.9,90.3,0
dosel-sombra-01,2026-09-26T09:05:29.944Z,21.87,89.2,0
dosel-sombra-01,2026-09-26T09:04:44.938Z,21.92,90.1,0
dosel-sombra-01,2026-09-26T09:03:59.932Z,21.73,89.5,0
dosel-sombra-01,2026-09-26T09:03:14.942Z,21.82,90.5,0
dosel-sombra-01,2026-09-26T09:02:29.945Z,21.89,89.9,0
dosel-sombra-01,2026-09-26T09:01:44.943Z,22.34,91.7,0
dosel-sombra-01,2026-09-26T09:00:59.934Z,21.82,91,0
dosel-sombra-01,2026-09-26T09:00:14.94Z,22.19,91.4,0
dosel-sombra-01,2026-09-26T08:59:29.949Z,22.23,91.7,0
dosel-sombra-01,2026-09-26T08:58:44.922Z,21.62,90.3,0
dosel-sombra-01,2026-09-26T08:57:59.925Z,22.01,89.8,0
dosel-sombra-01,2026-09-26T08:57:14.931Z,21.9,89.5,0
dosel-sombra-01,2026-09-26T08:56:29.928Z,22.3,89.1,0
dosel-sombra-01,2026-09-26T08:55:44.932Z,21.92,89.4,0
dosel-sombra-01,2026-09-26T08:54:59.936Z,21.89,90.5,0
dosel-sombra-01,2026-09-26T08:54:14.926Z,21.89,89.2,0
dosel-sombra-01,2026-09-26T08:53:29.947Z,21.97,90.3,0
dosel-sombra-01,2026-09-26T08:52:44.935Z,22.21,89.8,0
dosel-sombra-01,2026-09-26T08:51:59.941Z,21.93,91.2,0
dosel-sombra-01,2026-09-26T08:51:14.933Z,21.9,89.2,0
dosel-sombra-01,2026-09-26T08:50:29.938Z,22.15,91.8,0
dosel-sombra-01,2026-09-26T08:49:44.933Z,22.04,90,0
dosel-sombra-01,2026-09-26T08:48:59.938Z,22.03,91.7,0
dosel-sombra-01,2026-09-26T08:48:14.931Z,22.27,91.1,0
dosel-sombra-01,2026-09-26T08:47:30.012Z,21.98,91.8,0
dosel-sombra-01,2026-09-26T08:46:44.491Z,22.01,90.5,0
dosel-sombra-01,2026-09-26T08:45:59.496Z,22.06,91.9,0
dosel-sombra-01,2026-09-26T08:45:14.486Z,21.97,91.5,0
dosel-sombra-01,2026-09-26T08:44:29.499Z,21.7,91.6,0
dosel-sombra-01,2026-09-26T08:43:44.484Z,21.64,89.8,0
dosel-sombra-01,2026-09-26T08:42:59.491Z,21.81,92.1,0
dosel-sombra-01,2026-09-26T08:42:14.483Z,22.2,92.2,0
dosel-sombra-01,2026-09-26T08:41:29.486Z,22.12,89.4,0
dosel-sombra-01,2026-09-26T08:40:44.49Z,21.54,90.6,0
dosel-sombra-01,2026-09-26T08:39:59.477Z,22.06,89.8,0
dosel-sombra-01,2026-09-26T08:39:14.49Z,21.87,92.2,0
dosel-sombra-01,2026-09-26T08:38:29.494Z,22,91.5,0
dosel-sombra-01,2026-09-26T08:37:44.482Z,21.7,89.7,0
dosel-sombra-01,2026-09-26T08:36:59.489Z,22.12,90.1,0
dosel-sombra-01,2026-09-26T08:36:14.471Z,21.6,91.8,0
dosel-sombra-01,2026-09-26T08:35:29.481Z,21.94,92.1,0
dosel-sombra-01,2026-09-26T08:34:44.486Z,21.59,90,0
dosel-sombra-01,2026-09-26T08:33:59.485Z,21.62,90.9,0
dosel-sombra-01,2026-09-26T08:33:14.468Z,21.39,91.2,0
dosel-sombra-01,2026-09-26T08:32:29.474Z,22.09,89.8,0
dosel-sombra-01,2026-09-26T08:31:44.479Z,22.09,90,0
dosel-sombra-01,2026-09-26T08:30:59.48Z,21.91,90.4,0
dosel-sombra-01,2026-09-26T08:30:14.482Z,21.55,90.2,0
dosel-sombra-01,2026-09-26T08:29:29.484Z,21.96,91.1,0
dosel-sombra-01,2026-09-26T08:28:44.484Z,22.04,90.7,0
dosel-sombra-01,2026-09-26T08:27:59.474Z,21.85,91.5,0
dosel-sombra-01,2026-09-26T08:27:14.472Z,21.41,90.6,0
dosel-sombra-01,2026-09-26T08:26:29.479Z,22.11,90,0
dosel-sombra-01,2026-09-26T08:25:44.47Z,21.5,92.3,0
dosel-sombra-01,2026-09-26T08:24:59.47Z,21.72,91.8,0
dosel-sombra-01,2026-09-26T08:24:14.462Z,21.34,92.3,0
dosel-sombra-01,2026-09-26T08:23:29.467Z,21.81,91.4,0
dosel-sombra-01,2026-09-26T08:22:44.471Z,21.42,92.2,0
dosel-sombra-01,2026-09-26T08:21:59.472Z,21.57,91.1,0
dosel-sombra-01,2026-09-26T08:21:14.48Z,21.34,91.4,0
dosel-sombra-01,2026-09-26T08:20:29.477Z,21.97,92.6,0
dosel-sombra-01,2026-09-26T08:19:44.481Z,21.51,90.7,0
dosel-sombra-01,2026-09-26T08:18:59.467Z,21.55,91.4,0
dosel-sombra-01,2026-09-26T08:18:14.459Z,21.88,91.7,0
dosel-sombra-01,2026-09-26T08:17:29.463Z,21.37,92.2,0
dosel-sombra-01,2026-09-26T08:16:44.473Z,21.67,90.6,0
dosel-sombra-01,2026-09-26T08:15:59.471Z,21.31,92,0
dosel-sombra-01,2026-09-26T08:15:14.482Z,21.73,92.2,0
dosel-sombra-01,2026-09-26T08:14:29.472Z,21.34,92.6,0
dosel-sombra-01,2026-09-26T08:13:44.467Z,21.62,92.6,0
dosel-sombra-01,2026-09-26T08:12:59.462Z,22,92.2,0
dosel-sombra-01,2026-09-26T08:12:14.462Z,21.87,90.5,0
dosel-sombra-01,2026-09-26T08:11:29.456Z,21.58,90.7,0
dosel-sombra-01,2026-09-26T08:10:44.461Z,21.44,90.8,0
dosel-sombra-01,2026-09-26T08:09:59.473Z,21.45,92.5,0
dosel-sombra-01,2026-09-26T08:09:14.465Z,21.47,91.1,0
dosel-sombra-01,2026-09-26T08:08:29.473Z,22.04,92.4,0
dosel-sombra-01,2026-09-26T08:07:44.459Z,21.66,90.5,0
dosel-sombra-01,2026-09-26T08:06:59.466Z,21.45,91.8,0
dosel-sombra-01,2026-09-26T08:06:14.453Z,21.8,91,0
dosel-sombra-01,2026-09-26T08:05:29.459Z,21.75,92.2,0
dosel-sombra-01,2026-09-26T08:04:44.468Z,21.89,90.6,0
dosel-sombra-01,2026-09-26T08:03:59.458Z,21.88,90.1,0
dosel-sombra-01,2026-09-26T08:03:14.454Z,21.38,90.5,0
dosel-sombra-01,2026-09-26T08:02:29.458Z,21.51,91.8,0
dosel-sombra-01,2026-09-26T08:01:44.467Z,21.37,91.9,0
dosel-sombra-01,2026-09-26T08:00:59.459Z,21.32,91.8,0
dosel-sombra-01,2026-09-26T08:00:14.467Z,21.51,91.8,0
dosel-sombra-01,2026-09-26T07:59:29.456Z,21.58,92.6,0
dosel-sombra-01,2026-09-26T07:58:44.462Z,21.57,92.8,0
dosel-sombra-01,2026-09-26T07:57:59.458Z,21.44,92.7,0
dosel-sombra-01,2026-09-26T07:57:14.524Z,21.43,91.4,0
dosel-sombra-01,2026-09-26T07:56:29.036Z,21.94,90.5,0
dosel-sombra-01,2026-09-26T07:55:44.025Z,21.85,91.8,0
dosel-sombra-01,2026-09-26T07:54:59.026Z,21.64,92.3,0
dosel-sombra-01,2026-09-26T07:54:14.018Z,21.26,92.8,0
dosel-sombra-01,2026-09-26T07:53:29.037Z,21.96,90.9,0
dosel-sombra-01,2026-09-26T07:52:44.02Z,21.55,91,0
dosel-sombra-01,2026-09-26T07:51:59.021Z,21.81,92.2,0
dosel-sombra-01,2026-09-26T07:51:14.032Z,21.26,92.2,0
dosel-sombra-01,2026-09-26T07:50:29.014Z,21.42,93.2,0
dosel-sombra-01,2026-09-26T07:49:44.022Z,21.86,93,0
dosel-sombra-01,2026-09-26T07:48:59.027Z,21.62,92.3,0
dosel-sombra-01,2026-09-26T07:48:14.024Z,21.43,92.4,0
dosel-sombra-01,2026-09-26T07:47:29.03Z,21.19,91.7,0
dosel-sombra-01,2026-09-26T07:46:44.018Z,21.21,92.7,0
dosel-sombra-01,2026-09-26T07:45:59.008Z,21.38,93.1,0
dosel-sombra-01,2026-09-26T07:45:14.015Z,21.7,92.8,0
dosel-sombra-01,2026-09-26T07:44:29.017Z,21.84,91.7,0
dosel-sombra-01,2026-09-26T07:43:44.024Z,21.21,91.2,0
dosel-sombra-01,2026-09-26T07:42:59.009Z,21.38,92.4,0
dosel-sombra-01,2026-09-26T07:42:14.014Z,21.86,91.5,0
dosel-sombra-01,2026-09-26T07:41:29.017Z,21.66,92,0
dosel-sombra-01,2026-09-26T07:40:44.009Z,21.84,92.6,0
dosel-sombra-01,2026-09-26T07:39:59.014Z,21.74,92,0
dosel-sombra-01,2026-09-26T07:39:14.02Z,21.57,92,0
dosel-sombra-01,2026-09-26T07:38:29.018Z,21.88,92.6,0
dosel-sombra-01,2026-09-26T07:37:44.01Z,21.43,91.7,0
dosel-sombra-01,2026-09-26T07:36:59.015Z,21.19,93.2,0
dosel-sombra-01,2026-09-26T07:36:14.005Z,21.91,90.6,0
dosel-sombra-01,2026-09-26T07:35:29.012Z,21.63,91.2,0
dosel-sombra-01,2026-09-26T07:34:44.015Z,21.35,92.7,0
dosel-sombra-01,2026-09-26T07:33:59.02Z,21.67,92.5,0
dosel-sombra-01,2026-09-26T07:33:14.003Z,21.2,91.7,0
dosel-sombra-01,2026-09-26T07:32:29.006Z,21.86,91.8,0
dosel-sombra-01,2026-09-26T07:31:44.012Z,21.74,91.3,0
dosel-sombra-01,2026-09-26T07:30:59.005Z,21.21,92.1,0
dosel-sombra-01,2026-09-26T07:30:13.998Z,21.79,93.3,0
dosel-sombra-01,2026-09-26T07:29:29.001Z,21.74,90.6,0
dosel-sombra-01,2026-09-26T07:28:44.009Z,21.77,91.2,0
dosel-sombra-01,2026-09-26T07:27:59.002Z,21.69,93.1,0
dosel-sombra-01,2026-09-26T07:27:14.014Z,21.19,93,0
dosel-sombra-01,2026-09-26T07:26:28.995Z,21.16,90.9,0
dosel-sombra-01,2026-09-26T07:25:44.002Z,21.4,90.8,0
dosel-sombra-01,2026-09-26T07:24:59.005Z,21.62,91.6,0
dosel-sombra-01,2026-09-26T07:24:14.015Z,21.71,92.5,0
dosel-sombra-01,2026-09-26T07:23:28.999Z,21.29,93.1,0
dosel-sombra-01,2026-09-26T07:22:43.99Z,21.66,93,0
dosel-sombra-01,2026-09-26T07:21:58.995Z,21.28,93.1,0
dosel-sombra-01,2026-09-26T07:21:13.986Z,21.45,92.5,0
dosel-sombra-01,2026-09-26T07:20:29.007Z,21.67,92.6,0
dosel-sombra-01,2026-09-26T07:19:43.999Z,21.68,92.3,0
dosel-sombra-01,2026-09-26T07:18:59.005Z,21.15,93.2,0
dosel-sombra-01,2026-09-26T07:18:13.999Z,21.37,92.9,0
dosel-sombra-01,2026-09-26T07:17:28.999Z,21.7,91.6,0
dosel-sombra-01,2026-09-26T07:16:44.003Z,21.3,91.2,0
dosel-sombra-01,2026-09-26T07:15:58.99Z,21.6,91.8,0
dosel-sombra-01,2026-09-26T07:15:13.997Z,21.44,92.6,0
dosel-sombra-01,2026-09-26T07:14:28.983Z,21.44,90.9,0
dosel-sombra-01,2026-09-26T07:13:44.003Z,21.14,92.2,0
dosel-sombra-01,2026-09-26T07:12:58.995Z,21.7,90.6,0
dosel-sombra-01,2026-09-26T07:12:13.984Z,21.24,91.5,0
dosel-sombra-01,2026-09-26T07:11:28.992Z,21.83,90.5,0
dosel-sombra-01,2026-09-26T07:10:43.981Z,21.72,91.2,0
dosel-sombra-01,2026-09-26T07:09:58.987Z,21.62,92.6,0
dosel-sombra-01,2026-09-26T07:09:13.996Z,21.21,92.1,0
dosel-sombra-01,2026-09-26T07:08:28.986Z,21.38,92,0
dosel-sombra-01,2026-09-26T07:07:43.993Z,21.37,90.6,0
dosel-sombra-01,2026-09-26T07:06:59.104Z,21.36,91.2,0
dosel-sombra-01,2026-09-26T07:06:13.559Z,21.81,93.3,0
dosel-sombra-01,2026-09-26T07:05:28.559Z,21.52,92.5,0
dosel-sombra-01,2026-09-26T07:04:43.55Z,21.42,90.5,0
dosel-sombra-01,2026-09-26T07:03:58.556Z,21.39,90.7,0
dosel-sombra-01,2026-09-26T07:03:13.552Z,21.75,92.6,0
dosel-sombra-01,2026-09-26T07:02:28.554Z,21.78,92.9,0
dosel-sombra-01,2026-09-26T07:01:43.559Z,21.48,90.6,0
dosel-sombra-01,2026-09-26T07:00:58.549Z,21.69,93.2,0
dosel-sombra-01,2026-09-26T07:00:13.554Z,21.17,92.2,0
dosel-sombra-01,2026-09-26T06:59:28.553Z,21.3,91.3,0
dosel-sombra-01,2026-09-26T06:58:43.56Z,21.79,91.6,0
dosel-sombra-01,2026-09-26T06:57:58.55Z,21.14,93.4,0
dosel-sombra-01,2026-09-26T06:57:13.558Z,21.15,91.2,0
dosel-sombra-01,2026-09-26T06:56:28.543Z,21.39,90.5,0
dosel-sombra-01,2026-09-26T06:55:43.549Z,21.7,92.5,0
dosel-sombra-01,2026-09-26T06:54:58.552Z,21.51,92.1,0
dosel-sombra-01,2026-09-26T06:54:13.558Z,21.59,91.5,0
dosel-sombra-01,2026-09-26T06:53:28.543Z,21.77,92.9,0
dosel-sombra-01,2026-09-26T06:52:43.562Z,21.19,93.2,0
dosel-sombra-01,2026-09-26T06:51:58.547Z,21.85,92.6,0
dosel-sombra-01,2026-09-26T06:51:13.559Z,21.4,92.3,0
dosel-sombra-01,2026-09-26T06:50:28.549Z,21.26,93.4,0
dosel-sombra-01,2026-09-26T06:49:43.539Z,21.42,90.9,0
dosel-sombra-01,2026-09-26T06:48:58.557Z,21.38,92,0
dosel-sombra-01,2026-09-26T06:48:13.539Z,21.87,91.7,0
dosel-sombra-01,2026-09-26T06:47:28.545Z,21.47,91.1,0
dosel-sombra-01,2026-09-26T06:46:43.549Z,21.16,91.1,0
dosel-sombra-01,2026-09-26T06:45:58.556Z,21.18,93.1,0
dosel-sombra-01,2026-09-26T06:45:13.544Z,21.35,90.9,0
dosel-sombra-01,2026-09-26T06:44:28.54Z,21.58,92.5,0
dosel-sombra-01,2026-09-26T06:43:43.546Z,21.38,90.9,0
dosel-sombra-01,2026-09-26T06:42:58.544Z,21.14,93.4,0
dosel-sombra-01,2026-09-26T06:42:13.549Z,21.48,93.3,0
dosel-sombra-01,2026-09-26T06:41:28.552Z,21.81,91.6,0
dosel-sombra-01,2026-09-26T06:40:43.546Z,21.2,93.3,0
dosel-sombra-01,2026-09-26T06:39:58.547Z,21.7,91.1,0
dosel-sombra-01,2026-09-26T06:39:13.538Z,21.61,92.5,0
dosel-sombra-01,2026-09-26T06:38:28.533Z,21.26,92,0
dosel-sombra-01,2026-09-26T06:37:43.541Z,21.52,93.3,0
dosel-sombra-01,2026-09-26T06:36:58.546Z,21.8,90.8,0
dosel-sombra-01,2026-09-26T06:36:13.537Z,21.18,92,0
dosel-sombra-01,2026-09-26T06:35:28.544Z,21.63,93.4,0
dosel-sombra-01,2026-09-26T06:34:43.537Z,21.75,93.2,0
dosel-sombra-01,2026-09-26T06:33:58.531Z,21.43,91,0
dosel-sombra-01,2026-09-26T06:33:13.531Z,21.89,90.5,0
dosel-sombra-01,2026-09-26T06:32:28.546Z,21.42,93,0
dosel-sombra-01,2026-09-26T06:31:43.537Z,21.41,92.6,0
dosel-sombra-01,2026-09-26T06:30:58.539Z,21.25,92.1,0
dosel-sombra-01,2026-09-26T06:30:13.547Z,21.73,90.7,0
dosel-sombra-01,2026-09-26T06:29:28.54Z,21.3,91.1,0
dosel-sombra-01,2026-09-26T06:28:43.532Z,21.38,91.4,0
dosel-sombra-01,2026-09-26T06:27:58.54Z,21.17,92.7,0
dosel-sombra-01,2026-09-26T06:27:13.539Z,21.69,90.6,0
dosel-sombra-01,2026-09-26T06:26:28.532Z,21.6,91.2,0
dosel-sombra-01,2026-09-26T06:25:43.538Z,21.42,92.7,0
dosel-sombra-01,2026-09-26T06:24:58.526Z,21.62,91.9,0
dosel-sombra-01,2026-09-26T06:24:13.531Z,21.27,93.2,0
dosel-sombra-01,2026-09-26T06:23:28.523Z,21.37,92.1,0
dosel-sombra-01,2026-09-26T06:22:43.541Z,21.93,91.1,0
dosel-sombra-01,2026-09-26T06:21:58.531Z,21.76,91.7,0
dosel-sombra-01,2026-09-26T06:21:13.539Z,21.93,91.5,0
dosel-sombra-01,2026-09-26T06:20:28.528Z,21.91,91,0
dosel-sombra-01,2026-09-26T06:19:43.531Z,21.49,91.1,0
dosel-sombra-01,2026-09-26T06:18:58.529Z,21.37,92.2,0
dosel-sombra-01,2026-09-26T06:18:13.514Z,21.42,92.8,0
dosel-sombra-01,2026-09-26T06:17:28.523Z,21.36,91.5,0
dosel-sombra-01,2026-09-26T06:16:43.621Z,21.46,91.3,0
dosel-sombra-01,2026-09-26T06:16:17.631Z,21.33,92.5,0
dosel-sombra-01,2026-09-26T06:15:32.639Z,21.32,92.1,0
dosel-sombra-01,2026-09-26T06:14:47.646Z,21.44,92.8,0
dosel-sombra-01,2026-09-26T06:14:02.64Z,21.76,92.5,0
dosel-sombra-01,2026-09-26T06:13:17.646Z,21.59,90.6,0
dosel-sombra-01,2026-09-26T06:12:32.636Z,21.21,91.4,0
dosel-sombra-01,2026-09-26T06:11:47.642Z,21.9,90.3,0
dosel-sombra-01,2026-09-26T06:11:02.637Z,21.79,92.8,0
dosel-sombra-01,2026-09-26T06:10:17.626Z,21.4,91.9,0
dosel-sombra-01,2026-09-26T06:09:32.633Z,21.4,90.9,0
dosel-sombra-01,2026-09-26T06:08:47.636Z,21.65,91.5,0
dosel-sombra-01,2026-09-26T06:08:02.643Z,21.79,93,0
dosel-sombra-01,2026-09-26T06:07:17.632Z,21.38,91.5,0
dosel-sombra-01,2026-09-26T06:06:32.629Z,21.52,90.4,0
dosel-sombra-01,2026-09-26T06:05:47.634Z,21.88,91.9,0
dosel-sombra-01,2026-09-26T06:05:02.638Z,21.96,90.5,0
dosel-sombra-01,2026-09-26T06:04:17.631Z,21.59,93.1,0
dosel-sombra-01,2026-09-26T06:03:32.633Z,21.45,92.6,0
dosel-sombra-01,2026-09-26T06:02:47.641Z,21.65,91.3,0
dosel-sombra-01,2026-09-26T06:02:02.639Z,21.96,91,0
dosel-sombra-01,2026-09-26T06:01:17.641Z,21.48,90.3,0
dosel-sombra-01,2026-09-26T06:00:32.637Z,21.4,91.1,0
dosel-sombra-01,2026-09-26T05:59:47.642Z,21.9,92.8,0
dosel-sombra-01,2026-09-26T05:59:02.631Z,21.79,92.9,0
dosel-sombra-01,2026-09-26T05:58:17.634Z,21.32,90.6,0
dosel-sombra-01,2026-09-26T05:57:32.63Z,21.4,92.5,0
dosel-sombra-01,2026-09-26T05:56:47.636Z,21.4,92.9,0
dosel-sombra-01,2026-09-26T05:56:02.618Z,21.25,91.1,0
dosel-sombra-01,2026-09-26T05:55:17.63Z,22.03,92.7,0
dosel-sombra-01,2026-09-26T05:54:32.631Z,21.43,92.6,0
dosel-sombra-01,2026-09-26T05:53:47.637Z,21.76,91.2,0
dosel-sombra-01,2026-09-26T05:53:02.62Z,21.59,91.9,0
dosel-sombra-01,2026-09-26T05:52:17.683Z,21.76,92.7,0
dosel-sombra-01,2026-09-26T05:51:32.205Z,21.32,90.7,0
dosel-sombra-01,2026-09-26T05:50:47.209Z,21.58,91.2,0
dosel-sombra-01,2026-09-26T05:50:02.216Z,21.85,91,0
dosel-sombra-01,2026-09-26T05:49:17.221Z,21.51,91,0
dosel-sombra-01,2026-09-26T05:48:32.224Z,21.65,91.9,0
dosel-sombra-01,2026-09-26T05:47:47.216Z,21.71,91.1,0
dosel-sombra-01,2026-09-26T05:47:02.215Z,21.76,91.3,0
dosel-sombra-01,2026-09-26T05:46:17.204Z,21.65,92.7,0
dosel-sombra-01,2026-09-26T05:45:32.21Z,21.89,92.4,0
dosel-sombra-01,2026-09-26T05:44:47.202Z,21.53,92.3,0
dosel-sombra-01,2026-09-26T05:44:02.212Z,21.86,90.9,0
dosel-sombra-01,2026-09-26T05:43:17.208Z,21.31,90.7,0
dosel-sombra-01,2026-09-26T05:42:32.199Z,21.49,90.9,0
dosel-sombra-01,2026-09-26T05:41:47.208Z,21.73,92.7,0
dosel-sombra-01,2026-09-26T05:41:02.201Z,21.76,90.6,0
dosel-sombra-01,2026-09-26T05:40:17.209Z,21.84,90.2,0
dosel-sombra-01,2026-09-26T05:39:32.211Z,22.01,92.4,0
dosel-sombra-01,2026-09-26T05:38:47.2Z,21.8,90.5,0
dosel-sombra-01,2026-09-26T05:38:02.205Z,21.4,90.2,0
dosel-sombra-01,2026-09-26T05:37:17.207Z,22,91.4,0
dosel-sombra-01,2026-09-26T05:36:32.196Z,22.06,91.3,0
dosel-sombra-01,2026-09-26T05:35:47.211Z,22.12,91.3,0
dosel-sombra-01,2026-09-26T05:35:02.201Z,22.09,90.6,0
dosel-sombra-01,2026-09-26T05:34:17.192Z,21.96,91,0
dosel-sombra-01,2026-09-26T05:33:32.211Z,21.85,91.1,0
dosel-sombra-01,2026-09-26T05:32:47.208Z,22.01,90.9,0
dosel-sombra-01,2026-09-26T05:32:02.213Z,22.03,91.8,0
dosel-sombra-01,2026-09-26T05:31:17.19Z,22.01,90.3,0
dosel-sombra-01,2026-09-26T05:30:32.198Z,21.57,92.2,0
dosel-sombra-01,2026-09-26T05:29:47.189Z,21.67,90.4,0
dosel-sombra-01,2026-09-26T05:29:02.193Z,22.03,92.1,0
dosel-sombra-01,2026-09-26T05:28:17.203Z,22.06,91.1,0
dosel-sombra-01,2026-09-26T05:27:32.206Z,21.44,92,0
dosel-sombra-01,2026-09-26T05:26:47.207Z,21.46,91.8,0
dosel-sombra-01,2026-09-26T05:26:02.198Z,21.45,91.2,0
dosel-sombra-01,2026-09-26T05:25:17.202Z,21.56,90.6,0
dosel-sombra-01,2026-09-26T05:24:32.195Z,21.82,91.6,0
dosel-sombra-01,2026-09-26T05:23:47.202Z,22.03,90.7,0
dosel-sombra-01,2026-09-26T05:23:02.19Z,21.67,90.7,0
dosel-sombra-01,2026-09-26T05:22:17.191Z,21.73,90.9,0
dosel-sombra-01,2026-09-26T05:21:32.188Z,21.51,90.3,0
dosel-sombra-01,2026-09-26T05:20:47.195Z,21.69,91.3,0
dosel-sombra-01,2026-09-26T05:20:02.195Z,21.86,90,0
dosel-sombra-01,2026-09-26T05:19:17.194Z,21.93,89.9,0
dosel-sombra-01,2026-09-26T05:18:32.191Z,22.02,90.1,0
dosel-sombra-01,2026-09-26T05:17:47.197Z,21.77,89.9,0
dosel-sombra-01,2026-09-26T05:17:02.198Z,21.53,90,0
dosel-sombra-01,2026-09-26T05:16:17.201Z,22.12,90.6,0
dosel-sombra-01,2026-09-26T05:15:32.194Z,21.5,90.8,0
dosel-sombra-01,2026-09-26T05:14:47.183Z,22.14,91.4,0
dosel-sombra-01,2026-09-26T05:14:02.198Z,22.1,89.4,0
dosel-sombra-01,2026-09-26T05:13:17.177Z,22.19,91.3,0
dosel-sombra-01,2026-09-26T05:12:32.196Z,21.6,91.2,0
dosel-sombra-01,2026-09-26T05:11:47.19Z,21.77,91.1,0
dosel-sombra-01,2026-09-26T05:11:02.196Z,21.97,91.1,0
dosel-sombra-01,2026-09-26T05:10:17.17Z,21.8,91.6,0
dosel-sombra-01,2026-09-26T05:09:32.191Z,22.24,90.4,0
dosel-sombra-01,2026-09-26T05:08:47.182Z,22.17,90.1,0
dosel-sombra-01,2026-09-26T05:08:02.186Z,22.09,89.1,0
dosel-sombra-01,2026-09-26T05:07:17.19Z,22.07,89.9,0
dosel-sombra-01,2026-09-26T05:06:32.182Z,22.28,92,0
dosel-sombra-01,2026-09-26T05:05:47.186Z,21.56,91.6,0
dosel-sombra-01,2026-09-26T05:05:02.178Z,22.25,89.5,0
dosel-sombra-01,2026-09-26T05:04:17.187Z,21.93,89.3,0
dosel-sombra-01,2026-09-26T05:03:32.195Z,21.98,91.3,0
dosel-sombra-01,2026-09-26T05:02:47.17Z,22.23,90.7,0
dosel-sombra-01,2026-09-26T05:02:02.316Z,22.12,91.7,0
dosel-sombra-01,2026-09-26T05:01:16.743Z,21.69,89.7,0
dosel-sombra-01,2026-09-26T05:00:31.736Z,21.66,90,0
dosel-sombra-01,2026-09-26T04:59:46.743Z,22.21,90.1,0
dosel-sombra-01,2026-09-26T04:59:01.734Z,21.71,90,0
dosel-sombra-01,2026-09-26T04:58:16.745Z,21.72,89.8,0
dosel-sombra-01,2026-09-26T04:57:31.746Z,21.81,90.2,0
dosel-sombra-01,2026-09-26T04:56:46.739Z,22.26,89.5,0
dosel-sombra-01,2026-09-26T04:56:01.732Z,22.23,89.5,0
dosel-sombra-01,2026-09-26T04:55:16.741Z,22.22,88.9,0
dosel-sombra-01,2026-09-26T04:54:31.733Z,22,89.2,0
dosel-sombra-01,2026-09-26T04:53:46.743Z,21.78,90.4,0
dosel-sombra-01,2026-09-26T04:53:01.73Z,22.36,91.4,0
dosel-sombra-01,2026-09-26T04:52:16.736Z,21.8,88.7,0
dosel-sombra-01,2026-09-26T04:51:31.746Z,22.13,91.5,0
dosel-sombra-01,2026-09-26T04:50:46.745Z,22.06,88.6,0
dosel-sombra-01,2026-09-26T04:50:01.737Z,22.33,90.4,0
dosel-sombra-01,2026-09-26T04:49:16.728Z,22.12,90.2,0
dosel-sombra-01,2026-09-26T04:48:31.741Z,21.9,89.6,0
dosel-sombra-01,2026-09-26T04:47:46.731Z,21.87,89.9,0
dosel-sombra-01,2026-09-26T04:47:01.734Z,21.83,91,0
dosel-sombra-01,2026-09-26T04:46:16.722Z,21.75,88.8,0
dosel-sombra-01,2026-09-26T04:45:31.728Z,22.15,90.5,0
dosel-sombra-01,2026-09-26T04:44:46.734Z,21.81,89.2,0
dosel-sombra-01,2026-09-26T04:44:01.726Z,21.91,89.7,0
dosel-sombra-01,2026-09-26T04:43:16.726Z,22.09,91,0
dosel-sombra-01,2026-09-26T04:42:31.729Z,21.73,89.6,0
dosel-sombra-01,2026-09-26T04:41:46.733Z,22.39,90.6,0
dosel-sombra-01,2026-09-26T04:41:01.74Z,22.05,90.3,0
dosel-sombra-01,2026-09-26T04:40:16.728Z,22.12,89.6,0
dosel-sombra-01,2026-09-26T04:39:31.731Z,21.85,90.8,0
dosel-sombra-01,2026-09-26T04:38:46.723Z,21.86,90.2,0
dosel-sombra-01,2026-09-26T04:38:01.72Z,21.87,90,0
dosel-sombra-01,2026-09-26T04:37:16.728Z,21.94,88.4,0
dosel-sombra-01,2026-09-26T04:36:31.733Z,21.8,89.5,0
dosel-sombra-01,2026-09-26T04:35:46.722Z,22.51,88.4,0
dosel-sombra-01,2026-09-26T04:35:01.728Z,22.55,90.6,0
dosel-sombra-01,2026-09-26T04:34:16.722Z,21.84,90.3,0
dosel-sombra-01,2026-09-26T04:33:31.717Z,22.54,89.7,0
dosel-sombra-01,2026-09-26T04:32:46.725Z,21.89,88.1,0
dosel-sombra-01,2026-09-26T04:32:01.713Z,22.08,88.8,0
dosel-sombra-01,2026-09-26T04:31:16.721Z,22.26,90.3,0
dosel-sombra-01,2026-09-26T04:30:31.71Z,22.13,89.3,0
dosel-sombra-01,2026-09-26T04:29:46.712Z,22.31,88.9,0
dosel-sombra-01,2026-09-26T04:29:01.728Z,21.99,90.6,0
dosel-sombra-01,2026-09-26T04:28:16.708Z,22.11,90,0
dosel-sombra-01,2026-09-26T04:27:31.729Z,22.13,89.2,0
dosel-sombra-01,2026-09-26T04:26:46.717Z,22.09,88,0
dosel-sombra-01,2026-09-26T04:26:01.723Z,22.05,87.9,0
dosel-sombra-01,2026-09-26T04:25:16.727Z,22.36,88.9,0
dosel-sombra-01,2026-09-26T04:24:31.721Z,22.1,88.7,0
dosel-sombra-01,2026-09-26T04:23:46.712Z,22.39,88.4,0
dosel-sombra-01,2026-09-26T04:23:01.719Z,22.11,88.8,0
dosel-sombra-01,2026-09-26T04:22:16.724Z,21.99,89.4,0
dosel-sombra-01,2026-09-26T04:21:31.716Z,22.45,89.9,0
dosel-sombra-01,2026-09-26T04:20:46.705Z,22.35,89.1,0
dosel-sombra-01,2026-09-26T04:20:01.728Z,22.01,89.6,0
dosel-sombra-01,2026-09-26T04:19:16.716Z,22.64,90.1,0
dosel-sombra-01,2026-09-26T04:18:31.714Z,22.61,90.3,0
dosel-sombra-01,2026-09-26T04:17:46.7Z,22.53,89.4,0
dosel-sombra-01,2026-09-26T04:17:01.708Z,22.61,89.9,0
dosel-sombra-01,2026-09-26T04:16:16.715Z,22.71,87.7,0
dosel-sombra-01,2026-09-26T04:15:31.704Z,22.27,90.1,0
dosel-sombra-01,2026-09-26T04:14:46.71Z,22.72,90,0
dosel-sombra-01,2026-09-26T04:14:01.708Z,22.7,89.4,0
dosel-sombra-01,2026-09-26T04:13:16.704Z,22.14,90.2,0
dosel-sombra-01,2026-09-26T04:12:31.71Z,22.1,89,0
dosel-sombra-01,2026-09-26T04:11:46.81Z,22.48,90.1,0
dosel-sombra-01,2026-09-26T03:31:01.276Z,22.68,87.9,0
dosel-sombra-01,2026-09-26T03:30:16.276Z,22.57,86.6,0
dosel-sombra-01,2026-09-26T03:29:31.267Z,22.55,88.4,0
dosel-sombra-01,2026-09-26T03:28:46.269Z,23.07,86.6,0
dosel-sombra-01,2026-09-26T03:28:01.265Z,23.29,88.3,0
dosel-sombra-01,2026-09-26T03:27:16.256Z,23.16,88.3,0
dosel-sombra-01,2026-09-26T03:26:31.263Z,22.9,88.6,0
dosel-sombra-01,2026-09-26T03:25:46.255Z,23.29,88.1,0
dosel-sombra-01,2026-09-26T03:25:01.265Z,22.66,85.9,0
dosel-sombra-01,2026-09-26T03:24:16.263Z,22.67,88.2,0
dosel-sombra-01,2026-09-26T03:23:31.26Z,23.04,88.1,0
dosel-sombra-01,2026-09-26T03:22:46.252Z,22.61,86,0
dosel-sombra-01,2026-09-26T03:22:01.253Z,23.02,87.2,0
dosel-sombra-01,2026-09-26T03:21:16.262Z,23.24,86.4,0
dosel-sombra-01,2026-09-26T03:20:31.255Z,23.37,85.9,0
dosel-sombra-01,2026-09-26T03:19:46.263Z,22.85,87.2,0
dosel-sombra-01,2026-09-26T03:19:01.252Z,22.84,87.9,0
dosel-sombra-01,2026-09-26T03:18:16.26Z,23.39,88.2,0
dosel-sombra-01,2026-09-26T03:17:31.262Z,23.37,87.1,0
dosel-sombra-01,2026-09-26T03:16:46.269Z,23.41,85.9,0
dosel-sombra-01,2026-09-26T03:16:01.261Z,23.39,86.4,0
dosel-sombra-01,2026-09-26T03:15:16.25Z,22.76,86.4,0
dosel-sombra-01,2026-09-26T03:14:31.242Z,22.97,87,0
dosel-sombra-01,2026-09-26T03:13:46.248Z,22.84,86.4,0
dosel-sombra-01,2026-09-26T03:13:01.264Z,23.4,86.9,0
dosel-sombra-01,2026-09-26T03:12:16.252Z,22.89,87.5,0
dosel-sombra-01,2026-09-26T03:11:31.258Z,23.4,86.8,0
dosel-sombra-01,2026-09-26T03:10:46.263Z,23.46,85,0
dosel-sombra-01,2026-09-26T03:10:01.252Z,23,87.1,0
dosel-sombra-01,2026-09-26T03:09:16.25Z,22.78,86.7,0
dosel-sombra-01,2026-09-26T03:08:31.259Z,22.85,87,0
dosel-sombra-01,2026-09-26T03:07:46.264Z,23.39,84.8,0
dosel-sombra-01,2026-09-26T03:07:01.255Z,23.05,87.2,0
dosel-sombra-01,2026-09-26T03:06:16.249Z,22.97,86.1,0
dosel-sombra-01,2026-09-26T03:05:31.259Z,22.93,86.7,0
dosel-sombra-01,2026-09-26T03:04:46.249Z,22.93,87.1,0
dosel-sombra-01,2026-09-26T03:04:01.242Z,23.29,86.9,0
dosel-sombra-01,2026-09-26T03:03:16.255Z,23.25,85.4,0
dosel-sombra-01,2026-09-26T03:02:31.254Z,23.37,86.6,0
dosel-sombra-01,2026-09-26T03:01:46.26Z,23.36,85.7,0
dosel-sombra-01,2026-09-26T03:01:01.249Z,23.57,85.3,0
dosel-sombra-01,2026-09-26T03:00:16.241Z,22.96,85.5,0
dosel-sombra-01,2026-09-26T02:59:31.233Z,22.9,86.7,0
dosel-sombra-01,2026-09-26T02:58:46.251Z,23.52,87.1,0
dosel-sombra-01,2026-09-26T02:58:01.244Z,22.98,87.3,0
dosel-sombra-01,2026-09-26T02:57:16.233Z,23.06,86,0
dosel-sombra-01,2026-09-26T02:56:31.242Z,23.32,85.6,0
dosel-sombra-01,2026-09-26T02:55:46.243Z,23.46,85.3,0
dosel-sombra-01,2026-09-26T02:55:01.249Z,23.1,87,0
dosel-sombra-01,2026-09-26T02:54:16.24Z,23.1,84.4,0
dosel-sombra-01,2026-09-26T02:53:31.233Z,23.61,86.7,0
dosel-sombra-01,2026-09-26T02:52:46.239Z,23.27,86.5,0
dosel-sombra-01,2026-09-26T02:52:01.237Z,23.05,86.6,0
dosel-sombra-01,2026-09-26T02:51:16.242Z,23.04,85.9,0
dosel-sombra-01,2026-09-26T02:50:31.24Z,23.6,86.1,0
dosel-sombra-01,2026-09-26T02:49:46.227Z,23.66,84.4,0
dosel-sombra-01,2026-09-26T02:49:01.236Z,23,86.2,0
dosel-sombra-01,2026-09-26T02:48:16.23Z,23.57,86.2,0
dosel-sombra-01,2026-09-26T02:47:31.23Z,23.24,85.1,0
dosel-sombra-01,2026-09-26T02:46:46.231Z,23.43,85.9,0
dosel-sombra-01,2026-09-26T02:46:01.225Z,23.66,86.7,0
dosel-sombra-01,2026-09-26T02:45:16.232Z,23.22,86.7,0
dosel-sombra-01,2026-09-26T02:44:31.235Z,23.37,85.7,0
dosel-sombra-01,2026-09-26T02:43:46.237Z,23.11,84.5,0
dosel-sombra-01,2026-09-26T02:43:01.338Z,23.37,85.8,0
dosel-sombra-01,2026-09-26T02:42:15.81Z,23.83,85.9,0
dosel-sombra-01,2026-09-26T02:41:30.815Z,23.48,84.2,0
dosel-sombra-01,2026-09-26T02:40:45.803Z,23.86,84.1,0
dosel-sombra-01,2026-09-26T02:40:00.811Z,23.13,85.1,0
dosel-sombra-01,2026-09-26T02:39:15.822Z,23.52,84.3,0
dosel-sombra-01,2026-09-26T02:38:30.823Z,23.77,85.1,0
dosel-sombra-01,2026-09-26T02:37:45.801Z,23.31,84.5,0
dosel-sombra-01,2026-09-26T02:37:00.82Z,23.38,86,0
dosel-sombra-01,2026-09-26T02:36:15.808Z,23.42,84.3,0
dosel-sombra-01,2026-09-26T02:35:30.816Z,23.51,85.7,0
dosel-sombra-01,2026-09-26T02:34:45.807Z,23.93,84.5,0
dosel-sombra-01,2026-09-26T02:34:00.812Z,23.21,85.2,0
dosel-sombra-01,2026-09-26T02:33:15.812Z,23.51,83.8,0
dosel-sombra-01,2026-09-26T02:32:30.815Z,23.71,85.7,0
dosel-sombra-01,2026-09-26T02:31:45.816Z,23.6,85.3,0
dosel-sombra-01,2026-09-26T02:31:00.812Z,23.87,83.4,0
dosel-sombra-01,2026-09-26T02:30:15.821Z,23.93,85.1,0
dosel-sombra-01,2026-09-26T02:29:30.814Z,23.4,84.9,0
dosel-sombra-01,2026-09-26T02:28:45.804Z,23.83,83.2,0
dosel-sombra-01,2026-09-26T02:28:00.798Z,23.69,83.9,0
dosel-sombra-01,2026-09-26T02:27:15.807Z,23.48,83.1,0
dosel-sombra-01,2026-09-26T02:26:30.798Z,23.33,84.5,0
dosel-sombra-01,2026-09-26T02:25:45.804Z,23.64,84.5,0
dosel-sombra-01,2026-09-26T02:25:00.811Z,24.05,85.2,0
dosel-sombra-01,2026-09-26T02:24:15.814Z,23.98,83.3,0
dosel-sombra-01,2026-09-26T02:23:30.809Z,23.83,83.8,0
dosel-sombra-01,2026-09-26T02:22:45.813Z,23.63,85,0
dosel-sombra-01,2026-09-26T02:22:00.815Z,23.96,83.8,0
dosel-sombra-01,2026-09-26T02:21:15.807Z,24.05,83.2,0
dosel-sombra-01,2026-09-26T02:20:30.811Z,23.8,85.5,0
dosel-sombra-01,2026-09-26T02:19:45.802Z,23.7,82.6,0
dosel-sombra-01,2026-09-26T02:19:00.806Z,23.98,85,0
dosel-sombra-01,2026-09-26T02:18:15.805Z,24.08,82.5,0
dosel-sombra-01,2026-09-26T02:17:30.803Z,23.45,85.4,0
dosel-sombra-01,2026-09-26T02:16:45.809Z,24.03,84.9,0
dosel-sombra-01,2026-09-26T02:16:00.803Z,23.81,82.5,0
dosel-sombra-01,2026-09-26T02:15:15.795Z,23.81,84.6,0
dosel-sombra-01,2026-09-26T02:14:30.799Z,24.2,82.4,0
dosel-sombra-01,2026-09-26T02:13:45.792Z,23.96,83.7,0
dosel-sombra-01,2026-09-26T02:13:00.803Z,23.85,82.5,0
dosel-sombra-01,2026-09-26T02:12:15.793Z,24.04,85.1,0
dosel-sombra-01,2026-09-26T02:11:30.8Z,23.61,82.2,0
dosel-sombra-01,2026-09-26T02:10:45.801Z,23.7,83.4,0
dosel-sombra-01,2026-09-26T02:10:00.806Z,24.01,83.6,0
dosel-sombra-01,2026-09-26T02:09:15.782Z,23.61,82.3,0
dosel-sombra-01,2026-09-26T02:08:30.798Z,23.99,84,0
dosel-sombra-01,2026-09-26T02:07:45.803Z,24.31,83.9,0
dosel-sombra-01,2026-09-26T02:07:00.793Z,24.26,84.6,0
dosel-sombra-01,2026-09-26T02:06:15.794Z,23.61,84.2,0
dosel-sombra-01,2026-09-26T02:05:30.785Z,24.08,82.8,0
dosel-sombra-01,2026-09-26T02:04:45.777Z,24.1,82.6,0
dosel-sombra-01,2026-09-26T02:04:00.785Z,23.67,83.7,0
dosel-sombra-01,2026-09-26T02:03:15.796Z,24.27,82.6,0
dosel-sombra-01,2026-09-26T02:02:30.786Z,24.38,81.9,0
dosel-sombra-01,2026-09-26T02:01:45.792Z,24.05,82,0
dosel-sombra-01,2026-09-26T02:01:00.782Z,23.74,82.4,0
dosel-sombra-01,2026-09-26T02:00:15.788Z,24.14,82.2,0
dosel-sombra-01,2026-09-26T01:59:30.783Z,24.49,82.9,0
dosel-sombra-01,2026-09-26T01:58:45.791Z,24.13,84.1,0
dosel-sombra-01,2026-09-26T01:58:00.795Z,24.24,81.6,0
dosel-sombra-01,2026-09-26T01:57:15.784Z,24.23,81.7,0
dosel-sombra-01,2026-09-26T01:56:30.789Z,24.51,83.1,0
dosel-sombra-01,2026-09-26T01:55:45.778Z,24.02,81.9,0
dosel-sombra-01,2026-09-26T01:55:00.799Z,24.1,82,0
dosel-sombra-01,2026-09-26T01:54:15.791Z,23.96,82,0
dosel-sombra-01,2026-09-26T01:53:30.785Z,23.99,83.7,0
dosel-sombra-01,2026-09-26T01:52:45.867Z,24.22,82.1,0
dosel-sombra-01,2026-09-26T01:52:00.357Z,24.3,81.4,0
dosel-sombra-01,2026-09-26T01:51:15.363Z,23.89,83,0
dosel-sombra-01,2026-09-26T01:50:30.365Z,24.31,81.1,0
dosel-sombra-01,2026-09-26T01:49:45.355Z,23.86,83.3,0
dosel-sombra-01,2026-09-26T01:49:00.378Z,24.62,82.4,0
dosel-sombra-01,2026-09-26T01:48:15.355Z,23.97,82.9,0
dosel-sombra-01,2026-09-26T01:47:30.361Z,23.95,83.5,0
dosel-sombra-01,2026-09-26T01:46:45.351Z,24.39,82.5,0
dosel-sombra-01,2026-09-26T01:46:00.357Z,24.27,83.3,0
dosel-sombra-01,2026-09-26T01:45:15.364Z,24.15,82.3,0
dosel-sombra-01,2026-09-26T01:44:30.37Z,24.64,83.7,0
dosel-sombra-01,2026-09-26T01:43:45.349Z,24.54,81.4,0
dosel-sombra-01,2026-09-26T01:43:00.359Z,24.27,82,0
dosel-sombra-01,2026-09-26T01:42:15.372Z,24.64,83.2,0
dosel-sombra-01,2026-09-26T01:41:30.356Z,24.42,83.6,0
dosel-sombra-01,2026-09-26T01:40:45.367Z,24.64,83,0
dosel-sombra-01,2026-09-26T01:40:00.364Z,24.73,83.2,0
dosel-sombra-01,2026-09-26T01:39:15.357Z,24.63,82.6,0
dosel-sombra-01,2026-09-26T01:38:30.366Z,24.11,82.4,0
dosel-sombra-01,2026-09-26T01:37:45.358Z,24.3,83.4,0
dosel-sombra-01,2026-09-26T01:37:00.359Z,24.75,81.8,0
dosel-sombra-01,2026-09-26T01:36:15.368Z,24.14,82.8,0
dosel-sombra-01,2026-09-26T01:35:30.345Z,24.1,80.7,0
dosel-sombra-01,2026-09-26T01:34:45.361Z,24.14,82.7,0
dosel-sombra-01,2026-09-26T01:34:00.351Z,24.8,81.5,0
dosel-sombra-01,2026-09-26T01:33:15.365Z,24.47,82,0
dosel-sombra-01,2026-09-26T01:32:30.357Z,24.43,81.2,0
dosel-sombra-01,2026-09-26T01:31:45.35Z,24.84,80.2,0
dosel-sombra-01,2026-09-26T01:31:00.358Z,24.55,82,0
dosel-sombra-01,2026-09-26T01:30:15.362Z,24.76,82.3,0
dosel-sombra-01,2026-09-26T01:29:30.343Z,24.79,80.2,0
dosel-sombra-01,2026-09-26T01:28:45.356Z,24.85,81,0
dosel-sombra-01,2026-09-26T01:28:00.35Z,24.38,82.4,0
dosel-sombra-01,2026-09-26T01:27:15.352Z,24.71,82.7,0
dosel-sombra-01,2026-09-26T01:26:30.346Z,24.21,82.1,0
dosel-sombra-01,2026-09-26T01:25:45.352Z,24.52,80.1,0
dosel-sombra-01,2026-09-26T01:25:00.345Z,24.65,81.2,0
dosel-sombra-01,2026-09-26T01:24:15.349Z,25.01,81.5,0
dosel-sombra-01,2026-09-26T01:23:30.341Z,24.4,80.4,0
dosel-sombra-01,2026-09-26T01:22:45.345Z,24.79,80.3,0
dosel-sombra-01,2026-09-26T01:22:00.337Z,24.71,79.8,0
dosel-sombra-01,2026-09-26T01:21:15.343Z,24.76,79.7,0
dosel-sombra-01,2026-09-26T01:20:30.345Z,24.54,80,0
dosel-sombra-01,2026-09-26T01:19:45.353Z,24.83,79.8,0
dosel-sombra-01,2026-09-26T01:19:00.344Z,24.79,79.5,0
dosel-sombra-01,2026-09-26T01:18:15.34Z,24.89,82.2,0
dosel-sombra-01,2026-09-26T01:17:30.344Z,24.68,79.9,0
dosel-sombra-01,2026-09-26T01:16:45.335Z,24.63,80.7,0
dosel-sombra-01,2026-09-26T01:16:00.341Z,24.8,80.9,0
dosel-sombra-01,2026-09-26T01:15:15.351Z,24.86,82.3,0
dosel-sombra-01,2026-09-26T01:14:30.348Z,25.08,80.5,0
dosel-sombra-01,2026-09-26T01:13:45.336Z,24.63,79.7,0
dosel-sombra-01,2026-09-26T01:13:00.329Z,24.43,81.7,0
dosel-sombra-01,2026-09-26T01:12:15.337Z,24.87,81,0
dosel-sombra-01,2026-09-26T01:11:30.345Z,25.21,79.8,0
dosel-sombra-01,2026-09-26T01:10:45.335Z,25.01,79.4,0
dosel-sombra-01,2026-09-26T01:10:00.338Z,25.03,79.6,0
dosel-sombra-01,2026-09-26T01:09:15.346Z,24.89,79.1,0
dosel-sombra-01,2026-09-26T01:08:30.335Z,25.27,81.4,0
dosel-sombra-01,2026-09-26T01:07:45.339Z,24.97,80.2,0
dosel-sombra-01,2026-09-26T01:07:00.345Z,24.95,80.7,0
dosel-sombra-01,2026-09-26T01:06:15.333Z,24.64,79,0
dosel-sombra-01,2026-09-26T01:05:30.331Z,24.7,81.6,0
dosel-sombra-01,2026-09-26T01:04:45.335Z,24.83,81.5,0
dosel-sombra-01,2026-09-26T01:04:00.327Z,24.57,79,0
dosel-sombra-01,2026-09-26T01:03:15.339Z,25.34,81.3,0
dosel-sombra-01,2026-09-26T01:02:30.419Z,24.84,79.1,0
dosel-sombra-01,2026-09-26T01:01:44.904Z,24.61,81.3,0
dosel-sombra-01,2026-09-26T01:00:59.876Z,24.66,81.4,0
dosel-sombra-01,2026-09-26T01:00:14.883Z,25.22,80.9,0
dosel-sombra-01,2026-09-26T00:59:29.886Z,25.4,80.6,0
dosel-sombra-01,2026-09-26T00:58:44.875Z,24.82,80.6,0
dosel-sombra-01,2026-09-26T00:57:59.871Z,25.25,81,0
dosel-sombra-01,2026-09-26T00:57:14.886Z,25.34,79.6,0
dosel-sombra-01,2026-09-26T00:56:29.875Z,24.84,78.7,0
dosel-sombra-01,2026-09-26T00:55:44.88Z,25.41,79.8,0
dosel-sombra-01,2026-09-26T00:54:59.874Z,25.01,78.5,0
dosel-sombra-01,2026-09-26T00:54:14.88Z,25.27,78.2,0
dosel-sombra-01,2026-09-26T00:53:29.872Z,25.38,80,0
dosel-sombra-01,2026-09-26T00:52:44.878Z,25,78.2,0
dosel-sombra-01,2026-09-26T00:51:59.882Z,25.49,80.8,0
dosel-sombra-01,2026-09-26T00:51:14.871Z,25.26,78.1,0
dosel-sombra-01,2026-09-26T00:50:29.874Z,25.33,80.1,0
dosel-sombra-01,2026-09-26T00:49:44.866Z,24.87,78.1,0
dosel-sombra-01,2026-09-26T00:48:59.872Z,25.22,79.6,0
dosel-sombra-01,2026-09-26T00:48:14.866Z,25.23,79.9,0
dosel-sombra-01,2026-09-26T00:47:29.865Z,25.04,79.7,0
dosel-sombra-01,2026-09-26T00:46:44.87Z,24.84,79.4,0
dosel-sombra-01,2026-09-26T00:45:59.859Z,25.58,77.9,0
dosel-sombra-01,2026-09-26T00:45:14.864Z,25.6,80,0
dosel-sombra-01,2026-09-26T00:44:29.874Z,25.41,78.7,0
dosel-sombra-01,2026-09-26T00:43:44.854Z,25.31,78.4,0
dosel-sombra-01,2026-09-26T00:42:59.879Z,25.19,79.2,0
dosel-sombra-01,2026-09-26T00:42:14.868Z,25.08,80.3,0
dosel-sombra-01,2026-09-26T00:41:29.876Z,25.62,77.6,0
dosel-sombra-01,2026-09-26T00:40:44.853Z,25.35,79.6,0
dosel-sombra-01,2026-09-26T00:39:59.876Z,25.5,78.3,0
dosel-sombra-01,2026-09-26T00:39:14.869Z,24.95,79.6,0
dosel-sombra-01,2026-09-26T00:38:29.869Z,25.04,79.4,0
dosel-sombra-01,2026-09-26T00:37:44.857Z,24.95,79.9,0
dosel-sombra-01,2026-09-26T00:36:59.86Z,25.67,78.5,0
dosel-sombra-01,2026-09-26T00:36:14.867Z,25.07,77.6,0
dosel-sombra-01,2026-09-26T00:35:29.861Z,25.5,77.6,0
dosel-sombra-01,2026-09-26T00:34:44.866Z,25.27,77.9,0
dosel-sombra-01,2026-09-26T00:33:59.858Z,25.43,78.9,0
dosel-sombra-01,2026-09-26T00:33:14.85Z,25.27,79,0
dosel-sombra-01,2026-09-26T00:32:29.87Z,25.15,79.2,0
dosel-sombra-01,2026-09-26T00:31:44.871Z,25.46,78.2,0
dosel-sombra-01,2026-09-26T00:30:59.86Z,25.78,78.4,0
dosel-sombra-01,2026-09-26T00:30:14.853Z,25.3,78.4,0
dosel-sombra-01,2026-09-26T00:29:29.845Z,25.65,78.6,0
dosel-sombra-01,2026-09-26T00:28:44.851Z,25.88,79.1,0
dosel-sombra-01,2026-09-26T00:27:59.847Z,25.76,79,0
dosel-sombra-01,2026-09-26T00:27:14.853Z,25.25,78.8,0
dosel-sombra-01,2026-09-26T00:26:29.855Z,25.47,79,0
dosel-sombra-01,2026-09-26T00:25:44.859Z,25.65,79.5,0
dosel-sombra-01,2026-09-26T00:24:59.851Z,25.5,78.9,0
dosel-sombra-01,2026-09-26T00:24:14.854Z,25.36,78.2,0
dosel-sombra-01,2026-09-26T00:23:29.858Z,25.53,79,0
dosel-sombra-01,2026-09-26T00:22:44.849Z,25.51,77.8,0
dosel-sombra-01,2026-09-26T00:21:59.851Z,25.22,78.5,0
dosel-sombra-01,2026-09-26T00:21:14.845Z,25.26,77,0
dosel-sombra-01,2026-09-26T00:20:29.853Z,25.22,78.2,0
dosel-sombra-01,2026-09-26T00:19:44.847Z,25.91,77.8,0
dosel-sombra-01,2026-09-26T00:18:59.847Z,25.39,79.1,0
dosel-sombra-01,2026-09-26T00:18:14.84Z,25.43,76.9,0
dosel-sombra-01,2026-09-26T00:17:29.844Z,25.89,78,0
dosel-sombra-01,2026-09-26T00:16:44.848Z,25.65,79,0
dosel-sombra-01,2026-09-26T00:15:59.855Z,25.46,78.2,0
dosel-sombra-01,2026-09-26T00:15:14.845Z,25.58,78.5,0
dosel-sombra-01,2026-09-26T00:14:29.852Z,25.87,77.9,0
dosel-sombra-01,2026-09-26T00:13:44.841Z,25.8,77.5,0
dosel-sombra-01,2026-09-26T00:12:59.844Z,25.54,78.5,0
dosel-sombra-01,2026-09-26T00:12:14.958Z,25.77,78.3,0
dosel-sombra-01,2026-09-26T00:11:29.418Z,25.89,76.3,0
dosel-sombra-01,2026-09-26T00:10:44.41Z,25.81,77,0
dosel-sombra-01,2026-09-26T00:09:59.399Z,25.71,76.9,0
dosel-sombra-01,2026-09-26T00:09:14.406Z,25.7,78.3,0
dosel-sombra-01,2026-09-26T00:08:29.401Z,25.45,77.4,0
dosel-sombra-01,2026-09-26T00:07:44.408Z,26.07,77.1,0
dosel-sombra-01,2026-09-26T00:06:59.397Z,25.95,76.5,0
dosel-sombra-01,2026-09-26T00:06:14.402Z,25.42,76,0
dosel-sombra-01,2026-09-26T00:05:29.408Z,26.13,77.6,0
dosel-sombra-01,2026-09-26T00:04:44.402Z,25.52,76.3,0
dosel-sombra-01,2026-09-26T00:03:59.405Z,25.95,75.9,0
dosel-sombra-01,2026-09-26T00:03:14.408Z,25.86,76.4,0
dosel-sombra-01,2026-09-26T00:02:29.398Z,25.52,76.3,0
dosel-sombra-01,2026-09-26T00:01:44.391Z,25.58,76.5,0
dosel-sombra-01,2026-09-26T00:00:59.408Z,26.19,77.4,0
dosel-sombra-01,2026-09-26T00:00:14.414Z,26.06,75.6,0
dosel-sombra-01,2026-09-25T23:59:29.391Z,25.83,75.7,0
dosel-sombra-01,2026-09-25T23:58:44.399Z,25.77,77.6,0
dosel-sombra-01,2026-09-25T23:57:59.393Z,26.09,76.6,0
dosel-sombra-01,2026-09-25T23:57:14.392Z,25.84,77.2,0
dosel-sombra-01,2026-09-25T23:56:29.399Z,26.18,77,0
dosel-sombra-01,2026-09-25T23:55:44.403Z,26.33,75.5,0
dosel-sombra-01,2026-09-25T23:54:59.396Z,26.37,77.4,0
dosel-sombra-01,2026-09-25T23:54:14.4Z,25.98,77.2,0
dosel-sombra-01,2026-09-25T23:53:29.404Z,25.84,77.1,0
dosel-sombra-01,2026-09-25T23:52:44.394Z,26.14,76.8,0
dosel-sombra-01,2026-09-25T23:51:59.397Z,26.03,77.2,0
dosel-sombra-01,2026-09-25T23:51:14.403Z,25.92,76.7,0
dosel-sombra-01,2026-09-25T23:50:29.409Z,26.4,77.7,0
dosel-sombra-01,2026-09-25T23:49:44.398Z,25.95,74.9,0
dosel-sombra-01,2026-09-25T23:48:59.405Z,25.96,77.3,0
dosel-sombra-01,2026-09-25T23:48:14.396Z,26.24,76.7,0
dosel-sombra-01,2026-09-25T23:47:29.398Z,26.11,75.3,0
dosel-sombra-01,2026-09-25T23:46:44.401Z,25.79,76,0
dosel-sombra-01,2026-09-25T23:45:59.39Z,26.04,75.3,0
dosel-sombra-01,2026-09-25T23:45:14.397Z,26.48,76.2,0
dosel-sombra-01,2026-09-25T23:44:29.399Z,26.36,76.5,0
dosel-sombra-01,2026-09-25T23:43:44.387Z,25.9,76.2,0
dosel-sombra-01,2026-09-25T23:42:59.385Z,26.28,74.5,0
dosel-sombra-01,2026-09-25T23:42:14.396Z,26.11,76.6,0
dosel-sombra-01,2026-09-25T23:41:29.389Z,26.46,77.2,0
dosel-sombra-01,2026-09-25T23:40:44.375Z,26.16,77.3,0
dosel-sombra-01,2026-09-25T23:39:59.392Z,26.24,76.7,0
dosel-sombra-01,2026-09-25T23:39:14.379Z,26.16,76.5,0
dosel-sombra-01,2026-09-25T23:38:29.393Z,26.1,76,0
dosel-sombra-01,2026-09-25T23:37:44.394Z,26.41,75,0
dosel-sombra-01,2026-09-25T23:36:59.385Z,26.34,76.8,0
dosel-sombra-01,2026-09-25T23:36:14.396Z,26.35,74.8,0
dosel-sombra-01,2026-09-25T23:35:29.383Z,26.06,76.5,0
dosel-sombra-01,2026-09-25T23:34:44.375Z,26.39,77,0
dosel-sombra-01,2026-09-25T23:33:59.384Z,26.13,74.7,0
dosel-sombra-01,2026-09-25T23:33:14.377Z,25.98,74.2,0
dosel-sombra-01,2026-09-25T23:32:29.382Z,26.58,76.8,0
dosel-sombra-01,2026-09-25T23:31:44.374Z,26.63,76.2,0
dosel-sombra-01,2026-09-25T23:30:59.366Z,26.58,75.5,0
dosel-sombra-01,2026-09-25T23:30:14.372Z,26.2,74,0
dosel-sombra-01,2026-09-25T23:29:29.374Z,26.45,74.7,0
dosel-sombra-01,2026-09-25T23:28:44.377Z,26.52,76.6,0
dosel-sombra-01,2026-09-25T23:27:59.389Z,26.36,76.1,0
dosel-sombra-01,2026-09-25T23:27:14.389Z,26.24,74.2,0
dosel-sombra-01,2026-09-25T23:26:29.379Z,26.7,74.2,0
dosel-sombra-01,2026-09-25T23:25:44.384Z,26.53,74.7,0
dosel-sombra-01,2026-09-25T23:24:59.391Z,26.5,76,0
dosel-sombra-01,2026-09-25T23:24:14.385Z,26.73,76.1,0
dosel-sombra-01,2026-09-25T23:23:29.379Z,26.61,74.8,0
dosel-sombra-01,2026-09-25T23:22:44.371Z,26.33,75.6,0
dosel-sombra-01,2026-09-25T23:21:59.447Z,26.53,74.6,0
dosel-sombra-01,2026-09-25T23:21:13.946Z,26.5,76,0
dosel-sombra-01,2026-09-25T23:20:28.927Z,26.2,74.2,0
dosel-sombra-01,2026-09-25T23:19:43.947Z,26.63,74,0
dosel-sombra-01,2026-09-25T23:18:58.946Z,26.67,74.4,0
dosel-sombra-01,2026-09-25T23:18:13.926Z,26.75,74.3,0
dosel-sombra-01,2026-09-25T23:17:28.935Z,26.85,76,0
dosel-sombra-01,2026-09-25T23:16:43.936Z,26.65,75.8,0
dosel-sombra-01,2026-09-25T23:15:58.944Z,26.7,75.5,0
dosel-sombra-01,2026-09-25T23:15:13.931Z,26.64,73.8,0
dosel-sombra-01,2026-09-25T23:14:28.936Z,26.34,73.4,0
dosel-sombra-01,2026-09-25T23:13:43.926Z,26.76,75.6,0
dosel-sombra-01,2026-09-25T23:12:58.924Z,26.49,73.4,0
dosel-sombra-01,2026-09-25T23:12:13.928Z,26.73,74.1,0
dosel-sombra-01,2026-09-25T23:11:28.928Z,26.87,73.9,0
dosel-sombra-01,2026-09-25T23:10:43.923Z,26.35,75.7,0
dosel-sombra-01,2026-09-25T23:09:58.921Z,26.32,73.2,0
dosel-sombra-01,2026-09-25T23:09:13.93Z,26.79,74.9,0
dosel-sombra-01,2026-09-25T23:08:28.92Z,26.69,72.9,0
dosel-sombra-01,2026-09-25T23:07:43.922Z,26.74,73.4,0
dosel-sombra-01,2026-09-25T23:06:58.927Z,26.65,74.2,0
dosel-sombra-01,2026-09-25T23:06:13.936Z,27.04,74.2,0
dosel-sombra-01,2026-09-25T23:05:28.936Z,26.59,75.1,0
dosel-sombra-01,2026-09-25T23:04:43.927Z,26.56,73.9,0
dosel-sombra-01,2026-09-25T23:03:58.936Z,26.73,73.1,0
dosel-sombra-01,2026-09-25T23:03:13.915Z,26.39,74.5,0
dosel-sombra-01,2026-09-25T23:02:28.913Z,26.4,74.8,0
dosel-sombra-01,2026-09-25T23:01:43.919Z,26.43,74.5,0
dosel-sombra-01,2026-09-25T23:00:58.925Z,26.55,73.2,0
dosel-sombra-01,2026-09-25T23:00:13.916Z,26.74,73,0
dosel-sombra-01,2026-09-25T22:59:28.921Z,26.83,73.7,34.8
dosel-sombra-01,2026-09-25T22:58:43.925Z,26.51,72.7,55.8
dosel-sombra-01,2026-09-25T22:57:58.92Z,26.6,72.6,109.7
dosel-sombra-01,2026-09-25T22:57:13.926Z,26.49,72.9,87.5
dosel-sombra-01,2026-09-25T22:56:28.921Z,26.72,73.9,123.5
dosel-sombra-01,2026-09-25T22:55:43.907Z,26.64,73.2,190.6
dosel-sombra-01,2026-09-25T22:54:58.916Z,26.6,73.1,175.5
dosel-sombra-01,2026-09-25T22:54:13.922Z,27.13,74.5,181.2
dosel-sombra-01,2026-09-25T22:53:28.933Z,26.5,74.2,223.6
dosel-sombra-01,2026-09-25T22:52:43.924Z,26.79,74.4,304.6
dosel-sombra-01,2026-09-25T22:51:58.914Z,26.93,73.1,253.4
dosel-sombra-01,2026-09-25T22:51:13.919Z,26.65,74.1,267.3
dosel-sombra-01,2026-09-25T22:50:28.922Z,26.99,72.8,352.8
dosel-sombra-01,2026-09-25T22:49:43.923Z,27,73.7,336.6
dosel-sombra-01,2026-09-25T22:48:58.917Z,26.54,74.6,361
dosel-sombra-01,2026-09-25T22:48:13.911Z,26.55,72.1,331.3
dosel-sombra-01,2026-09-25T22:47:28.909Z,27.23,72.7,491.1
dosel-sombra-01,2026-09-25T22:46:43.913Z,26.66,73.8,431.2
dosel-sombra-01,2026-09-25T22:45:58.919Z,27.13,73.4,541.6
dosel-sombra-01,2026-09-25T22:45:13.912Z,27.02,72.3,555.8
dosel-sombra-01,2026-09-25T22:44:28.922Z,27.18,72.2,562
dosel-sombra-01,2026-09-25T22:43:43.914Z,27.11,72.8,558.5
dosel-sombra-01,2026-09-25T22:42:58.912Z,27.33,72.3,615.1
dosel-sombra-01,2026-09-25T22:42:13.917Z,27.33,73.9,511.8
dosel-sombra-01,2026-09-25T22:41:28.918Z,27.26,72.1,540.2
dosel-sombra-01,2026-09-25T22:40:43.921Z,26.67,72,651.6
dosel-sombra-01,2026-09-25T22:39:58.923Z,27.23,72.6,583.3
dosel-sombra-01,2026-09-25T22:39:13.898Z,27.39,73.1,659.5
dosel-sombra-01,2026-09-25T22:38:28.908Z,27.22,74.2,771
dosel-sombra-01,2026-09-25T22:37:43.915Z,27.35,72.4,783.9
dosel-sombra-01,2026-09-25T22:36:58.91Z,27.18,72.8,920.1
dosel-sombra-01,2026-09-25T22:36:13.905Z,27.2,73.1,683.4
dosel-sombra-01,2026-09-25T22:35:28.91Z,27.36,74.4,719.2
dosel-sombra-01,2026-09-25T22:34:43.917Z,26.7,72.9,775.2
dosel-sombra-01,2026-09-25T22:33:58.903Z,27,73.7,779.2
dosel-sombra-01,2026-09-25T22:33:13.915Z,27.36,73.3,840.4
dosel-sombra-01,2026-09-25T22:32:28.915Z,27.3,73.2,927.7
dosel-sombra-01,2026-09-25T22:31:43.985Z,27.41,73,864.3
dosel-sombra-01,2026-09-27T14:49:19.528Z,26.96,75.9,6468.4
dosel-sombra-01,2026-09-27T14:50:04.52Z,26.42,75.8,7425.3
dosel-sombra-01,2026-09-27T15:19:19.969Z,26.8,71.9,5788.8
dosel-sombra-01,2026-09-27T15:20:04.979Z,27.02,72.4,6598
dosel-sombra-01,2026-09-27T14:59:04.545Z,27.01,73.2,7607.1
dosel-sombra-01,2026-09-25T21:50:58.459Z,27.73,72.4,1921.3
dosel-sombra-01,2026-09-25T21:50:13.452Z,27.78,70.7,2252.7
dosel-sombra-01,2026-09-25T21:49:28.459Z,27.53,71.7,2550.1
dosel-sombra-01,2026-09-25T21:48:43.452Z,27.99,70.8,2676.2
dosel-sombra-01,2026-09-25T21:47:58.447Z,27.24,71.1,2020.8
dosel-sombra-01,2026-09-25T21:47:13.449Z,27.7,70.1,2525.3
dosel-sombra-01,2026-09-25T21:46:28.455Z,27.23,69.9,2035.5
dosel-sombra-01,2026-09-25T21:45:43.442Z,27.95,70.8,2590.6
dosel-sombra-01,2026-09-25T21:44:58.447Z,27.95,71.8,2270.8
dosel-sombra-01,2026-09-25T21:44:13.451Z,27.68,70.4,2319.7
dosel-sombra-01,2026-09-25T21:43:28.442Z,27.28,69.7,2129.6
dosel-sombra-01,2026-09-25T21:42:43.448Z,27.8,70.3,2352.6
dosel-sombra-01,2026-09-25T21:41:58.439Z,27.82,70.4,2628.2
dosel-sombra-01,2026-09-25T21:41:13.447Z,27.67,71.2,2634.9
dosel-sombra-01,2026-09-25T21:40:28.438Z,27.3,71.2,2304
dosel-sombra-01,2026-09-25T21:39:43.444Z,27.94,72.1,2701
dosel-sombra-01,2026-09-25T21:38:58.436Z,28.06,70.4,2781.3
dosel-sombra-01,2026-09-25T21:38:13.442Z,27.63,69.3,2608.9
dosel-sombra-01,2026-09-25T21:37:28.445Z,27.7,70.8,3004.8
dosel-sombra-01,2026-09-25T21:36:43.449Z,28.09,72.1,3127.5
dosel-sombra-01,2026-09-25T21:35:58.444Z,28.08,70.8,2788.4
dosel-sombra-01,2026-09-25T21:35:13.438Z,27.39,70.1,3139.3
dosel-sombra-01,2026-09-25T21:34:28.431Z,27.79,69.6,2753.3
dosel-sombra-01,2026-09-25T21:33:43.44Z,27.94,71.4,2445.2
dosel-sombra-01,2026-09-25T21:32:58.449Z,27.79,71,2858.2
dosel-sombra-01,2026-09-25T21:32:13.44Z,28,71.6,2555.3
dosel-sombra-01,2026-09-25T21:31:28.446Z,27.74,69.7,2723.6
dosel-sombra-01,2026-09-25T21:30:43.438Z,27.87,70.5,3019
dosel-sombra-01,2026-09-25T21:29:58.429Z,27.69,70.2,2693.6
dosel-sombra-01,2026-09-25T21:29:13.436Z,27.61,71.3,3396.7
dosel-sombra-01,2026-09-25T21:28:28.441Z,27.58,70.6,2879.3
dosel-sombra-01,2026-09-25T21:27:43.433Z,27.88,70.3,2982.1
dosel-sombra-01,2026-09-25T21:26:58.437Z,27.85,70.5,3157.6
dosel-sombra-01,2026-09-25T21:26:13.448Z,27.58,69.5,2936.5
dosel-sombra-01,2026-09-25T21:25:28.424Z,27.82,70.7,3003.1
dosel-sombra-01,2026-09-25T21:24:43.425Z,27.63,70.6,3025.1
dosel-sombra-01,2026-09-25T21:23:58.431Z,27.56,69.9,2919.1
dosel-sombra-01,2026-09-25T21:23:13.424Z,27.91,71.6,3441.5
dosel-sombra-01,2026-09-25T21:22:28.429Z,27.73,68.9,3054.7
dosel-sombra-01,2026-09-25T21:21:43.435Z,27.53,70.2,3061.8
dosel-sombra-01,2026-09-25T21:20:58.424Z,27.7,70.7,3443.5
dosel-sombra-01,2026-09-25T21:20:13.429Z,27.47,69.5,3651.4
dosel-sombra-01,2026-09-25T21:19:28.432Z,27.52,69.2,3716.1
dosel-sombra-01,2026-09-25T21:18:43.422Z,27.81,69.1,3169.1
dosel-sombra-01,2026-09-25T21:17:58.44Z,28.17,68.8,3479.8
dosel-sombra-01,2026-09-25T21:17:13.431Z,27.76,69.5,3472.2
dosel-sombra-01,2026-09-25T21:16:28.436Z,28.29,70.2,3689.6
dosel-sombra-01,2026-09-25T21:15:43.426Z,27.66,71.3,3083.3
dosel-sombra-01,2026-09-25T21:14:58.429Z,28.05,70.4,3384.7
dosel-sombra-01,2026-09-25T21:14:13.417Z,28.07,69.6,3604
dosel-sombra-01,2026-09-25T21:13:28.427Z,28.27,69.9,3556
dosel-sombra-01,2026-09-25T21:12:43.418Z,27.78,68.6,3738.2
dosel-sombra-01,2026-09-25T21:11:58.422Z,28,69.5,3008.9
dosel-sombra-01,2026-09-25T21:11:13.413Z,28.25,69,3288.2
dosel-sombra-01,2026-09-25T21:10:28.436Z,27.87,69.9,3642.9
dosel-sombra-01,2026-09-25T21:09:43.425Z,27.92,70,3654.4
dosel-sombra-01,2026-09-25T21:08:58.416Z,28.23,70.5,3941.2
dosel-sombra-01,2026-09-25T21:08:13.422Z,28,71.2,3578
dosel-sombra-01,2026-09-25T21:07:28.409Z,27.69,68.4,4084.4
dosel-sombra-01,2026-09-25T21:06:43.424Z,28.27,69.9,3248.5
dosel-sombra-01,2026-09-25T21:05:58.424Z,27.64,70.1,3866.7
dosel-sombra-01,2026-09-25T21:05:13.423Z,27.72,70.7,3500.9
dosel-sombra-01,2026-09-25T21:04:28.415Z,28.33,70,4007.8
dosel-sombra-01,2026-09-25T21:03:43.421Z,28.3,69.1,3537.2
dosel-sombra-01,2026-09-25T21:02:58.494Z,28.3,68.3,3654.2
dosel-sombra-01,2026-09-25T21:02:12.999Z,27.95,70,4000.6
dosel-sombra-01,2026-09-25T21:01:27.993Z,27.89,70.2,3347.8
dosel-sombra-01,2026-09-25T21:00:42.997Z,28.41,69,3345.7
dosel-sombra-01,2026-09-25T20:59:57.995Z,27.98,69.6,4002.2
dosel-sombra-01,2026-09-25T20:59:13.002Z,27.79,70.8,3406
dosel-sombra-01,2026-09-25T20:58:27.995Z,28.04,69.3,4531.7
dosel-sombra-01,2026-09-25T20:57:42.998Z,28.32,69.6,4212.8
dosel-sombra-01,2026-09-25T20:56:57.985Z,28.39,70.8,4210.3
dosel-sombra-01,2026-09-25T20:56:12.997Z,28.06,70.4,3292
dosel-sombra-01,2026-09-25T20:55:27.998Z,28.26,70.4,3865.6
dosel-sombra-01,2026-09-25T20:54:42.988Z,28.44,69.7,4611.1
dosel-sombra-01,2026-09-25T20:53:57.99Z,28.32,69.1,4722.7
dosel-sombra-01,2026-09-25T20:53:12.986Z,27.83,69.8,4486.9
dosel-sombra-01,2026-09-25T20:52:27.994Z,28.05,68.5,4585
dosel-sombra-01,2026-09-25T20:51:42.983Z,28.33,68.5,4252.3
dosel-sombra-01,2026-09-25T20:50:57.991Z,27.96,70.4,3861.1
dosel-sombra-01,2026-09-25T20:50:12.997Z,27.74,69,3883.3
dosel-sombra-01,2026-09-25T20:49:27.993Z,28.31,70.1,4765.3
dosel-sombra-01,2026-09-25T20:48:42.985Z,27.88,69.5,3975.1
dosel-sombra-01,2026-09-25T20:47:57.989Z,28.49,69.8,3707.5
dosel-sombra-01,2026-09-25T20:47:12.993Z,28.31,68.5,4764.7
dosel-sombra-01,2026-09-25T20:46:27.989Z,28.2,69.5,3828.8
dosel-sombra-01,2026-09-25T20:45:42.991Z,28.08,68.8,4447.6
dosel-sombra-01,2026-09-25T20:44:57.983Z,28.43,68.6,3759.3
dosel-sombra-01,2026-09-25T20:44:12.975Z,27.79,68.4,3913.4
dosel-sombra-01,2026-09-25T20:43:27.984Z,27.99,68.3,4363.6
dosel-sombra-01,2026-09-25T20:42:42.97Z,28.33,69.9,4456.2
dosel-sombra-01,2026-09-25T20:41:57.991Z,27.83,67.7,4646.4
dosel-sombra-01,2026-09-25T20:41:12.969Z,27.83,68.5,5030.8
dosel-sombra-01,2026-09-25T20:40:27.975Z,28.1,68.5,4519.7
dosel-sombra-01,2026-09-25T20:39:42.982Z,27.78,68.6,4079.3
dosel-sombra-01,2026-09-25T20:38:57.989Z,27.84,69.9,4282.1
dosel-sombra-01,2026-09-25T20:38:12.98Z,27.85,69.1,3742.7
dosel-sombra-01,2026-09-25T20:37:27.98Z,28.13,69.5,4637
dosel-sombra-01,2026-09-25T20:36:42.989Z,28.11,68.6,4804.6
dosel-sombra-01,2026-09-25T20:35:57.982Z,28.21,69.5,3877.5
dosel-sombra-01,2026-09-25T20:35:12.993Z,28.35,70.5,5232.2
dosel-sombra-01,2026-09-25T20:34:27.967Z,28.53,69.2,4939
dosel-sombra-01,2026-09-25T20:33:42.981Z,28.31,68.7,3833.3
dosel-sombra-01,2026-09-25T20:32:57.983Z,27.86,69.3,3874.4
dosel-sombra-01,2026-09-25T20:32:12.977Z,28.45,69.3,4778.4
dosel-sombra-01,2026-09-25T20:31:27.983Z,28.16,70,4380.6
dosel-sombra-01,2026-09-25T20:30:42.972Z,28.26,70.4,4848.2
dosel-sombra-01,2026-09-25T20:29:57.976Z,28.53,69.3,5194.3
dosel-sombra-01,2026-09-25T20:29:12.983Z,28.08,68.3,5360.1
dosel-sombra-01,2026-09-25T20:28:27.976Z,28.18,69,4218.2
dosel-sombra-01,2026-09-25T20:27:42.966Z,28.16,69,4331.1
dosel-sombra-01,2026-09-25T20:26:57.967Z,28.52,68.2,4357.7
dosel-sombra-01,2026-09-25T20:26:12.96Z,28.61,70,5345.2
dosel-sombra-01,2026-09-25T20:25:27.968Z,28.19,69.4,4139.4
dosel-sombra-01,2026-09-25T20:24:42.965Z,28.66,69.5,3971.7
dosel-sombra-01,2026-09-25T20:23:57.969Z,28.03,69.7,4739.5
dosel-sombra-01,2026-09-25T20:23:12.971Z,28.35,69,4804.6
dosel-sombra-01,2026-09-25T20:22:27.96Z,28.43,67.8,4984.1
dosel-sombra-01,2026-09-25T20:21:42.963Z,28.14,69.6,4813.3
dosel-sombra-01,2026-09-25T20:20:57.968Z,28.55,70.2,4077.9
dosel-sombra-01,2026-09-25T20:20:12.969Z,27.96,69,5058.4
dosel-sombra-01,2026-09-25T20:19:27.976Z,28.56,69.8,4300.6
dosel-sombra-01,2026-09-25T20:18:42.98Z,27.94,69.1,4289.4
dosel-sombra-01,2026-09-25T20:17:57.975Z,28.15,69.2,4384.2
dosel-sombra-01,2026-09-25T20:17:12.962Z,28.67,67.3,4292.5
dosel-sombra-01,2026-09-25T20:16:27.959Z,28.09,69.3,5439.9
dosel-sombra-01,2026-09-25T20:15:42.968Z,28.43,68.4,5056.7
dosel-sombra-01,2026-09-25T20:14:57.958Z,28.44,69.1,4376.9
dosel-sombra-01,2026-09-25T20:14:12.966Z,28.66,68.4,5885.6
dosel-sombra-01,2026-09-25T20:13:27.961Z,28.26,68.9,5873.8
dosel-sombra-01,2026-09-25T20:12:43.017Z,28.02,69.1,4716.7
dosel-sombra-01,2026-09-25T20:11:57.534Z,28.51,67.5,4601.7
dosel-sombra-01,2026-09-25T20:11:12.528Z,28.43,67.8,5793.7
dosel-sombra-01,2026-09-25T20:10:27.533Z,28.64,67.8,4264
dosel-sombra-01,2026-09-25T20:09:42.527Z,28.23,69.8,5160.3
dosel-sombra-01,2026-09-25T20:08:57.517Z,28.07,67.3,4784.6
dosel-sombra-01,2026-09-25T20:08:12.529Z,28.35,67.2,4413.1
dosel-sombra-01,2026-09-25T20:07:27.515Z,28.64,69.4,4759.1
dosel-sombra-01,2026-09-25T20:06:42.533Z,28.56,69.2,4895.4
dosel-sombra-01,2026-09-25T20:05:57.522Z,28.42,68.6,5309
dosel-sombra-01,2026-09-25T20:05:12.528Z,28.35,68.6,5514.6
dosel-sombra-01,2026-09-25T20:04:27.519Z,28.44,67.1,4970
dosel-sombra-01,2026-09-25T20:03:42.523Z,28.07,69.6,4947.5
dosel-sombra-01,2026-09-25T20:02:57.516Z,28.18,68.9,4617.8
dosel-sombra-01,2026-09-25T20:02:12.52Z,28.13,67.9,4660.3
dosel-sombra-01,2026-09-25T20:01:27.514Z,28.3,67.5,4679.5
dosel-sombra-01,2026-09-25T20:00:42.517Z,28.77,66.9,5464.9
dosel-sombra-01,2026-09-25T19:59:57.509Z,28.29,67.9,5169.8
dosel-sombra-01,2026-09-25T19:59:12.517Z,28.65,68.7,5889.1
dosel-sombra-01,2026-09-25T19:58:27.522Z,28.49,69.8,5755.8
dosel-sombra-01,2026-09-25T19:57:42.525Z,28.22,67.2,5847.8
dosel-sombra-01,2026-09-25T19:56:57.502Z,28.07,68.6,6226
dosel-sombra-01,2026-09-25T19:56:12.509Z,28.08,69.6,5664.7
dosel-sombra-01,2026-09-25T19:55:27.513Z,28.59,66.9,5878.2
dosel-sombra-01,2026-09-25T19:54:42.501Z,28.74,69,6202.7
dosel-sombra-01,2026-09-25T19:53:57.508Z,28.77,67.2,4997.2
dosel-sombra-01,2026-09-25T19:53:12.52Z,28.19,68.2,5523.9
dosel-sombra-01,2026-09-25T19:52:27.51Z,28.75,68.3,4817
dosel-sombra-01,2026-09-25T19:51:42.513Z,28.41,67.5,5019
dosel-sombra-01,2026-09-25T19:50:57.501Z,28.22,68.5,6162.9
dosel-sombra-01,2026-09-25T19:50:12.511Z,28.31,67.6,4801.9
dosel-sombra-01,2026-09-25T19:49:27.503Z,28.73,67.6,6119.1
dosel-sombra-01,2026-09-25T19:48:42.495Z,28.07,68.5,6597.8
dosel-sombra-01,2026-09-25T19:47:57.502Z,28.28,68.2,5840.8
dosel-sombra-01,2026-09-25T19:47:12.517Z,28.08,66.9,5834.9
dosel-sombra-01,2026-09-25T19:46:27.512Z,28.24,67.7,6053.2
dosel-sombra-01,2026-09-25T19:45:42.504Z,28.82,68.9,5521
dosel-sombra-01,2026-09-25T19:44:57.496Z,28.45,67.2,5189.6
dosel-sombra-01,2026-09-25T19:44:12.517Z,28.28,69.4,6028.7
dosel-sombra-01,2026-09-25T19:43:27.497Z,28.5,66.8,5668.8
dosel-sombra-01,2026-09-25T19:42:42.504Z,28.55,66.7,6171.4
dosel-sombra-01,2026-09-25T19:41:57.495Z,28.2,67.1,6134.5
dosel-sombra-01,2026-09-25T19:41:12.495Z,28.77,67.2,6076.9
dosel-sombra-01,2026-09-25T19:40:27.499Z,28.07,67.9,5243.1
dosel-sombra-01,2026-09-25T19:39:42.507Z,28.74,67.1,5916
dosel-sombra-01,2026-09-25T19:38:57.5Z,28.35,68.6,5390.2
dosel-sombra-01,2026-09-25T19:38:12.512Z,28.54,68.9,5252.4
dosel-sombra-01,2026-09-25T19:37:27.488Z,28.06,67.1,5128.5
dosel-sombra-01,2026-09-25T19:36:42.498Z,28.18,69.4,5601.9
dosel-sombra-01,2026-09-25T19:35:57.502Z,28.27,69.4,6351.8
dosel-sombra-01,2026-09-25T19:35:12.493Z,28.41,68.6,6381.3
dosel-sombra-01,2026-09-25T19:34:27.503Z,28.24,67.6,6510.3
dosel-sombra-01,2026-09-25T19:33:42.51Z,28.36,69.2,5386.9
dosel-sombra-01,2026-09-25T19:32:57.481Z,28.85,69.1,5396.7
dosel-sombra-01,2026-09-25T19:32:12.485Z,28.86,68.2,5746
dosel-sombra-01,2026-09-25T19:31:27.539Z,28.62,69,6677.1
dosel-sombra-01,2026-09-25T19:30:42.486Z,28.36,67.9,5606.7
dosel-sombra-01,2026-09-25T19:29:57.486Z,28.36,69.5,6057.1
dosel-sombra-01,2026-09-25T19:29:12.494Z,28.66,67.4,6519.2
dosel-sombra-01,2026-09-25T19:28:27.489Z,28.08,67.6,5628.6
dosel-sombra-01,2026-09-25T19:27:42.494Z,28.75,66.8,7181.4
dosel-sombra-01,2026-09-25T19:26:57.499Z,28.1,68.8,7050
dosel-sombra-01,2026-09-25T19:26:12.493Z,28.21,69.5,6039.4
dosel-sombra-01,2026-09-25T19:25:27.483Z,28.59,69.3,5166.9
dosel-sombra-01,2026-09-25T19:24:42.475Z,28.18,69,6103.9
dosel-sombra-01,2026-09-25T19:23:57.5Z,28.7,69.1,7097.9
dosel-sombra-01,2026-09-25T19:23:12.487Z,28.65,67.4,6380.4
dosel-sombra-01,2026-09-25T19:22:27.586Z,28.33,67.4,5561.7
dosel-sombra-01,2026-09-25T19:21:42.061Z,28.48,68.1,5296
dosel-sombra-01,2026-09-25T19:20:57.067Z,28.46,68.5,7178.2
dosel-sombra-01,2026-09-25T19:20:12.062Z,28.35,67.7,7355.3
dosel-sombra-01,2026-09-25T19:19:27.055Z,28.53,68.2,5670.1
dosel-sombra-01,2026-09-25T19:18:42.058Z,28.36,67.3,6934.3
dosel-sombra-01,2026-09-25T19:17:57.053Z,28.16,67.4,5309
dosel-sombra-01,2026-09-25T19:17:12.07Z,28.74,66.8,6044.8
dosel-sombra-01,2026-09-25T19:16:27.052Z,28.25,67.8,5400.7
dosel-sombra-01,2026-09-25T19:15:42.055Z,28.12,66.9,7213.6
dosel-sombra-01,2026-09-25T19:14:57.063Z,28.4,68.2,5935.9
dosel-sombra-01,2026-09-25T19:14:12.065Z,28.22,68.4,5339
dosel-sombra-01,2026-09-25T19:13:27.043Z,28.37,68.3,6634.9
dosel-sombra-01,2026-09-25T19:12:42.067Z,28.42,66.7,5442.2
dosel-sombra-01,2026-09-25T19:11:57.057Z,28.55,69.4,6860.7
dosel-sombra-01,2026-09-25T19:11:12.044Z,28.75,68.8,7112.7
dosel-sombra-01,2026-09-25T19:10:27.051Z,28.45,69.4,5854.9
dosel-sombra-01,2026-09-25T19:09:42.059Z,28.47,69.3,5624.1
dosel-sombra-01,2026-09-25T19:08:57.038Z,28.16,68.5,6961.7
dosel-sombra-01,2026-09-25T19:08:16.347Z,28.79,68.5,6558.7
dosel-sombra-01,2026-09-25T19:07:27.055Z,28.81,67.4,6288.6
dosel-sombra-01,2026-09-25T19:06:42.05Z,28.57,67.9,6224.8
dosel-sombra-01,2026-09-25T19:05:57.055Z,28.85,67.7,5951.3
dosel-sombra-01,2026-09-25T19:05:12.043Z,28.47,67.6,7120.1
dosel-sombra-01,2026-09-25T19:04:27.049Z,28.68,66.9,6758.4
dosel-sombra-01,2026-09-25T19:03:42.052Z,28.82,68.2,5941.8
dosel-sombra-01,2026-09-25T19:02:57.045Z,28.77,68.3,6885.6
dosel-sombra-01,2026-09-25T19:02:12.063Z,28.51,67.2,7628.4
dosel-sombra-01,2026-09-25T19:01:27.041Z,28.88,68.2,7200.9
dosel-sombra-01,2026-09-25T19:00:42.046Z,28.36,67.3,5534.7
dosel-sombra-01,2026-09-25T18:59:57.033Z,28.59,67.7,6606.2
dosel-sombra-01,2026-09-25T18:59:12.044Z,28.7,67.5,6804.9
dosel-sombra-01,2026-09-25T18:58:27.039Z,28.31,67.3,7399.8
dosel-sombra-01,2026-09-25T18:57:42.043Z,28.21,68.8,7113.7
dosel-sombra-01,2026-09-25T18:56:57.036Z,28.4,66.6,7067.7
dosel-sombra-01,2026-09-25T18:56:12.042Z,28.26,69.2,6791.9
dosel-sombra-01,2026-09-25T18:55:27.049Z,28.69,68.9,6096.6
dosel-sombra-01,2026-09-25T18:54:42.039Z,28.71,67.7,6418.7
dosel-sombra-01,2026-09-25T18:53:57.044Z,28.76,66.8,7865.2
dosel-sombra-01,2026-09-25T18:53:12.035Z,28.61,67,6887.2
dosel-sombra-01,2026-09-25T18:52:27.043Z,28.67,67.1,7925.3
dosel-sombra-01,2026-09-25T18:51:42.036Z,28.6,68.3,5924.7
dosel-sombra-01,2026-09-25T18:50:57.04Z,28.47,68.7,6968.8
dosel-sombra-01,2026-09-25T18:50:12.031Z,28.57,69.2,6152.9
dosel-sombra-01,2026-09-25T18:49:27.037Z,28.76,67.4,6581
dosel-sombra-01,2026-09-25T18:48:42.037Z,28.1,68.2,6666.2
dosel-sombra-01,2026-09-25T18:47:57.046Z,28.59,67.4,6284.4
dosel-sombra-01,2026-09-25T18:47:12.032Z,28.76,67.9,7884.3
dosel-sombra-01,2026-09-25T18:46:27.037Z,28.43,68,6664.3
dosel-sombra-01,2026-09-25T18:45:42.046Z,28.85,67.2,6550.8
dosel-sombra-01,2026-09-25T18:44:57.037Z,28.15,67,7995.3
dosel-sombra-01,2026-09-25T18:44:12.042Z,28.44,67.2,6012.2
dosel-sombra-01,2026-09-25T18:43:27.028Z,28.86,68.1,8001.2
dosel-sombra-01,2026-09-25T18:42:42.037Z,28.39,69.5,7465.8
dosel-sombra-01,2026-09-25T18:41:57.04Z,28.1,68.8,7964.4
dosel-sombra-01,2026-09-25T18:41:12.035Z,28.29,66.6,5936.1
dosel-sombra-01,2026-09-25T18:40:27.026Z,28.63,69.2,7830
dosel-sombra-01,2026-09-25T18:39:42.024Z,28.59,67.2,6202.3
dosel-sombra-01,2026-09-25T18:38:57.033Z,28.88,68.7,6536.4
dosel-sombra-01,2026-09-25T18:38:12.029Z,28.32,66.6,6419.3
dosel-sombra-01,2026-09-25T18:37:27.032Z,28.88,67.7,6361.3
dosel-sombra-01,2026-09-25T18:36:42.019Z,28.84,66.8,7981.6
dosel-sombra-01,2026-09-25T18:35:57.026Z,28.82,69.1,5881.7
dosel-sombra-01,2026-09-25T18:35:12.034Z,28.69,69.5,7940.6
dosel-sombra-01,2026-09-25T18:34:27.026Z,28.15,67.5,7248
dosel-sombra-01,2026-09-25T18:33:42.02Z,28.83,66.7,6084.7
dosel-sombra-01,2026-09-25T18:32:57.016Z,28.5,67.4,6377.9
dosel-sombra-01,2026-09-25T18:32:12.143Z,28.8,69.4,7371.6
dosel-sombra-01,2026-09-25T18:31:26.604Z,28.45,68.5,5902.8
dosel-sombra-01,2026-09-25T18:30:41.592Z,28.44,67.6,6297.9
dosel-sombra-01,2026-09-25T18:29:56.602Z,28.84,68.8,7978.3
dosel-sombra-01,2026-09-25T18:29:11.593Z,28.74,69.2,6852
dosel-sombra-01,2026-09-25T18:28:26.598Z,28.78,69.4,7753.5
dosel-sombra-01,2026-09-25T18:27:41.605Z,28.82,69.3,6669.4
dosel-sombra-01,2026-09-25T18:26:56.594Z,28.14,69.5,6253.9
dosel-sombra-01,2026-09-25T18:26:11.594Z,28.08,69.4,7378.1
dosel-sombra-01,2026-09-25T18:25:26.588Z,28.65,69.4,7329.8
dosel-sombra-01,2026-09-25T18:24:41.591Z,28.35,67.3,7832.3
dosel-sombra-01,2026-09-25T18:23:56.591Z,28.37,68.4,6857.1
dosel-sombra-01,2026-09-25T18:23:11.587Z,28.26,69.3,7650.3
dosel-sombra-01,2026-09-25T18:22:26.591Z,28.39,67.4,6643.9
dosel-sombra-01,2026-09-25T18:21:41.598Z,28.52,66.9,7649.5
dosel-sombra-01,2026-09-25T18:20:56.587Z,28.82,67.9,8020.6
dosel-sombra-01,2026-09-25T18:20:11.592Z,28.78,67.7,7418
dosel-sombra-01,2026-09-25T18:19:26.592Z,28.8,67.8,7812.4
dosel-sombra-01,2026-09-25T18:18:41.578Z,28.69,68,7815.9
dosel-sombra-01,2026-09-25T18:17:56.59Z,28.31,66.8,6664.9
dosel-sombra-01,2026-09-25T18:17:11.572Z,28.43,67.1,7709.3
dosel-sombra-01,2026-09-25T18:16:26.576Z,28.41,67.1,6028.8
dosel-sombra-01,2026-09-25T18:15:41.581Z,28.57,68.7,6052.5
dosel-sombra-01,2026-09-25T18:14:56.573Z,28.34,68,8520.3
dosel-sombra-01,2026-09-25T18:14:11.598Z,28.52,66.9,6227.4
dosel-sombra-01,2026-09-25T18:13:26.578Z,28.21,68.6,6194.3
dosel-sombra-01,2026-09-25T18:12:41.587Z,28.3,69,6671.9
dosel-sombra-01,2026-09-25T18:11:56.592Z,28.39,68.2,7540.6
dosel-sombra-01,2026-09-25T18:11:11.571Z,28.38,66.9,8097.1
dosel-sombra-01,2026-09-25T18:10:26.579Z,28.58,68.4,8461.5
dosel-sombra-01,2026-09-25T18:09:41.583Z,28.2,68.4,7367.9
dosel-sombra-01,2026-09-25T18:08:56.59Z,28.75,67.5,6692.6
dosel-sombra-01,2026-09-25T18:08:11.577Z,28.2,68.8,7535.9
dosel-sombra-01,2026-09-25T18:07:26.582Z,28.51,69.7,6744.3
dosel-sombra-01,2026-09-25T18:06:41.576Z,28.09,67.2,8560.2
dosel-sombra-01,2026-09-25T18:05:56.567Z,28.54,69.2,6848.2
dosel-sombra-01,2026-09-25T18:05:11.576Z,28.8,68.5,7755
dosel-sombra-01,2026-09-25T18:04:26.583Z,28.09,67.2,7741.9
dosel-sombra-01,2026-09-25T18:03:41.574Z,28.05,69,7975.8
dosel-sombra-01,2026-09-25T18:02:56.585Z,28.63,69.6,7477.2
dosel-sombra-01,2026-09-25T18:02:11.587Z,28.7,67.6,8498.5
dosel-sombra-01,2026-09-25T18:01:26.562Z,28.18,67.6,6351.9
dosel-sombra-01,2026-09-25T18:00:41.569Z,28.08,68.1,7730.5
dosel-sombra-01,2026-09-25T17:59:56.56Z,28.31,68.9,7741.6
dosel-sombra-01,2026-09-25T17:59:11.584Z,28.36,67.4,7270.2
dosel-sombra-01,2026-09-25T17:58:26.562Z,27.98,67.6,6200.5
dosel-sombra-01,2026-09-25T17:57:41.581Z,28.73,68.9,7614.6
dosel-sombra-01,2026-09-25T17:56:56.572Z,28.28,67.1,8517
dosel-sombra-01,2026-09-25T17:56:11.576Z,27.99,69.3,8078.4
dosel-sombra-01,2026-09-25T17:55:26.58Z,28.25,68.4,6991.3
dosel-sombra-01,2026-09-25T17:54:41.556Z,28.71,69.3,6252.6
dosel-sombra-01,2026-09-25T17:53:56.578Z,28.45,69.2,6380.1
dosel-sombra-01,2026-09-25T17:53:11.56Z,28.4,67.1,7406.8
dosel-sombra-01,2026-09-25T17:52:26.563Z,27.98,68.5,6950.4
dosel-sombra-01,2026-09-25T17:51:41.574Z,28.25,67.8,8181.6
dosel-sombra-01,2026-09-25T17:50:56.57Z,28.57,68.2,6821.7
dosel-sombra-01,2026-09-25T17:50:11.564Z,28.13,69.9,7073.9
dosel-sombra-01,2026-09-25T17:49:26.556Z,28.7,69.5,7310.6
dosel-sombra-01,2026-09-25T17:48:41.565Z,28.62,69.7,8688.9
dosel-sombra-01,2026-09-25T17:47:56.561Z,28.16,69.6,7542.9
dosel-sombra-01,2026-09-25T17:47:11.578Z,28.27,68.1,7503.9
dosel-sombra-01,2026-09-25T17:46:26.556Z,28.12,68.4,8096.6
dosel-sombra-01,2026-09-25T17:45:41.565Z,28.61,68.3,6482.4
dosel-sombra-01,2026-09-25T17:44:56.556Z,28,69.2,8720.9
dosel-sombra-01,2026-09-25T17:44:11.565Z,28.6,69,8544.2
dosel-sombra-01,2026-09-25T17:43:26.561Z,28.04,68.8,8437.5
dosel-sombra-01,2026-09-25T17:42:41.569Z,28.62,69.8,7410.5
dosel-sombra-01,2026-09-25T17:41:56.604Z,28.55,69.1,8239.6
dosel-sombra-01,2026-09-25T17:41:11.142Z,28.25,68.1,6274.9
dosel-sombra-01,2026-09-25T17:40:26.148Z,28.06,68.5,6348.1
dosel-sombra-01,2026-09-25T17:39:41.15Z,28.12,69.7,7130.1
dosel-sombra-01,2026-09-25T17:38:56.139Z,28.38,68.8,8766.5
dosel-sombra-01,2026-09-25T17:38:11.138Z,28.38,70,7867.2
dosel-sombra-01,2026-09-25T17:37:26.153Z,28.26,69.3,8602.6
dosel-sombra-01,2026-09-25T17:36:41.144Z,28.64,67.5,8085.4
dosel-sombra-01,2026-09-25T17:35:56.137Z,28.55,70.1,6849.5
dosel-sombra-01,2026-09-25T17:35:11.128Z,28.51,69.2,7819.5
dosel-sombra-01,2026-09-25T17:34:26.134Z,28.04,69.6,8850.4
dosel-sombra-01,2026-09-25T17:33:41.14Z,28.24,70.2,7225.4
dosel-sombra-01,2026-09-25T17:32:56.151Z,28.15,69.5,8252.6
dosel-sombra-01,2026-09-25T17:32:11.137Z,28.17,68.4,6432
dosel-sombra-01,2026-09-25T17:31:26.128Z,28.4,69.8,7992.1
dosel-sombra-01,2026-09-25T17:30:41.135Z,27.91,67.8,6840
dosel-sombra-01,2026-09-25T17:29:56.125Z,28.04,68.7,6648.9
dosel-sombra-01,2026-09-25T17:29:11.13Z,28.18,70.1,8497.3
dosel-sombra-01,2026-09-25T17:28:26.138Z,28.21,68.8,8517.7
dosel-sombra-01,2026-09-25T17:27:41.129Z,28.42,69.5,7558.7
dosel-sombra-01,2026-09-25T17:26:56.146Z,28.15,67.9,8437.1
dosel-sombra-01,2026-09-25T17:26:11.137Z,28.45,69.8,8088.2
dosel-sombra-01,2026-09-25T17:25:26.143Z,28.05,68.4,7184.4
dosel-sombra-01,2026-09-25T17:24:41.135Z,28.44,69.5,7245.9
dosel-sombra-01,2026-09-25T17:23:56.121Z,28.27,68,6768.5
dosel-sombra-01,2026-09-25T17:23:11.134Z,28.18,67.6,7264.4
dosel-sombra-01,2026-09-25T17:22:26.138Z,27.84,70,8693.4
dosel-sombra-01,2026-09-25T17:21:41.139Z,28.2,69.7,8730.3
dosel-sombra-01,2026-09-25T17:20:56.132Z,28.32,70.1,8426.3
dosel-sombra-01,2026-09-25T17:20:11.127Z,27.83,70,6894.6
dosel-sombra-01,2026-09-25T17:19:26.131Z,28.4,68.5,8558.4
dosel-sombra-01,2026-09-25T17:18:41.133Z,28.31,68,7222.1
dosel-sombra-01,2026-09-25T17:17:56.124Z,27.78,68.8,7018.9
dosel-sombra-01,2026-09-25T17:17:11.125Z,27.77,68.3,6881.4
dosel-sombra-01,2026-09-25T17:16:26.129Z,28.2,69.9,6658.4
dosel-sombra-01,2026-09-25T17:15:41.121Z,28.38,68.2,6397.6
dosel-sombra-01,2026-09-25T17:14:56.126Z,27.83,67.8,6695.8
dosel-sombra-01,2026-09-25T17:14:11.131Z,27.93,68.1,7137.2
dosel-sombra-01,2026-09-25T17:13:26.127Z,27.83,68.3,6958.5
dosel-sombra-01,2026-09-25T17:12:41.117Z,27.83,69.3,6451.6
dosel-sombra-01,2026-09-25T17:11:56.139Z,28.47,69.5,7608.9
dosel-sombra-01,2026-09-25T17:11:11.117Z,27.85,70.8,8693.8
dosel-sombra-01,2026-09-25T17:10:26.121Z,28,68.2,8946.5
dosel-sombra-01,2026-09-25T17:09:41.113Z,27.77,69.3,6393.3
dosel-sombra-01,2026-09-25T17:08:56.119Z,28.13,68.5,7507.2
dosel-sombra-01,2026-09-25T17:08:11.124Z,28.37,69.3,6979
dosel-sombra-01,2026-09-25T17:07:26.124Z,28.27,68.1,7197.4
dosel-sombra-01,2026-09-25T17:06:41.126Z,27.73,69.2,7926.5
dosel-sombra-01,2026-09-25T17:05:56.117Z,27.92,69,8979
dosel-sombra-01,2026-09-25T17:05:11.126Z,28.1,70.2,8677.3
dosel-sombra-01,2026-09-25T17:04:26.118Z,27.89,70.5,6446
dosel-sombra-01,2026-09-25T17:03:41.122Z,28.25,69.2,8124.2
dosel-sombra-01,2026-09-25T17:02:56.116Z,27.91,68.9,8451.5
dosel-sombra-01,2026-09-25T17:02:11.115Z,28.11,70.4,8334.5
dosel-sombra-01,2026-09-25T17:01:26.12Z,28.25,69.1,7293.1
dosel-sombra-01,2026-09-25T17:00:41.119Z,28.1,71.1,6358.2
dosel-sombra-01,2026-09-25T16:59:56.114Z,28.41,71,8046.8
dosel-sombra-01,2026-09-25T16:59:11.119Z,28.37,68.6,7848.9
dosel-sombra-01,2026-09-25T16:58:26.11Z,27.69,71.1,8186.5
dosel-sombra-01,2026-09-25T16:57:41.116Z,27.89,69.6,6585.1
dosel-sombra-01,2026-09-25T16:56:56.122Z,27.78,68.4,7804.9
dosel-sombra-01,2026-09-25T16:56:11.117Z,28.26,68.8,7168.3
dosel-sombra-01,2026-09-25T16:55:26.12Z,28.01,71.1,6598.4
dosel-sombra-01,2026-09-25T16:54:41.111Z,27.92,69.4,8826.1
dosel-sombra-01,2026-09-25T16:53:56.116Z,27.6,69.3,7835.6
dosel-sombra-01,2026-09-25T16:53:11.113Z,28.22,70.8,8949.5
dosel-sombra-01,2026-09-25T16:52:26.116Z,28.28,70.7,7344.1
dosel-sombra-01,2026-09-25T16:51:41.276Z,27.58,69.3,8482.1
dosel-sombra-01,2026-09-25T16:10:55.682Z,27.82,71.1,7005.7
dosel-sombra-01,2026-09-25T16:10:10.674Z,27.24,70.4,8778.1
dosel-sombra-01,2026-09-25T16:09:25.664Z,27.57,71.2,8151.4
dosel-sombra-01,2026-09-25T16:08:40.67Z,27.32,71.3,6374.3
dosel-sombra-01,2026-09-25T16:07:55.678Z,27.25,69.9,7880
dosel-sombra-01,2026-09-25T16:07:10.682Z,27.82,72.2,7271.9
dosel-sombra-01,2026-09-25T16:06:25.671Z,27.65,72.8,6756.5
dosel-sombra-01,2026-09-25T16:05:40.663Z,27.85,70.6,7592
dosel-sombra-01,2026-09-25T16:04:55.667Z,27.48,71.5,7613.8
dosel-sombra-01,2026-09-25T16:04:10.687Z,27.43,70.4,6664.9
dosel-sombra-01,2026-09-25T16:03:25.686Z,27.64,71.4,6848.7
dosel-sombra-01,2026-09-25T16:02:40.674Z,27.42,71.6,6454.1
dosel-sombra-01,2026-09-25T16:01:55.664Z,27.83,70.3,6457.4
dosel-sombra-01,2026-09-25T16:01:10.684Z,27.73,72.6,7485.4
dosel-sombra-01,2026-09-25T16:00:25.675Z,27.45,70.9,6183.3
dosel-sombra-01,2026-09-25T15:59:40.663Z,27.38,70.8,8418.8
dosel-sombra-01,2026-09-25T15:58:55.673Z,27.62,72.8,7346.7
dosel-sombra-01,2026-09-25T15:58:10.665Z,27.46,70.3,7394.8
dosel-sombra-01,2026-09-25T15:57:25.686Z,27.61,70.3,6078.4
dosel-sombra-01,2026-09-25T15:56:40.662Z,27.34,71.7,7645.5
dosel-sombra-01,2026-09-25T15:55:55.652Z,27.67,71.6,7406.3
dosel-sombra-01,2026-09-25T15:55:10.674Z,27.4,71.7,7802.1
dosel-sombra-01,2026-09-25T15:54:25.679Z,27.11,72.5,8313.4
dosel-sombra-01,2026-09-25T15:53:40.667Z,27.12,71.2,7240.1
dosel-sombra-01,2026-09-25T15:52:55.677Z,27.46,70.7,7256.7
dosel-sombra-01,2026-09-25T15:52:10.666Z,27.14,71.8,8101
dosel-sombra-01,2026-09-25T15:51:25.675Z,27.73,71.1,8588.9
dosel-sombra-01,2026-09-25T15:50:40.668Z,27.48,71,6952.2
dosel-sombra-01,2026-09-25T15:49:55.674Z,27.52,70.8,6572.7
dosel-sombra-01,2026-09-25T15:49:10.664Z,27.61,72.2,8112
dosel-sombra-01,2026-09-25T15:48:25.671Z,27.31,72.5,7309.6
dosel-sombra-01,2026-09-25T15:47:40.662Z,27.38,71.8,6961.7
dosel-sombra-01,2026-09-25T15:46:55.667Z,27.01,72.4,6663.8
dosel-sombra-01,2026-09-25T15:46:10.659Z,27.35,72.1,8398.2
dosel-sombra-01,2026-09-25T15:45:25.664Z,27.32,72.4,7402.3
dosel-sombra-01,2026-09-25T15:44:40.67Z,27.27,72.5,8027
dosel-sombra-01,2026-09-25T15:43:55.658Z,27.48,73.3,6614.9
dosel-sombra-01,2026-09-25T15:43:10.659Z,27.25,71.5,6775.7
dosel-sombra-01,2026-09-25T15:42:25.665Z,27.31,72.9,6583.8
dosel-sombra-01,2026-09-25T15:41:40.672Z,27.51,73,7418.7
dosel-sombra-01,2026-09-25T15:40:55.663Z,27.43,73.5,8390.2
dosel-sombra-01,2026-09-25T15:40:10.654Z,27.26,71,6811
dosel-sombra-01,2026-09-25T15:39:25.661Z,27.17,71.7,7951.7
dosel-sombra-01,2026-09-25T15:38:40.65Z,27.14,71.7,6874.1
dosel-sombra-01,2026-09-25T15:37:55.655Z,27.39,71.6,7581
dosel-sombra-01,2026-09-25T15:37:10.661Z,27.19,71.8,8383.9
dosel-sombra-01,2026-09-25T15:36:25.657Z,27.07,71.5,8013.2
dosel-sombra-01,2026-09-25T15:35:40.662Z,27.37,71.4,7808.9
dosel-sombra-01,2026-09-25T15:34:55.653Z,27.24,71.5,7081.8
dosel-sombra-01,2026-09-25T15:34:10.646Z,27.05,73.6,6680.8
dosel-sombra-01,2026-09-25T15:33:25.656Z,27.19,72.4,7220.3
dosel-sombra-01,2026-09-25T15:32:40.647Z,26.99,73.5,7291.3
dosel-sombra-01,2026-09-25T15:31:55.666Z,26.9,71.6,7738.5
dosel-sombra-01,2026-09-25T15:31:10.659Z,27.12,73.9,8071.4
dosel-sombra-01,2026-09-25T15:30:25.653Z,27.31,73.4,6537.6
dosel-sombra-01,2026-09-25T15:29:40.643Z,27.41,72.9,6710.8
dosel-sombra-01,2026-09-25T15:28:55.646Z,26.97,72.3,7384.4
dosel-sombra-01,2026-09-25T15:28:10.657Z,27.11,71.9,5844.2
dosel-sombra-01,2026-09-25T15:27:25.651Z,26.99,73.2,6958.3
dosel-sombra-01,2026-09-25T15:26:40.643Z,27.03,73.8,7418.4
dosel-sombra-01,2026-09-25T15:25:55.653Z,26.94,72.5,6961.6
dosel-sombra-01,2026-09-25T15:25:10.658Z,27.38,72,6125.3
dosel-sombra-01,2026-09-25T15:24:25.662Z,27.35,72,7288.7
dosel-sombra-01,2026-09-25T15:23:40.637Z,26.9,73.2,5841.2
dosel-sombra-01,2026-09-25T15:22:55.727Z,26.75,74.3,8174.4
dosel-sombra-01,2026-09-25T15:22:10.231Z,27.36,72,6154.4
dosel-sombra-01,2026-09-25T15:21:25.237Z,26.76,72.6,6472.3
dosel-sombra-01,2026-09-25T15:20:40.234Z,26.83,73.9,5816.8
dosel-sombra-01,2026-09-25T15:19:55.224Z,27.14,72.8,6653.8
dosel-sombra-01,2026-09-25T15:19:10.231Z,26.83,72.1,7269.3
dosel-sombra-01,2026-09-25T15:18:25.226Z,26.95,71.9,8098.3
dosel-sombra-01,2026-09-25T15:17:40.227Z,26.96,74.3,7313.4
dosel-sombra-01,2026-09-25T15:16:55.215Z,26.89,73.5,6098.7
dosel-sombra-01,2026-09-25T15:16:10.224Z,27.04,72.1,6966
dosel-sombra-01,2026-09-25T15:15:25.222Z,27.05,74.5,6459.3
dosel-sombra-01,2026-09-25T15:14:40.212Z,26.57,74.6,6609.6
dosel-sombra-01,2026-09-25T15:13:55.222Z,26.56,74.3,6652.7
dosel-sombra-01,2026-09-25T15:13:10.233Z,26.93,73.5,7329.2
dosel-sombra-01,2026-09-25T15:12:25.224Z,26.51,74.1,7818.6
dosel-sombra-01,2026-09-25T15:11:40.227Z,26.54,73.8,7839.9
dosel-sombra-01,2026-09-25T15:10:55.218Z,27.24,74.5,5996.6
dosel-sombra-01,2026-09-25T15:10:10.211Z,26.68,72.1,7444.3
dosel-sombra-01,2026-09-25T15:09:25.219Z,26.9,73.7,6731.8
dosel-sombra-01,2026-09-25T15:08:40.21Z,26.61,73.2,6705
dosel-sombra-01,2026-09-25T15:07:55.215Z,27.11,73.3,6191.6
dosel-sombra-01,2026-09-25T15:07:10.215Z,27.23,72.3,6697.7
dosel-sombra-01,2026-09-25T15:06:25.209Z,26.75,74.9,7764.7
dosel-sombra-01,2026-09-25T15:05:40.215Z,27.03,73.3,6179.3
dosel-sombra-01,2026-09-25T15:04:55.221Z,26.97,73.1,7383.7
dosel-sombra-01,2026-09-25T15:04:10.211Z,26.57,75,7522
dosel-sombra-01,2026-09-25T15:03:25.204Z,26.61,72.5,6864.2
dosel-sombra-01,2026-09-25T15:02:40.212Z,27.02,74,5706.4
dosel-sombra-01,2026-09-25T15:01:55.202Z,26.53,73.6,7737.7
dosel-sombra-01,2026-09-25T15:01:10.207Z,26.8,74,5855.5
dosel-sombra-01,2026-09-25T15:00:25.203Z,26.93,73.3,5580.2
dosel-sombra-01,2026-09-25T14:59:40.208Z,26.42,74.5,5779.8
dosel-sombra-01,2026-09-25T14:58:55.208Z,27.1,73.8,7187.9
dosel-sombra-01,2026-09-25T14:58:10.204Z,26.58,73.5,5461.5
dosel-sombra-01,2026-09-25T14:57:25.213Z,26.94,75.2,5589.5
dosel-sombra-01,2026-09-25T14:56:40.221Z,26.86,73.6,6687.8
dosel-sombra-01,2026-09-25T14:55:55.21Z,26.88,73.1,5571.5
dosel-sombra-01,2026-09-25T14:55:10.203Z,26.83,75.6,6048.6
dosel-sombra-01,2026-09-25T14:54:25.207Z,26.68,74,6688.2
dosel-sombra-01,2026-09-25T14:53:40.2Z,26.72,74.3,6922.4
dosel-sombra-01,2026-09-25T14:52:55.204Z,26.72,75.2,6557.9
dosel-sombra-01,2026-09-25T14:52:10.209Z,26.75,74.8,6521.9
dosel-sombra-01,2026-09-25T14:51:25.214Z,26.77,73.5,5445
dosel-sombra-01,2026-09-25T14:50:40.217Z,26.91,74.5,6797.2
dosel-sombra-01,2026-09-25T14:49:55.204Z,26.97,75.1,7379.7
dosel-sombra-01,2026-09-25T14:49:10.197Z,26.33,75.7,6403
dosel-sombra-01,2026-09-25T14:48:25.19Z,26.83,75.6,6384.3
dosel-sombra-01,2026-09-25T14:47:40.196Z,26.45,75.7,5636.7
dosel-sombra-01,2026-09-25T14:46:55.202Z,26.45,73.3,5629.2
dosel-sombra-01,2026-09-25T14:46:10.207Z,26.53,75.8,5636.6
dosel-sombra-01,2026-09-25T14:45:25.195Z,26.15,76.2,6019.7
dosel-sombra-01,2026-09-25T14:44:40.189Z,26.4,73.4,5402
dosel-sombra-01,2026-09-25T14:43:55.195Z,26.69,75.6,5318.7
dosel-sombra-01,2026-09-25T14:43:10.208Z,26.23,75.5,6091.3
dosel-sombra-01,2026-09-25T14:42:25.196Z,26.46,76.2,6902.9
dosel-sombra-01,2026-09-25T14:41:40.206Z,26.59,76.2,5650.2
dosel-sombra-01,2026-09-25T14:40:55.193Z,26.09,74.3,5378.3
dosel-sombra-01,2026-09-25T14:40:10.2Z,26.14,74.4,6909.9
dosel-sombra-01,2026-09-25T14:39:25.206Z,26.4,76.3,6769
dosel-sombra-01,2026-09-25T14:38:40.195Z,26.09,75.1,5454.1
dosel-sombra-01,2026-09-25T14:37:55.199Z,26.29,75.7,6404.4
dosel-sombra-01,2026-09-25T14:37:10.199Z,26.07,74.4,5955.2
dosel-sombra-01,2026-09-25T14:36:25.19Z,26.68,74.9,5507.6
dosel-sombra-01,2026-09-25T14:35:40.18Z,26.13,74.5,5419.5
dosel-sombra-01,2026-09-25T14:34:55.203Z,26.18,76.5,6460.2
dosel-sombra-01,2026-09-25T14:34:10.196Z,26.06,76.4,5570.4
dosel-sombra-01,2026-09-25T14:33:25.187Z,26.61,76.6,7044.4
dosel-sombra-01,2026-09-25T14:32:40.271Z,26.35,76,5696.1
dosel-sombra-01,2026-09-25T14:31:54.758Z,26.41,75.9,6269.5
dosel-sombra-01,2026-09-25T14:31:09.766Z,26.59,76.5,5396.2
dosel-sombra-01,2026-09-25T14:30:24.757Z,26.57,75.6,6246.9
dosel-sombra-01,2026-09-25T14:29:39.764Z,26.27,75.2,6181.7
dosel-sombra-01,2026-09-25T14:28:54.754Z,26.3,74.7,6964
dosel-sombra-01,2026-09-25T14:28:09.768Z,26.39,76.3,5176.3
dosel-sombra-01,2026-09-25T14:27:24.755Z,26.61,74.5,5115.1
dosel-sombra-01,2026-09-25T14:26:39.749Z,26.18,74.8,5858.5
dosel-sombra-01,2026-09-25T14:25:54.753Z,26.08,75.6,5269.2
dosel-sombra-01,2026-09-25T14:25:09.745Z,26.33,74.9,4919.8
dosel-sombra-01,2026-09-25T14:24:24.749Z,26.37,75.8,5846.5
dosel-sombra-01,2026-09-25T14:23:39.758Z,26.28,75.1,5950.6
dosel-sombra-01,2026-09-25T14:22:54.757Z,26.43,77.2,5649.9
dosel-sombra-01,2026-09-25T14:22:09.748Z,26.14,76.2,5863.5
dosel-sombra-01,2026-09-25T14:21:24.741Z,26.21,74.7,6558.8
dosel-sombra-01,2026-09-25T14:20:39.747Z,26.41,75.6,6560.2
dosel-sombra-01,2026-09-25T14:19:54.756Z,26.36,74.5,4923.7
dosel-sombra-01,2026-09-25T14:19:09.745Z,26.13,77.2,4918
dosel-sombra-01,2026-09-25T14:18:24.741Z,26.39,76.3,5416.2
dosel-sombra-01,2026-09-25T14:17:39.747Z,26.01,75.3,6439
dosel-sombra-01,2026-09-25T14:16:54.754Z,26.42,75.3,6232
dosel-sombra-01,2026-09-25T14:16:09.744Z,25.98,76.4,6175.2
dosel-sombra-01,2026-09-25T14:15:24.749Z,26.36,77.4,5752.7
dosel-sombra-01,2026-09-25T14:14:39.744Z,25.75,75.8,6702.1
dosel-sombra-01,2026-09-25T14:13:54.747Z,25.8,76.8,5523.3
dosel-sombra-01,2026-09-25T14:13:09.742Z,26.14,76.9,6389.4
dosel-sombra-01,2026-09-25T14:12:24.737Z,26.29,75.5,4907.8
dosel-sombra-01,2026-09-25T14:11:39.746Z,25.73,75.9,4845.7
dosel-sombra-01,2026-09-25T14:10:54.736Z,26.06,75.5,5555.7
dosel-sombra-01,2026-09-25T14:10:09.739Z,25.79,77,5704.4
dosel-sombra-01,2026-09-25T14:09:24.741Z,26.08,76.4,6231.9
dosel-sombra-01,2026-09-25T14:08:39.744Z,26.33,75.8,5007.2
dosel-sombra-01,2026-09-25T14:07:54.74Z,26.29,75,5464
dosel-sombra-01,2026-09-25T14:07:09.73Z,25.99,75.3,5352.7
dosel-sombra-01,2026-09-25T14:06:24.734Z,26.07,76.8,4925.6
dosel-sombra-01,2026-09-25T14:05:39.741Z,25.77,76.9,4971.6
dosel-sombra-01,2026-09-25T14:04:54.73Z,25.83,76.7,6396.3
dosel-sombra-01,2026-09-25T14:04:09.752Z,26.02,75.9,6380.9
dosel-sombra-01,2026-09-25T14:03:24.731Z,25.91,76.5,4819.9
dosel-sombra-01,2026-09-25T14:02:39.743Z,25.79,77.6,5839.9
dosel-sombra-01,2026-09-25T14:01:54.744Z,25.72,77.2,5553.6
dosel-sombra-01,2026-09-25T14:01:09.74Z,26.04,76.2,4890.4
dosel-sombra-01,2026-09-25T14:00:24.732Z,25.65,75.5,4546.5
dosel-sombra-01,2026-09-25T13:59:39.737Z,25.54,77.6,6111.4
dosel-sombra-01,2026-09-25T13:58:54.728Z,25.67,78,5058.1
dosel-sombra-01,2026-09-25T13:58:09.724Z,25.81,77.2,6279.8
dosel-sombra-01,2026-09-25T13:57:24.729Z,25.98,78.2,5141
dosel-sombra-01,2026-09-25T13:56:39.737Z,25.96,77.3,4898.9
dosel-sombra-01,2026-09-25T13:55:54.728Z,25.44,77.9,4544.2
dosel-sombra-01,2026-09-25T13:55:09.735Z,26.22,76.1,4607.8
dosel-sombra-01,2026-09-25T13:54:24.741Z,25.96,77.4,5764.5
dosel-sombra-01,2026-09-25T13:53:39.742Z,25.53,76.6,5999.9
dosel-sombra-01,2026-09-25T13:52:54.733Z,25.55,76.2,5766.8
dosel-sombra-01,2026-09-25T13:52:09.719Z,25.99,76.3,5122.6
dosel-sombra-01,2026-09-25T13:51:24.723Z,26.08,77.7,4870
dosel-sombra-01,2026-09-25T13:50:39.737Z,25.66,76.5,5437.8
dosel-sombra-01,2026-09-25T13:49:54.728Z,26.05,77,5693.6
dosel-sombra-01,2026-09-25T13:49:09.721Z,26.04,76.1,5356.2
dosel-sombra-01,2026-09-25T13:48:24.729Z,25.98,77.3,4946.8
dosel-sombra-01,2026-09-25T13:47:39.731Z,25.52,77.5,4892.5
dosel-sombra-01,2026-09-25T13:46:54.723Z,25.46,76.5,5079.8
dosel-sombra-01,2026-09-25T13:46:09.732Z,25.37,77.5,5468.3
dosel-sombra-01,2026-09-25T13:45:24.726Z,25.33,77.1,5103
dosel-sombra-01,2026-09-25T13:44:39.714Z,25.7,77,4143.6
dosel-sombra-01,2026-09-25T13:43:54.712Z,25.94,76.9,4257.9
dosel-sombra-01,2026-09-25T13:43:09.723Z,25.74,78.4,5586.7
dosel-sombra-01,2026-09-25T13:42:24.79Z,25.91,78.5,4715.7
dosel-sombra-01,2026-09-25T13:41:39.306Z,25.65,77.2,4709.2
dosel-sombra-01,2026-09-27T15:26:49.994Z,27.38,73.1,6917.5
dosel-sombra-01,2026-09-27T15:27:34.987Z,27.32,73,7357.7
dosel-sombra-01,2026-09-27T15:28:19.985Z,27.04,74,5964.3
dosel-sombra-01,2026-09-27T15:34:19.992Z,27.26,72.7,7999.7
dosel-sombra-01,2026-09-27T15:35:05Z,27.02,73.8,8127.9
dosel-sombra-01,2026-09-27T15:35:49.986Z,26.79,73.5,6274.9
dosel-sombra-01,2026-09-27T15:36:34.98Z,27.52,73.5,7933.9
dosel-sombra-01,2026-09-27T14:46:19.52Z,26.62,76.1,5461.1
dosel-sombra-01,2026-09-27T14:47:04.53Z,26.56,74.9,5855.2
dosel-sombra-01,2026-09-27T14:47:49.534Z,26.24,75.9,6185.6
dosel-sombra-01,2026-09-27T14:48:34.532Z,26.29,74.6,5876.4
dosel-sombra-01,2026-09-27T14:58:19.539Z,26.86,74.1,7298.1
dosel-sombra-01,2026-09-27T15:29:04.992Z,26.96,72.9,6113.4
dosel-sombra-01,2026-09-27T15:13:19.975Z,26.95,73.5,7025.7
dosel-sombra-01,2026-09-27T15:14:04.965Z,27.11,73.4,6025.2
dosel-sombra-01,2026-09-27T15:14:49.977Z,26.96,72.4,6132.6
dosel-sombra-01,2026-09-27T15:15:34.969Z,27.21,72.2,6363.4
dosel-sombra-01,2026-09-27T14:50:49.532Z,26.62,74.2,6731.7
dosel-sombra-01,2026-09-27T14:51:34.536Z,26.41,73.7,6815.3
dosel-sombra-01,2026-09-27T14:52:19.531Z,26.43,74.8,6706
dosel-sombra-01,2026-09-27T14:53:04.53Z,26.78,74.8,6885.5
dosel-sombra-01,2026-09-27T15:20:49.964Z,26.82,73.3,7468.5
dosel-sombra-01,2026-09-27T15:21:34.973Z,26.79,74.2,8158.7
dosel-sombra-01,2026-09-27T15:22:19.978Z,27.38,73.4,6543
dosel-sombra-01,2026-09-27T15:23:04.99Z,26.68,73.9,7893.3
dosel-sombra-01,2026-09-27T15:24:34.975Z,26.66,71.9,7983
dosel-sombra-01,2026-09-27T15:25:19.982Z,26.71,73.9,5887.9
dosel-sombra-01,2026-09-27T15:26:04.978Z,27.08,73.3,6325.5
dosel-sombra-01,2026-09-27T15:04:19.968Z,27.05,72.6,5711.7
dosel-sombra-01,2026-09-27T15:05:04.978Z,27.08,74.2,5857.4
dosel-sombra-01,2026-09-27T15:05:49.973Z,26.72,73.7,6515.7
dosel-sombra-01,2026-09-27T15:06:34.981Z,26.72,74.3,5721.7
dosel-sombra-01,2026-09-27T15:10:19.971Z,26.76,74.8,6815.1
dosel-sombra-01,2026-09-27T15:11:04.967Z,27.17,74.8,7584.4
dosel-sombra-01,2026-09-27T15:11:49.98Z,26.57,74.1,5625.5
dosel-sombra-01,2026-09-27T15:12:34.978Z,26.78,72.6,5908.2
dosel-sombra-01,2026-09-27T15:16:19.98Z,26.75,74.6,7618.3
dosel-sombra-01,2026-09-27T15:17:04.975Z,27.31,73.8,7877.7
dosel-sombra-01,2026-09-27T15:17:49.971Z,27.28,74.3,5833
dosel-sombra-01,2026-09-27T15:18:34.979Z,26.67,74.5,7883.7
dosel-sombra-01,2026-09-27T14:38:49.518Z,26.82,74.3,5940.1
dosel-sombra-01,2026-09-27T14:44:49.522Z,26.47,74.8,6189.7
dosel-sombra-01,2026-09-27T14:45:34.528Z,26.57,74.3,6789.1
dosel-sombra-01,2026-09-27T14:53:49.539Z,26.28,74.4,6263.2
dosel-sombra-01,2026-09-27T14:54:34.539Z,26.67,75,5504.4
dosel-sombra-01,2026-09-27T14:55:19.539Z,27,73.1,6478.8
dosel-sombra-01,2026-09-27T14:56:04.532Z,27.06,75,6503.6
dosel-sombra-01,2026-09-27T14:56:49.535Z,26.83,72.9,5447.6
dosel-sombra-01,2026-09-27T14:57:34.527Z,26.82,73.9,5887.4
dosel-sombra-01,2026-09-27T15:07:19.981Z,26.83,72.6,7694.2
dosel-sombra-01,2026-09-27T15:08:04.962Z,26.97,74,6464.8
dosel-sombra-01,2026-09-27T15:08:49.971Z,27.23,74.6,7273.8
dosel-sombra-01,2026-09-27T15:09:34.965Z,26.61,74.2,6136.7
dosel-sombra-01,2026-09-25T13:40:54.293Z,25.35,78.3,5028.1
dosel-sombra-01,2026-09-25T13:40:09.299Z,25.89,78.2,5089.8
dosel-sombra-01,2026-09-25T13:39:24.309Z,25.83,78.7,4180.8
dosel-sombra-01,2026-09-25T13:38:39.308Z,25.83,76.7,4858.6
dosel-sombra-01,2026-09-25T13:37:54.308Z,25.64,78.9,4962.7
dosel-sombra-01,2026-09-25T13:37:09.296Z,25.92,76.7,5488.4
dosel-sombra-01,2026-09-25T13:36:24.302Z,25.34,78.4,4963.2
dosel-sombra-01,2026-09-25T13:35:39.295Z,25.87,76.8,4791.9
dosel-sombra-01,2026-09-25T13:34:54.293Z,25.77,79.7,4832.2
dosel-sombra-01,2026-09-25T13:34:09.305Z,25.53,78.3,5532.8
dosel-sombra-01,2026-09-25T13:33:24.296Z,25.61,79.7,4456.5
dosel-sombra-01,2026-09-25T13:32:39.3Z,25.6,78.6,4692.5
dosel-sombra-01,2026-09-25T13:31:54.306Z,25.31,77.1,4741.1
dosel-sombra-01,2026-09-25T13:31:09.299Z,25.37,78.9,5308.5
dosel-sombra-01,2026-09-25T13:30:24.291Z,25.69,77,4186.1
dosel-sombra-01,2026-09-25T13:29:39.291Z,25.44,78.2,5038.6
dosel-sombra-01,2026-09-25T13:28:54.288Z,25.03,77.9,4147.4
dosel-sombra-01,2026-09-25T13:28:09.296Z,25.15,78.3,4070.3
dosel-sombra-01,2026-09-25T13:27:24.304Z,25.48,79.2,4511.2
dosel-sombra-01,2026-09-25T13:26:39.292Z,25.48,77.7,4604.6
dosel-sombra-01,2026-09-25T13:25:54.291Z,25.48,77.7,5130.2
dosel-sombra-01,2026-09-25T13:25:09.299Z,25.31,77.8,4180.8
dosel-sombra-01,2026-09-25T13:24:24.29Z,25.31,77.7,4685.5
dosel-sombra-01,2026-09-25T13:23:39.281Z,25.17,79.2,4176.6
dosel-sombra-01,2026-09-25T13:22:54.3Z,25.09,79.2,4654.8
dosel-sombra-01,2026-09-25T13:22:09.299Z,25.6,80.3,3867.6
dosel-sombra-01,2026-09-25T13:21:24.287Z,25.27,78.7,4081.9
dosel-sombra-01,2026-09-25T13:20:39.301Z,25.32,77.9,5039.4
dosel-sombra-01,2026-09-25T13:19:54.292Z,24.98,79.8,5078.4
dosel-sombra-01,2026-09-25T13:19:09.285Z,25.17,79,3678
dosel-sombra-01,2026-09-25T13:18:24.297Z,25.22,78.6,3939.5
dosel-sombra-01,2026-09-25T13:17:39.298Z,25.19,79.5,4944.9
dosel-sombra-01,2026-09-25T13:16:54.287Z,24.97,79.1,3957.9
dosel-sombra-01,2026-09-25T13:16:09.294Z,25.17,77.9,4598.8
dosel-sombra-01,2026-09-25T13:15:24.289Z,24.92,77.8,4685.3
dosel-sombra-01,2026-09-25T13:14:39.297Z,24.98,80.3,4255.2
dosel-sombra-01,2026-09-25T13:13:54.295Z,25.39,79,4402.5
dosel-sombra-01,2026-09-25T13:13:09.287Z,24.98,78.9,4870.4
dosel-sombra-01,2026-09-25T13:12:24.288Z,24.97,80.5,4560.7
dosel-sombra-01,2026-09-25T13:11:39.297Z,24.78,79.2,4106.3
dosel-sombra-01,2026-09-25T13:10:54.287Z,24.81,80.1,4669.2
dosel-sombra-01,2026-09-25T13:10:09.271Z,24.82,79.3,3396.2
dosel-sombra-01,2026-09-25T13:09:24.283Z,24.96,79.5,4636.3
dosel-sombra-01,2026-09-25T13:08:39.276Z,25.05,80.6,4379.5
dosel-sombra-01,2026-09-25T13:07:54.269Z,24.91,78.2,4330.4
dosel-sombra-01,2026-09-25T13:07:09.289Z,25.09,78.5,3461
dosel-sombra-01,2026-09-25T13:06:24.282Z,25.11,80.8,3688.2
dosel-sombra-01,2026-09-25T13:05:39.274Z,24.98,80.4,3374.1
dosel-sombra-01,2026-09-25T13:04:54.281Z,25.21,78.5,4422.5
dosel-sombra-01,2026-09-25T13:04:09.275Z,25.2,79.6,3891
dosel-sombra-01,2026-09-25T13:03:24.272Z,25.44,80.3,4283.7
dosel-sombra-01,2026-09-25T13:02:39.291Z,24.83,81,3548.8
dosel-sombra-01,2026-09-25T13:01:54.276Z,24.91,81.2,3694.1
dosel-sombra-01,2026-09-25T13:01:09.278Z,24.82,81.2,4093.4
dosel-sombra-01,2026-09-25T13:00:24.268Z,25.27,79.5,3801.2
dosel-sombra-01,2026-09-25T12:59:39.282Z,24.8,80.4,3221.7
dosel-sombra-01,2026-09-25T12:58:54.271Z,24.97,79.8,3311.7
dosel-sombra-01,2026-09-25T12:58:09.269Z,24.82,81.2,3939.2
dosel-sombra-01,2026-09-25T12:57:24.275Z,25.01,81.5,3230
dosel-sombra-01,2026-09-25T12:56:39.28Z,25.15,79.2,3370.6
dosel-sombra-01,2026-09-25T12:55:54.269Z,24.55,80.1,3358.9
dosel-sombra-01,2026-09-25T12:55:09.276Z,24.95,81.7,3507.3
dosel-sombra-01,2026-09-25T12:54:24.268Z,24.91,79.2,3876.5
dosel-sombra-01,2026-09-25T12:53:39.276Z,24.9,81,3478.8
dosel-sombra-01,2026-09-25T12:52:54.275Z,24.94,81.7,3861.5
dosel-sombra-01,2026-09-25T12:52:09.328Z,25.24,79,4114.6
dosel-sombra-01,2026-09-25T12:51:23.851Z,24.88,79.6,3861
dosel-sombra-01,2026-09-25T12:50:38.848Z,24.48,81.2,3074.4
dosel-sombra-01,2026-09-25T12:49:53.841Z,25.18,81.7,3839.6
dosel-sombra-01,2026-09-25T12:49:08.858Z,24.84,79.8,3749.9
dosel-sombra-01,2026-09-25T12:48:23.849Z,24.65,79.2,3018.4
dosel-sombra-01,2026-09-25T12:47:38.86Z,25.03,81.3,3240.9
dosel-sombra-01,2026-09-25T12:46:53.863Z,24.89,81.4,3350.7
dosel-sombra-01,2026-09-25T12:46:08.851Z,24.5,82,3515.1
dosel-sombra-01,2026-09-25T12:45:23.843Z,25.14,81.8,3250.4
dosel-sombra-01,2026-09-25T12:44:38.847Z,24.47,79.5,3738
dosel-sombra-01,2026-09-25T12:43:53.856Z,25.13,81,3162.2
dosel-sombra-01,2026-09-25T12:43:08.85Z,24.9,80.7,3847.5
dosel-sombra-01,2026-09-25T12:42:23.838Z,24.41,80.8,3151.3
dosel-sombra-01,2026-09-25T12:41:38.848Z,24.83,80.4,3829.4
dosel-sombra-01,2026-09-25T12:40:53.855Z,24.76,79.6,3036
dosel-sombra-01,2026-09-25T12:40:08.846Z,24.38,81.6,3654.1
dosel-sombra-01,2026-09-25T12:39:23.84Z,24.72,82.1,2802
dosel-sombra-01,2026-09-25T12:38:38.842Z,24.63,79.8,3604.1
dosel-sombra-01,2026-09-25T12:37:53.829Z,24.54,82.1,2658.5
dosel-sombra-01,2026-09-25T12:37:08.833Z,24.78,81.6,3369.3
dosel-sombra-01,2026-09-25T12:36:23.84Z,24.87,80,3537.7
dosel-sombra-01,2026-09-25T12:35:38.834Z,25.01,80.2,2761.6
dosel-sombra-01,2026-09-25T12:34:53.85Z,24.42,81,3382.7
dosel-sombra-01,2026-09-25T12:34:08.832Z,24.92,80.3,3201.4
dosel-sombra-01,2026-09-25T12:33:23.842Z,24.69,82.3,2744.6
dosel-sombra-01,2026-09-25T12:32:38.85Z,24.9,82.9,2478.5
dosel-sombra-01,2026-09-25T12:31:53.84Z,24.69,80.5,3349.8
dosel-sombra-01,2026-09-25T12:31:08.831Z,24.89,82.4,3033.7
dosel-sombra-01,2026-09-25T12:30:23.836Z,24.85,80.6,2456.2
dosel-sombra-01,2026-09-25T12:29:38.83Z,24.37,80.5,3268.2
dosel-sombra-01,2026-09-25T12:28:53.837Z,24.66,81.6,2981.2
dosel-sombra-01,2026-09-25T12:28:08.833Z,24.72,81.8,2979.7
dosel-sombra-01,2026-09-25T12:27:23.822Z,24.89,80.9,2689
dosel-sombra-01,2026-09-25T12:26:38.841Z,24.42,81.7,3009.6
dosel-sombra-01,2026-09-25T12:25:53.843Z,24.44,82,2595.1
dosel-sombra-01,2026-09-25T12:25:08.836Z,24.2,82.5,2877.6
dosel-sombra-01,2026-09-25T12:24:23.828Z,24.06,83.4,2951.9
dosel-sombra-01,2026-09-25T12:23:38.834Z,24.8,82,2403.9
dosel-sombra-01,2026-09-25T12:22:53.823Z,24.8,83.1,2334.7
dosel-sombra-01,2026-09-25T12:22:08.845Z,24.69,82.8,2753.6
dosel-sombra-01,2026-09-25T12:21:23.836Z,24.54,81.9,2913.1
dosel-sombra-01,2026-09-25T12:20:38.827Z,24.37,81.1,2449.1
dosel-sombra-01,2026-09-25T12:19:53.829Z,24.77,82.7,2276.6
dosel-sombra-01,2026-09-25T12:19:08.821Z,24.21,81.4,3000.3
dosel-sombra-01,2026-09-25T12:18:23.833Z,24.21,83.6,2285.1
dosel-sombra-01,2026-09-25T12:17:38.835Z,24.34,81.4,2123.1
dosel-sombra-01,2026-09-25T12:16:53.824Z,24.33,82.2,2806
dosel-sombra-01,2026-09-25T12:16:08.816Z,24.21,83.2,2711
dosel-sombra-01,2026-09-25T12:15:23.825Z,24.36,82.8,2752.4
dosel-sombra-01,2026-09-25T12:14:38.836Z,24.57,83.4,2287.6
dosel-sombra-01,2026-09-25T12:13:53.827Z,24.4,83.7,2357.2
dosel-sombra-01,2026-09-25T12:13:08.838Z,24.23,82.2,2022.4
dosel-sombra-01,2026-09-25T12:12:23.839Z,24,81.1,2058.9
dosel-sombra-01,2026-09-25T12:11:38.817Z,23.87,83.2,2684.6
dosel-sombra-01,2026-09-25T12:10:53.82Z,24.58,82,2079.3
dosel-sombra-01,2026-09-25T12:10:08.811Z,24.32,83.3,2412.3
dosel-sombra-01,2026-09-25T12:09:23.814Z,24.39,82.4,2231.2
dosel-sombra-01,2026-09-25T12:08:38.824Z,24.06,81.7,2111.5
dosel-sombra-01,2026-09-25T12:07:53.836Z,23.81,82.7,2576.2
dosel-sombra-01,2026-09-25T12:07:08.825Z,24.5,83.2,2139.6
dosel-sombra-01,2026-09-25T12:06:23.817Z,24.55,82.1,1979.4
dosel-sombra-01,2026-09-25T12:05:38.818Z,24.39,83.1,1774.4
dosel-sombra-01,2026-09-25T12:04:53.829Z,23.83,81.6,1925.1
dosel-sombra-01,2026-09-25T12:04:08.818Z,23.81,83.2,2111.9
dosel-sombra-01,2026-09-25T12:03:23.83Z,23.96,83.1,1974.2
dosel-sombra-01,2026-09-25T12:02:38.818Z,23.74,81.8,2160.1
dosel-sombra-01,2026-09-25T12:01:53.912Z,23.73,83,1708.6
dosel-sombra-01,2026-09-25T12:01:08.386Z,24.41,84,2124.3
dosel-sombra-01,2026-09-25T12:00:23.376Z,24.1,82.9,2100
dosel-sombra-01,2026-09-25T11:59:38.382Z,24.21,82.5,1742.8
dosel-sombra-01,2026-09-25T11:58:53.384Z,24.29,83.6,1667.7
dosel-sombra-01,2026-09-25T11:58:08.38Z,24.21,81.7,1966.6
dosel-sombra-01,2026-09-25T11:57:23.385Z,23.83,83.5,1758.7
dosel-sombra-01,2026-09-25T11:56:38.392Z,24,83.7,1673.8
dosel-sombra-01,2026-09-25T11:55:53.384Z,23.95,83.2,1673.2
dosel-sombra-01,2026-09-25T11:55:08.373Z,23.65,83.2,1891.6
dosel-sombra-01,2026-09-25T11:54:23.395Z,23.84,83.5,1513.6
dosel-sombra-01,2026-09-25T11:53:38.384Z,23.73,82.9,1913.9
dosel-sombra-01,2026-09-25T11:52:53.393Z,23.79,84.4,1689.9
dosel-sombra-01,2026-09-25T11:52:08.382Z,23.78,83.9,1888.8
dosel-sombra-01,2026-09-25T11:51:23.373Z,23.88,84.1,1840.4
dosel-sombra-01,2026-09-25T11:50:38.382Z,23.88,82.3,1686.9
dosel-sombra-01,2026-09-25T11:49:53.386Z,23.78,83.2,1486.9
dosel-sombra-01,2026-09-25T11:49:08.375Z,23.65,84.2,1547
dosel-sombra-01,2026-09-25T11:48:23.386Z,23.79,84.3,1332.7
dosel-sombra-01,2026-09-25T11:47:38.372Z,24.13,84.4,1466.4
dosel-sombra-01,2026-09-25T11:46:53.376Z,23.99,83.7,1520.7
dosel-sombra-01,2026-09-25T11:46:08.37Z,23.83,84.4,1586
dosel-sombra-01,2026-09-25T11:45:23.392Z,23.52,85.2,1644
dosel-sombra-01,2026-09-25T11:44:38.382Z,23.65,83.1,1366.8
dosel-sombra-01,2026-09-25T11:43:53.379Z,24.22,83.4,1231.7
dosel-sombra-01,2026-09-25T11:43:08.375Z,23.86,83.2,1317.6
dosel-sombra-01,2026-09-25T11:42:23.367Z,23.76,84.3,1224.1
dosel-sombra-01,2026-09-25T11:41:38.371Z,24.21,82.8,1460.4
dosel-sombra-01,2026-09-25T11:40:53.376Z,23.64,83.5,1396.9
dosel-sombra-01,2026-09-25T11:40:08.38Z,23.45,83.2,1234.3
dosel-sombra-01,2026-09-25T11:39:23.387Z,23.93,84.8,1482.3
dosel-sombra-01,2026-09-25T11:38:38.365Z,23.67,85.2,1176.4
dosel-sombra-01,2026-09-25T11:37:53.373Z,23.51,82.8,1194.6
dosel-sombra-01,2026-09-25T11:37:08.376Z,24.1,84.1,1217.3
dosel-sombra-01,2026-09-25T11:36:23.37Z,24,85,1258.5
dosel-sombra-01,2026-09-25T11:35:38.38Z,23.57,83.1,1227.6
dosel-sombra-01,2026-09-25T11:34:53.369Z,23.61,84.8,1294.8
dosel-sombra-01,2026-09-25T11:34:08.376Z,23.86,85.2,960.9
dosel-sombra-01,2026-09-25T11:33:23.371Z,23.94,85.4,1122.1
dosel-sombra-01,2026-09-25T11:32:38.371Z,23.71,83.5,1097.3
dosel-sombra-01,2026-09-25T11:31:53.359Z,23.68,85.7,989
dosel-sombra-01,2026-09-25T11:31:08.365Z,23.57,84.5,1160.4
dosel-sombra-01,2026-09-25T11:30:23.369Z,23.96,85.8,995.2
dosel-sombra-01,2026-09-25T11:29:38.361Z,23.9,86.1,1045.7
dosel-sombra-01,2026-09-25T11:28:53.355Z,23.89,85.2,1005.7
dosel-sombra-01,2026-09-25T11:28:08.367Z,23.48,85.5,833.2
dosel-sombra-01,2026-09-25T11:27:23.374Z,23.45,85.6,764.2
dosel-sombra-01,2026-09-25T11:26:38.364Z,23.28,85.9,900.3
dosel-sombra-01,2026-09-25T11:25:53.371Z,23.85,84.4,838
dosel-sombra-01,2026-09-25T11:25:08.376Z,23.38,85.2,884.4
dosel-sombra-01,2026-09-25T11:24:23.367Z,23.56,84,876.5
dosel-sombra-01,2026-09-25T11:23:38.376Z,23.51,85,804.8
dosel-sombra-01,2026-09-25T11:22:53.37Z,23.85,84.4,807.5
dosel-sombra-01,2026-09-25T11:22:08.373Z,23.72,85.3,672.1
dosel-sombra-01,2026-09-25T11:21:23.372Z,23.69,86,629.9
dosel-sombra-01,2026-09-25T11:20:38.361Z,23.42,84.3,763.4
dosel-sombra-01,2026-09-25T11:19:53.354Z,23.27,84.5,570.1
dosel-sombra-01,2026-09-25T11:19:08.363Z,23.44,83.9,678
dosel-sombra-01,2026-09-25T11:18:23.367Z,23.8,83.7,644.7
dosel-sombra-01,2026-09-25T11:17:38.373Z,23.68,84.6,583.6
dosel-sombra-01,2026-09-25T11:16:53.363Z,23.55,85.1,487.3
dosel-sombra-01,2026-09-25T11:16:08.365Z,23.62,85.4,544.4
dosel-sombra-01,2026-09-25T11:15:23.355Z,23.21,85.5,458.9
dosel-sombra-01,2026-09-25T11:14:38.36Z,23.76,85.3,405.1
dosel-sombra-01,2026-09-25T11:13:53.353Z,23.63,86.1,456.1
dosel-sombra-01,2026-09-25T11:13:08.364Z,23.42,84.8,465.4
dosel-sombra-01,2026-09-25T11:12:23.355Z,23.62,84.7,339.2
dosel-sombra-01,2026-09-25T11:11:38.436Z,23.4,85.5,397
dosel-sombra-01,2026-09-25T10:31:12.913Z,22.56,88.5,0
dosel-sombra-01,2026-09-25T10:30:27.903Z,22.96,88.1,0
dosel-sombra-01,2026-09-25T10:29:42.909Z,22.71,87.2,0
dosel-sombra-01,2026-09-25T10:28:57.916Z,22.66,86.4,0
dosel-sombra-01,2026-09-25T10:28:12.911Z,22.81,88.7,0
dosel-sombra-01,2026-09-25T10:27:27.908Z,22.92,87,0
dosel-sombra-01,2026-09-25T10:26:42.917Z,22.84,87.6,0
dosel-sombra-01,2026-09-25T10:25:57.907Z,22.75,86.7,0
dosel-sombra-01,2026-09-25T10:25:12.916Z,22.94,88.1,0
dosel-sombra-01,2026-09-25T10:24:27.918Z,22.42,86.4,0
dosel-sombra-01,2026-09-25T10:23:42.91Z,22.86,86.8,0
dosel-sombra-01,2026-09-25T10:22:57.902Z,22.96,88.7,0
dosel-sombra-01,2026-09-25T10:22:12.909Z,22.39,88,0
dosel-sombra-01,2026-09-25T10:21:27.899Z,22.74,87.5,0
dosel-sombra-01,2026-09-25T10:20:42.904Z,22.75,88.7,0
dosel-sombra-01,2026-09-25T10:19:57.895Z,22.4,87.1,0
dosel-sombra-01,2026-09-25T10:19:12.903Z,23.03,86.3,0
dosel-sombra-01,2026-09-25T10:18:27.893Z,22.74,89,0
dosel-sombra-01,2026-09-25T10:17:42.895Z,22.41,89.2,0
dosel-sombra-01,2026-09-25T10:16:57.896Z,22.94,87.9,0
dosel-sombra-01,2026-09-25T10:16:12.9Z,23.04,87.3,0
dosel-sombra-01,2026-09-25T10:15:27.905Z,22.3,87.6,0
dosel-sombra-01,2026-09-25T10:14:42.889Z,22.89,89.1,0
dosel-sombra-01,2026-09-25T10:13:57.892Z,22.34,89.4,0
dosel-sombra-01,2026-09-25T10:13:12.897Z,22.3,89.4,0
dosel-sombra-01,2026-09-25T10:12:27.903Z,22.63,88.8,0
dosel-sombra-01,2026-09-25T10:11:42.892Z,22.9,88.4,0
dosel-sombra-01,2026-09-25T10:10:57.895Z,22.5,88.9,0
dosel-sombra-01,2026-09-25T10:10:12.903Z,22.69,88.1,0
dosel-sombra-01,2026-09-25T10:09:27.905Z,22.36,89.3,0
dosel-sombra-01,2026-09-25T10:08:42.89Z,22.4,89.2,0
dosel-sombra-01,2026-09-25T10:07:57.894Z,22.66,89.4,0
dosel-sombra-01,2026-09-25T10:07:12.887Z,22.86,89.6,0
dosel-sombra-01,2026-09-25T10:06:27.891Z,22.56,86.9,0
dosel-sombra-01,2026-09-25T10:05:42.895Z,22.79,88.2,0
dosel-sombra-01,2026-09-25T10:04:57.898Z,22.65,87.4,0
dosel-sombra-01,2026-09-25T10:04:12.89Z,22.92,89.8,0
dosel-sombra-01,2026-09-25T10:03:27.881Z,22.85,88.2,0
dosel-sombra-01,2026-09-25T10:02:42.885Z,22.22,88.3,0
dosel-sombra-01,2026-09-25T10:01:57.903Z,22.29,88,0
dosel-sombra-01,2026-09-25T10:01:12.894Z,22.38,89.7,0
dosel-sombra-01,2026-09-25T10:00:27.887Z,22.23,88.1,0
dosel-sombra-01,2026-09-25T09:59:42.894Z,22.91,89.1,0
dosel-sombra-01,2026-09-25T09:58:57.883Z,22.49,89.6,0
dosel-sombra-01,2026-09-25T09:58:12.893Z,22.6,89.7,0
dosel-sombra-01,2026-09-25T09:57:27.883Z,22.68,89.7,0
dosel-sombra-01,2026-09-25T09:56:42.872Z,22.27,87.8,0
dosel-sombra-01,2026-09-25T09:55:57.881Z,22.26,89.2,0
dosel-sombra-01,2026-09-25T09:55:12.874Z,22.25,89.4,0
dosel-sombra-01,2026-09-25T09:54:27.877Z,22.44,87.9,0
dosel-sombra-01,2026-09-25T09:53:42.867Z,22.61,87.6,0
dosel-sombra-01,2026-09-25T09:52:57.877Z,22.07,89.6,0
dosel-sombra-01,2026-09-25T09:52:12.881Z,22.08,88.2,0
dosel-sombra-01,2026-09-25T09:51:27.886Z,22.33,89.5,0
dosel-sombra-01,2026-09-25T09:50:42.877Z,22.63,88.6,0
dosel-sombra-01,2026-09-25T09:49:57.876Z,22.34,88.9,0
dosel-sombra-01,2026-09-25T09:49:12.88Z,22.39,87.5,0
dosel-sombra-01,2026-09-25T09:48:27.877Z,22.73,89.5,0
dosel-sombra-01,2026-09-25T09:47:42.885Z,22.16,90.1,0
dosel-sombra-01,2026-09-25T09:46:57.875Z,22.17,89.9,0
dosel-sombra-01,2026-09-25T09:46:12.861Z,22.43,90,0
dosel-sombra-01,2026-09-25T09:45:27.865Z,21.99,88.4,0
dosel-sombra-01,2026-09-25T09:44:42.875Z,22.32,89.5,0
dosel-sombra-01,2026-09-25T09:43:57.878Z,22.55,89.8,0
dosel-sombra-01,2026-09-25T09:43:12.936Z,22.02,88.6,0
dosel-sombra-01,2026-09-25T09:42:27.424Z,22.38,87.7,0
dosel-sombra-01,2026-09-25T09:41:42.433Z,22.3,89.8,0
dosel-sombra-01,2026-09-25T09:40:57.423Z,22.44,90.1,0
dosel-sombra-01,2026-09-25T09:40:12.428Z,22.06,88.7,0
dosel-sombra-01,2026-09-25T09:39:27.44Z,22.55,90.4,0
dosel-sombra-01,2026-09-25T09:38:42.427Z,22.39,90,0
dosel-sombra-01,2026-09-25T09:37:57.423Z,22.44,89.6,0
dosel-sombra-01,2026-09-25T09:37:12.43Z,22.69,88.2,0
dosel-sombra-01,2026-09-25T09:36:27.419Z,21.96,88,0
dosel-sombra-01,2026-09-25T09:35:42.432Z,21.97,88,0
dosel-sombra-01,2026-09-25T09:34:57.435Z,22.02,90.4,0
dosel-sombra-01,2026-09-25T09:34:12.427Z,22.19,89.6,0
dosel-sombra-01,2026-09-25T09:33:27.429Z,21.92,88.5,0
dosel-sombra-01,2026-09-25T09:32:42.419Z,22.37,89.6,0
dosel-sombra-01,2026-09-25T09:31:57.422Z,22.36,88.6,0
dosel-sombra-01,2026-09-25T09:31:12.415Z,22.5,89.9,0
dosel-sombra-01,2026-09-25T09:30:27.413Z,22.2,88.6,0
dosel-sombra-01,2026-09-25T09:29:42.436Z,22.29,89.5,0
dosel-sombra-01,2026-09-25T09:28:57.427Z,22.14,89.1,0
dosel-sombra-01,2026-09-25T09:28:12.421Z,22.56,90.7,0
dosel-sombra-01,2026-09-25T09:27:27.413Z,22.35,89.3,0
dosel-sombra-01,2026-09-25T09:26:42.429Z,21.8,91.1,0
dosel-sombra-01,2026-09-25T09:25:57.427Z,22.24,89.4,0
dosel-sombra-01,2026-09-25T09:25:12.419Z,22.03,88.5,0
dosel-sombra-01,2026-09-25T09:24:27.425Z,22.06,89.7,0
dosel-sombra-01,2026-09-25T09:23:42.418Z,22.07,90.4,0
dosel-sombra-01,2026-09-25T09:22:57.429Z,22.46,88.9,0
dosel-sombra-01,2026-09-25T09:22:12.418Z,22.1,90.9,0
dosel-sombra-01,2026-09-25T09:21:27.423Z,22.22,90.7,0
dosel-sombra-01,2026-09-25T09:20:42.43Z,21.95,89.5,0
dosel-sombra-01,2026-09-25T09:19:57.415Z,22.15,89.2,0
dosel-sombra-01,2026-09-25T09:19:12.416Z,22.04,89,0
dosel-sombra-01,2026-09-25T09:18:27.423Z,22.48,90.9,0
dosel-sombra-01,2026-09-25T09:17:42.415Z,22.34,91.3,0
dosel-sombra-01,2026-09-25T09:16:57.402Z,22.3,88.7,0
dosel-sombra-01,2026-09-25T09:16:12.421Z,21.9,90.8,0
dosel-sombra-01,2026-09-25T09:15:27.411Z,21.88,89,0
dosel-sombra-01,2026-09-25T09:14:42.404Z,21.85,90.8,0
dosel-sombra-01,2026-09-25T09:13:57.424Z,22.34,88.9,0
dosel-sombra-01,2026-09-25T09:13:12.42Z,22.42,89,0
dosel-sombra-01,2026-09-25T09:12:27.411Z,22.43,89.3,0
dosel-sombra-01,2026-09-25T09:11:42.415Z,21.66,91,0
dosel-sombra-01,2026-09-25T09:10:57.414Z,21.92,88.9,0
dosel-sombra-01,2026-09-25T09:10:12.417Z,22.03,91.2,0
dosel-sombra-01,2026-09-25T09:09:27.406Z,21.78,90.6,0
dosel-sombra-01,2026-09-25T09:08:42.411Z,21.84,91.1,0
dosel-sombra-01,2026-09-25T09:07:57.413Z,21.88,91,0
dosel-sombra-01,2026-09-25T09:07:12.398Z,22.01,90.7,0
dosel-sombra-01,2026-09-25T09:06:27.401Z,21.96,89.9,0
dosel-sombra-01,2026-09-25T09:05:42.41Z,22.38,89.4,0
dosel-sombra-01,2026-09-25T09:04:57.41Z,21.64,90.9,0
dosel-sombra-01,2026-09-25T09:04:12.403Z,21.9,90.6,0
dosel-sombra-01,2026-09-25T09:03:27.4Z,21.87,91.4,0
dosel-sombra-01,2026-09-25T09:02:42.405Z,22.12,90.8,0
dosel-sombra-01,2026-09-25T09:01:57.41Z,21.95,90.3,0
dosel-sombra-01,2026-09-25T09:01:12.402Z,21.77,89.2,0
dosel-sombra-01,2026-09-25T09:00:27.409Z,21.76,91.3,0
dosel-sombra-01,2026-09-25T08:59:42.418Z,22,90.8,0
dosel-sombra-01,2026-09-25T08:58:57.39Z,21.63,91.8,0
dosel-sombra-01,2026-09-25T08:58:12.411Z,22,89,0
dosel-sombra-01,2026-09-25T08:57:27.399Z,22.18,90,0
dosel-sombra-01,2026-09-25T08:56:42.401Z,22.02,90.4,0
dosel-sombra-01,2026-09-25T08:55:57.399Z,22.1,90.4,0
dosel-sombra-01,2026-09-25T08:55:12.401Z,22.19,91.5,0
dosel-sombra-01,2026-09-25T08:54:27.393Z,21.73,89.1,0
dosel-sombra-01,2026-09-25T08:53:42.4Z,22.24,89.8,0
dosel-sombra-01,2026-09-25T08:52:57.456Z,22.04,90,0
dosel-sombra-01,2026-09-25T08:52:11.977Z,22.15,89.5,0
dosel-sombra-01,2026-09-25T08:51:26.982Z,21.55,90.1,0
dosel-sombra-01,2026-09-25T08:50:41.975Z,22.16,91.6,0
dosel-sombra-01,2026-09-25T08:49:56.979Z,21.61,90.7,0
dosel-sombra-01,2026-09-25T08:49:11.971Z,22.03,90.4,0
dosel-sombra-01,2026-09-25T08:48:26.977Z,21.97,90,0
dosel-sombra-01,2026-09-25T08:47:41.969Z,22.05,91,0
dosel-sombra-01,2026-09-25T08:46:56.973Z,22.18,90.7,0
dosel-sombra-01,2026-09-25T08:46:11.981Z,22.16,91.7,0
dosel-sombra-01,2026-09-25T08:45:26.969Z,21.79,91.5,0
dosel-sombra-01,2026-09-25T08:44:41.976Z,21.9,89.8,0
dosel-sombra-01,2026-09-25T08:43:56.965Z,21.67,90.6,0
dosel-sombra-01,2026-09-25T08:43:11.976Z,21.69,90.9,0
dosel-sombra-01,2026-09-25T08:42:26.965Z,22.05,92,0
dosel-sombra-01,2026-09-25T08:41:41.974Z,21.85,91.5,0
dosel-sombra-01,2026-09-25T08:40:56.962Z,21.58,90,0
dosel-sombra-01,2026-09-25T08:40:11.971Z,21.59,90,0
dosel-sombra-01,2026-09-25T08:39:26.979Z,21.85,91.6,0
dosel-sombra-01,2026-09-25T08:38:41.965Z,21.9,91.5,0
dosel-sombra-01,2026-09-25T08:37:56.971Z,21.96,89.9,0
dosel-sombra-01,2026-09-25T08:37:11.959Z,22.04,91.6,0
dosel-sombra-01,2026-09-25T08:36:26.965Z,22.18,90.7,0
dosel-sombra-01,2026-09-25T08:35:41.953Z,22.1,90.4,0
dosel-sombra-01,2026-09-25T08:34:56.971Z,22.16,90.8,0
dosel-sombra-01,2026-09-25T08:34:11.964Z,21.97,91.9,0
dosel-sombra-01,2026-09-25T08:33:26.963Z,21.92,89.9,0
dosel-sombra-01,2026-09-25T08:32:41.961Z,22.14,90.3,0
dosel-sombra-01,2026-09-25T08:31:56.972Z,21.51,92.3,0
dosel-sombra-01,2026-09-25T08:31:11.949Z,21.54,92.4,0
dosel-sombra-01,2026-09-25T08:30:26.963Z,22.16,90,0
dosel-sombra-01,2026-09-25T08:29:41.97Z,22.07,91,0
dosel-sombra-01,2026-09-25T08:28:56.97Z,22.02,90.2,0
dosel-sombra-01,2026-09-25T08:28:11.953Z,21.93,91.5,0
dosel-sombra-01,2026-09-25T08:27:26.96Z,21.47,91.1,0
dosel-sombra-01,2026-09-25T08:26:41.964Z,21.62,91.1,0
dosel-sombra-01,2026-09-25T08:25:56.953Z,21.88,90.2,0
dosel-sombra-01,2026-09-25T08:25:11.95Z,21.56,91.6,0
dosel-sombra-01,2026-09-25T08:24:26.945Z,21.72,91.6,0
dosel-sombra-01,2026-09-25T08:23:41.964Z,21.98,91.4,0
dosel-sombra-01,2026-09-25T08:22:56.944Z,21.82,91.7,0
dosel-sombra-01,2026-09-25T08:22:11.957Z,21.7,89.8,0
dosel-sombra-01,2026-09-25T08:21:26.947Z,21.66,92.3,0
dosel-sombra-01,2026-09-25T08:20:41.941Z,21.36,91.8,0
dosel-sombra-01,2026-09-25T08:19:56.951Z,21.32,91,0
dosel-sombra-01,2026-09-25T08:19:11.959Z,21.65,91.8,0
dosel-sombra-01,2026-09-25T08:18:26.951Z,21.62,92.2,0
dosel-sombra-01,2026-09-25T08:17:41.945Z,21.58,90,0
dosel-sombra-01,2026-09-25T08:16:56.949Z,21.4,91.1,0
dosel-sombra-01,2026-09-25T08:16:11.958Z,21.71,92,0
dosel-sombra-01,2026-09-25T08:15:26.963Z,21.47,91.4,0
dosel-sombra-01,2026-09-25T08:14:41.94Z,21.43,91,0
dosel-sombra-01,2026-09-25T08:13:56.949Z,21.77,90.5,0
dosel-sombra-01,2026-09-25T08:13:11.944Z,21.9,91.6,0
dosel-sombra-01,2026-09-25T08:12:26.946Z,21.86,92.9,0
dosel-sombra-01,2026-09-25T08:11:41.953Z,21.66,91.1,0
dosel-sombra-01,2026-09-25T08:10:56.954Z,21.96,91.8,0
dosel-sombra-01,2026-09-25T08:10:11.942Z,21.58,91.4,0
dosel-sombra-01,2026-09-25T08:09:26.946Z,21.97,90.4,0
dosel-sombra-01,2026-09-25T08:08:41.942Z,21.34,91.7,0
dosel-sombra-01,2026-09-25T08:07:56.947Z,21.34,91.4,0
dosel-sombra-01,2026-09-25T08:07:11.949Z,21.41,91.6,0
dosel-sombra-01,2026-09-25T08:06:26.957Z,21.88,91.7,0
dosel-sombra-01,2026-09-25T08:05:41.934Z,21.88,92.2,0
dosel-sombra-01,2026-09-25T08:04:56.942Z,21.42,92.6,0
dosel-sombra-01,2026-09-25T08:04:11.935Z,21.47,91.6,0
dosel-sombra-01,2026-09-25T08:03:26.946Z,21.67,91.4,0
dosel-sombra-01,2026-09-25T08:02:42.017Z,21.79,92.3,0
dosel-sombra-01,2026-09-25T08:01:56.511Z,21.31,90.9,0
dosel-sombra-01,2026-09-25T08:01:11.515Z,21.25,92.9,0
dosel-sombra-01,2026-09-25T08:00:26.536Z,21.48,91,0
dosel-sombra-01,2026-09-25T07:59:41.524Z,21.87,92,0
dosel-sombra-01,2026-09-25T07:58:56.518Z,21.35,92.9,0
dosel-sombra-01,2026-09-25T07:58:11.513Z,21.53,91.5,0
dosel-sombra-01,2026-09-25T07:57:26.52Z,21.61,93.1,0
dosel-sombra-01,2026-09-25T07:56:41.51Z,21.59,90.3,0
dosel-sombra-01,2026-09-25T07:55:56.516Z,21.46,91.2,0
dosel-sombra-01,2026-09-25T07:55:11.523Z,21.25,91,0
dosel-sombra-01,2026-09-25T07:54:26.519Z,21.46,91.1,0
dosel-sombra-01,2026-09-25T07:53:41.513Z,21.46,91.3,0
dosel-sombra-01,2026-09-25T07:52:56.507Z,21.7,90.8,0
dosel-sombra-01,2026-09-25T07:52:11.514Z,21.57,92.6,0
dosel-sombra-01,2026-09-25T07:51:26.506Z,21.28,91.2,0
dosel-sombra-01,2026-09-25T07:50:41.519Z,21.41,91.2,0
dosel-sombra-01,2026-09-25T07:49:56.51Z,21.66,91.2,0
dosel-sombra-01,2026-09-25T07:49:11.501Z,21.27,90.8,0
dosel-sombra-01,2026-09-25T07:48:26.513Z,21.48,90.6,0
dosel-sombra-01,2026-09-25T07:47:41.522Z,21.47,93,0
dosel-sombra-01,2026-09-25T07:46:56.512Z,21.51,91.2,0
dosel-sombra-01,2026-09-25T07:46:11.501Z,21.63,91.8,0
dosel-sombra-01,2026-09-25T07:45:26.505Z,21.79,92.8,0
dosel-sombra-01,2026-09-25T07:44:41.497Z,21.5,90.6,0
dosel-sombra-01,2026-09-25T07:43:56.518Z,21.29,92.5,0
dosel-sombra-01,2026-09-25T07:43:11.51Z,21.44,90.8,0
dosel-sombra-01,2026-09-25T07:42:26.517Z,21.48,92.3,0
dosel-sombra-01,2026-09-25T07:41:41.495Z,21.17,90.7,0
dosel-sombra-01,2026-09-25T07:40:56.518Z,21.59,91.4,0
dosel-sombra-01,2026-09-25T07:40:11.509Z,21.25,90.9,0
dosel-sombra-01,2026-09-25T07:39:26.497Z,21.64,92.9,0
dosel-sombra-01,2026-09-25T07:38:41.505Z,21.66,90.3,0
dosel-sombra-01,2026-09-25T07:37:56.514Z,21.76,92.1,0
dosel-sombra-01,2026-09-25T07:37:11.502Z,21.7,93,0
dosel-sombra-01,2026-09-25T07:36:26.506Z,21.5,91.7,0
dosel-sombra-01,2026-09-25T07:35:41.512Z,21.55,92.9,0
dosel-sombra-01,2026-09-25T07:34:56.513Z,21.47,92.1,0
dosel-sombra-01,2026-09-25T07:34:11.508Z,21.37,92.5,0
dosel-sombra-01,2026-09-25T07:33:26.497Z,21.43,91.3,0
dosel-sombra-01,2026-09-25T07:32:41.503Z,21.48,93,0
dosel-sombra-01,2026-09-25T07:31:56.507Z,21.37,92.2,0
dosel-sombra-01,2026-09-25T07:31:11.496Z,21.39,91.4,0
dosel-sombra-01,2026-09-25T07:30:26.501Z,21.77,93.3,0
dosel-sombra-01,2026-09-25T07:29:41.505Z,21.75,92.7,0
dosel-sombra-01,2026-09-25T07:28:56.497Z,21.34,91.9,0
dosel-sombra-01,2026-09-25T07:28:11.495Z,21.19,92.1,0
dosel-sombra-01,2026-09-25T07:27:26.501Z,21.57,92.3,0
dosel-sombra-01,2026-09-25T07:26:41.49Z,21.66,91.7,0
dosel-sombra-01,2026-09-25T07:25:56.496Z,21.43,92.7,0
dosel-sombra-01,2026-09-25T07:25:11.502Z,21.35,90.9,0
dosel-sombra-01,2026-09-25T07:24:26.491Z,21.32,92.3,0
dosel-sombra-01,2026-09-25T07:23:41.5Z,21.69,92.9,0
dosel-sombra-01,2026-09-25T07:22:56.491Z,21.6,93.3,0
dosel-sombra-01,2026-09-25T07:22:11.499Z,21.23,91.7,0
dosel-sombra-01,2026-09-25T07:21:26.495Z,21.54,91.4,0
dosel-sombra-01,2026-09-25T07:20:41.496Z,21.86,90.7,0
dosel-sombra-01,2026-09-25T07:19:56.498Z,21.41,92.4,0
dosel-sombra-01,2026-09-25T07:19:11.504Z,21.34,91.1,0
dosel-sombra-01,2026-09-25T07:18:26.498Z,21.73,90.7,0
dosel-sombra-01,2026-09-25T07:17:41.481Z,21.46,91.3,0
dosel-sombra-01,2026-09-25T07:16:56.488Z,21.41,91.3,0
dosel-sombra-01,2026-09-25T07:16:11.496Z,21.67,91.1,0
dosel-sombra-01,2026-09-25T07:15:26.497Z,21.33,91.1,0
dosel-sombra-01,2026-09-25T07:14:41.49Z,21.52,92.5,0
dosel-sombra-01,2026-09-25T07:13:56.494Z,21.74,93,0
dosel-sombra-01,2026-09-25T07:13:11.475Z,21.21,93.2,0
dosel-sombra-01,2026-09-25T07:12:26.589Z,21.85,90.8,0
dosel-sombra-01,2026-09-25T07:11:41.066Z,21.43,92.1,0
dosel-sombra-01,2026-09-25T07:10:56.056Z,21.78,90.9,0
dosel-sombra-01,2026-09-25T07:10:11.047Z,21.34,91.6,0
dosel-sombra-01,2026-09-25T07:09:26.059Z,21.89,92.7,0
dosel-sombra-01,2026-09-25T07:08:41.053Z,21.81,93,0
dosel-sombra-01,2026-09-25T07:07:56.054Z,21.56,90.7,0
dosel-sombra-01,2026-09-25T07:07:11.054Z,21.81,92.3,0
dosel-sombra-01,2026-09-25T07:06:26.044Z,21.73,91.1,0
dosel-sombra-01,2026-09-25T07:05:41.064Z,21.32,91.3,0
dosel-sombra-01,2026-09-25T07:04:56.056Z,21.13,90.8,0
dosel-sombra-01,2026-09-25T07:04:11.059Z,21.86,92.6,0
dosel-sombra-01,2026-09-25T07:03:26.05Z,21.17,90.5,0
dosel-sombra-01,2026-09-25T07:02:41.055Z,21.15,93.2,0
dosel-sombra-01,2026-09-25T07:01:56.058Z,21.78,91.4,0
dosel-sombra-01,2026-09-25T07:01:11.047Z,21.17,92,0
dosel-sombra-01,2026-09-25T07:00:26.05Z,21.24,93,0
dosel-sombra-01,2026-09-25T06:59:41.054Z,21.18,93.4,0
dosel-sombra-01,2026-09-25T06:58:56.038Z,21.28,91.2,0
dosel-sombra-01,2026-09-25T06:58:11.046Z,21.44,92.9,0
dosel-sombra-01,2026-09-25T06:57:26.05Z,21.72,91.4,0
dosel-sombra-01,2026-09-25T06:56:41.042Z,21.56,91.2,0
dosel-sombra-01,2026-09-25T06:55:56.042Z,21.76,91.7,0
dosel-sombra-01,2026-09-25T06:55:11.037Z,21.75,92.4,0
dosel-sombra-01,2026-09-25T06:54:26.043Z,21.5,90.6,0
dosel-sombra-01,2026-09-25T06:53:41.052Z,21.63,92,0
dosel-sombra-01,2026-09-25T06:52:56.04Z,21.21,90.8,0
dosel-sombra-01,2026-09-25T06:52:11.04Z,21.22,90.8,0
dosel-sombra-01,2026-09-25T06:51:26.05Z,21.51,91.9,0
dosel-sombra-01,2026-09-25T06:50:41.029Z,21.15,92.6,0
dosel-sombra-01,2026-09-25T06:49:56.046Z,21.27,92,0
dosel-sombra-01,2026-09-25T06:49:11.031Z,21.76,92.4,0
dosel-sombra-01,2026-09-25T06:48:26.028Z,21.84,91.3,0
dosel-sombra-01,2026-09-25T06:47:41.036Z,21.28,93.2,0
dosel-sombra-01,2026-09-25T06:46:56.038Z,21.16,92.7,0
dosel-sombra-01,2026-09-25T06:46:11.031Z,21.57,91.9,0
dosel-sombra-01,2026-09-25T06:45:26.033Z,21.38,92,0
dosel-sombra-01,2026-09-25T06:44:41.039Z,21.21,91.3,0
dosel-sombra-01,2026-09-25T06:43:56.037Z,21.48,93,0
dosel-sombra-01,2026-09-25T06:43:11.048Z,21.53,91.4,0
dosel-sombra-01,2026-09-25T06:42:26.035Z,21.44,91,0
dosel-sombra-01,2026-09-25T06:41:41.043Z,21.36,90.7,0
dosel-sombra-01,2026-09-25T06:40:56.046Z,21.2,92.7,0
dosel-sombra-01,2026-09-25T06:40:11.019Z,21.69,91.9,0
dosel-sombra-01,2026-09-25T06:39:26.039Z,21.72,93.4,0
dosel-sombra-01,2026-09-25T06:38:41.02Z,21.71,93.3,0
dosel-sombra-01,2026-09-25T06:37:56.025Z,21.38,91.7,0
dosel-sombra-01,2026-09-25T06:37:11.024Z,21.55,92.7,0
dosel-sombra-01,2026-09-25T06:36:26.034Z,21.26,91.9,0
dosel-sombra-01,2026-09-25T06:35:41.025Z,21.39,92.9,0
dosel-sombra-01,2026-09-25T06:34:56.034Z,21.74,91.8,0
dosel-sombra-01,2026-09-25T06:34:11.044Z,21.78,92.4,0
dosel-sombra-01,2026-09-25T06:33:26.034Z,21.63,92.6,0
dosel-sombra-01,2026-09-25T06:32:41.038Z,21.18,90.9,0
dosel-sombra-01,2026-09-25T06:31:56.025Z,21.71,92.6,0
dosel-sombra-01,2026-09-25T06:31:11.03Z,21.38,91.7,0
dosel-sombra-01,2026-09-25T06:30:26.023Z,21.72,92.1,0
dosel-sombra-01,2026-09-25T06:29:41.027Z,21.49,90.6,0
dosel-sombra-01,2026-09-25T06:28:56.02Z,21.93,91.9,0
dosel-sombra-01,2026-09-25T06:28:11.015Z,21.62,91.4,0
dosel-sombra-01,2026-09-25T06:27:26.018Z,21.28,91.1,0
dosel-sombra-01,2026-09-25T06:26:41.024Z,21.4,92.7,0
dosel-sombra-01,2026-09-25T06:25:56.024Z,21.5,90.7,0
dosel-sombra-01,2026-09-25T06:25:11.029Z,21.42,91.8,0
dosel-sombra-01,2026-09-25T06:24:26.022Z,21.83,92.4,0
dosel-sombra-01,2026-09-25T06:23:41.011Z,21.22,91.4,0
dosel-sombra-01,2026-09-25T06:22:56.024Z,21.87,90.5,0
dosel-sombra-01,2026-09-25T06:22:11.079Z,21.31,92.6,0
dosel-sombra-01,2026-09-25T06:21:25.6Z,21.39,93.1,0
dosel-sombra-01,2026-09-25T06:20:40.607Z,21.63,92.5,0
dosel-sombra-01,2026-09-25T06:19:55.594Z,21.43,93,0
dosel-sombra-01,2026-09-25T06:19:10.594Z,21.41,91.6,0
dosel-sombra-01,2026-09-25T06:18:25.608Z,21.48,91,0
dosel-sombra-01,2026-09-25T06:17:40.597Z,21.41,92.1,0
dosel-sombra-01,2026-09-25T06:16:55.589Z,21.73,90.8,0
dosel-sombra-01,2026-09-25T06:16:10.596Z,21.53,91.7,0
dosel-sombra-01,2026-09-25T06:15:25.594Z,21.51,91.8,0
dosel-sombra-01,2026-09-25T06:14:40.593Z,21.22,93.3,0
dosel-sombra-01,2026-09-25T06:13:55.599Z,21.86,92.5,0
dosel-sombra-01,2026-09-25T06:13:10.594Z,21.48,91.5,0
dosel-sombra-01,2026-09-25T06:12:25.582Z,21.49,91.4,0
dosel-sombra-01,2026-09-25T06:11:40.591Z,21.33,93.2,0
dosel-sombra-01,2026-09-25T06:10:55.593Z,21.82,92.9,0
dosel-sombra-01,2026-09-25T06:10:10.592Z,21.55,91.9,0
dosel-sombra-01,2026-09-25T06:09:25.595Z,21.22,90.9,0
dosel-sombra-01,2026-09-25T06:08:40.602Z,21.89,92.4,0
dosel-sombra-01,2026-09-25T06:07:55.592Z,21.6,90.7,0
dosel-sombra-01,2026-09-25T06:07:10.597Z,21.45,91.5,0
dosel-sombra-01,2026-09-25T06:06:25.587Z,21.52,91.8,0
dosel-sombra-01,2026-09-25T06:05:40.595Z,21.88,93.1,0
dosel-sombra-01,2026-09-25T06:04:55.59Z,21.93,90.3,0
dosel-sombra-01,2026-09-25T06:04:10.597Z,21.55,91.3,0
dosel-sombra-01,2026-09-25T06:03:25.58Z,21.75,91.1,0
dosel-sombra-01,2026-09-25T06:02:40.585Z,21.33,90.2,0
dosel-sombra-01,2026-09-25T06:01:55.587Z,21.7,92.3,0
dosel-sombra-01,2026-09-25T06:01:10.578Z,21.87,92,0
dosel-sombra-01,2026-09-25T06:00:25.586Z,21.92,90.9,0
dosel-sombra-01,2026-09-25T05:59:40.576Z,21.9,90.3,0
dosel-sombra-01,2026-09-25T05:58:55.583Z,21.45,91.5,0
dosel-sombra-01,2026-09-25T05:58:10.595Z,21.44,91.8,0
dosel-sombra-01,2026-09-25T05:57:25.579Z,21.25,92.7,0
dosel-sombra-01,2026-09-25T05:56:40.584Z,21.25,90.2,0
dosel-sombra-01,2026-09-25T05:55:55.591Z,21.3,90.6,0
dosel-sombra-01,2026-09-25T05:55:10.583Z,21.57,91.5,0
dosel-sombra-01,2026-09-25T05:54:25.589Z,21.4,92.1,0
dosel-sombra-01,2026-09-25T05:53:40.595Z,21.67,92.9,0
dosel-sombra-01,2026-09-25T05:52:55.568Z,21.39,91.1,0
dosel-sombra-01,2026-09-25T05:52:10.573Z,21.5,92.3,0
dosel-sombra-01,2026-09-25T05:51:25.566Z,21.51,92.9,0
dosel-sombra-01,2026-09-25T05:50:40.588Z,21.37,90.4,0
dosel-sombra-01,2026-09-25T05:49:55.576Z,21.52,92,0
dosel-sombra-01,2026-09-25T05:49:10.566Z,21.53,90,0
dosel-sombra-01,2026-09-25T05:48:25.578Z,21.69,90.7,0
dosel-sombra-01,2026-09-25T05:47:40.584Z,21.62,91.8,0
dosel-sombra-01,2026-09-25T05:46:55.574Z,21.95,92.5,0
dosel-sombra-01,2026-09-25T05:46:10.582Z,21.56,91.4,0
dosel-sombra-01,2026-09-25T05:45:25.572Z,21.53,89.9,0
dosel-sombra-01,2026-09-25T05:44:40.588Z,21.85,90.9,0
dosel-sombra-01,2026-09-25T05:43:55.581Z,21.72,91.4,0
dosel-sombra-01,2026-09-25T05:43:10.565Z,21.48,92.1,0
dosel-sombra-01,2026-09-25T05:42:25.588Z,21.96,90.7,0
dosel-sombra-01,2026-09-25T05:41:40.58Z,22.03,91,0
dosel-sombra-01,2026-09-25T05:40:55.566Z,22.1,90.7,0
dosel-sombra-01,2026-09-25T05:40:10.573Z,22.05,91.4,0
dosel-sombra-01,2026-09-25T05:39:25.58Z,21.51,91.1,0
dosel-sombra-01,2026-09-25T05:38:40.569Z,21.97,89.8,0
dosel-sombra-01,2026-09-25T05:37:55.561Z,21.4,91.5,0
dosel-sombra-01,2026-09-25T05:37:10.563Z,21.74,91.5,0
dosel-sombra-01,2026-09-25T05:36:25.572Z,21.67,92.5,0
dosel-sombra-01,2026-09-25T05:35:40.563Z,21.41,90.8,0
dosel-sombra-01,2026-09-25T05:34:55.568Z,21.42,90.9,0
dosel-sombra-01,2026-09-25T05:34:10.561Z,21.9,90.8,0
dosel-sombra-01,2026-09-25T05:33:25.562Z,21.93,90.1,0
dosel-sombra-01,2026-09-25T05:32:40.569Z,21.88,91.6,0
dosel-sombra-01,2026-09-25T05:31:55.684Z,21.92,89.6,0
dosel-sombra-01,2026-09-25T04:51:10.127Z,22.26,90.8,0
dosel-sombra-01,2026-09-25T04:50:25.106Z,22.11,90.7,0
dosel-sombra-01,2026-09-25T04:49:40.108Z,22.27,90.3,0
dosel-sombra-01,2026-09-25T04:48:55.114Z,22.04,90.9,0
dosel-sombra-01,2026-09-25T04:48:10.111Z,22.39,91.4,0
dosel-sombra-01,2026-09-25T04:47:25.103Z,22.17,89.2,0
dosel-sombra-01,2026-09-25T04:46:40.108Z,22.04,90,0
dosel-sombra-01,2026-09-25T04:45:55.099Z,21.94,90.8,0
dosel-sombra-01,2026-09-25T04:45:10.105Z,22.26,90.8,0
dosel-sombra-01,2026-09-25T04:44:25.11Z,21.74,90.8,0
dosel-sombra-01,2026-09-25T04:43:40.099Z,22.26,89.8,0
dosel-sombra-01,2026-09-25T04:42:55.111Z,22.11,90.9,0
dosel-sombra-01,2026-09-25T04:42:10.114Z,22.14,90.5,0
dosel-sombra-01,2026-09-25T04:41:25.108Z,21.98,89.6,0
dosel-sombra-01,2026-09-25T04:40:40.115Z,21.91,89.3,0
dosel-sombra-01,2026-09-25T04:39:55.105Z,22.44,89.2,0
dosel-sombra-01,2026-09-25T04:39:10.115Z,22.48,88.3,0
dosel-sombra-01,2026-09-25T04:38:25.112Z,22.49,91,0
dosel-sombra-01,2026-09-25T04:37:40.12Z,22.05,90.2,0
dosel-sombra-01,2026-09-25T04:36:55.107Z,22.02,89.7,0
dosel-sombra-01,2026-09-25T04:36:10.116Z,22.22,90.6,0
dosel-sombra-01,2026-09-25T04:35:25.108Z,21.96,90.1,0
dosel-sombra-01,2026-09-25T04:34:40.101Z,21.85,90.1,0
dosel-sombra-01,2026-09-25T04:33:55.108Z,22.11,88.8,0
dosel-sombra-01,2026-09-25T04:33:10.092Z,21.86,89.3,0
dosel-sombra-01,2026-09-25T04:32:25.099Z,21.89,89.9,0
dosel-sombra-01,2026-09-25T04:31:40.109Z,21.92,88.5,0
dosel-sombra-01,2026-09-25T04:30:55.1Z,21.9,88.7,0
dosel-sombra-01,2026-09-25T04:30:10.091Z,22.34,89.8,0
dosel-sombra-01,2026-09-25T04:29:25.111Z,22.24,89,0
dosel-sombra-01,2026-09-25T04:28:40.102Z,22.36,89,0
dosel-sombra-01,2026-09-25T04:27:55.111Z,22.4,89.2,0
dosel-sombra-01,2026-09-25T04:27:10.102Z,21.92,90.5,0
dosel-sombra-01,2026-09-25T04:26:25.095Z,22.03,90.8,0
dosel-sombra-01,2026-09-25T04:25:40.102Z,22.06,89.6,0
dosel-sombra-01,2026-09-25T04:24:55.106Z,22.04,88.9,0
dosel-sombra-01,2026-09-25T04:24:10.085Z,22.13,88.9,0
dosel-sombra-01,2026-09-25T04:23:25.092Z,22.21,89.3,0
dosel-sombra-01,2026-09-25T04:22:40.095Z,22.49,88.8,0
dosel-sombra-01,2026-09-25T04:21:55.099Z,22.16,88.7,0
dosel-sombra-01,2026-09-25T04:21:10.106Z,21.99,90.6,0
dosel-sombra-01,2026-09-25T04:20:25.11Z,22.36,87.9,0
dosel-sombra-01,2026-09-25T04:19:40.089Z,21.93,90.4,0
dosel-sombra-01,2026-09-25T04:18:55.092Z,22.52,90,0
dosel-sombra-01,2026-09-25T04:18:10.087Z,22.46,90.5,0
dosel-sombra-01,2026-09-25T04:17:25.089Z,22.02,89.3,0
dosel-sombra-01,2026-09-25T04:16:40.092Z,22.15,88.4,0
dosel-sombra-01,2026-09-25T04:15:55.099Z,22.02,88.8,0
dosel-sombra-01,2026-09-25T04:15:10.093Z,22.09,90.5,0
dosel-sombra-01,2026-09-25T04:14:25.099Z,22.57,87.8,0
dosel-sombra-01,2026-09-25T04:13:40.093Z,22.31,89.1,0
dosel-sombra-01,2026-09-25T04:12:55.098Z,22.11,90,0
dosel-sombra-01,2026-09-25T04:12:10.09Z,22.48,89.2,0
dosel-sombra-01,2026-09-25T04:11:25.084Z,22.78,87.5,0
dosel-sombra-01,2026-09-25T04:10:40.089Z,22.65,89.7,0
dosel-sombra-01,2026-09-25T04:09:55.077Z,22.46,87.4,0
dosel-sombra-01,2026-09-25T04:09:10.091Z,22.19,88.1,0
dosel-sombra-01,2026-09-25T04:08:25.083Z,22.07,88.8,0
dosel-sombra-01,2026-09-25T04:07:40.089Z,22.79,88.8,0
dosel-sombra-01,2026-09-25T04:06:55.081Z,22.57,87.2,0
dosel-sombra-01,2026-09-25T04:06:10.086Z,22.86,89.8,0
dosel-sombra-01,2026-09-25T04:05:25.088Z,22.46,90.1,0
dosel-sombra-01,2026-09-25T04:04:40.083Z,22.7,89.5,0
dosel-sombra-01,2026-09-25T04:03:55.072Z,22.32,89.2,0
dosel-sombra-01,2026-09-25T04:03:10.174Z,22.17,89.8,0
dosel-sombra-01,2026-09-25T04:02:24.662Z,22.11,89.6,0
dosel-sombra-01,2026-09-25T04:01:39.666Z,22.79,87.9,0
dosel-sombra-01,2026-09-25T04:00:54.656Z,22.31,89.3,0
dosel-sombra-01,2026-09-25T04:00:09.673Z,22.86,89.2,0
dosel-sombra-01,2026-09-25T03:59:24.663Z,22.33,89.3,0
dosel-sombra-01,2026-09-25T03:58:39.669Z,22.43,88.1,0
dosel-sombra-01,2026-09-25T03:57:54.665Z,22.77,89.2,0
dosel-sombra-01,2026-09-25T03:57:09.671Z,22.34,88.4,0
dosel-sombra-01,2026-09-25T03:56:24.662Z,22.44,89.4,0
dosel-sombra-01,2026-09-25T03:55:39.666Z,22.33,88.1,0
dosel-sombra-01,2026-09-25T03:54:54.672Z,22.33,87.4,0
dosel-sombra-01,2026-09-25T03:54:09.663Z,22.39,89.7,0
dosel-sombra-01,2026-09-25T03:53:24.659Z,22.92,88.1,0
dosel-sombra-01,2026-09-25T03:52:39.644Z,22.8,88.1,0
dosel-sombra-01,2026-09-25T03:51:54.65Z,22.61,88.5,0
dosel-sombra-01,2026-09-25T03:51:09.656Z,22.89,87.5,0
dosel-sombra-01,2026-09-25T03:50:24.647Z,22.86,88.1,0
dosel-sombra-01,2026-09-25T03:49:39.654Z,22.37,88.5,0
dosel-sombra-01,2026-09-25T03:48:54.646Z,22.59,87.9,0
dosel-sombra-01,2026-09-25T03:48:09.66Z,22.6,87.6,0
dosel-sombra-01,2026-09-25T03:47:24.667Z,22.58,89.4,0
dosel-sombra-01,2026-09-25T03:46:39.66Z,22.33,89.3,0
dosel-sombra-01,2026-09-25T03:45:54.654Z,22.44,86.7,0
dosel-sombra-01,2026-09-25T03:45:09.645Z,23.07,87.3,0
dosel-sombra-01,2026-09-25T03:44:24.658Z,22.96,88.5,0
dosel-sombra-01,2026-09-25T03:43:39.666Z,22.32,87.2,0
dosel-sombra-01,2026-09-25T03:42:54.643Z,22.37,86.8,0
dosel-sombra-01,2026-09-25T03:42:09.65Z,22.52,88.9,0
dosel-sombra-01,2026-09-25T03:41:24.638Z,22.87,87.3,0
dosel-sombra-01,2026-09-25T03:40:39.64Z,22.96,87.6,0
dosel-sombra-01,2026-09-25T03:39:54.644Z,23.03,88,0
dosel-sombra-01,2026-09-25T03:39:09.635Z,22.67,86.9,0
dosel-sombra-01,2026-09-25T03:38:24.644Z,22.95,87.4,0
dosel-sombra-01,2026-09-25T03:37:39.642Z,23.18,88.4,0
dosel-sombra-01,2026-09-25T03:36:54.652Z,22.67,86.8,0
dosel-sombra-01,2026-09-25T03:36:09.65Z,22.9,87.6,0
dosel-sombra-01,2026-09-25T03:35:24.65Z,22.75,88.2,0
dosel-sombra-01,2026-09-25T03:34:39.658Z,22.69,86.3,0
dosel-sombra-01,2026-09-25T03:33:54.646Z,23,86.5,0
dosel-sombra-01,2026-09-25T03:33:09.638Z,23.04,86.9,0
dosel-sombra-01,2026-09-25T03:32:24.644Z,23.22,87.5,0
dosel-sombra-01,2026-09-25T03:31:39.655Z,23,87.9,0
dosel-sombra-01,2026-09-25T03:30:54.647Z,23.07,86.7,0
dosel-sombra-01,2026-09-25T03:30:09.649Z,22.91,88,0
dosel-sombra-01,2026-09-25T03:29:24.642Z,22.68,88.5,0
dosel-sombra-01,2026-09-25T03:28:39.649Z,22.68,86.4,0
dosel-sombra-01,2026-09-25T03:27:54.641Z,22.85,87.8,0
dosel-sombra-01,2026-09-25T03:27:09.646Z,22.55,86.9,0
dosel-sombra-01,2026-09-25T03:26:24.645Z,22.59,87,0
dosel-sombra-01,2026-09-25T03:25:39.638Z,23.01,87.1,0
dosel-sombra-01,2026-09-25T03:24:54.627Z,23.2,88.1,0
dosel-sombra-01,2026-09-25T03:24:09.65Z,22.7,88,0
dosel-sombra-01,2026-09-25T03:23:24.623Z,22.64,86.6,0
dosel-sombra-01,2026-09-25T03:22:39.647Z,22.82,85.8,0
dosel-sombra-01,2026-09-25T03:21:54.638Z,22.63,85.7,0
dosel-sombra-01,2026-09-25T03:21:09.63Z,22.72,86.1,0
dosel-sombra-01,2026-09-25T03:20:24.65Z,22.7,86,0
dosel-sombra-01,2026-09-25T03:19:39.641Z,23.22,88.1,0
dosel-sombra-01,2026-09-25T03:18:54.635Z,23.38,87,0
dosel-sombra-01,2026-09-25T03:18:09.641Z,23.24,87.2,0
dosel-sombra-01,2026-09-25T03:17:24.624Z,22.71,86.7,0
dosel-sombra-01,2026-09-25T03:16:39.628Z,23.37,88,0
dosel-sombra-01,2026-09-25T03:15:54.633Z,22.67,86,0
dosel-sombra-01,2026-09-25T03:15:09.632Z,23.05,86.4,0
dosel-sombra-01,2026-09-25T03:14:24.632Z,22.75,87.2,0
dosel-sombra-01,2026-09-25T03:13:39.626Z,23.09,87,0
dosel-sombra-01,2026-09-25T03:12:54.729Z,22.97,85.2,0
dosel-sombra-01,2026-09-25T03:12:09.215Z,23.37,85.7,0
dosel-sombra-01,2026-09-25T03:11:24.205Z,23.41,85.8,0
dosel-sombra-01,2026-09-25T03:10:39.212Z,23.25,87.4,0
dosel-sombra-01,2026-09-25T03:09:54.218Z,23.16,86.1,0
dosel-sombra-01,2026-09-25T03:09:09.211Z,23.46,86.1,0
dosel-sombra-01,2026-09-25T03:08:24.208Z,23.29,87.1,0
dosel-sombra-01,2026-09-25T03:07:39.2Z,23.32,86.8,0
dosel-sombra-01,2026-09-25T03:06:54.206Z,23.25,86.5,0
dosel-sombra-01,2026-09-25T03:06:09.199Z,22.96,85.3,0
dosel-sombra-01,2026-09-25T03:05:24.21Z,23.2,85.3,0
dosel-sombra-01,2026-09-25T03:04:39.218Z,23.13,84.8,0
dosel-sombra-01,2026-09-25T03:03:54.205Z,23.25,86.2,0
dosel-sombra-01,2026-09-25T03:03:09.21Z,23.24,86.9,0
dosel-sombra-01,2026-09-25T03:02:24.207Z,22.9,87.2,0
dosel-sombra-01,2026-09-25T03:01:39.2Z,23.37,84.8,0
dosel-sombra-01,2026-09-25T03:00:54.206Z,23.3,87.2,0
dosel-sombra-01,2026-09-25T03:00:09.2Z,23.46,87.4,0
dosel-sombra-01,2026-09-25T02:59:24.205Z,23.51,86.7,0
dosel-sombra-01,2026-09-25T02:58:39.214Z,23.54,85.1,0
dosel-sombra-01,2026-09-25T02:57:54.195Z,23.26,86.2,0
dosel-sombra-01,2026-09-25T02:57:09.188Z,23.46,87.2,0
dosel-sombra-01,2026-09-25T02:56:24.196Z,23.62,87.1,0
dosel-sombra-01,2026-09-25T02:55:39.205Z,23.08,85.1,0
dosel-sombra-01,2026-09-25T02:54:54.194Z,23.73,84.8,0
dosel-sombra-01,2026-09-25T02:54:09.202Z,23.15,86.6,0
dosel-sombra-01,2026-09-25T02:53:24.202Z,23.04,84.9,0
dosel-sombra-01,2026-09-25T02:52:39.186Z,23.7,84.9,0
dosel-sombra-01,2026-09-25T02:51:54.195Z,23.13,86.2,0
dosel-sombra-01,2026-09-25T02:51:09.187Z,23.41,84.5,0
dosel-sombra-01,2026-09-25T02:50:24.194Z,23.33,86.4,0
dosel-sombra-01,2026-09-25T02:49:39.19Z,23.33,85.3,0
dosel-sombra-01,2026-09-25T02:48:54.196Z,23.65,86.6,0
dosel-sombra-01,2026-09-25T02:48:09.189Z,23.57,86.7,0
dosel-sombra-01,2026-09-25T02:47:24.192Z,23.61,86.5,0
dosel-sombra-01,2026-09-25T02:46:39.183Z,23.65,86.7,0
dosel-sombra-01,2026-09-25T02:45:54.19Z,23.49,85.4,0
dosel-sombra-01,2026-09-25T02:45:09.199Z,23.83,85.1,0
dosel-sombra-01,2026-09-25T02:44:24.191Z,23.11,84.6,0
dosel-sombra-01,2026-09-25T02:43:39.19Z,23.7,84.8,0
dosel-sombra-01,2026-09-25T02:42:54.197Z,23.89,84.8,0
dosel-sombra-01,2026-09-25T02:42:09.187Z,23.88,85.8,0
dosel-sombra-01,2026-09-25T02:41:24.193Z,23.9,86.1,0
dosel-sombra-01,2026-09-25T02:40:39.183Z,23.15,85.5,0
dosel-sombra-01,2026-09-25T02:39:54.192Z,23.86,85.8,0
dosel-sombra-01,2026-09-25T02:39:09.182Z,23.64,85.1,0
dosel-sombra-01,2026-09-25T02:38:24.193Z,23.56,83.8,0
dosel-sombra-01,2026-09-25T02:37:39.183Z,23.35,85.5,0
dosel-sombra-01,2026-09-25T02:36:54.182Z,23.9,83.6,0
dosel-sombra-01,2026-09-25T02:36:09.179Z,23.62,83.8,0
dosel-sombra-01,2026-09-25T02:35:24.186Z,23.74,83.5,0
dosel-sombra-01,2026-09-25T02:34:39.177Z,23.92,84,0
dosel-sombra-01,2026-09-25T02:33:54.184Z,23.31,83.4,0
dosel-sombra-01,2026-09-25T02:33:09.185Z,23.35,83.3,0
dosel-sombra-01,2026-09-25T02:32:24.173Z,23.8,84.4,0
dosel-sombra-01,2026-09-25T02:31:39.193Z,23.79,85.6,0
dosel-sombra-01,2026-09-25T02:30:54.181Z,23.97,84.2,0
dosel-sombra-01,2026-09-25T02:30:09.188Z,23.41,83.7,0
dosel-sombra-01,2026-09-25T02:29:24.181Z,23.81,85.6,0
dosel-sombra-01,2026-09-25T02:28:39.171Z,23.85,85.5,0
dosel-sombra-01,2026-09-25T02:27:54.176Z,23.43,83.5,0
dosel-sombra-01,2026-09-25T02:27:09.187Z,24.03,83.1,0
dosel-sombra-01,2026-09-25T02:26:24.178Z,23.75,85.9,0
dosel-sombra-01,2026-09-25T02:25:39.18Z,24.12,85.5,0
dosel-sombra-01,2026-09-25T02:24:54.185Z,23.45,85.5,0
dosel-sombra-01,2026-09-25T02:24:09.178Z,23.78,84,0
dosel-sombra-01,2026-09-25T02:23:24.172Z,24.05,83.6,0
dosel-sombra-01,2026-09-25T02:22:39.289Z,23.61,83.7,0
dosel-sombra-01,2026-09-25T02:21:53.749Z,23.55,83.3,0
dosel-sombra-01,2026-09-25T02:21:08.742Z,23.5,83.9,0
dosel-sombra-01,2026-09-25T02:20:23.735Z,24.16,84,0
dosel-sombra-01,2026-09-25T02:19:38.741Z,23.54,85.4,0
dosel-sombra-01,2026-09-25T02:18:53.745Z,24.04,83.5,0
dosel-sombra-01,2026-09-25T02:18:08.743Z,23.71,85,0
dosel-sombra-01,2026-09-25T02:17:23.747Z,23.86,85.2,0
dosel-sombra-01,2026-09-25T02:16:38.74Z,24.04,84.3,0
dosel-sombra-01,2026-09-25T02:15:53.747Z,23.51,82.6,0
dosel-sombra-01,2026-09-25T02:15:08.739Z,23.83,82.6,0
dosel-sombra-01,2026-09-25T02:14:23.748Z,23.69,84.6,0
dosel-sombra-01,2026-09-25T02:13:38.739Z,23.85,83.2,0
dosel-sombra-01,2026-09-25T02:12:53.749Z,23.87,82.5,0
dosel-sombra-01,2026-09-25T02:12:08.723Z,23.92,83.6,0
dosel-sombra-01,2026-09-25T02:11:23.732Z,23.98,83.4,0
dosel-sombra-01,2026-09-25T02:10:38.731Z,24.26,83.9,0
dosel-sombra-01,2026-09-25T02:09:53.738Z,24.31,82.2,0
dosel-sombra-01,2026-09-25T02:09:08.742Z,23.88,82.1,0
dosel-sombra-01,2026-09-25T02:08:23.732Z,24.34,83.3,0
dosel-sombra-01,2026-09-25T02:07:38.724Z,23.79,84.3,0
dosel-sombra-01,2026-09-25T02:06:53.731Z,23.96,81.9,0
dosel-sombra-01,2026-09-25T02:06:08.722Z,24.12,82.9,0
dosel-sombra-01,2026-09-25T02:05:23.73Z,23.97,84,0
dosel-sombra-01,2026-09-25T02:04:38.729Z,23.66,82.8,0
dosel-sombra-01,2026-09-25T02:03:53.733Z,24.35,82.1,0
dosel-sombra-01,2026-09-25T02:03:08.73Z,23.9,82.6,0
dosel-sombra-01,2026-09-25T02:02:23.717Z,23.79,82.4,0
dosel-sombra-01,2026-09-25T02:01:38.73Z,24.17,84,0
dosel-sombra-01,2026-09-25T02:00:53.74Z,24.22,83.3,0
dosel-sombra-01,2026-09-25T02:00:08.718Z,24.15,82.1,0
dosel-sombra-01,2026-09-25T01:59:23.732Z,24.3,83,0
dosel-sombra-01,2026-09-25T01:58:38.725Z,24.22,83,0
dosel-sombra-01,2026-09-25T01:57:53.721Z,23.93,84.3,0
dosel-sombra-01,2026-09-25T01:57:08.726Z,23.98,84,0
dosel-sombra-01,2026-09-25T01:56:23.718Z,23.75,82.4,0
dosel-sombra-01,2026-09-25T01:55:38.737Z,23.82,82,0
dosel-sombra-01,2026-09-25T01:54:53.729Z,23.94,81.3,0
dosel-sombra-01,2026-09-25T01:54:08.72Z,24.54,82.1,0
dosel-sombra-01,2026-09-25T01:53:23.726Z,24.42,82,0
dosel-sombra-01,2026-09-25T01:52:38.73Z,24.3,82.8,0
dosel-sombra-01,2026-09-25T01:51:53.73Z,23.91,82.9,0
dosel-sombra-01,2026-09-25T01:51:08.719Z,24.12,81.2,0
dosel-sombra-01,2026-09-25T01:50:23.723Z,24.29,83.4,0
dosel-sombra-01,2026-09-25T01:49:38.729Z,24.33,82.1,0
dosel-sombra-01,2026-09-25T01:48:53.719Z,24,82.9,0
dosel-sombra-01,2026-09-25T01:48:08.73Z,24.18,82.7,0
dosel-sombra-01,2026-09-25T01:47:23.706Z,24.09,81.2,0
dosel-sombra-01,2026-09-25T01:46:38.711Z,23.96,81.8,0
dosel-sombra-01,2026-09-25T01:45:53.723Z,24,81.1,0
dosel-sombra-01,2026-09-25T01:45:08.708Z,24.35,81.7,0
dosel-sombra-01,2026-09-25T01:44:23.722Z,24.07,81.9,0
dosel-sombra-01,2026-09-25T01:43:38.726Z,24.51,83,0
dosel-sombra-01,2026-09-25T01:42:53.72Z,24.31,82.3,0
dosel-sombra-01,2026-09-25T01:42:08.714Z,24.35,83,0
dosel-sombra-01,2026-09-25T01:41:23.717Z,24.31,83.1,0
dosel-sombra-01,2026-09-25T01:40:38.704Z,24.64,81.4,0
dosel-sombra-01,2026-09-25T01:39:53.711Z,24.18,82.5,0
dosel-sombra-01,2026-09-25T01:39:08.717Z,24.66,82.2,0
dosel-sombra-01,2026-09-25T01:38:23.711Z,24.71,81.4,0
dosel-sombra-01,2026-09-25T01:37:38.7Z,24.08,81.3,0
dosel-sombra-01,2026-09-25T01:36:53.706Z,24.62,82.6,0
dosel-sombra-01,2026-09-25T01:36:08.729Z,24.51,81.3,0
dosel-sombra-01,2026-09-25T01:35:23.719Z,24.82,80.8,0
dosel-sombra-01,2026-09-25T01:34:38.709Z,24.13,81.7,0
dosel-sombra-01,2026-09-25T01:33:53.716Z,24.34,81.3,0
dosel-sombra-01,2026-09-25T01:33:08.706Z,24.41,80.4,0
dosel-sombra-01,2026-09-25T01:32:23.79Z,24.5,81.1,0
dosel-sombra-01,2026-09-25T01:31:38.285Z,24.83,80.8,0
dosel-sombra-01,2026-09-25T01:30:53.289Z,24.54,80.1,0
dosel-sombra-01,2026-09-25T01:30:08.292Z,24.3,80.4,0
dosel-sombra-01,2026-09-25T01:29:23.299Z,24.77,80.6,0
dosel-sombra-01,2026-09-25T01:28:38.304Z,24.44,82.5,0
dosel-sombra-01,2026-09-25T01:27:53.294Z,24.83,80.8,0
dosel-sombra-01,2026-09-25T01:27:08.281Z,24.3,82.6,0
dosel-sombra-01,2026-09-25T01:26:23.3Z,24.9,80.2,0
dosel-sombra-01,2026-09-25T01:25:38.285Z,24.59,82.5,0
dosel-sombra-01,2026-09-25T01:24:53.295Z,24.37,81.3,0
dosel-sombra-01,2026-09-25T01:24:08.285Z,24.77,82.1,0
dosel-sombra-01,2026-09-25T01:23:23.29Z,24.7,80.3,0
dosel-sombra-01,2026-09-25T01:22:38.281Z,24.89,80.4,0
dosel-sombra-01,2026-09-25T01:21:53.283Z,25.06,79.8,0
dosel-sombra-01,2026-09-25T01:21:08.272Z,24.79,79.7,0
dosel-sombra-01,2026-09-25T01:20:23.294Z,24.65,80.9,0
dosel-sombra-01,2026-09-25T01:19:38.283Z,24.6,80.4,0
dosel-sombra-01,2026-09-25T01:18:53.289Z,25.11,82.2,0
dosel-sombra-01,2026-09-25T01:18:08.281Z,24.76,81.2,0
dosel-sombra-01,2026-09-25T01:17:23.282Z,24.83,82.1,0
dosel-sombra-01,2026-09-25T01:16:38.287Z,24.74,82.3,0
dosel-sombra-01,2026-09-25T01:15:53.277Z,24.63,81.6,0
dosel-sombra-01,2026-09-25T01:15:08.286Z,24.89,82,0
dosel-sombra-01,2026-09-25T01:14:23.277Z,24.92,81.9,0
dosel-sombra-01,2026-09-25T01:13:38.265Z,24.88,80.6,0
dosel-sombra-01,2026-09-25T01:12:53.273Z,25.14,80.1,0
dosel-sombra-01,2026-09-25T01:12:08.279Z,24.49,81.9,0
dosel-sombra-01,2026-09-25T01:11:23.265Z,24.77,79.3,0
dosel-sombra-01,2026-09-25T01:10:38.282Z,24.76,79.6,0
dosel-sombra-01,2026-09-25T01:09:53.282Z,24.6,80,0
dosel-sombra-01,2026-09-25T01:09:08.271Z,25.26,79.1,0
dosel-sombra-01,2026-09-25T01:08:23.279Z,25.05,80.8,0
dosel-sombra-01,2026-09-25T01:07:38.268Z,25.06,79.2,0
dosel-sombra-01,2026-09-25T01:06:53.258Z,25.03,79,0
dosel-sombra-01,2026-09-25T01:06:08.263Z,25.17,79.3,0
dosel-sombra-01,2026-09-25T01:05:23.283Z,25.07,79.9,0
dosel-sombra-01,2026-09-25T01:04:38.275Z,25.14,80.6,0
dosel-sombra-01,2026-09-25T01:03:53.268Z,24.74,79.4,0
dosel-sombra-01,2026-09-25T01:03:08.275Z,25,81.1,0
dosel-sombra-01,2026-09-25T01:02:23.257Z,25.13,80.9,0
dosel-sombra-01,2026-09-25T01:01:38.268Z,24.88,79.1,0
dosel-sombra-01,2026-09-25T01:00:53.256Z,24.78,79.4,0
dosel-sombra-01,2026-09-25T01:00:08.267Z,25,81,0
dosel-sombra-01,2026-09-25T00:59:23.258Z,25.16,79.1,0
dosel-sombra-01,2026-09-25T00:58:38.261Z,24.74,80.7,0
dosel-sombra-01,2026-09-25T00:57:53.258Z,25.1,80.7,0
dosel-sombra-01,2026-09-25T00:57:08.262Z,25.4,79.8,0
dosel-sombra-01,2026-09-25T00:56:23.254Z,24.76,78.3,0
dosel-sombra-01,2026-09-25T00:55:38.257Z,24.69,79.5,0
dosel-sombra-01,2026-09-25T00:54:53.276Z,25.28,80.6,0
dosel-sombra-01,2026-09-25T00:54:08.266Z,25.2,78.5,0
dosel-sombra-01,2026-09-25T00:53:23.272Z,25.37,80.9,0
dosel-sombra-01,2026-09-25T00:52:38.258Z,25.29,80.9,0
dosel-sombra-01,2026-09-25T00:51:53.266Z,24.78,78.4,0
dosel-sombra-01,2026-09-25T00:51:08.262Z,25.26,78.2,0
dosel-sombra-01,2026-09-25T00:50:23.271Z,25.18,78.3,0
dosel-sombra-01,2026-09-25T00:49:38.267Z,24.81,80,0
dosel-sombra-01,2026-09-25T00:48:53.257Z,25.49,80.1,0
dosel-sombra-01,2026-09-25T00:48:08.267Z,25.34,80.3,0
dosel-sombra-01,2026-09-25T00:47:23.253Z,25.36,79,0
dosel-sombra-01,2026-09-25T00:46:38.245Z,24.97,78.2,0
dosel-sombra-01,2026-09-25T00:45:53.264Z,25.38,79.7,0
dosel-sombra-01,2026-09-25T00:45:08.254Z,25.38,79.5,0
dosel-sombra-01,2026-09-25T00:44:23.248Z,24.95,78.1,0
dosel-sombra-01,2026-09-25T00:43:38.239Z,25.46,77.8,0
dosel-sombra-01,2026-09-25T00:42:53.251Z,25.59,78.5,0
dosel-sombra-01,2026-09-25T00:42:08.35Z,25.48,77.7,0
dosel-sombra-01,2026-09-25T00:41:22.826Z,25.36,78.7,0
dosel-sombra-01,2026-09-25T00:40:37.831Z,25.65,78.5,0
dosel-sombra-01,2026-09-25T00:39:52.836Z,24.96,78.4,0
dosel-sombra-01,2026-09-25T00:39:07.843Z,25.43,77.5,0
dosel-sombra-01,2026-09-25T00:38:22.839Z,25.5,77.8,0
dosel-sombra-01,2026-09-25T00:37:37.831Z,25.15,77.6,0
dosel-sombra-01,2026-09-25T00:36:52.839Z,25,79.9,0
dosel-sombra-01,2026-09-25T00:36:07.843Z,24.98,78.5,0
dosel-sombra-01,2026-09-25T00:35:22.832Z,25.29,77.7,0
dosel-sombra-01,2026-09-25T00:34:37.842Z,25.76,78.9,0
dosel-sombra-01,2026-09-25T00:33:52.834Z,25.47,78,0
dosel-sombra-01,2026-09-25T00:33:07.828Z,25.22,79.5,0
dosel-sombra-01,2026-09-25T00:32:22.828Z,25.32,77.7,0
dosel-sombra-01,2026-09-25T00:31:37.837Z,25.45,79.4,0
dosel-sombra-01,2026-09-25T00:30:52.829Z,25.24,77.3,0
dosel-sombra-01,2026-09-25T00:30:07.836Z,25.76,79,0
dosel-sombra-01,2026-09-25T00:29:22.843Z,25.41,77.1,0
dosel-sombra-01,2026-09-25T00:28:37.833Z,25.35,78.6,0
dosel-sombra-01,2026-09-25T00:27:52.825Z,25.23,77.6,0
dosel-sombra-01,2026-09-25T00:27:07.83Z,25.16,77.3,0
dosel-sombra-01,2026-09-25T00:26:22.836Z,25.46,77.6,0
dosel-sombra-01,2026-09-25T00:25:37.821Z,25.74,77.8,0
dosel-sombra-01,2026-09-25T00:24:52.828Z,25.63,78.7,0
dosel-sombra-01,2026-09-25T00:24:07.816Z,25.71,77.7,0
dosel-sombra-01,2026-09-25T00:23:22.824Z,25.18,78.7,0
dosel-sombra-01,2026-09-25T00:22:37.831Z,25.4,77.3,0
dosel-sombra-01,2026-09-25T00:21:52.82Z,25.55,76.9,0
dosel-sombra-01,2026-09-25T00:21:07.83Z,25.87,79.3,0
dosel-sombra-01,2026-09-25T00:20:22.827Z,25.66,77.1,0
dosel-sombra-01,2026-09-25T00:19:37.835Z,25.79,79.2,0
dosel-sombra-01,2026-09-25T00:18:52.829Z,25.46,76.6,0
dosel-sombra-01,2026-09-25T00:18:07.821Z,25.9,77,0
dosel-sombra-01,2026-09-25T00:17:22.828Z,25.53,77.4,0
dosel-sombra-01,2026-09-25T00:16:37.817Z,25.91,79,0
dosel-sombra-01,2026-09-25T00:15:52.808Z,25.83,78.3,0
dosel-sombra-01,2026-09-25T00:15:07.816Z,25.59,78,0
dosel-sombra-01,2026-09-25T00:14:22.822Z,26.01,76.6,0
dosel-sombra-01,2026-09-25T00:13:37.81Z,25.6,78.5,0
dosel-sombra-01,2026-09-25T00:12:52.823Z,25.34,78.2,0
dosel-sombra-01,2026-09-25T00:12:07.817Z,25.83,78.2,0
dosel-sombra-01,2026-09-25T00:11:22.825Z,25.55,77.7,0
dosel-sombra-01,2026-09-25T00:10:37.827Z,25.61,76.7,0
dosel-sombra-01,2026-09-25T00:09:52.817Z,25.68,77.4,0
dosel-sombra-01,2026-09-25T00:09:07.824Z,25.85,77.2,0
dosel-sombra-01,2026-09-25T00:08:22.812Z,25.59,76,0
dosel-sombra-01,2026-09-25T00:07:37.817Z,25.68,78.3,0
dosel-sombra-01,2026-09-25T00:06:52.824Z,26.2,76.9,0
dosel-sombra-01,2026-09-25T00:06:07.805Z,26.03,76.9,0
dosel-sombra-01,2026-09-25T00:05:22.813Z,26,77.7,0
dosel-sombra-01,2026-09-25T00:04:37.816Z,26.12,76.4,0
dosel-sombra-01,2026-09-25T00:03:52.805Z,25.77,77.7,0
dosel-sombra-01,2026-09-25T00:03:07.826Z,25.67,75.9,0
dosel-sombra-01,2026-09-25T00:02:22.815Z,25.84,77.4,0
dosel-sombra-01,2026-09-25T00:01:37.807Z,25.78,78.2,0
dosel-sombra-01,2026-09-25T00:00:52.811Z,25.87,77.9,0
dosel-sombra-01,2026-09-25T00:00:07.801Z,25.86,77.5,0
dosel-sombra-01,2026-09-24T23:59:22.804Z,25.85,76,0
dosel-sombra-01,2026-09-24T23:58:37.812Z,25.74,78.2,0
dosel-sombra-01,2026-09-24T23:57:52.808Z,26.15,78.1,0
dosel-sombra-01,2026-09-24T23:57:07.802Z,25.92,76.8,0
dosel-sombra-01,2026-09-24T23:56:22.81Z,25.78,76.3,0
dosel-sombra-01,2026-09-24T23:55:37.799Z,25.62,75.9,0
dosel-sombra-01,2026-09-24T23:54:52.792Z,25.7,76.6,0
dosel-sombra-01,2026-09-24T23:54:07.798Z,25.63,76.6,0
dosel-sombra-01,2026-09-24T23:53:22.808Z,25.74,75.4,0
dosel-sombra-01,2026-09-24T23:52:37.81Z,25.9,76.5,0
dosel-sombra-01,2026-09-24T23:51:52.896Z,26.07,76.1,0
dosel-sombra-01,2026-09-24T23:11:07.333Z,26.56,73.9,0
dosel-sombra-01,2026-09-24T23:10:22.342Z,26.97,74.5,0
dosel-sombra-01,2026-09-24T23:09:37.35Z,26.51,75.8,0
dosel-sombra-01,2026-09-24T23:08:52.342Z,26.76,73.9,0
dosel-sombra-01,2026-09-24T23:08:07.343Z,26.85,74.6,0
dosel-sombra-01,2026-09-24T23:07:22.339Z,27.02,75.3,0
dosel-sombra-01,2026-09-24T23:06:37.343Z,26.96,75.1,0
dosel-sombra-01,2026-09-24T23:05:52.335Z,26.65,75.4,0
dosel-sombra-01,2026-09-24T23:05:07.325Z,26.37,74.1,0
dosel-sombra-01,2026-09-24T23:04:22.345Z,26.49,74.9,0
dosel-sombra-01,2026-09-24T23:03:37.336Z,26.62,74.9,0
dosel-sombra-01,2026-09-24T23:02:52.329Z,26.63,72.7,0
dosel-sombra-01,2026-09-24T23:02:07.329Z,26.52,73.6,0
dosel-sombra-01,2026-09-24T23:01:22.333Z,26.62,74.9,0
dosel-sombra-01,2026-09-24T23:00:37.324Z,26.8,75.1,0
dosel-sombra-01,2026-09-24T22:59:52.328Z,26.78,73.8,39
dosel-sombra-01,2026-09-24T22:59:07.351Z,26.58,74.5,29.7
dosel-sombra-01,2026-09-24T22:58:22.333Z,26.82,74.7,75.2
dosel-sombra-01,2026-09-24T22:57:37.335Z,27.08,74.2,96.3
dosel-sombra-01,2026-09-24T22:56:52.328Z,27.1,74,133.8
dosel-sombra-01,2026-09-24T22:56:07.318Z,27.13,74.5,114.5
dosel-sombra-01,2026-09-24T22:55:22.325Z,26.92,74.3,168.9
dosel-sombra-01,2026-09-24T22:54:37.332Z,26.45,74.3,214
dosel-sombra-01,2026-09-24T22:53:52.324Z,27.08,74.5,269.8
dosel-sombra-01,2026-09-24T22:53:07.332Z,27.06,74.1,216.7
dosel-sombra-01,2026-09-24T22:52:22.316Z,26.98,72.4,275.7
dosel-sombra-01,2026-09-24T22:51:37.334Z,26.71,72.6,274.7
dosel-sombra-01,2026-09-24T22:50:52.338Z,26.89,73.5,341.1
dosel-sombra-01,2026-09-24T22:50:07.318Z,26.79,74.2,304
dosel-sombra-01,2026-09-24T22:49:22.314Z,26.7,72.8,380.4
dosel-sombra-01,2026-09-24T22:48:37.321Z,26.95,72.7,334.2
dosel-sombra-01,2026-09-24T22:47:52.332Z,27.06,72.1,412.1
dosel-sombra-01,2026-09-24T22:47:07.334Z,27.03,74.4,426.8
dosel-sombra-01,2026-09-24T22:46:22.325Z,26.95,73.2,459
dosel-sombra-01,2026-09-24T22:45:37.335Z,27.08,72.9,563.6
dosel-sombra-01,2026-09-24T22:44:52.325Z,27.32,73.6,571.4
dosel-sombra-01,2026-09-24T22:44:07.317Z,27.14,73.6,593.9
dosel-sombra-01,2026-09-24T22:43:22.319Z,26.7,73.8,638.6
dosel-sombra-01,2026-09-24T22:42:37.315Z,27.23,73.6,560.8
dosel-sombra-01,2026-09-24T22:41:52.316Z,27.02,71.9,523.7
dosel-sombra-01,2026-09-24T22:41:07.309Z,27.29,72.1,644.5
dosel-sombra-01,2026-09-24T22:40:22.318Z,26.94,72.1,754.2
dosel-sombra-01,2026-09-24T22:39:37.321Z,26.85,73.6,583.3
dosel-sombra-01,2026-09-24T22:38:52.327Z,27.17,73.3,747.5
dosel-sombra-01,2026-09-24T22:38:07.32Z,27.18,71.9,743
dosel-sombra-01,2026-09-24T22:37:22.325Z,27.05,73.8,693.3
dosel-sombra-01,2026-09-24T22:36:37.315Z,26.74,72.1,915.1
dosel-sombra-01,2026-09-24T22:35:52.326Z,27.38,72.8,737.9
dosel-sombra-01,2026-09-24T22:35:07.305Z,26.86,72.4,915.2
dosel-sombra-01,2026-09-24T22:34:22.308Z,26.85,72.9,896.6
dosel-sombra-01,2026-09-24T22:33:37.319Z,26.81,73.7,806.8
dosel-sombra-01,2026-09-24T22:32:52.314Z,27.1,72.2,806
dosel-sombra-01,2026-09-24T22:32:07.303Z,27.24,74.1,835.3
dosel-sombra-01,2026-09-24T22:31:22.309Z,27.41,73.7,872.3
dosel-sombra-01,2026-09-24T22:30:37.32Z,26.89,74.1,934.7
dosel-sombra-01,2026-09-24T22:29:52.307Z,27.1,71.6,956.1
dosel-sombra-01,2026-09-24T22:29:07.303Z,27.53,72.7,1134.7
dosel-sombra-01,2026-09-24T22:28:22.312Z,27.1,72.1,1233.7
dosel-sombra-01,2026-09-24T22:27:37.306Z,27.27,72.9,1170.5
dosel-sombra-01,2026-09-24T22:26:52.314Z,27.46,72,1063
dosel-sombra-01,2026-09-24T22:26:07.303Z,27.01,71.1,1093.4
dosel-sombra-01,2026-09-24T22:25:22.305Z,26.98,73.8,1054.8
dosel-sombra-01,2026-09-24T22:24:37.309Z,27.08,72.2,1227.7
dosel-sombra-01,2026-09-24T22:23:52.3Z,26.96,72.5,1274.1
dosel-sombra-01,2026-09-24T22:23:07.415Z,27.5,71.8,1263.5
dosel-sombra-01,2026-09-24T22:22:21.874Z,27.26,73.1,1182.3
dosel-sombra-01,2026-09-24T22:21:36.882Z,26.92,72,1207.2
dosel-sombra-01,2026-09-24T22:20:51.874Z,26.88,72,1464.9
dosel-sombra-01,2026-09-24T22:20:06.878Z,27.29,73.1,1116.5
dosel-sombra-01,2026-09-24T22:19:21.883Z,27.31,71.4,1257.3
dosel-sombra-01,2026-09-24T22:18:36.887Z,27.57,71.3,1241.4
dosel-sombra-01,2026-09-24T22:17:51.892Z,27.28,73.5,1228.8
dosel-sombra-01,2026-09-24T22:17:06.879Z,27.47,71.1,1303.5
dosel-sombra-01,2026-09-24T22:16:21.882Z,27.1,72.3,1467.4
dosel-sombra-01,2026-09-24T22:15:36.883Z,27.7,70.6,1367.3
dosel-sombra-01,2026-09-24T22:14:51.888Z,27.37,72.7,1456.1
dosel-sombra-01,2026-09-24T22:14:06.878Z,27.03,72.3,1620.3
dosel-sombra-01,2026-09-24T22:13:21.885Z,27.36,71.8,1746
dosel-sombra-01,2026-09-24T22:12:36.875Z,27.66,72.6,1634.3
dosel-sombra-01,2026-09-24T22:11:51.88Z,27.27,72.4,1581.5
dosel-sombra-01,2026-09-24T22:11:06.885Z,27.71,71.5,1437.9
dosel-sombra-01,2026-09-24T22:10:21.864Z,27.34,71.9,1676.4
dosel-sombra-01,2026-09-24T22:09:36.87Z,27.53,72,1906.9
dosel-sombra-01,2026-09-24T22:08:51.866Z,27.34,72.6,1693.2
dosel-sombra-01,2026-09-24T22:08:06.868Z,27.48,71.5,1431.3
dosel-sombra-01,2026-09-24T22:07:21.888Z,27.55,73.1,1481.3
dosel-sombra-01,2026-09-24T22:06:36.88Z,27.53,72.8,1927.7
dosel-sombra-01,2026-09-24T22:05:51.867Z,27.14,73,1627.3
dosel-sombra-01,2026-09-24T22:05:06.882Z,27.6,72.7,1872.1
dosel-sombra-01,2026-09-24T22:04:21.873Z,27.58,70.8,1613.6
dosel-sombra-01,2026-09-24T22:03:36.881Z,27.73,72.2,2104.9
dosel-sombra-01,2026-09-24T22:02:51.86Z,27.65,72.8,2194.9
dosel-sombra-01,2026-09-24T22:02:06.88Z,27.42,71.1,2003.6
dosel-sombra-01,2026-09-24T22:01:21.869Z,27.51,71.6,1917.9
dosel-sombra-01,2026-09-24T22:00:36.861Z,27.4,71.4,1892.1
dosel-sombra-01,2026-09-24T21:59:51.878Z,27.1,71.8,2026.1
dosel-sombra-01,2026-09-24T21:59:06.864Z,27.44,72.5,2122.3
dosel-sombra-01,2026-09-24T21:58:21.858Z,27.62,72.7,2033.5
dosel-sombra-01,2026-09-24T21:57:36.864Z,27.51,72.5,2421.6
dosel-sombra-01,2026-09-24T21:56:51.871Z,27.18,71.9,1906.2
dosel-sombra-01,2026-09-24T21:56:06.857Z,27.69,72.6,1768
dosel-sombra-01,2026-09-24T21:55:21.859Z,27.87,69.9,2440.3
dosel-sombra-01,2026-09-24T21:54:36.852Z,27.69,71.2,2177.4
dosel-sombra-01,2026-09-24T21:53:51.859Z,27.87,72.2,2218.2
dosel-sombra-01,2026-09-24T21:53:06.861Z,27.59,70.4,2050.3
dosel-sombra-01,2026-09-24T21:52:21.849Z,27.71,70.8,2094.3
dosel-sombra-01,2026-09-24T21:51:36.873Z,27.68,72.3,2106.6
dosel-sombra-01,2026-09-24T21:50:51.849Z,27.56,71,2508.1
dosel-sombra-01,2026-09-24T21:50:06.854Z,27.38,70.7,2282.7
dosel-sombra-01,2026-09-24T21:49:21.86Z,27.34,70.9,1981.8
dosel-sombra-01,2026-09-24T21:48:36.857Z,27.64,72.4,2666
dosel-sombra-01,2026-09-24T21:47:51.862Z,27.79,71.5,2297.4
dosel-sombra-01,2026-09-24T21:47:06.864Z,27.6,70,2580
dosel-sombra-01,2026-09-24T21:46:21.851Z,27.36,71.5,2455.4
dosel-sombra-01,2026-09-24T21:45:36.859Z,27.69,71.3,2715.9
dosel-sombra-01,2026-09-24T21:44:51.854Z,27.94,71.6,2861.1
dosel-sombra-01,2026-09-24T21:44:06.857Z,27.25,71.8,2169.2
dosel-sombra-01,2026-09-24T21:43:21.862Z,27.53,71.1,2155.6
dosel-sombra-01,2026-09-24T21:42:36.851Z,27.7,71.1,2157.6
dosel-sombra-01,2026-09-24T21:41:51.841Z,27.39,72,3031.8
dosel-sombra-01,2026-09-24T21:41:06.847Z,27.44,71.9,2992
dosel-sombra-01,2026-09-24T21:40:21.853Z,28.05,69.7,2232.7
dosel-sombra-01,2026-09-24T21:39:36.843Z,27.82,70.3,2231.5
dosel-sombra-01,2026-09-24T21:38:51.835Z,27.71,72.1,2763.5
dosel-sombra-01,2026-09-24T21:38:06.846Z,27.85,70.8,2274
dosel-sombra-01,2026-09-24T21:37:21.852Z,27.65,71.6,2989.2
dosel-sombra-01,2026-09-24T21:36:36.84Z,27.56,70,2542.2
dosel-sombra-01,2026-09-24T21:35:51.847Z,28.09,69.3,2804
dosel-sombra-01,2026-09-24T21:35:06.85Z,27.83,70.7,2496.5
dosel-sombra-01,2026-09-24T21:34:21.839Z,27.49,71.8,2857
dosel-sombra-01,2026-09-24T21:33:36.845Z,27.84,71.5,2373.8
dosel-sombra-01,2026-09-24T21:32:51.949Z,27.87,71.8,3079.7
dosel-sombra-01,2026-09-24T21:32:06.436Z,28.12,69.2,2811.2
dosel-sombra-01,2026-09-24T21:31:21.427Z,27.42,70.7,2849.7
dosel-sombra-01,2026-09-24T21:30:36.434Z,27.43,71.7,2763
dosel-sombra-01,2026-09-24T21:29:51.438Z,27.52,71.3,3007.5
dosel-sombra-01,2026-09-24T21:29:06.44Z,27.58,70.7,2491
dosel-sombra-01,2026-09-24T21:28:21.435Z,27.57,69.1,3175.6
dosel-sombra-01,2026-09-24T21:27:36.426Z,27.87,69.2,3045.8
dosel-sombra-01,2026-09-24T21:26:51.433Z,27.53,71.7,2751.8
dosel-sombra-01,2026-09-24T21:26:06.425Z,27.57,70.4,2729.7
dosel-sombra-01,2026-09-24T21:25:21.419Z,28.13,71.2,3581.2
dosel-sombra-01,2026-09-24T21:24:36.422Z,27.51,71,2951
dosel-sombra-01,2026-09-24T21:23:51.423Z,27.6,70.5,2674.3
dosel-sombra-01,2026-09-24T21:23:06.418Z,27.61,70,3451.1
dosel-sombra-01,2026-09-24T21:22:21.425Z,27.64,69.6,3107.5
dosel-sombra-01,2026-09-24T21:21:36.427Z,27.77,69.9,3366.6
dosel-sombra-01,2026-09-24T21:20:51.418Z,27.48,71.5,3687.7
dosel-sombra-01,2026-09-24T21:20:06.415Z,27.79,69.3,2929.7
dosel-sombra-01,2026-09-24T21:19:21.42Z,28.2,69.7,3073.9
dosel-sombra-01,2026-09-24T21:18:36.415Z,28.11,70.8,3589.2
dosel-sombra-01,2026-09-24T21:17:51.404Z,28.25,71.1,3173.4
dosel-sombra-01,2026-09-24T21:17:06.409Z,28.06,69.4,3179.7
dosel-sombra-01,2026-09-24T21:16:21.424Z,27.92,71,2875.4
dosel-sombra-01,2026-09-24T21:15:36.415Z,27.88,70.8,3944.4
dosel-sombra-01,2026-09-24T21:14:51.405Z,28.13,68.7,3167.2
dosel-sombra-01,2026-09-24T21:14:06.425Z,28.03,70.6,3948.9
dosel-sombra-01,2026-09-24T21:13:21.404Z,28.04,69,3332.1
dosel-sombra-01,2026-09-24T21:12:36.409Z,28.13,69.4,3820.6
dosel-sombra-01,2026-09-24T21:11:51.403Z,27.63,70.7,3835.4
dosel-sombra-01,2026-09-24T21:11:06.408Z,28.34,68.9,3716.8
dosel-sombra-01,2026-09-24T21:10:21.397Z,28.34,69,4111
dosel-sombra-01,2026-09-24T21:09:36.422Z,28.31,68.9,3712.8
dosel-sombra-01,2026-09-24T21:08:51.412Z,27.72,69,3225.3
dosel-sombra-01,2026-09-24T21:08:06.403Z,28.23,69.1,3853.5
dosel-sombra-01,2026-09-24T21:07:21.422Z,28.33,70.8,3860.7
dosel-sombra-01,2026-09-24T21:06:36.414Z,27.86,70.4,4286.6
dosel-sombra-01,2026-09-24T21:05:51.419Z,28.04,70.1,4019.2
dosel-sombra-01,2026-09-24T21:05:06.415Z,28.37,69.7,3556.3
dosel-sombra-01,2026-09-24T21:04:21.421Z,28.3,70.3,3539.7
dosel-sombra-01,2026-09-24T21:03:36.418Z,27.78,68.5,4320
dosel-sombra-01,2026-09-24T21:02:51.426Z,27.84,70.1,3812.9
dosel-sombra-01,2026-09-24T21:02:06.415Z,28.02,70.6,4307.4
dosel-sombra-01,2026-09-24T21:01:21.407Z,27.67,70.4,3195.1
dosel-sombra-01,2026-09-24T21:00:36.417Z,27.9,68.6,3157.1
dosel-sombra-01,2026-09-24T20:59:51.41Z,27.71,71,4142.8
dosel-sombra-01,2026-09-24T20:59:06.404Z,27.8,70,3901.9
dosel-sombra-01,2026-09-24T20:58:21.409Z,28.11,69.2,4061.4
dosel-sombra-01,2026-09-24T20:57:36.397Z,27.7,70.9,4583.1
dosel-sombra-01,2026-09-24T20:56:51.403Z,28.14,70.8,3348.1
dosel-sombra-01,2026-09-24T20:56:06.398Z,28.44,70,4505.9
dosel-sombra-01,2026-09-24T20:55:21.406Z,27.88,70.2,3585.3
dosel-sombra-01,2026-09-24T20:54:36.398Z,28.11,70.1,3620.6
dosel-sombra-01,2026-09-24T20:53:51.405Z,27.87,68.6,4107.1
dosel-sombra-01,2026-09-24T20:53:06.39Z,28.11,68.1,3630.1
dosel-sombra-01,2026-09-24T20:52:21.395Z,28.14,70.4,4542.5
dosel-sombra-01,2026-09-24T20:51:36.401Z,28.25,69,4745.2
dosel-sombra-01,2026-09-24T20:50:51.402Z,27.96,70.7,4664.8
dosel-sombra-01,2026-09-24T20:50:06.407Z,27.73,68.7,3555
dosel-sombra-01,2026-09-24T20:49:21.391Z,27.83,68.8,3885.3
dosel-sombra-01,2026-09-24T20:48:36.404Z,28.23,68.6,4422.3
dosel-sombra-01,2026-09-24T20:47:51.389Z,28.22,67.9,3804.9
dosel-sombra-01,2026-09-24T20:47:06.393Z,28.3,70.3,3470.5
dosel-sombra-01,2026-09-24T20:46:21.386Z,28.04,68.6,4794.8
dosel-sombra-01,2026-09-24T20:45:36.393Z,28.4,68.7,3906.8
dosel-sombra-01,2026-09-24T20:44:51.434Z,28.31,70.3,3862.2
dosel-sombra-01,2026-09-24T20:44:06.394Z,27.94,68.8,4970.2
dosel-sombra-01,2026-09-24T20:43:21.39Z,28.37,69,4772.1
dosel-sombra-01,2026-09-24T20:42:36.519Z,28.54,69,3896.5
dosel-sombra-01,2026-09-24T20:41:50.967Z,28.35,69.6,3728.1
dosel-sombra-01,2026-09-24T20:41:05.971Z,28.14,69.4,4759.5
dosel-sombra-01,2026-09-24T20:40:20.961Z,28.53,68.8,4028.8
dosel-sombra-01,2026-09-24T20:39:35.978Z,27.82,68.5,5093.2
dosel-sombra-01,2026-09-24T20:38:50.966Z,27.91,70.1,4169.8
dosel-sombra-01,2026-09-24T20:38:05.975Z,28.18,68.3,4021.4
dosel-sombra-01,2026-09-24T20:37:20.967Z,28.31,69,4044.9
dosel-sombra-01,2026-09-24T20:36:35.975Z,28.15,70.4,5284.9
dosel-sombra-01,2026-09-24T20:35:50.969Z,28.14,69.5,4464.9
dosel-sombra-01,2026-09-24T20:35:05.962Z,27.93,68.1,5178.6
dosel-sombra-01,2026-09-24T20:34:20.968Z,28.59,69.9,4987.2
dosel-sombra-01,2026-09-24T20:33:35.976Z,28.2,68.5,4990.7
dosel-sombra-01,2026-09-24T20:32:50.972Z,28.05,69.7,4333.8
dosel-sombra-01,2026-09-24T20:32:05.973Z,27.93,70,4898.7
dosel-sombra-01,2026-09-24T20:31:20.951Z,28.07,67.6,3822.8
dosel-sombra-01,2026-09-24T20:30:35.955Z,27.89,69.8,4200.1
dosel-sombra-01,2026-09-24T20:29:50.961Z,28.32,69.5,5035.5
dosel-sombra-01,2026-09-24T20:29:05.964Z,27.85,68.7,4505
dosel-sombra-01,2026-09-24T20:28:20.961Z,28.06,67.7,4480.8
dosel-sombra-01,2026-09-24T20:27:35.967Z,28.3,67.4,4294.4
dosel-sombra-01,2026-09-24T20:26:50.971Z,28.54,67.9,5172.1
dosel-sombra-01,2026-09-24T20:26:05.949Z,28.15,69,4818.6
dosel-sombra-01,2026-09-24T20:25:20.956Z,28.11,68.8,4250.2
dosel-sombra-01,2026-09-24T20:24:35.948Z,28.58,67.5,4395.2
dosel-sombra-01,2026-09-24T20:23:50.955Z,28.17,69.4,4538.8
dosel-sombra-01,2026-09-24T20:23:05.948Z,28.17,68.1,5224.4
dosel-sombra-01,2026-09-24T20:22:20.955Z,28.61,70.1,4940.9
dosel-sombra-01,2026-09-24T20:21:35.965Z,28.61,69,4221.5
dosel-sombra-01,2026-09-24T20:20:50.954Z,28.58,68.6,4383.7
dosel-sombra-01,2026-09-24T20:20:05.963Z,28.58,69.3,4314
dosel-sombra-01,2026-09-24T20:19:20.955Z,28.25,67.9,4464.5
dosel-sombra-01,2026-09-24T20:18:35.961Z,28.63,67.3,4108.9
dosel-sombra-01,2026-09-24T20:17:50.957Z,27.99,68.6,5392.6
dosel-sombra-01,2026-09-24T20:17:05.948Z,28.06,70,5217.3
dosel-sombra-01,2026-09-24T20:16:20.953Z,28.64,68,5481.3
dosel-sombra-01,2026-09-24T20:15:35.992Z,28.24,70,5505.9
dosel-sombra-01,2026-09-24T20:14:50.952Z,27.95,69.4,5301.4
dosel-sombra-01,2026-09-24T20:14:05.945Z,28.32,68.3,4412
dosel-sombra-01,2026-09-24T20:13:20.932Z,28.62,67.3,4642
dosel-sombra-01,2026-09-24T20:12:35.937Z,28.34,68.9,5669.1
dosel-sombra-01,2026-09-24T20:11:50.944Z,28.21,69.3,5264.4
dosel-sombra-01,2026-09-24T20:11:05.956Z,28.52,69.1,5716.4
dosel-sombra-01,2026-09-24T20:10:20.947Z,28.24,67.9,5990.4
dosel-sombra-01,2026-09-24T20:09:35.953Z,28.55,69.3,5863.5
dosel-sombra-01,2026-09-24T20:08:50.944Z,28.22,68.7,5036.7
dosel-sombra-01,2026-09-24T20:08:05.958Z,28.26,68,5024.4
dosel-sombra-01,2026-09-24T20:07:20.941Z,28.46,69.1,4446
dosel-sombra-01,2026-09-24T20:06:35.946Z,28.45,67.8,5728.5
dosel-sombra-01,2026-09-24T20:05:50.952Z,28.2,68.8,5316.3
dosel-sombra-01,2026-09-24T20:05:05.946Z,28.22,69.8,5767.8
dosel-sombra-01,2026-09-24T20:04:20.941Z,28.39,68,4872.4
dosel-sombra-01,2026-09-24T20:03:35.947Z,28.27,67.5,5410.4
dosel-sombra-01,2026-09-24T20:02:50.937Z,28.08,68.3,6100.5
dosel-sombra-01,2026-09-24T20:02:05.942Z,28.32,68.6,6163.7
dosel-sombra-01,2026-09-24T20:01:20.931Z,28.03,69.7,5566.1
dosel-sombra-01,2026-09-24T20:00:35.939Z,28.3,69,4814.7
dosel-sombra-01,2026-09-24T19:59:50.943Z,28.73,68.7,6185.4
dosel-sombra-01,2026-09-24T19:59:05.938Z,28.63,69.1,4843.6
dosel-sombra-01,2026-09-24T19:58:20.936Z,28.19,68.7,4789.5
dosel-sombra-01,2026-09-24T19:57:35.942Z,28.01,67.3,5989.9
dosel-sombra-01,2026-09-24T19:56:50.934Z,28.59,69.8,6274.7
dosel-sombra-01,2026-09-24T19:56:05.941Z,28.78,68.4,5564.8
dosel-sombra-01,2026-09-24T19:55:20.949Z,28.75,69.4,4652.9
dosel-sombra-01,2026-09-24T19:54:35.941Z,28.71,67.4,6032.7
dosel-sombra-01,2026-09-24T19:53:50.931Z,28.09,68.9,4857.6
dosel-sombra-01,2026-09-24T19:53:05.933Z,28.33,67.9,5151.3
dosel-sombra-01,2026-09-24T19:52:21.016Z,28.47,68.2,5242.2
dosel-sombra-01,2026-09-24T19:51:35.508Z,28.25,69.4,6084.6
dosel-sombra-01,2026-09-24T19:50:50.512Z,28.32,68.2,6632.2
dosel-sombra-01,2026-09-24T19:50:05.501Z,28.31,67,4957.7
dosel-sombra-01,2026-09-24T19:49:20.508Z,28.35,68,6469
dosel-sombra-01,2026-09-24T19:48:35.501Z,28.39,69,6580.9
dosel-sombra-01,2026-09-24T19:47:50.498Z,28.54,68.2,5635.8
dosel-sombra-01,2026-09-24T19:47:05.5Z,28.35,69.2,5809.5
dosel-sombra-01,2026-09-24T19:46:20.507Z,28.3,67.7,6693.4
dosel-sombra-01,2026-09-24T19:45:35.482Z,28.59,67.9,5379.3
dosel-sombra-01,2026-09-24T19:44:50.485Z,28.32,67.1,5992.6
dosel-sombra-01,2026-09-24T19:44:05.506Z,28.6,67.9,5418.6
dosel-sombra-01,2026-09-24T19:43:20.502Z,28.37,69.7,6683.2
dosel-sombra-01,2026-09-24T19:42:35.495Z,28.69,68.9,5237.6
dosel-sombra-01,2026-09-24T19:41:50.485Z,28.21,67.9,4973.7
dosel-sombra-01,2026-09-24T19:41:05.508Z,28.67,67.6,6790
dosel-sombra-01,2026-09-24T19:40:20.492Z,28.59,68.2,6128.1
dosel-sombra-01,2026-09-24T19:39:35.498Z,28.58,67.2,5972.4
dosel-sombra-01,2026-09-24T19:38:50.505Z,28.4,68.3,6117.7
dosel-sombra-01,2026-09-24T19:38:05.482Z,28.1,67.4,5965.6
dosel-sombra-01,2026-09-24T19:37:20.5Z,28.42,69.3,6618.3
dosel-sombra-01,2026-09-24T19:36:35.493Z,28.07,69.6,5368.7
dosel-sombra-01,2026-09-24T19:35:50.499Z,28.5,66.7,6060.3
dosel-sombra-01,2026-09-24T19:35:05.486Z,28.75,66.7,5666.8
dosel-sombra-01,2026-09-24T19:34:20.489Z,28.48,67.9,5951.7
dosel-sombra-01,2026-09-24T19:33:35.497Z,28.66,68.3,6906.8
dosel-sombra-01,2026-09-24T19:32:50.49Z,28.13,68.4,5662.8
dosel-sombra-01,2026-09-24T19:32:05.499Z,28.8,68.3,6207.5
dosel-sombra-01,2026-09-24T19:31:20.489Z,28.33,66.7,5046.5
dosel-sombra-01,2026-09-24T19:30:35.495Z,28.25,69.2,5514.2
dosel-sombra-01,2026-09-24T19:29:50.485Z,28.81,67.6,5887.7
dosel-sombra-01,2026-09-24T19:29:05.498Z,28.82,67.7,6221.2
dosel-sombra-01,2026-09-24T19:28:20.481Z,28.58,67.3,5668.6
dosel-sombra-01,2026-09-24T19:27:35.485Z,28.48,68.7,5697.3
dosel-sombra-01,2026-09-24T19:26:50.492Z,28.75,69,6297.9
dosel-sombra-01,2026-09-24T19:26:05.491Z,28.63,67.9,6625.8
dosel-sombra-01,2026-09-24T19:25:20.478Z,28.33,67.8,5112
dosel-sombra-01,2026-09-24T19:24:35.485Z,28.33,67.8,6843.5
dosel-sombra-01,2026-09-24T19:23:50.49Z,28.38,68.4,6573.7
dosel-sombra-01,2026-09-24T19:23:05.485Z,28.76,68,5189.6
dosel-sombra-01,2026-09-24T19:22:20.487Z,28.17,67.9,6030.8
dosel-sombra-01,2026-09-24T19:21:35.484Z,28.86,69.2,6213.4
dosel-sombra-01,2026-09-24T19:20:50.479Z,28.65,66.7,6300.8
dosel-sombra-01,2026-09-24T19:20:05.481Z,28.45,69,6892.8
dosel-sombra-01,2026-09-24T19:19:20.472Z,28.29,66.8,5334.8
dosel-sombra-01,2026-09-24T19:18:35.483Z,28.21,68.3,6104.5
dosel-sombra-01,2026-09-24T19:17:50.478Z,28.6,68.5,7420.4
dosel-sombra-01,2026-09-24T19:17:05.484Z,28.46,68,7251.4
dosel-sombra-01,2026-09-24T19:16:20.509Z,28.86,67.4,5957.7
dosel-sombra-01,2026-09-24T19:15:35.48Z,28.49,69.3,6920.7
dosel-sombra-01,2026-09-24T19:14:50.488Z,28.85,67.5,5673.7
dosel-sombra-01,2026-09-24T19:14:05.475Z,28.35,66.9,6272
dosel-sombra-01,2026-09-24T19:13:20.471Z,28.11,67.6,5287
dosel-sombra-01,2026-09-24T19:12:35.474Z,28.76,67,6803
dosel-sombra-01,2026-09-24T19:11:50.472Z,28.34,69.4,6827
dosel-sombra-01,2026-09-24T19:11:05.462Z,28.74,68.1,5729.4
dosel-sombra-01,2026-09-24T19:10:20.469Z,28.74,68.3,5623
dosel-sombra-01,2026-09-24T19:09:35.483Z,28.59,67.5,6881.9
dosel-sombra-01,2026-09-24T19:08:50.472Z,28.61,68.7,6976.9
dosel-sombra-01,2026-09-24T19:08:05.462Z,28.2,67.9,5642.9
dosel-sombra-01,2026-09-24T19:07:20.466Z,28.25,68.5,7523.5
dosel-sombra-01,2026-09-24T19:06:35.473Z,28.14,69.3,5949.5
dosel-sombra-01,2026-09-24T19:05:50.466Z,28.4,68.1,6444.6
dosel-sombra-01,2026-09-24T19:05:05.459Z,28.83,67.1,6158.1
dosel-sombra-01,2026-09-24T19:04:20.469Z,28.78,69.3,6808.1
dosel-sombra-01,2026-09-24T19:03:35.46Z,28.69,68,7471.5
dosel-sombra-01,2026-09-24T19:02:50.473Z,28.25,69.1,6611.8
dosel-sombra-01,2026-09-24T19:02:05.555Z,28.4,68.7,6440.7
dosel-sombra-01,2026-09-24T19:01:20.033Z,28.57,68.3,6318.3
dosel-sombra-01,2026-09-24T19:00:35.041Z,28.32,67.4,5624.4
dosel-sombra-01,2026-09-24T18:59:50.034Z,28.42,68.4,7402.6
dosel-sombra-01,2026-09-24T18:59:05.024Z,28.26,68.4,6261.3
dosel-sombra-01,2026-09-24T18:58:20.019Z,28.11,67.3,7573.4
dosel-sombra-01,2026-09-24T18:57:35.041Z,28.24,68.7,5803.5
dosel-sombra-01,2026-09-24T18:56:50.014Z,28.15,67.9,6664.3
dosel-sombra-01,2026-09-24T18:56:05.037Z,28.15,68.1,5511.1
dosel-sombra-01,2026-09-24T18:55:20.031Z,28.65,67.5,7120.1
dosel-sombra-01,2026-09-24T18:54:35.02Z,28.69,68.9,6582.5
dosel-sombra-01,2026-09-24T18:53:50.022Z,28.7,66.9,7695.4
dosel-sombra-01,2026-09-24T18:53:05.029Z,28.71,67.1,7292.8
dosel-sombra-01,2026-09-24T18:52:20.034Z,28.66,67.4,7899.2
dosel-sombra-01,2026-09-24T18:51:35.027Z,28.25,66.9,6272.1
dosel-sombra-01,2026-09-24T18:50:50.065Z,28.54,67.1,7000.5
dosel-sombra-01,2026-09-24T18:50:05.025Z,28.22,67.9,7647
dosel-sombra-01,2026-09-24T18:49:20.035Z,28.29,67.1,5903.6
dosel-sombra-01,2026-09-24T18:48:35.008Z,28.56,67.9,5945.3
dosel-sombra-01,2026-09-24T18:47:50.021Z,28.73,67.5,6150.6
dosel-sombra-01,2026-09-24T18:47:05.025Z,28.69,67.1,6891.2
dosel-sombra-01,2026-09-24T18:46:20.019Z,28.31,68.6,5653.5
dosel-sombra-01,2026-09-24T18:45:35.009Z,28.23,67.7,6578.9
dosel-sombra-01,2026-09-24T18:44:50.019Z,28.75,68.6,7550.6
dosel-sombra-01,2026-09-24T18:44:05.026Z,28.53,68.2,6291.4
dosel-sombra-01,2026-09-24T18:43:20.026Z,28.76,68.6,6861.2
dosel-sombra-01,2026-09-24T18:42:35.014Z,28.41,66.6,7847.6
dosel-sombra-01,2026-09-24T18:41:50.005Z,28.25,68.2,6987
dosel-sombra-01,2026-09-24T18:41:05.015Z,28.16,67.4,6585.1
dosel-sombra-01,2026-09-24T18:40:20.011Z,28.39,67.5,7994.7
dosel-sombra-01,2026-09-24T18:39:35.016Z,28.83,68.5,7104.4
dosel-sombra-01,2026-09-24T18:38:50.009Z,28.55,66.7,6083.1
dosel-sombra-01,2026-09-24T18:38:05.004Z,28.1,66.8,6505
dosel-sombra-01,2026-09-24T18:37:20.01Z,28.3,67.9,7248.4
dosel-sombra-01,2026-09-24T18:36:35.003Z,28.34,67.7,6605.9
dosel-sombra-01,2026-09-24T18:35:50.017Z,28.63,66.7,5913.4
dosel-sombra-01,2026-09-24T18:35:05.009Z,28.56,67.1,6700.8
dosel-sombra-01,2026-09-24T18:34:19.999Z,28.61,68,6054.4
dosel-sombra-01,2026-09-24T18:33:35.006Z,28.71,68.3,7786.6
dosel-sombra-01,2026-09-24T18:32:50.012Z,28.77,67.5,8071
dosel-sombra-01,2026-09-24T18:32:05.014Z,28.39,67.8,7620.8
dosel-sombra-01,2026-09-24T18:31:20.005Z,28.44,67.4,7417.2
dosel-sombra-01,2026-09-24T18:30:35.011Z,28.7,69.6,5953.9
dosel-sombra-01,2026-09-24T18:29:50.019Z,28.83,68.9,6178.6
dosel-sombra-01,2026-09-24T18:29:05.005Z,28.8,66.6,7371.5
dosel-sombra-01,2026-09-24T18:28:20Z,28.54,69.4,6251.5
dosel-sombra-01,2026-09-24T18:27:34.992Z,28.24,68.8,6737
dosel-sombra-01,2026-09-24T18:26:50.012Z,28.81,67.7,6456.3
dosel-sombra-01,2026-09-24T18:26:05.001Z,28.23,68.4,7788.8
dosel-sombra-01,2026-09-24T18:25:20.005Z,28.29,67.3,7231.3
dosel-sombra-01,2026-09-24T18:24:35.011Z,28.55,69.6,6484
dosel-sombra-01,2026-09-24T18:23:50.001Z,28.26,69,8028.5
dosel-sombra-01,2026-09-24T18:23:04.993Z,28.47,68.8,6011.3
dosel-sombra-01,2026-09-24T18:22:19.996Z,28.74,69.6,6565.2
dosel-sombra-01,2026-09-24T18:21:34.99Z,28.36,66.8,6938
dosel-sombra-01,2026-09-24T18:20:49.998Z,28.42,67.9,6818.3
dosel-sombra-01,2026-09-24T18:20:05.007Z,28.22,68.7,8027.2
dosel-sombra-01,2026-09-24T18:19:19.999Z,28.57,68.4,7917.2
dosel-sombra-01,2026-09-24T18:18:35.005Z,28.21,67.6,7577.6
dosel-sombra-01,2026-09-24T18:17:50Z,28.09,67.9,8286.4
dosel-sombra-01,2026-09-24T18:17:05.005Z,28.17,66.9,6663.6
dosel-sombra-01,2026-09-24T18:16:19.997Z,28.32,68.6,6452.4
dosel-sombra-01,2026-09-24T18:15:34.991Z,28.18,68.3,7736.1
dosel-sombra-01,2026-09-24T18:14:50Z,28.79,68.9,8323.9
dosel-sombra-01,2026-09-24T18:14:05.02Z,28.5,69.1,7605.7
dosel-sombra-01,2026-09-24T18:13:20.001Z,28.11,69,7461.4
dosel-sombra-01,2026-09-24T18:12:34.994Z,28.74,68.9,7319.8
dosel-sombra-01,2026-09-24T18:11:50.064Z,28.31,67.9,8311.7
dosel-sombra-01,2026-09-27T13:31:04.071Z,25.75,79.1,4360.1
dosel-sombra-01,2026-09-27T13:30:19.059Z,25.81,78.2,4849.5
dosel-sombra-01,2026-09-27T13:29:34.075Z,25.71,77.6,3822.8
dosel-sombra-01,2026-09-27T13:28:49.067Z,25.51,79.7,4343.5
dosel-sombra-01,2026-09-27T13:28:04.074Z,25.09,77.1,3883.2
dosel-sombra-01,2026-09-27T13:27:19.078Z,25.58,77.7,4082.1
dosel-sombra-01,2026-09-27T13:26:34.071Z,25.32,78.9,4315.2
dosel-sombra-01,2026-09-27T13:25:49.066Z,25.01,77.8,4233.3
dosel-sombra-01,2026-09-27T13:25:04.073Z,25.11,79,4808
dosel-sombra-01,2026-09-27T13:24:19.072Z,25.35,79.7,4188.7
dosel-sombra-01,2026-09-27T13:23:34.065Z,25.12,80.2,4955.1
dosel-sombra-01,2026-09-27T13:22:49.071Z,25.01,79.1,4781.8
dosel-sombra-01,2026-09-27T13:22:04.071Z,24.99,79.6,3981.8
dosel-sombra-01,2026-09-27T13:21:19.061Z,25.11,79.3,4446.2
dosel-sombra-01,2026-09-27T13:20:34.051Z,25.15,80.4,3922.8
dosel-sombra-01,2026-09-27T13:19:49.074Z,25.46,77.8,3788.5
dosel-sombra-01,2026-09-27T13:19:04.062Z,25.57,79.7,4758.8
dosel-sombra-01,2026-09-27T13:18:19.061Z,25.63,79.6,4386.2
dosel-sombra-01,2026-09-27T13:17:34.047Z,25.04,79.2,4374.7
dosel-sombra-01,2026-09-27T13:16:49.047Z,25.62,77.8,4669.8
dosel-sombra-01,2026-09-27T13:16:04.058Z,24.92,79.2,3530.3
dosel-sombra-01,2026-09-27T13:15:19.065Z,25.11,79.8,4838.7
dosel-sombra-01,2026-09-27T13:14:34.058Z,24.98,80.1,4557.1
dosel-sombra-01,2026-09-27T13:13:49.055Z,25.19,80.3,3770.6
dosel-sombra-01,2026-09-27T13:13:04.063Z,25.57,77.8,3915.3
dosel-sombra-01,2026-09-27T13:12:19.053Z,24.86,78.9,4585.7
dosel-sombra-01,2026-09-27T13:11:34.055Z,25.01,80.9,3618.9
dosel-sombra-01,2026-09-27T13:10:49.054Z,24.99,79.6,4129.8
dosel-sombra-01,2026-09-27T13:10:04.065Z,25.55,79,4621.3
dosel-sombra-01,2026-09-27T13:09:19.053Z,25.06,78.3,4340.3
dosel-sombra-01,2026-09-27T13:08:34.065Z,24.79,78.1,4612.7
dosel-sombra-01,2026-09-27T13:07:49.063Z,25.09,79,3698.3
dosel-sombra-01,2026-09-27T13:07:04.049Z,24.95,79.2,3411.9
dosel-sombra-01,2026-09-27T13:06:19.041Z,24.87,80.1,3820.3
dosel-sombra-01,2026-09-27T13:05:34.05Z,25.1,80.4,3375.8
dosel-sombra-01,2026-09-27T13:04:49.055Z,25.42,79.7,3527.3
dosel-sombra-01,2026-09-27T13:04:04.041Z,24.96,79.6,3470.4
dosel-sombra-01,2026-09-27T13:03:19.058Z,25.14,80.5,4035.1
dosel-sombra-01,2026-09-27T13:02:34.048Z,24.91,79.6,4547.4
dosel-sombra-01,2026-09-27T13:01:49.05Z,25.08,81.4,3753.9
dosel-sombra-01,2026-09-27T13:01:04.039Z,24.69,78.7,3660.7
dosel-sombra-01,2026-09-27T13:00:19.043Z,25.34,79.5,4309.1
dosel-sombra-01,2026-09-27T12:59:34.044Z,25.01,80.1,4445
dosel-sombra-01,2026-09-27T12:58:49.06Z,25.3,79.6,4209.5
dosel-sombra-01,2026-09-27T12:58:04.047Z,24.9,81.2,3452.8
dosel-sombra-01,2026-09-27T12:57:19.039Z,25.17,80.6,3690.3
dosel-sombra-01,2026-09-27T12:56:34.059Z,25.01,79.5,4161.9
dosel-sombra-01,2026-09-27T12:55:49.042Z,24.89,80.5,3051.2
dosel-sombra-01,2026-09-27T12:55:04.058Z,25.2,79.3,3662.4
dosel-sombra-01,2026-09-27T12:54:19.054Z,25.24,79.9,3346.7
dosel-sombra-01,2026-09-27T12:53:34.052Z,24.9,79.8,4132.1
dosel-sombra-01,2026-09-27T12:52:49.043Z,25,79.6,4169.7
dosel-sombra-01,2026-09-27T12:52:04.046Z,25.16,79.9,3862.8
dosel-sombra-01,2026-09-27T12:51:19.05Z,25.01,81.7,3497.8
dosel-sombra-01,2026-09-27T12:50:34.055Z,24.79,81.4,4123.3
dosel-sombra-01,2026-09-27T12:49:49.029Z,24.62,79.2,2908.5
dosel-sombra-01,2026-09-27T12:49:04.049Z,24.68,79.8,2998
dosel-sombra-01,2026-09-27T12:48:19.05Z,24.72,79.9,2894.9
dosel-sombra-01,2026-09-27T12:47:34.045Z,25.19,81,3802.6
dosel-sombra-01,2026-09-27T12:46:49.034Z,24.51,80,3159.4
dosel-sombra-01,2026-09-27T12:46:04.04Z,25.02,79.7,3881.3
dosel-sombra-01,2026-09-27T12:45:19.051Z,24.63,81.9,3093.1
dosel-sombra-01,2026-09-27T12:44:34.034Z,24.63,82.3,2984.5
dosel-sombra-01,2026-09-27T12:43:49.04Z,24.74,81.1,3663.5
dosel-sombra-01,2026-09-27T12:43:04.136Z,24.5,81,3260.9
dosel-sombra-01,2026-09-27T12:42:18.616Z,24.69,80.9,3003.8
dosel-sombra-01,2026-09-27T12:41:33.611Z,24.84,81,3211.3
dosel-sombra-01,2026-09-27T12:40:48.61Z,24.85,80.7,2770
dosel-sombra-01,2026-09-27T12:40:03.614Z,24.35,82.1,3637.9
dosel-sombra-01,2026-09-27T12:39:18.605Z,24.28,82.2,3633.1
dosel-sombra-01,2026-09-27T12:38:33.604Z,24.87,80.1,2728.1
dosel-sombra-01,2026-09-27T12:37:48.607Z,24.99,81.5,2808.5
dosel-sombra-01,2026-09-27T12:37:03.613Z,24.38,81.6,3443.3
dosel-sombra-01,2026-09-27T12:36:18.601Z,25,82.1,3654.5
dosel-sombra-01,2026-09-27T12:35:33.607Z,24.55,81.6,3324.4
dosel-sombra-01,2026-09-27T12:34:48.599Z,24.59,82.2,3206.8
dosel-sombra-01,2026-09-27T12:34:03.604Z,24.93,80.7,2568.5
dosel-sombra-01,2026-09-27T12:33:18.612Z,24.83,81.9,2780.1
dosel-sombra-01,2026-09-27T12:32:33.591Z,24.68,80.9,2738.5
dosel-sombra-01,2026-09-27T12:31:48.607Z,24.74,80.5,2802
dosel-sombra-01,2026-09-27T12:31:03.596Z,24.75,81.8,3198.7
dosel-sombra-01,2026-09-27T12:30:18.604Z,24.38,82.4,3361.4
dosel-sombra-01,2026-09-27T12:29:33.615Z,24.63,80.8,2506.2
dosel-sombra-01,2026-09-27T12:28:48.604Z,24.26,80.3,3016.6
dosel-sombra-01,2026-09-27T12:28:03.605Z,24.87,82.6,2603.2
dosel-sombra-01,2026-09-27T12:27:18.598Z,24.69,81.3,3278
dosel-sombra-01,2026-09-27T12:26:33.603Z,24.16,82.1,3273.3
dosel-sombra-01,2026-09-27T12:25:48.6Z,24.37,83,2646.7
dosel-sombra-01,2026-09-27T12:25:03.61Z,24.31,83,2469
dosel-sombra-01,2026-09-27T12:24:18.6Z,24.23,83.3,3211.3
dosel-sombra-01,2026-09-27T12:23:33.595Z,24.55,82.5,2428
dosel-sombra-01,2026-09-27T12:22:48.601Z,24.39,83.1,2672.1
dosel-sombra-01,2026-09-27T12:22:03.593Z,24.3,81.8,2741.1
dosel-sombra-01,2026-09-27T12:21:18.6Z,24.1,81.5,2869.1
dosel-sombra-01,2026-09-27T12:20:33.604Z,24.09,82.5,2684.7
dosel-sombra-01,2026-09-27T12:19:48.59Z,24.67,80.7,2500.3
dosel-sombra-01,2026-09-27T12:19:03.595Z,24.1,82.5,2503
dosel-sombra-01,2026-09-27T12:18:18.592Z,24.19,83.1,2452.9
dosel-sombra-01,2026-09-27T12:17:33.596Z,24.36,83.4,2889.3
dosel-sombra-01,2026-09-27T12:16:48.602Z,24.31,83.6,2119.3
dosel-sombra-01,2026-09-27T12:16:03.59Z,23.96,81,2616.3
dosel-sombra-01,2026-09-27T12:15:18.592Z,24.27,83.8,2413.8
dosel-sombra-01,2026-09-27T12:14:33.583Z,24.29,83.6,2632.7
dosel-sombra-01,2026-09-27T12:13:48.576Z,24.44,83.5,2256.6
dosel-sombra-01,2026-09-27T12:13:03.581Z,24.54,82.1,2209.9
dosel-sombra-01,2026-09-27T12:12:18.586Z,24.2,84,2167.3
dosel-sombra-01,2026-09-27T12:11:33.59Z,24.48,82.7,2619.2
dosel-sombra-01,2026-09-27T12:10:48.581Z,24.3,83.1,2534.1
dosel-sombra-01,2026-09-27T12:10:03.586Z,23.98,81.4,2536.8
dosel-sombra-01,2026-09-27T12:09:18.591Z,24.6,83.1,2141.6
dosel-sombra-01,2026-09-27T12:08:33.592Z,24.42,83,2196.3
dosel-sombra-01,2026-09-27T12:07:48.58Z,24.37,82.9,2107.8
dosel-sombra-01,2026-09-27T12:07:03.578Z,23.86,82.7,1915.8
dosel-sombra-01,2026-09-27T12:06:18.577Z,24.21,81.5,2165.7
dosel-sombra-01,2026-09-27T12:05:33.578Z,24.39,83.9,2314.2
dosel-sombra-01,2026-09-27T12:04:48.574Z,23.91,83.4,1771.8
dosel-sombra-01,2026-09-27T12:04:03.598Z,24.13,83,2260
dosel-sombra-01,2026-09-27T12:03:18.584Z,24.29,82.6,1985.3
dosel-sombra-01,2026-09-27T12:02:33.571Z,24.08,81.8,1919.1
dosel-sombra-01,2026-09-27T12:01:48.59Z,24.33,83.8,1776.9
dosel-sombra-01,2026-09-27T12:01:03.574Z,24.21,83.8,2323.1
dosel-sombra-01,2026-09-27T12:00:18.566Z,23.74,84.1,1909.6
dosel-sombra-01,2026-09-27T11:59:33.586Z,23.89,83.8,2183.5
dosel-sombra-01,2026-09-27T11:58:48.576Z,23.96,83.3,2109.4
dosel-sombra-01,2026-09-27T11:58:03.58Z,23.83,84.2,2210.4
dosel-sombra-01,2026-09-27T11:57:18.571Z,23.89,82,1706.4
dosel-sombra-01,2026-09-27T11:56:33.589Z,23.93,82,1628.2
dosel-sombra-01,2026-09-27T11:55:48.565Z,24.37,84.5,2087.3
dosel-sombra-01,2026-09-27T11:55:03.58Z,24.27,82.8,2003.5
dosel-sombra-01,2026-09-27T11:54:18.571Z,24.19,83,1558.2
dosel-sombra-01,2026-09-27T11:53:33.574Z,23.71,84.6,1499.7
dosel-sombra-01,2026-09-27T11:52:48.643Z,23.98,82.2,1975.3
dosel-sombra-01,2026-09-27T11:52:03.148Z,24.27,82.8,1812
dosel-sombra-01,2026-09-27T11:51:18.157Z,23.61,83.8,1866.2
dosel-sombra-01,2026-09-27T11:50:33.155Z,23.6,84.9,1798.7
dosel-sombra-01,2026-09-27T11:49:48.152Z,24.11,82.5,1522.6
dosel-sombra-01,2026-09-27T11:49:03.158Z,23.96,82.4,1553.2
dosel-sombra-01,2026-09-27T11:48:18.146Z,24.18,83.9,1487.5
dosel-sombra-01,2026-09-27T11:47:33.161Z,23.68,83.5,1332.1
dosel-sombra-01,2026-09-27T11:46:48.15Z,23.69,84.9,1378.6
dosel-sombra-01,2026-09-27T11:46:03.156Z,24.09,82.4,1282
dosel-sombra-01,2026-09-27T11:45:18.154Z,23.79,84.7,1461.5
dosel-sombra-01,2026-09-27T11:44:33.141Z,24,83.9,1470.6
dosel-sombra-01,2026-09-27T11:43:48.142Z,23.78,84.1,1288.1
dosel-sombra-01,2026-09-27T11:43:03.153Z,23.96,85.4,1495.6
dosel-sombra-01,2026-09-27T11:42:18.153Z,23.86,82.7,1167.7
dosel-sombra-01,2026-09-27T11:41:33.144Z,23.45,84.5,1565.8
dosel-sombra-01,2026-09-27T11:40:48.15Z,23.47,85.5,1202
dosel-sombra-01,2026-09-27T11:40:03.134Z,23.73,85.2,1268
dosel-sombra-01,2026-09-27T11:39:18.142Z,23.98,84,1362.8
dosel-sombra-01,2026-09-27T11:38:33.138Z,23.86,83.2,1123.3
dosel-sombra-01,2026-09-27T11:37:48.144Z,24.01,84.1,1423.8
dosel-sombra-01,2026-09-27T11:37:03.129Z,23.61,84.6,1108.1
dosel-sombra-01,2026-09-27T11:36:18.147Z,23.47,85.2,1316.2
dosel-sombra-01,2026-09-27T11:35:33.154Z,23.35,84.5,1277
dosel-sombra-01,2026-09-27T11:34:48.143Z,23.98,84.4,1074.8
dosel-sombra-01,2026-09-27T11:34:03.144Z,23.54,83,1133.7
dosel-sombra-01,2026-09-27T11:33:18.142Z,23.75,83,1237.6
dosel-sombra-01,2026-09-27T11:32:33.133Z,23.43,83.3,1040
dosel-sombra-01,2026-09-27T11:31:48.136Z,23.62,85.6,1056.6
dosel-sombra-01,2026-09-27T11:31:03.141Z,23.35,83.4,966.8
dosel-sombra-01,2026-09-27T11:30:18.129Z,23.3,83.8,949.6
dosel-sombra-01,2026-09-27T11:29:33.128Z,23.4,84.3,940.2
dosel-sombra-01,2026-09-27T11:28:48.126Z,23.86,85.2,936.1
dosel-sombra-01,2026-09-27T11:28:03.147Z,23.97,84.1,1034.9
dosel-sombra-01,2026-09-27T11:27:18.138Z,23.77,83.3,934.1
dosel-sombra-01,2026-09-27T11:26:33.127Z,23.54,83.6,1008.5
dosel-sombra-01,2026-09-27T11:25:48.133Z,23.88,85.3,958.5
dosel-sombra-01,2026-09-27T11:25:03.138Z,23.31,85.6,915.6
dosel-sombra-01,2026-09-27T11:24:18.127Z,23.92,85.5,741.7
dosel-sombra-01,2026-09-27T11:23:33.123Z,23.43,84.4,631.3
dosel-sombra-01,2026-09-27T11:22:48.138Z,23.26,84.6,623.6
dosel-sombra-01,2026-09-27T11:22:03.131Z,23.38,85.1,672.1
dosel-sombra-01,2026-09-27T11:21:18.123Z,23.43,84.4,774.5
dosel-sombra-01,2026-09-27T11:20:33.118Z,23.65,85.3,739.2
dosel-sombra-01,2026-09-27T11:19:48.123Z,23.89,84,663.2
dosel-sombra-01,2026-09-27T11:19:03.126Z,23.12,85.2,596.3
dosel-sombra-01,2026-09-27T11:18:18.13Z,23.45,85.1,618.7
dosel-sombra-01,2026-09-27T11:17:33.125Z,23.08,86.1,469
dosel-sombra-01,2026-09-27T11:16:48.114Z,23.84,85.9,534.9
dosel-sombra-01,2026-09-27T11:16:03.127Z,23.27,86.2,463
dosel-sombra-01,2026-09-27T11:15:18.117Z,23.63,86.6,480
dosel-sombra-01,2026-09-27T11:14:33.12Z,23.71,86.2,460.5
dosel-sombra-01,2026-09-27T11:13:48.123Z,23.33,84.5,471.4
dosel-sombra-01,2026-09-27T11:13:03.129Z,23.22,85.2,437.6
dosel-sombra-01,2026-09-27T11:12:18.115Z,23.52,84,403.6
dosel-sombra-01,2026-09-27T11:11:33.123Z,23.07,85.3,306.3
dosel-sombra-01,2026-09-27T11:10:48.126Z,23.25,84.8,294.7
dosel-sombra-01,2026-09-27T11:10:03.119Z,23.74,86.9,317.5
dosel-sombra-01,2026-09-27T11:09:18.123Z,23.46,84.5,251.5
dosel-sombra-01,2026-09-27T11:08:33.117Z,23.53,87.1,227.9
dosel-sombra-01,2026-09-27T11:07:48.123Z,22.99,85.3,243.7
dosel-sombra-01,2026-09-27T11:07:03.126Z,22.97,85.5,204.1
dosel-sombra-01,2026-09-27T11:06:18.119Z,23.7,84.4,196.3
dosel-sombra-01,2026-09-27T11:05:33.119Z,23.37,87.3,145.6
dosel-sombra-01,2026-09-27T11:04:48.124Z,23.51,86,152.7
dosel-sombra-01,2026-09-27T11:04:03.118Z,23.34,87.1,111.1
dosel-sombra-01,2026-09-27T11:03:18.107Z,23.02,85.9,115.3
dosel-sombra-01,2026-09-27T11:02:33.154Z,23.13,86.9,60.4
dosel-sombra-01,2026-09-27T11:01:47.679Z,23.64,86.7,27.7
dosel-sombra-01,2026-09-27T11:01:02.68Z,23.51,86.6,27.6
dosel-sombra-01,2026-09-27T11:00:17.682Z,23.48,86.4,0
dosel-sombra-01,2026-09-27T10:59:32.684Z,23.51,85.6,0
dosel-sombra-01,2026-09-27T10:58:47.69Z,23.59,87.4,0
dosel-sombra-01,2026-09-27T10:58:02.7Z,23.47,84.6,0
dosel-sombra-01,2026-09-27T10:57:17.693Z,23.6,87.5,0
dosel-sombra-01,2026-09-27T10:56:32.682Z,23.59,86.6,0
dosel-sombra-01,2026-09-27T10:55:47.686Z,23.21,86.5,0
dosel-sombra-01,2026-09-27T10:55:02.681Z,23.25,84.9,0
dosel-sombra-01,2026-09-27T10:54:17.67Z,23.21,86.3,0
dosel-sombra-01,2026-09-27T10:53:32.685Z,23.37,85.7,0
dosel-sombra-01,2026-09-27T10:52:47.674Z,23.37,86.2,0
dosel-sombra-01,2026-09-27T10:52:02.68Z,22.79,85.5,0
dosel-sombra-01,2026-09-27T10:51:17.684Z,23.46,85.7,0
dosel-sombra-01,2026-09-27T10:50:32.689Z,22.78,86.2,0
dosel-sombra-01,2026-09-27T10:49:47.676Z,22.96,85.4,0
dosel-sombra-01,2026-09-27T10:49:02.665Z,23,85.9,0
dosel-sombra-01,2026-09-27T10:48:17.691Z,23.46,86.8,0
dosel-sombra-01,2026-09-27T10:47:32.683Z,23.41,85.1,0
dosel-sombra-01,2026-09-27T10:46:47.689Z,23.16,87.1,0
dosel-sombra-01,2026-09-27T10:46:02.677Z,22.96,87.6,0
dosel-sombra-01,2026-09-27T10:45:17.663Z,23.28,85.2,0
dosel-sombra-01,2026-09-27T10:44:32.667Z,23.39,86.8,0
dosel-sombra-01,2026-09-27T10:43:47.672Z,22.73,85.5,0
dosel-sombra-01,2026-09-27T10:43:02.674Z,23.29,88,0
dosel-sombra-01,2026-09-27T10:42:17.674Z,23.31,87.1,0
dosel-sombra-01,2026-09-27T10:41:32.669Z,22.97,86.9,0
dosel-sombra-01,2026-09-27T10:40:47.659Z,22.93,87.6,0
dosel-sombra-01,2026-09-27T10:40:02.67Z,22.79,87,0
dosel-sombra-01,2026-09-27T10:39:17.674Z,22.62,87.3,0
dosel-sombra-01,2026-09-27T10:38:32.676Z,23.16,87.8,0
dosel-sombra-01,2026-09-27T10:37:47.665Z,23,85.6,0
dosel-sombra-01,2026-09-27T10:37:02.665Z,22.72,86.4,0
dosel-sombra-01,2026-09-27T10:36:17.674Z,23.04,86.9,0
dosel-sombra-01,2026-09-27T10:35:32.679Z,22.8,87,0
dosel-sombra-01,2026-09-27T10:34:47.672Z,22.89,87.1,0
dosel-sombra-01,2026-09-27T10:34:02.679Z,23.13,87.6,0
dosel-sombra-01,2026-09-27T10:33:17.679Z,23.24,88.2,0
dosel-sombra-01,2026-09-27T10:32:32.674Z,22.9,87.2,0
dosel-sombra-01,2026-09-27T10:31:47.663Z,22.84,88.4,0
dosel-sombra-01,2026-09-27T10:31:02.665Z,23.25,86.1,0
dosel-sombra-01,2026-09-27T10:30:17.67Z,22.93,85.9,0
dosel-sombra-01,2026-09-27T10:29:32.66Z,23.1,88.6,0
dosel-sombra-01,2026-09-27T10:28:47.662Z,23.22,86.7,0
dosel-sombra-01,2026-09-27T10:28:02.653Z,22.66,86.4,0
dosel-sombra-01,2026-09-27T10:27:17.672Z,22.92,87.2,0
dosel-sombra-01,2026-09-27T10:26:32.651Z,23.19,88.4,0
dosel-sombra-01,2026-09-27T10:25:47.658Z,22.54,88.5,0
dosel-sombra-01,2026-09-27T10:25:02.665Z,22.58,89,0
dosel-sombra-01,2026-09-27T10:24:17.652Z,23.19,88.2,0
dosel-sombra-01,2026-09-27T10:23:32.651Z,22.96,89,0
dosel-sombra-01,2026-09-27T10:22:47.658Z,23.08,86.5,0
dosel-sombra-01,2026-09-27T10:22:02.649Z,22.42,88.2,0
dosel-sombra-01,2026-09-27T10:21:17.656Z,22.43,88.8,0
dosel-sombra-01,2026-09-27T10:20:32.655Z,22.7,88,0
dosel-sombra-01,2026-09-27T10:19:47.66Z,22.77,87.9,0
dosel-sombra-01,2026-09-27T10:19:02.669Z,23.04,88.2,0
dosel-sombra-01,2026-09-27T10:18:17.651Z,22.57,86.9,0
dosel-sombra-01,2026-09-27T10:17:32.639Z,22.73,86.8,0
dosel-sombra-01,2026-09-27T10:16:47.646Z,22.74,87.8,0
dosel-sombra-01,2026-09-27T10:16:02.652Z,22.76,87.3,0
dosel-sombra-01,2026-09-27T10:15:17.645Z,23.08,88,0
dosel-sombra-01,2026-09-27T10:14:32.648Z,23.07,86.5,0
dosel-sombra-01,2026-09-27T10:13:47.639Z,22.57,88.4,0
dosel-sombra-01,2026-09-27T10:13:02.647Z,22.76,89.2,0
dosel-sombra-01,2026-09-27T10:12:17.714Z,22.31,88,0
dosel-sombra-01,2026-09-27T10:11:32.218Z,22.86,87,0
dosel-sombra-01,2026-09-27T10:10:47.225Z,22.75,88.8,0
dosel-sombra-01,2026-09-27T10:10:02.212Z,22.76,89.2,0
dosel-sombra-01,2026-09-27T10:09:17.216Z,22.32,88.2,0
dosel-sombra-01,2026-09-27T10:08:32.217Z,22.91,87.4,0
dosel-sombra-01,2026-09-27T10:07:47.205Z,22.81,89.5,0
dosel-sombra-01,2026-09-27T10:07:02.225Z,22.72,87.5,0
dosel-sombra-01,2026-09-27T10:06:17.212Z,22.79,87.7,0
dosel-sombra-01,2026-09-27T10:05:32.223Z,22.3,89.1,0
dosel-sombra-01,2026-09-27T10:04:47.203Z,22.68,87,0
dosel-sombra-01,2026-09-27T10:04:02.222Z,22.52,89,0
dosel-sombra-01,2026-09-27T10:03:17.217Z,22.62,89.1,0
dosel-sombra-01,2026-09-27T10:02:32.22Z,22.68,89.1,0
dosel-sombra-01,2026-09-27T10:01:47.221Z,22.6,89,0
dosel-sombra-01,2026-09-27T10:01:02.214Z,22.62,88.8,0
dosel-sombra-01,2026-09-27T10:00:17.221Z,22.4,88.8,0
dosel-sombra-01,2026-09-27T09:59:32.223Z,22.4,89.5,0
dosel-sombra-01,2026-09-27T09:58:47.202Z,22.21,87.9,0
dosel-sombra-01,2026-09-27T09:58:02.212Z,22.27,88.5,0
dosel-sombra-01,2026-09-27T09:57:17.21Z,22.13,88.7,0
dosel-sombra-01,2026-09-27T09:56:32.208Z,22.48,87.3,0
dosel-sombra-01,2026-09-27T09:55:47.216Z,22.61,88.7,0
dosel-sombra-01,2026-09-27T09:55:02.202Z,22.85,88.3,0
dosel-sombra-01,2026-09-27T09:54:17.197Z,22.31,87.8,0
dosel-sombra-01,2026-09-27T09:53:32.206Z,22.73,87.9,0
dosel-sombra-01,2026-09-27T09:52:47.211Z,22.09,88.9,0
dosel-sombra-01,2026-09-27T09:52:02.2Z,22.41,89.8,0
dosel-sombra-01,2026-09-27T09:51:17.211Z,22.39,89.2,0
dosel-sombra-01,2026-09-27T09:50:32.217Z,22.18,89.2,0
dosel-sombra-01,2026-09-27T09:49:47.204Z,22.17,88.5,0
dosel-sombra-01,2026-09-27T09:49:02.21Z,22.45,88.6,0
dosel-sombra-01,2026-09-27T09:48:17.204Z,22.7,88,0
dosel-sombra-01,2026-09-27T09:47:32.19Z,22.36,90,0
dosel-sombra-01,2026-09-27T09:46:47.206Z,22.68,89.5,0
dosel-sombra-01,2026-09-27T09:46:02.19Z,22.72,88.6,0
dosel-sombra-01,2026-09-27T09:45:17.202Z,22.07,88.3,0
dosel-sombra-01,2026-09-27T09:44:32.199Z,22.08,88.2,0
dosel-sombra-01,2026-09-27T09:43:47.206Z,22.04,88.3,0
dosel-sombra-01,2026-09-27T09:43:02.201Z,22.4,90.4,0
dosel-sombra-01,2026-09-27T09:42:17.191Z,22.71,90.2,0
dosel-sombra-01,2026-09-27T09:41:32.198Z,22.11,89.7,0
dosel-sombra-01,2026-09-27T09:40:47.199Z,22.33,90.1,0
dosel-sombra-01,2026-09-27T09:40:02.189Z,22.34,88.6,0
dosel-sombra-01,2026-09-27T09:39:17.191Z,22.64,90.5,0
dosel-sombra-01,2026-09-24T13:38:32.679Z,25.43,76.8,4348.2
dosel-sombra-01,2026-09-24T13:37:47.686Z,25.19,78,4359.7
dosel-sombra-01,2026-09-24T13:37:02.675Z,25.48,77.6,4197.2
dosel-sombra-01,2026-09-24T13:36:17.68Z,25.91,77.8,5626.6
dosel-sombra-01,2026-09-24T13:35:32.672Z,25.61,77.3,4747.6
dosel-sombra-01,2026-09-24T13:34:47.677Z,25.23,78.4,4701.1
dosel-sombra-01,2026-09-24T13:34:02.683Z,25.7,76.8,4430.7
dosel-sombra-01,2026-09-24T13:33:17.682Z,25.46,79.5,4915.7
dosel-sombra-01,2026-09-24T13:32:32.686Z,25.36,79.4,4826.1
dosel-sombra-01,2026-09-24T13:31:47.675Z,25.55,78.3,3864.4
dosel-sombra-01,2026-09-24T13:31:02.679Z,25.48,79.9,4622.6
dosel-sombra-01,2026-09-24T13:30:17.672Z,25.61,79.4,4803.7
dosel-sombra-01,2026-09-24T13:29:32.682Z,25.22,77.4,5074.3
dosel-sombra-01,2026-09-24T13:28:47.67Z,25.03,80,5058.9
dosel-sombra-01,2026-09-24T13:28:02.682Z,25.46,79.7,4264.5
dosel-sombra-01,2026-09-24T13:27:17.674Z,25.59,79,4246.6
dosel-sombra-01,2026-09-24T13:26:32.678Z,25.41,77.4,3933.8
dosel-sombra-01,2026-09-24T13:25:47.681Z,25.6,78.7,4253.1
dosel-sombra-01,2026-09-24T13:25:02.668Z,25.67,79.3,4954.8
dosel-sombra-01,2026-09-24T13:24:17.676Z,25.53,78.6,4136.7
dosel-sombra-01,2026-09-24T13:23:32.671Z,25.24,79.1,4703
dosel-sombra-01,2026-09-24T13:22:47.666Z,25.33,79.2,4762.7
dosel-sombra-01,2026-09-24T13:22:02.755Z,25.55,80.2,4999
dosel-sombra-01,2026-09-24T13:21:17.245Z,25.34,79.8,5016.3
dosel-sombra-01,2026-09-24T13:20:32.25Z,25.55,80.1,4175.6
dosel-sombra-01,2026-09-24T13:19:47.241Z,25,78.5,4701.2
dosel-sombra-01,2026-09-24T13:19:02.245Z,25.28,80.1,3738.8
dosel-sombra-01,2026-09-24T13:18:17.246Z,25.31,79.5,4874.1
dosel-sombra-01,2026-09-24T13:17:32.239Z,24.98,79.1,4468.8
dosel-sombra-01,2026-09-24T13:16:47.245Z,24.88,77.8,4554.2
dosel-sombra-01,2026-09-24T13:16:02.235Z,25.54,80.1,4790.2
dosel-sombra-01,2026-09-24T13:15:17.238Z,24.93,78.3,3564.3
dosel-sombra-01,2026-09-24T13:14:32.244Z,25.28,80.7,4485.3
dosel-sombra-01,2026-09-24T13:13:47.234Z,24.86,78.9,4741
dosel-sombra-01,2026-09-24T13:13:02.24Z,25.13,80.2,3497.6
dosel-sombra-01,2026-09-24T13:12:17.236Z,25.17,79.7,4877.7
dosel-sombra-01,2026-09-24T13:11:32.246Z,25.36,79.8,3582.8
dosel-sombra-01,2026-09-24T13:10:47.248Z,24.85,78.6,3905.7
dosel-sombra-01,2026-09-24T13:10:02.237Z,25.13,80.6,3402.8
dosel-sombra-01,2026-09-24T13:09:17.231Z,25,80.4,3394.3
dosel-sombra-01,2026-09-24T13:08:32.237Z,24.84,78.2,4485.7
dosel-sombra-01,2026-09-24T13:07:47.235Z,25.47,80.8,4165.3
dosel-sombra-01,2026-09-24T13:07:02.234Z,24.79,80.9,4533.8
dosel-sombra-01,2026-09-24T13:06:17.242Z,25.27,79.8,3311.6
dosel-sombra-01,2026-09-24T13:05:32.239Z,24.85,79.1,4356.3
dosel-sombra-01,2026-09-24T13:04:47.231Z,25.06,80.9,4594.6
dosel-sombra-01,2026-09-24T13:04:02.222Z,25.31,80.7,4047
dosel-sombra-01,2026-09-24T13:03:17.219Z,25.09,79.5,3965.6
dosel-sombra-01,2026-09-24T13:02:32.217Z,25.41,79.4,3901.8
dosel-sombra-01,2026-09-24T13:01:47.218Z,24.7,80.1,3895.1
dosel-sombra-01,2026-09-24T13:01:02.231Z,25.29,79.1,3720.6
dosel-sombra-01,2026-09-24T13:00:17.239Z,24.62,80.4,3517.6
dosel-sombra-01,2026-09-24T12:59:32.231Z,24.86,80,3876.9
dosel-sombra-01,2026-09-24T12:58:47.223Z,24.83,80,3875.5
dosel-sombra-01,2026-09-24T12:58:02.216Z,25.01,80.9,3641.2
dosel-sombra-01,2026-09-24T12:57:17.219Z,24.59,79.8,3510.4
dosel-sombra-01,2026-09-24T12:56:32.22Z,24.56,81.4,3108.8
dosel-sombra-01,2026-09-24T12:55:47.225Z,24.91,81.4,3712.7
dosel-sombra-01,2026-09-24T12:55:02.216Z,24.88,79.8,4277.4
dosel-sombra-01,2026-09-24T12:54:17.223Z,25.15,79.6,3224.2
dosel-sombra-01,2026-09-24T12:53:32.214Z,25.18,79.8,3769.8
dosel-sombra-01,2026-09-24T12:52:47.225Z,24.71,81.6,3204.7
dosel-sombra-01,2026-09-24T12:52:02.229Z,24.93,79.8,3329.4
dosel-sombra-01,2026-09-24T12:51:17.22Z,24.49,81.9,3840
dosel-sombra-01,2026-09-24T12:50:32.227Z,25.06,79.7,3021.8
dosel-sombra-01,2026-09-24T12:49:47.219Z,24.61,80.1,3126
dosel-sombra-01,2026-09-24T12:49:02.21Z,24.54,79.2,3557.1
dosel-sombra-01,2026-09-24T12:48:17.217Z,25.01,80,3473.7
dosel-sombra-01,2026-09-24T12:47:32.218Z,24.42,80.5,3958.3
dosel-sombra-01,2026-09-24T12:46:47.21Z,24.76,79.5,3549.5
dosel-sombra-01,2026-09-24T12:46:02.214Z,24.79,81.2,3401.4
dosel-sombra-01,2026-09-24T12:45:17.226Z,24.68,81.9,3315
dosel-sombra-01,2026-09-24T12:44:32.221Z,24.85,79.7,3162.1
dosel-sombra-01,2026-09-24T12:43:47.21Z,25.1,82.3,3558.8
dosel-sombra-01,2026-09-24T12:43:02.203Z,24.99,81.4,3159.9
dosel-sombra-01,2026-09-24T12:42:17.216Z,24.79,81.8,2843.3
dosel-sombra-01,2026-09-24T12:41:32.208Z,24.88,81,3137.5
dosel-sombra-01,2026-09-24T12:40:47.215Z,24.34,79.8,2826.8
dosel-sombra-01,2026-09-24T12:40:02.213Z,24.42,79.9,3330.2
dosel-sombra-01,2026-09-24T12:39:17.217Z,24.72,81.3,3682.7
dosel-sombra-01,2026-09-24T12:38:32.217Z,24.99,82,2717.3
dosel-sombra-01,2026-09-24T12:37:47.221Z,24.92,81,3410.5
dosel-sombra-01,2026-09-24T12:37:02.212Z,24.95,79.9,3477.4
dosel-sombra-01,2026-09-24T12:36:17.204Z,24.66,79.9,3303.8
dosel-sombra-01,2026-09-24T12:35:32.209Z,24.34,82.3,2659.7
dosel-sombra-01,2026-09-24T12:34:47.216Z,24.75,82.5,2637.4
dosel-sombra-01,2026-09-24T12:34:02.204Z,24.99,81.2,2951.6
dosel-sombra-01,2026-09-24T12:33:17.199Z,24.54,80,3535.1
dosel-sombra-01,2026-09-24T12:32:32.206Z,24.31,81.5,3000.8
dosel-sombra-01,2026-09-24T12:31:47.292Z,24.94,80,3221.7
dosel-sombra-01,2026-09-24T11:51:01.792Z,23.58,84.8,1408.5
dosel-sombra-01,2026-09-24T11:50:16.796Z,24.13,84.2,1518.5
dosel-sombra-01,2026-09-24T11:49:31.805Z,23.88,84.5,1864.1
dosel-sombra-01,2026-09-24T11:48:46.796Z,23.67,84.1,1767.9
dosel-sombra-01,2026-09-24T11:48:01.79Z,24.05,84.2,1393.4
dosel-sombra-01,2026-09-24T11:47:16.793Z,23.58,84.6,1779.7
dosel-sombra-01,2026-09-24T11:46:31.785Z,23.86,83.6,1446.2
dosel-sombra-01,2026-09-24T11:45:46.807Z,23.87,82.6,1551.9
dosel-sombra-01,2026-09-24T11:45:01.783Z,24.08,83.1,1365.3
dosel-sombra-01,2026-09-24T11:44:16.806Z,24.25,83.1,1571.6
dosel-sombra-01,2026-09-24T11:43:31.793Z,23.95,83.4,1255.1
dosel-sombra-01,2026-09-24T11:42:46.798Z,23.7,84.7,1157
dosel-sombra-01,2026-09-24T11:42:01.802Z,23.81,82.8,1261.1
dosel-sombra-01,2026-09-24T11:41:16.791Z,23.84,82.8,1480.9
dosel-sombra-01,2026-09-24T11:40:31.79Z,23.83,84.1,1350.5
dosel-sombra-01,2026-09-24T11:39:46.782Z,24.18,84,1522.1
dosel-sombra-01,2026-09-24T11:39:01.787Z,23.55,84.1,1472.2
dosel-sombra-01,2026-09-24T11:38:16.795Z,23.65,84.4,1449.6
dosel-sombra-01,2026-09-24T11:37:31.798Z,23.95,82.8,1075
dosel-sombra-01,2026-09-24T11:36:46.79Z,24.03,83.8,1403.2
dosel-sombra-01,2026-09-24T11:36:01.779Z,23.6,82.8,1073.4
dosel-sombra-01,2026-09-24T11:35:16.79Z,23.84,84.2,1162.9
dosel-sombra-01,2026-09-24T11:34:31.798Z,23.72,82.9,1278.3
dosel-sombra-01,2026-09-24T11:33:46.787Z,23.55,83.1,948.7
dosel-sombra-01,2026-09-24T11:33:01.792Z,23.51,83.8,1267.8
dosel-sombra-01,2026-09-24T11:32:16.795Z,23.34,84.3,929.8
dosel-sombra-01,2026-09-24T11:31:31.79Z,23.3,83.9,957.4
dosel-sombra-01,2026-09-24T11:30:46.78Z,23.39,85.5,860.9
dosel-sombra-01,2026-09-24T11:30:01.785Z,23.33,85.5,865
dosel-sombra-01,2026-09-24T11:29:16.777Z,23.26,85.9,1029.7
dosel-sombra-01,2026-09-24T11:28:31.789Z,24,84,834
dosel-sombra-01,2026-09-24T11:27:46.782Z,23.29,83.6,845.3
dosel-sombra-01,2026-09-24T11:27:01.782Z,23.48,83.6,944.5
dosel-sombra-01,2026-09-24T11:26:16.791Z,23.22,84.5,1008.3
dosel-sombra-01,2026-09-24T11:25:31.779Z,23.89,84.1,912.3
dosel-sombra-01,2026-09-24T11:24:46.787Z,23.97,85.5,718
dosel-sombra-01,2026-09-24T11:24:01.78Z,23.95,85.3,744.8
dosel-sombra-01,2026-09-24T11:23:16.766Z,23.74,84.3,647.9
dosel-sombra-01,2026-09-24T11:22:31.773Z,23.63,85.9,818.1
dosel-sombra-01,2026-09-24T11:21:46.777Z,23.64,85,701.6
dosel-sombra-01,2026-09-24T11:21:01.781Z,23.85,84.1,689.5
dosel-sombra-01,2026-09-24T11:20:16.779Z,23.48,84.9,727.2
dosel-sombra-01,2026-09-24T11:19:31.768Z,23.13,85.3,546.3
dosel-sombra-01,2026-09-24T11:18:46.772Z,23.6,84,556.7
dosel-sombra-01,2026-09-24T11:18:01.767Z,23.67,83.8,526.5
dosel-sombra-01,2026-09-24T11:17:16.764Z,23.14,86,596.9
dosel-sombra-01,2026-09-24T11:16:31.77Z,23.39,85.7,601.5
dosel-sombra-01,2026-09-24T11:15:46.78Z,23.77,84.1,568
dosel-sombra-01,2026-09-24T11:15:01.77Z,23.8,86.4,469.3
dosel-sombra-01,2026-09-24T11:14:16.77Z,23.53,86.1,544
dosel-sombra-01,2026-09-24T11:13:31.777Z,23.22,84.9,364
dosel-sombra-01,2026-09-24T11:12:46.77Z,23.55,86.9,460.1
dosel-sombra-01,2026-09-24T11:12:01.777Z,23.73,86.7,461
dosel-sombra-01,2026-09-24T11:11:16.767Z,23.74,85,427.5
dosel-sombra-01,2026-09-24T11:10:31.762Z,23.69,85.7,328.2
dosel-sombra-01,2026-09-24T11:09:46.77Z,23.16,86.8,250.2
dosel-sombra-01,2026-09-24T11:09:01.776Z,23.75,85.9,288.8
dosel-sombra-01,2026-09-24T11:08:16.77Z,23.36,85.1,238.2
dosel-sombra-01,2026-09-24T11:07:31.774Z,23.65,85.8,232
dosel-sombra-01,2026-09-24T11:06:46.752Z,22.96,86.6,208.9
dosel-sombra-01,2026-09-24T11:06:01.754Z,23.44,84.7,210.6
dosel-sombra-01,2026-09-24T11:05:16.76Z,23.63,85.8,162.6
dosel-sombra-01,2026-09-24T11:04:31.765Z,23.35,84.8,141.9
dosel-sombra-01,2026-09-24T11:03:46.769Z,23.21,86,111.5
dosel-sombra-01,2026-09-24T11:03:01.831Z,23.61,86.3,96.7
dosel-sombra-01,2026-09-24T11:02:16.337Z,23.35,86.4,65.5
dosel-sombra-01,2026-09-24T11:01:31.338Z,23.04,85.1,33.9
dosel-sombra-01,2026-09-24T11:00:46.333Z,23.18,86.8,0
dosel-sombra-01,2026-09-24T11:00:01.322Z,23.21,86.2,0
dosel-sombra-01,2026-09-24T10:59:16.332Z,23.57,84.6,0
dosel-sombra-01,2026-09-24T10:58:31.341Z,23.45,85.5,0
dosel-sombra-01,2026-09-24T10:57:46.319Z,23.24,84.6,0
dosel-sombra-01,2026-09-24T10:57:01.331Z,23.5,86.8,0
dosel-sombra-01,2026-09-24T10:56:16.327Z,23.28,87.6,0
dosel-sombra-01,2026-09-24T10:55:31.335Z,23.22,87.3,0
dosel-sombra-01,2026-09-24T10:54:46.338Z,23.13,87.6,0
dosel-sombra-01,2026-09-24T10:54:01.329Z,23.05,84.9,0
dosel-sombra-01,2026-09-24T10:53:16.34Z,23,87.6,0
dosel-sombra-01,2026-09-24T10:52:31.313Z,23.47,84.9,0
dosel-sombra-01,2026-09-24T10:51:46.322Z,22.94,87.4,0
dosel-sombra-01,2026-09-24T10:51:01.316Z,22.75,86.8,0
dosel-sombra-01,2026-09-24T10:50:16.322Z,22.96,86.7,0
dosel-sombra-01,2026-09-24T10:49:31.33Z,22.75,87,0
dosel-sombra-01,2026-09-24T10:48:46.321Z,22.89,87.1,0
dosel-sombra-01,2026-09-24T10:48:01.321Z,22.73,87.9,0
dosel-sombra-01,2026-09-24T10:47:16.309Z,23.03,87.1,0
dosel-sombra-01,2026-09-24T10:46:31.33Z,23.44,87.3,0
dosel-sombra-01,2026-09-24T10:45:46.321Z,23.01,85.3,0
dosel-sombra-01,2026-09-24T10:45:01.327Z,23.38,87.9,0
dosel-sombra-01,2026-09-24T10:44:16.321Z,22.74,86.2,0
dosel-sombra-01,2026-09-24T10:43:31.322Z,23.4,86,0
dosel-sombra-01,2026-09-24T10:42:46.314Z,23.08,87.6,0
dosel-sombra-01,2026-09-24T10:42:01.317Z,22.75,85.6,0
dosel-sombra-01,2026-09-24T10:41:16.309Z,23.26,86.2,0
dosel-sombra-01,2026-09-24T10:40:31.314Z,22.63,88,0
dosel-sombra-01,2026-09-24T10:39:46.306Z,23.08,88,0
dosel-sombra-01,2026-09-24T10:39:01.314Z,23.17,86.5,0
dosel-sombra-01,2026-09-24T10:38:16.309Z,22.58,86.6,0
dosel-sombra-01,2026-09-24T10:37:31.312Z,23.09,87.1,0
dosel-sombra-01,2026-09-24T10:36:46.319Z,23.33,86,0
dosel-sombra-01,2026-09-24T10:36:01.309Z,23.22,88,0
dosel-sombra-01,2026-09-24T10:35:16.32Z,23.27,88.3,0
dosel-sombra-01,2026-09-24T10:34:31.314Z,23.12,86.4,0
dosel-sombra-01,2026-09-24T10:33:46.321Z,22.64,88.3,0
dosel-sombra-01,2026-09-24T10:33:01.31Z,22.8,88.3,0
dosel-sombra-01,2026-09-24T10:32:16.316Z,23.1,88,0
dosel-sombra-01,2026-09-24T10:31:31.309Z,23.12,88,0
dosel-sombra-01,2026-09-24T10:30:46.315Z,22.86,85.9,0
dosel-sombra-01,2026-09-24T10:30:01.324Z,22.51,87.2,0
dosel-sombra-01,2026-09-24T10:29:16.313Z,22.63,87.8,0
dosel-sombra-01,2026-09-24T10:28:31.307Z,23.14,86.6,0
dosel-sombra-01,2026-09-24T10:27:46.317Z,22.72,87,0
dosel-sombra-01,2026-09-24T10:27:01.318Z,23.21,86.7,0
dosel-sombra-01,2026-09-24T10:26:16.312Z,22.84,86.9,0
dosel-sombra-01,2026-09-24T10:25:31.314Z,22.42,86.1,0
dosel-sombra-01,2026-09-24T10:24:46.307Z,22.49,88.9,0
dosel-sombra-01,2026-09-24T10:24:01.305Z,22.5,87.3,0
dosel-sombra-01,2026-09-24T10:23:16.301Z,23.05,88.2,0
dosel-sombra-01,2026-09-24T10:22:31.292Z,22.41,87.9,0
dosel-sombra-01,2026-09-24T10:21:46.297Z,22.39,88.8,0
dosel-sombra-01,2026-09-24T10:21:01.299Z,22.43,86.4,0
dosel-sombra-01,2026-09-24T10:20:16.306Z,22.45,88.1,0
dosel-sombra-01,2026-09-24T10:19:31.309Z,22.94,86.4,0
dosel-sombra-01,2026-09-24T10:18:46.303Z,22.97,87.7,0
dosel-sombra-01,2026-09-24T10:18:01.298Z,22.48,89,0
dosel-sombra-01,2026-09-24T10:17:16.3Z,22.41,88.1,0
dosel-sombra-01,2026-09-24T10:16:31.301Z,23.08,87.4,0
dosel-sombra-01,2026-09-24T10:15:46.291Z,22.38,89.4,0
dosel-sombra-01,2026-09-24T10:15:01.307Z,22.58,89.4,0
dosel-sombra-01,2026-09-24T10:14:16.285Z,22.66,86.5,0
dosel-sombra-01,2026-09-24T10:13:31.301Z,22.92,88.7,0
dosel-sombra-01,2026-09-24T10:12:46.387Z,22.32,89.4,0
dosel-sombra-01,2026-09-24T10:12:00.875Z,22.77,89.5,0
dosel-sombra-01,2026-09-24T10:11:15.867Z,22.79,87.1,0
dosel-sombra-01,2026-09-24T10:10:30.874Z,22.48,89.4,0
dosel-sombra-01,2026-09-24T10:09:45.866Z,22.49,87.1,0
dosel-sombra-01,2026-09-24T10:09:00.858Z,22.73,87.6,0
dosel-sombra-01,2026-09-24T10:08:15.861Z,22.67,89.3,0
dosel-sombra-01,2026-09-24T10:07:30.868Z,22.58,87.7,0
dosel-sombra-01,2026-09-24T10:06:45.857Z,22.28,87.9,0
dosel-sombra-01,2026-09-24T10:06:00.86Z,22.3,89.4,0
dosel-sombra-01,2026-09-24T10:05:15.869Z,22.6,89.3,0
dosel-sombra-01,2026-09-24T10:04:30.859Z,22.46,89,0
dosel-sombra-01,2026-09-24T10:03:45.864Z,22.64,88.7,0
dosel-sombra-01,2026-09-24T10:03:00.859Z,22.91,88.6,0
dosel-sombra-01,2026-09-24T10:02:15.862Z,22.79,88.3,0
dosel-sombra-01,2026-09-24T10:01:30.864Z,22.81,88.4,0
dosel-sombra-01,2026-09-24T10:00:45.866Z,22.42,88.4,0
dosel-sombra-01,2026-09-24T10:00:00.859Z,22.58,88.9,0
dosel-sombra-01,2026-09-24T09:59:15.864Z,22.88,89.5,0
dosel-sombra-01,2026-09-24T09:58:30.858Z,22.34,88.2,0
dosel-sombra-01,2026-09-24T09:57:45.866Z,22.3,89.4,0
dosel-sombra-01,2026-09-24T09:57:00.855Z,22.13,89.2,0
dosel-sombra-01,2026-09-24T09:56:15.845Z,22.12,89.9,0
dosel-sombra-01,2026-09-24T09:55:30.853Z,22.3,89,0
dosel-sombra-01,2026-09-24T09:54:45.86Z,22.49,87.8,0
dosel-sombra-01,2026-09-24T09:54:00.851Z,22.36,90.2,0
dosel-sombra-01,2026-09-24T09:53:15.845Z,22.84,88.3,0
dosel-sombra-01,2026-09-24T09:52:30.871Z,22.16,89,0
dosel-sombra-01,2026-09-24T09:51:45.847Z,22.64,88.8,0
dosel-sombra-01,2026-09-24T09:51:00.857Z,22.78,89.9,0
dosel-sombra-01,2026-09-24T09:50:15.848Z,22.3,89.3,0
dosel-sombra-01,2026-09-24T09:49:30.852Z,22.4,89.1,0
dosel-sombra-01,2026-09-24T09:48:45.858Z,22.65,89.7,0
dosel-sombra-01,2026-09-24T09:48:00.845Z,22.34,87.8,0
dosel-sombra-01,2026-09-24T09:47:15.846Z,22.34,89.6,0
dosel-sombra-01,2026-09-24T09:46:30.856Z,22.56,88,0
dosel-sombra-01,2026-09-24T09:45:45.863Z,22.36,88.1,0
dosel-sombra-01,2026-09-24T09:45:00.841Z,22.19,88,0
dosel-sombra-01,2026-09-24T09:44:15.848Z,22.74,88.7,0
dosel-sombra-01,2026-09-24T09:43:30.842Z,22.44,89.1,0
dosel-sombra-01,2026-09-24T09:42:45.849Z,22.66,88.4,0
dosel-sombra-01,2026-09-24T09:42:00.849Z,22.63,88.2,0
dosel-sombra-01,2026-09-24T09:41:15.837Z,22.63,87.9,0
dosel-sombra-01,2026-09-24T09:40:30.858Z,21.97,90.3,0
dosel-sombra-01,2026-09-24T09:39:45.845Z,22.16,88.7,0
dosel-sombra-01,2026-09-24T09:39:00.851Z,22.59,90.5,0
dosel-sombra-01,2026-09-24T09:38:15.831Z,22.7,88.6,0
dosel-sombra-01,2026-09-24T09:37:30.838Z,22.61,89.7,0
dosel-sombra-01,2026-09-24T09:36:45.848Z,22.06,88.7,0
dosel-sombra-01,2026-09-24T09:36:00.836Z,21.96,90.4,0
dosel-sombra-01,2026-09-24T09:35:15.843Z,22.07,90.2,0
dosel-sombra-01,2026-09-24T09:34:30.846Z,22.11,88.7,0
dosel-sombra-01,2026-09-24T09:33:45.855Z,21.96,88.7,0
dosel-sombra-01,2026-09-24T09:33:00.833Z,22.18,88.1,0
dosel-sombra-01,2026-09-24T09:32:15.838Z,22.54,88.8,0
dosel-sombra-01,2026-09-24T09:31:30.827Z,22.09,88.2,0
dosel-sombra-01,2026-09-24T09:30:45.833Z,21.97,91,0
dosel-sombra-01,2026-09-24T09:30:00.839Z,22.39,89.4,0
dosel-sombra-01,2026-09-24T09:29:15.845Z,22.25,90.7,0
dosel-sombra-01,2026-09-24T09:28:30.837Z,21.99,90.6,0
dosel-sombra-01,2026-09-24T09:27:45.83Z,21.96,89.8,0
dosel-sombra-01,2026-09-24T09:27:00.835Z,22.1,89.8,0
dosel-sombra-01,2026-09-24T09:26:15.842Z,22.5,88.6,0
dosel-sombra-01,2026-09-24T09:25:30.846Z,22.08,89,0
dosel-sombra-01,2026-09-24T09:24:45.836Z,21.83,88.8,0
dosel-sombra-01,2026-09-24T09:24:00.829Z,22.49,88.5,0
dosel-sombra-01,2026-09-24T09:23:15.824Z,22.3,89.9,0
dosel-sombra-01,2026-09-24T09:22:30.896Z,22.21,89.3,0
dosel-sombra-01,2026-09-24T09:21:45.401Z,22.19,91,0
dosel-sombra-01,2026-09-24T09:21:00.406Z,22.51,89,0
dosel-sombra-01,2026-09-24T09:20:15.412Z,21.75,89.3,0
dosel-sombra-01,2026-09-24T09:19:30.404Z,21.91,90.7,0
dosel-sombra-01,2026-09-24T09:18:45.405Z,22.31,91.2,0
dosel-sombra-01,2026-09-24T09:18:00.403Z,22.01,90.5,0
dosel-sombra-01,2026-09-24T09:17:15.406Z,21.9,90.3,0
dosel-sombra-01,2026-09-24T09:16:30.412Z,22.45,90.4,0
dosel-sombra-01,2026-09-24T09:15:45.402Z,22.27,89.7,0
dosel-sombra-01,2026-09-24T09:15:00.41Z,22.25,89,0
dosel-sombra-01,2026-09-24T09:14:15.415Z,22.16,91.5,0
dosel-sombra-01,2026-09-24T09:13:30.414Z,21.73,90.1,0
dosel-sombra-01,2026-09-24T09:12:45.407Z,22.17,89.7,0
dosel-sombra-01,2026-09-24T09:12:00.395Z,21.79,89.8,0
dosel-sombra-01,2026-09-24T09:11:15.406Z,21.9,88.8,0
dosel-sombra-01,2026-09-24T09:10:30.396Z,21.69,90.1,0
dosel-sombra-01,2026-09-24T09:09:45.398Z,22.25,90,0
dosel-sombra-01,2026-09-24T09:09:00.399Z,22,91.4,0
dosel-sombra-01,2026-09-24T09:08:15.394Z,22.29,90.9,0
dosel-sombra-01,2026-09-24T09:07:30.399Z,22.32,90.5,0
dosel-sombra-01,2026-09-24T09:06:45.389Z,21.82,90.6,0
dosel-sombra-01,2026-09-24T09:06:00.397Z,22.23,91.1,0
dosel-sombra-01,2026-09-24T09:05:15.397Z,22.34,88.9,0
dosel-sombra-01,2026-09-24T09:04:30.406Z,21.83,88.9,0
dosel-sombra-01,2026-09-24T09:03:45.398Z,21.82,91.5,0
dosel-sombra-01,2026-09-24T09:03:00.394Z,22.11,89.6,0
dosel-sombra-01,2026-09-24T09:02:15.407Z,22.16,91.7,0
dosel-sombra-01,2026-09-24T09:01:30.404Z,22.08,91.7,0
dosel-sombra-01,2026-09-24T09:00:45.398Z,22.3,90.4,0
dosel-sombra-01,2026-09-24T09:00:00.399Z,22.35,89.9,0
dosel-sombra-01,2026-09-24T08:59:15.39Z,21.6,91.4,0
dosel-sombra-01,2026-09-24T08:58:30.38Z,22.14,91,0
dosel-sombra-01,2026-09-24T08:57:45.385Z,21.68,91.9,0
dosel-sombra-01,2026-09-24T08:57:00.39Z,22.19,91.4,0
dosel-sombra-01,2026-09-24T08:56:15.384Z,21.73,89.9,0
dosel-sombra-01,2026-09-24T08:55:30.384Z,21.75,90.8,0
dosel-sombra-01,2026-09-24T08:54:45.387Z,22.11,90.8,0
dosel-sombra-01,2026-09-24T08:54:00.396Z,21.69,91.9,0
dosel-sombra-01,2026-09-24T08:53:15.372Z,21.58,89.9,0
dosel-sombra-01,2026-09-24T08:52:30.393Z,21.63,89.4,0
dosel-sombra-01,2026-09-24T08:51:45.397Z,21.63,90.1,0
dosel-sombra-01,2026-09-24T08:51:00.391Z,21.75,91,0
dosel-sombra-01,2026-09-24T08:50:15.389Z,22.17,90.9,0
dosel-sombra-01,2026-09-24T08:49:30.386Z,22.25,91.9,0
dosel-sombra-01,2026-09-24T08:48:45.391Z,21.71,89.5,0
dosel-sombra-01,2026-09-24T08:48:00.373Z,22.19,90.1,0
dosel-sombra-01,2026-09-24T08:47:15.389Z,21.86,90.8,0
dosel-sombra-01,2026-09-24T08:46:30.38Z,21.95,90.2,0
dosel-sombra-01,2026-09-24T08:45:45.395Z,21.57,91,0
dosel-sombra-01,2026-09-24T08:45:00.39Z,22.16,92.1,0
dosel-sombra-01,2026-09-24T08:44:15.385Z,21.5,91.2,0
dosel-sombra-01,2026-09-24T08:43:30.386Z,22.03,89.6,0
dosel-sombra-01,2026-09-24T08:42:45.382Z,22.06,90.9,0
dosel-sombra-01,2026-09-24T08:42:00.386Z,21.57,90.4,0
dosel-sombra-01,2026-09-24T08:41:15.381Z,21.69,90.8,0
dosel-sombra-01,2026-09-24T08:40:30.375Z,21.85,89.9,0
dosel-sombra-01,2026-09-24T08:39:45.38Z,21.78,91.9,0
dosel-sombra-01,2026-09-24T08:39:00.372Z,22.1,92.2,0
dosel-sombra-01,2026-09-24T08:38:15.366Z,21.47,92.2,0
dosel-sombra-01,2026-09-24T08:37:30.386Z,21.89,89.9,0
dosel-sombra-01,2026-09-24T08:36:45.375Z,21.95,90.5,0
dosel-sombra-01,2026-09-24T08:36:00.365Z,21.79,90,0
dosel-sombra-01,2026-09-24T08:35:15.37Z,21.7,90.7,0
dosel-sombra-01,2026-09-24T08:34:30.364Z,21.61,89.6,0
dosel-sombra-01,2026-09-24T08:33:45.385Z,21.55,90.9,0
dosel-sombra-01,2026-09-24T08:33:00.377Z,21.68,91.6,0
dosel-sombra-01,2026-09-24T08:32:15.474Z,21.87,92.1,0
dosel-sombra-01,2026-09-24T08:31:29.921Z,21.45,90.9,0
dosel-sombra-01,2026-09-24T08:30:44.928Z,21.43,92.3,0
dosel-sombra-01,2026-09-24T08:29:59.917Z,21.8,91.3,0
dosel-sombra-01,2026-09-24T08:29:14.924Z,21.42,90.5,0
dosel-sombra-01,2026-09-24T08:28:29.932Z,21.59,92.5,0
dosel-sombra-01,2026-09-24T08:27:44.924Z,21.68,91.4,0
dosel-sombra-01,2026-09-24T08:26:59.935Z,21.83,89.7,0
dosel-sombra-01,2026-09-24T08:26:14.925Z,21.55,91.7,0
dosel-sombra-01,2026-09-24T08:25:29.93Z,21.77,91.3,0
dosel-sombra-01,2026-09-24T08:24:44.92Z,21.39,92.2,0
dosel-sombra-01,2026-09-24T08:23:59.909Z,21.97,92,0
dosel-sombra-01,2026-09-24T08:23:14.917Z,21.33,90.5,0
dosel-sombra-01,2026-09-24T08:22:29.921Z,21.49,91.7,0
dosel-sombra-01,2026-09-24T08:21:44.927Z,21.66,92,0
dosel-sombra-01,2026-09-24T08:20:59.93Z,21.95,91.7,0
dosel-sombra-01,2026-09-24T08:20:14.919Z,22.08,92,0
dosel-sombra-01,2026-09-24T08:19:29.928Z,22.03,90,0
dosel-sombra-01,2026-09-24T08:18:44.933Z,21.47,91.1,0
dosel-sombra-01,2026-09-24T08:17:59.912Z,21.69,92.3,0
dosel-sombra-01,2026-09-24T08:17:14.92Z,21.3,92.6,0
dosel-sombra-01,2026-09-24T08:16:29.923Z,21.57,92.3,0
dosel-sombra-01,2026-09-24T08:15:44.927Z,21.71,90.7,0
dosel-sombra-01,2026-09-24T08:14:59.912Z,21.73,91.4,0
dosel-sombra-01,2026-09-24T08:14:14.916Z,21.54,91.6,0
dosel-sombra-01,2026-09-24T08:13:29.924Z,21.96,92.3,0
dosel-sombra-01,2026-09-24T08:12:44.916Z,21.32,91.5,0
dosel-sombra-01,2026-09-24T08:11:59.922Z,21.64,91.3,0
dosel-sombra-01,2026-09-24T08:11:14.922Z,21.5,90.6,0
dosel-sombra-01,2026-09-24T08:10:29.914Z,21.78,91.3,0
dosel-sombra-01,2026-09-24T08:09:44.92Z,21.66,92.9,0
dosel-sombra-01,2026-09-24T08:08:59.923Z,21.61,92.6,0
dosel-sombra-01,2026-09-24T08:08:14.91Z,21.52,91.7,0
dosel-sombra-01,2026-09-24T08:07:29.917Z,21.67,90.1,0
dosel-sombra-01,2026-09-24T08:06:44.908Z,21.28,91.4,0
dosel-sombra-01,2026-09-24T08:05:59.914Z,21.53,91.1,0
dosel-sombra-01,2026-09-24T08:05:14.911Z,21.73,92.1,0
dosel-sombra-01,2026-09-24T08:04:29.92Z,21.82,91.3,0
dosel-sombra-01,2026-09-24T08:03:44.911Z,21.61,90.9,0
dosel-sombra-01,2026-09-24T08:02:59.903Z,21.63,91.2,0
dosel-sombra-01,2026-09-24T08:02:14.906Z,21.26,91.2,0
dosel-sombra-01,2026-09-24T08:01:29.914Z,21.6,91.8,0
dosel-sombra-01,2026-09-24T08:00:44.9Z,21.74,91.4,0
dosel-sombra-01,2026-09-24T07:59:59.906Z,21.45,91.7,0
dosel-sombra-01,2026-09-24T07:59:14.897Z,21.29,92.2,0
dosel-sombra-01,2026-09-24T07:58:29.907Z,21.65,90.6,0
dosel-sombra-01,2026-09-24T07:57:44.912Z,21.34,92.8,0
dosel-sombra-01,2026-09-24T07:56:59.901Z,21.3,90.5,0
dosel-sombra-01,2026-09-24T07:56:14.912Z,21.21,91.6,0
dosel-sombra-01,2026-09-24T07:55:29.893Z,21.57,91.8,0
dosel-sombra-01,2026-09-24T07:54:44.898Z,21.8,90.6,0
dosel-sombra-01,2026-09-24T07:53:59.909Z,21.73,92.7,0
dosel-sombra-01,2026-09-24T07:53:14.903Z,21.23,90.9,0
dosel-sombra-01,2026-09-24T07:52:29.891Z,21.62,92.7,0
dosel-sombra-01,2026-09-24T07:51:44.899Z,21.72,93,0
dosel-sombra-01,2026-09-24T07:50:59.906Z,21.49,90.3,0
dosel-sombra-01,2026-09-24T07:50:14.909Z,21.43,91.6,0
dosel-sombra-01,2026-09-24T07:49:29.898Z,21.94,91.2,0
dosel-sombra-01,2026-09-24T07:48:44.907Z,21.55,91,0
dosel-sombra-01,2026-09-24T07:47:59.907Z,21.39,92.2,0
dosel-sombra-01,2026-09-24T07:47:14.894Z,21.37,91.2,0
dosel-sombra-01,2026-09-24T07:46:29.902Z,21.25,93,0
dosel-sombra-01,2026-09-24T07:45:44.89Z,21.46,93.1,0
dosel-sombra-01,2026-09-24T07:44:59.896Z,21.47,92.5,0
dosel-sombra-01,2026-09-24T07:44:14.9Z,21.48,92.7,0
dosel-sombra-01,2026-09-24T07:43:29.892Z,21.21,93.1,0
dosel-sombra-01,2026-09-24T07:42:44.884Z,21.79,91.5,0
dosel-sombra-01,2026-09-24T07:41:59.939Z,21.48,90.8,0
dosel-sombra-01,2026-09-24T07:41:14.476Z,21.79,91.5,0
dosel-sombra-01,2026-09-24T07:40:29.475Z,21.27,91.6,0
dosel-sombra-01,2026-09-24T07:39:44.471Z,21.2,92,0
dosel-sombra-01,2026-09-24T07:38:59.476Z,21.87,91.4,0
dosel-sombra-01,2026-09-24T07:38:14.463Z,21.34,91.4,0
dosel-sombra-01,2026-09-24T07:37:29.465Z,21.58,93.1,0
dosel-sombra-01,2026-09-24T07:36:44.472Z,21.88,91.5,0
dosel-sombra-01,2026-09-24T07:35:59.464Z,21.55,91.7,0
dosel-sombra-01,2026-09-24T07:35:14.452Z,21.55,91.8,0
dosel-sombra-01,2026-09-24T07:34:29.459Z,21.48,92.4,0
dosel-sombra-01,2026-09-24T07:33:44.462Z,21.31,92.8,0
dosel-sombra-01,2026-09-24T07:32:59.471Z,21.28,90.8,0
dosel-sombra-01,2026-09-24T07:32:14.474Z,21.78,92,0
dosel-sombra-01,2026-09-24T07:31:29.451Z,21.67,92.4,0
dosel-sombra-01,2026-09-24T07:30:44.456Z,21.17,90.5,0
dosel-sombra-01,2026-09-24T07:29:59.461Z,21.76,93.1,0
dosel-sombra-01,2026-09-24T07:29:14.456Z,21.29,93,0
dosel-sombra-01,2026-09-24T07:28:29.472Z,21.27,91.2,0
dosel-sombra-01,2026-09-24T07:27:44.458Z,21.43,92.2,0
dosel-sombra-01,2026-09-24T07:26:59.45Z,21.29,91.6,0
dosel-sombra-01,2026-09-24T07:26:14.455Z,21.53,92.2,0
dosel-sombra-01,2026-09-24T07:25:29.461Z,21.74,92.3,0
dosel-sombra-01,2026-09-24T07:24:44.465Z,21.49,92.4,0
dosel-sombra-01,2026-09-24T07:23:59.455Z,21.91,93.4,0
dosel-sombra-01,2026-09-24T07:23:14.459Z,21.49,91.5,0
dosel-sombra-01,2026-09-24T07:22:29.461Z,21.83,93.4,0
dosel-sombra-01,2026-09-24T07:21:44.45Z,21.73,90.8,0
dosel-sombra-01,2026-09-24T07:20:59.466Z,21.77,91.7,0
dosel-sombra-01,2026-09-24T07:20:14.452Z,21.15,92.5,0
dosel-sombra-01,2026-09-24T07:19:29.444Z,21.5,92,0
dosel-sombra-01,2026-09-24T07:18:44.449Z,21.35,92.9,0
dosel-sombra-01,2026-09-24T07:17:59.465Z,21.55,93.2,0
dosel-sombra-01,2026-09-24T07:17:14.466Z,21.42,91.6,0
dosel-sombra-01,2026-09-24T07:16:29.457Z,21.26,91.7,0
dosel-sombra-01,2026-09-24T07:15:44.463Z,21.66,92.9,0
dosel-sombra-01,2026-09-24T07:14:59.457Z,21.57,91,0
dosel-sombra-01,2026-09-24T07:14:14.446Z,21.77,92.2,0
dosel-sombra-01,2026-09-24T07:13:29.455Z,21.15,90.6,0
dosel-sombra-01,2026-09-24T07:12:44.457Z,21.88,91.6,0
dosel-sombra-01,2026-09-24T07:11:59.45Z,21.36,91.3,0
dosel-sombra-01,2026-09-24T07:11:14.459Z,21.14,92.2,0
dosel-sombra-01,2026-09-24T07:10:29.448Z,21.25,93.2,0
dosel-sombra-01,2026-09-24T07:09:44.438Z,21.3,93.3,0
dosel-sombra-01,2026-09-24T07:08:59.442Z,21.85,93.5,0
dosel-sombra-01,2026-09-24T07:08:14.446Z,21.57,92,0
dosel-sombra-01,2026-09-24T07:07:29.448Z,21.58,91.8,0
dosel-sombra-01,2026-09-24T07:06:44.452Z,21.77,91.2,0
dosel-sombra-01,2026-09-24T07:05:59.444Z,21.72,90.8,0
dosel-sombra-01,2026-09-24T07:05:14.448Z,21.45,92.8,0
dosel-sombra-01,2026-09-24T07:04:29.441Z,21.4,91.5,0
dosel-sombra-01,2026-09-24T07:03:44.448Z,21.4,91.5,0
dosel-sombra-01,2026-09-24T07:02:59.429Z,21.31,93,0
dosel-sombra-01,2026-09-24T07:02:14.444Z,21.13,91.4,0
dosel-sombra-01,2026-09-24T07:01:29.439Z,21.35,92.7,0
dosel-sombra-01,2026-09-24T07:00:44.441Z,21.53,92.6,0
dosel-sombra-01,2026-09-24T06:59:59.445Z,21.47,93.2,0
dosel-sombra-01,2026-09-24T06:59:14.444Z,21.46,91.2,0
dosel-sombra-01,2026-09-24T06:58:29.443Z,21.59,91.9,0
dosel-sombra-01,2026-09-24T06:57:44.434Z,21.13,91.4,0
dosel-sombra-01,2026-09-24T06:56:59.439Z,21.59,92.7,0
dosel-sombra-01,2026-09-24T06:56:14.444Z,21.63,91.4,0
dosel-sombra-01,2026-09-24T06:55:29.433Z,21.88,91.5,0
dosel-sombra-01,2026-09-24T06:54:44.441Z,21.88,93.2,0
dosel-sombra-01,2026-09-24T06:53:59.433Z,21.37,92.3,0
dosel-sombra-01,2026-09-24T06:53:14.432Z,21.47,93.3,0
dosel-sombra-01,2026-09-24T06:52:29.437Z,21.21,92.7,0
dosel-sombra-01,2026-09-24T06:51:44.535Z,21.18,92.5,0
dosel-sombra-01,2026-09-24T06:10:59.039Z,21.92,91.3,0
dosel-sombra-01,2026-09-24T06:10:14.047Z,21.71,92.3,0
dosel-sombra-01,2026-09-24T06:09:29.036Z,21.8,90.6,0
dosel-sombra-01,2026-09-24T06:08:44.042Z,21.34,92.4,0
dosel-sombra-01,2026-09-24T06:07:59.04Z,21.59,91.5,0
dosel-sombra-01,2026-09-24T06:07:14.045Z,21.91,93,0
dosel-sombra-01,2026-09-24T06:06:29.039Z,21.98,91.2,0
dosel-sombra-01,2026-09-24T06:05:44.043Z,21.74,92.7,0
dosel-sombra-01,2026-09-24T06:04:59.03Z,21.97,91.7,0
dosel-sombra-01,2026-09-24T06:04:14.038Z,21.29,92.4,0
dosel-sombra-01,2026-09-24T06:03:29.044Z,21.65,91.8,0
dosel-sombra-01,2026-09-24T06:02:44.022Z,21.38,90.7,0
dosel-sombra-01,2026-09-24T06:01:59.037Z,21.35,90.8,0
dosel-sombra-01,2026-09-24T06:01:14.031Z,21.55,91.4,0
dosel-sombra-01,2026-09-24T06:00:29.038Z,21.31,91.7,0
dosel-sombra-01,2026-09-24T05:59:44.024Z,21.35,90.6,0
dosel-sombra-01,2026-09-24T05:58:59.029Z,21.35,90.9,0
dosel-sombra-01,2026-09-24T05:58:14.025Z,21.51,90.1,0
dosel-sombra-01,2026-09-24T05:57:29.028Z,21.75,92.6,0
dosel-sombra-01,2026-09-24T05:56:44.043Z,21.47,92.2,0
dosel-sombra-01,2026-09-24T05:55:59.033Z,21.44,92,0
dosel-sombra-01,2026-09-24T05:55:14.026Z,21.98,91.1,0
dosel-sombra-01,2026-09-24T05:54:29.031Z,21.68,90.5,0
dosel-sombra-01,2026-09-24T05:53:44.036Z,21.77,92.4,0
dosel-sombra-01,2026-09-24T05:52:59.031Z,21.38,92.5,0
dosel-sombra-01,2026-09-24T05:52:14.036Z,21.49,90.1,0
dosel-sombra-01,2026-09-24T05:51:29.025Z,21.62,91.5,0
dosel-sombra-01,2026-09-24T05:50:44.028Z,21.76,91.6,0
dosel-sombra-01,2026-09-24T05:49:59.041Z,22,92.1,0
dosel-sombra-01,2026-09-24T05:49:14.032Z,21.53,91.2,0
dosel-sombra-01,2026-09-24T05:48:29.025Z,21.65,90.6,0
dosel-sombra-01,2026-09-24T05:47:44.017Z,21.93,92.8,0
dosel-sombra-01,2026-09-24T05:46:59.024Z,22.05,90.1,0
dosel-sombra-01,2026-09-24T05:46:14.015Z,21.67,92.7,0
dosel-sombra-01,2026-09-24T05:45:29.024Z,21.75,91.4,0
dosel-sombra-01,2026-09-24T05:44:44.03Z,21.85,91.4,0
dosel-sombra-01,2026-09-24T05:43:59.021Z,21.53,90,0
dosel-sombra-01,2026-09-24T05:43:14.027Z,21.72,92,0
dosel-sombra-01,2026-09-24T05:42:29.016Z,21.72,91,0
dosel-sombra-01,2026-09-24T05:41:44.016Z,21.34,90.1,0
dosel-sombra-01,2026-09-24T05:40:59.017Z,22.06,91.5,0
dosel-sombra-01,2026-09-24T05:40:14.019Z,22.05,92.5,0
dosel-sombra-01,2026-09-24T05:39:29.019Z,21.37,90.4,0
dosel-sombra-01,2026-09-24T05:38:44.022Z,21.79,91,0
dosel-sombra-01,2026-09-24T05:37:59.019Z,21.98,92.7,0
dosel-sombra-01,2026-09-24T05:37:14.025Z,22.07,90.1,0
dosel-sombra-01,2026-09-24T05:36:29.108Z,21.74,90.6,0
dosel-sombra-01,2026-09-24T05:35:43.575Z,21.62,90,0
dosel-sombra-01,2026-09-24T05:34:58.564Z,21.47,89.8,0
dosel-sombra-01,2026-09-24T05:34:13.558Z,21.53,89.7,0
dosel-sombra-01,2026-09-24T05:33:28.57Z,21.65,90.8,0
dosel-sombra-01,2026-09-24T05:32:43.56Z,22,91.1,0
dosel-sombra-01,2026-09-24T05:31:58.56Z,21.66,90,0
dosel-sombra-01,2026-09-24T05:31:13.558Z,22.1,91.1,0
dosel-sombra-01,2026-09-24T05:30:28.593Z,22.17,89.9,0
dosel-sombra-01,2026-09-24T05:29:43.567Z,21.87,90.7,0
dosel-sombra-01,2026-09-24T05:28:58.557Z,21.89,89.8,0
dosel-sombra-01,2026-09-24T05:28:13.557Z,21.92,90.8,0
dosel-sombra-01,2026-09-24T05:27:28.561Z,21.86,90.2,0
dosel-sombra-01,2026-09-24T05:26:43.551Z,21.8,92,0
dosel-sombra-01,2026-09-24T05:25:58.567Z,21.46,90.1,0
dosel-sombra-01,2026-09-24T05:25:13.558Z,21.93,91.9,0
dosel-sombra-01,2026-09-24T05:24:28.549Z,21.64,89.7,0
dosel-sombra-01,2026-09-24T05:23:43.555Z,21.72,91,0
dosel-sombra-01,2026-09-24T05:22:58.556Z,22.16,91.8,0
dosel-sombra-01,2026-09-24T05:22:13.546Z,21.83,91.8,0
dosel-sombra-01,2026-09-24T05:21:28.549Z,21.99,92.1,0
dosel-sombra-01,2026-09-24T05:20:43.557Z,22.1,90.5,0
dosel-sombra-01,2026-09-24T05:19:58.548Z,21.46,90.9,0
dosel-sombra-01,2026-09-24T05:19:13.547Z,21.85,89.7,0
dosel-sombra-01,2026-09-24T05:18:28.55Z,21.59,89.4,0
dosel-sombra-01,2026-09-24T05:17:43.541Z,22.21,89.6,0
dosel-sombra-01,2026-09-24T05:16:58.557Z,21.49,90.3,0
dosel-sombra-01,2026-09-24T05:16:13.557Z,21.93,91.4,0
dosel-sombra-01,2026-09-24T05:15:28.559Z,22.13,90.8,0
dosel-sombra-01,2026-09-24T05:14:43.552Z,22.11,89.8,0
dosel-sombra-01,2026-09-24T05:13:58.538Z,21.65,90.5,0
dosel-sombra-01,2026-09-24T05:13:13.548Z,21.92,91.7,0
dosel-sombra-01,2026-09-24T05:12:28.55Z,21.93,90.7,0
dosel-sombra-01,2026-09-24T05:11:43.556Z,22.07,90.3,0
dosel-sombra-01,2026-09-24T05:10:58.543Z,22.01,92,0
dosel-sombra-01,2026-09-24T05:10:13.548Z,22.04,89.8,0
dosel-sombra-01,2026-09-24T05:09:28.54Z,21.89,90.8,0
dosel-sombra-01,2026-09-24T05:08:43.549Z,21.59,91.1,0
dosel-sombra-01,2026-09-24T05:07:58.547Z,22.07,91.4,0
dosel-sombra-01,2026-09-24T05:07:13.535Z,22.12,91.9,0
dosel-sombra-01,2026-09-24T05:06:28.544Z,21.81,90.8,0
dosel-sombra-01,2026-09-24T05:05:43.549Z,21.88,91.1,0
dosel-sombra-01,2026-09-24T05:04:58.554Z,21.75,91.3,0
dosel-sombra-01,2026-09-24T05:04:13.547Z,21.84,91.7,0
dosel-sombra-01,2026-09-24T05:03:28.541Z,21.88,89.2,0
dosel-sombra-01,2026-09-24T05:02:43.544Z,21.78,90.2,0
dosel-sombra-01,2026-09-24T05:01:58.548Z,21.87,91.7,0
dosel-sombra-01,2026-09-24T05:01:13.538Z,21.88,91.7,0
dosel-sombra-01,2026-09-24T05:00:28.546Z,22.16,89.2,0
dosel-sombra-01,2026-09-24T04:59:43.53Z,21.95,91.3,0
dosel-sombra-01,2026-09-24T04:58:58.538Z,22.35,91.4,0
dosel-sombra-01,2026-09-24T04:58:13.53Z,22.13,89.3,0
dosel-sombra-01,2026-09-24T04:57:28.538Z,21.6,91,0
dosel-sombra-01,2026-09-24T04:56:43.527Z,21.74,90.4,0
dosel-sombra-01,2026-09-24T04:55:58.532Z,22.02,89.6,0
dosel-sombra-01,2026-09-24T04:55:13.535Z,21.97,90.8,0
dosel-sombra-01,2026-09-24T04:54:28.527Z,22,89.9,0
dosel-sombra-01,2026-09-24T04:53:43.547Z,21.75,90.3,0
dosel-sombra-01,2026-09-24T04:52:58.527Z,22.36,90.7,0
dosel-sombra-01,2026-09-24T04:52:13.535Z,21.93,90.9,0
dosel-sombra-01,2026-09-24T04:51:28.527Z,22.43,88.8,0
dosel-sombra-01,2026-09-24T04:50:43.533Z,21.83,90.7,0
dosel-sombra-01,2026-09-24T04:49:58.539Z,22.06,89.6,0
dosel-sombra-01,2026-09-24T04:49:13.529Z,21.71,89.7,0
dosel-sombra-01,2026-09-24T04:48:28.538Z,22.28,88.9,0
dosel-sombra-01,2026-09-24T04:47:43.531Z,22.44,91.2,0
dosel-sombra-01,2026-09-24T04:46:58.528Z,22.22,90.8,0
dosel-sombra-01,2026-09-24T04:46:13.613Z,22.28,91.3,0
dosel-sombra-01,2026-09-24T17:31:04.533Z,28.48,69.2,8147.9
dosel-sombra-01,2026-09-24T17:30:19.543Z,27.94,68,7679.9
dosel-sombra-01,2026-09-24T17:29:34.535Z,28.02,69.9,7707.5
dosel-sombra-01,2026-09-24T17:28:49.539Z,27.92,67.8,7810.8
dosel-sombra-01,2026-09-24T17:28:04.544Z,28.58,70.4,7424.8
dosel-sombra-01,2026-09-24T17:27:19.534Z,27.95,69.1,7814.1
dosel-sombra-01,2026-09-24T17:26:34.525Z,28.39,69.1,8716.1
dosel-sombra-01,2026-09-24T17:25:49.531Z,28.5,68.6,8661.7
dosel-sombra-01,2026-09-24T17:25:04.537Z,28.57,69.3,6972.5
dosel-sombra-01,2026-09-24T17:24:19.534Z,27.98,68.2,7618
dosel-sombra-01,2026-09-24T17:23:34.539Z,28.11,68.1,6749.3
dosel-sombra-01,2026-09-24T17:22:49.541Z,28.04,69.4,6836.5
dosel-sombra-01,2026-09-24T17:22:04.53Z,28.23,68.5,7280.7
dosel-sombra-01,2026-09-24T17:21:19.537Z,27.89,67.7,8833.7
dosel-sombra-01,2026-09-24T17:20:34.545Z,28.44,68.5,6807.5
dosel-sombra-01,2026-09-24T17:19:49.52Z,27.9,70.1,6469.5
dosel-sombra-01,2026-09-24T17:19:04.527Z,27.77,68.2,6996.1
dosel-sombra-01,2026-09-24T17:18:19.533Z,27.82,70.6,7262.7
dosel-sombra-01,2026-09-24T17:17:34.523Z,28.39,70.2,7088.5
dosel-sombra-01,2026-09-24T17:16:49.536Z,28.28,70.3,8135.9
dosel-sombra-01,2026-09-24T17:16:04.538Z,28.31,70.4,8307
dosel-sombra-01,2026-09-24T17:15:19.528Z,28.15,68.2,8696.2
dosel-sombra-01,2026-09-24T17:14:34.517Z,27.86,68.8,8950.2
dosel-sombra-01,2026-09-24T17:13:49.532Z,28.32,68.7,7496.3
dosel-sombra-01,2026-09-24T17:13:04.531Z,28.36,69,8200.3
dosel-sombra-01,2026-09-24T17:12:19.536Z,27.84,69,6520.1
dosel-sombra-01,2026-09-24T17:11:34.528Z,28.04,68.2,7683.5
dosel-sombra-01,2026-09-24T17:10:49.534Z,28.32,70.6,8272
dosel-sombra-01,2026-09-24T17:10:04.523Z,27.8,69.1,7208.5
dosel-sombra-01,2026-09-24T17:09:19.528Z,27.75,70,7388.2
dosel-sombra-01,2026-09-24T17:08:34.53Z,28.38,68.9,8612.3
dosel-sombra-01,2026-09-24T17:07:49.519Z,28.32,70.5,8015
dosel-sombra-01,2026-09-24T17:07:04.535Z,28.44,70.5,8677.8
dosel-sombra-01,2026-09-24T17:06:19.527Z,27.83,68.9,7311.7
dosel-sombra-01,2026-09-24T17:05:34.515Z,27.67,70.5,6385.1
dosel-sombra-01,2026-09-24T17:04:49.525Z,27.93,69.1,8229.4
dosel-sombra-01,2026-09-24T17:04:04.52Z,27.75,68.7,8315.5
dosel-sombra-01,2026-09-24T17:03:19.511Z,27.79,69.1,8222.8
dosel-sombra-01,2026-09-24T17:02:34.518Z,28.34,71,7058.6
dosel-sombra-01,2026-09-24T17:01:49.53Z,27.83,68.8,7437.9
dosel-sombra-01,2026-09-24T17:01:04.51Z,28.26,68.6,8230.9
dosel-sombra-01,2026-09-24T17:00:19.517Z,27.99,70.3,6588.2
dosel-sombra-01,2026-09-24T16:59:34.522Z,28.28,70,6369
dosel-sombra-01,2026-09-24T16:58:49.529Z,27.94,70.9,8586.7
dosel-sombra-01,2026-09-24T16:58:04.522Z,28.16,70.5,6430.3
dosel-sombra-01,2026-09-24T16:57:19.525Z,28.18,69.3,7643.4
dosel-sombra-01,2026-09-24T16:56:34.527Z,28.13,70.2,6611.5
dosel-sombra-01,2026-09-24T16:55:49.518Z,28.17,69.9,8207.5
dosel-sombra-01,2026-09-24T16:55:04.541Z,28.27,69.3,8220.3
dosel-sombra-01,2026-09-24T16:54:19.516Z,28.03,69.1,6947.2
dosel-sombra-01,2026-09-24T16:53:34.524Z,27.63,69.5,8831.7
dosel-sombra-01,2026-09-24T16:52:49.516Z,28.3,69.1,6737.9
dosel-sombra-01,2026-09-24T16:52:04.521Z,28.36,70.6,7951.4
dosel-sombra-01,2026-09-24T16:51:19.512Z,28.01,70,7749.5
dosel-sombra-01,2026-09-24T16:50:34.517Z,28.21,69.1,6826.1
dosel-sombra-01,2026-09-24T16:49:49.522Z,27.57,69,7192.3
dosel-sombra-01,2026-09-24T16:49:04.512Z,27.79,68.6,6403.2
dosel-sombra-01,2026-09-24T16:48:19.51Z,27.9,71,8438.1
dosel-sombra-01,2026-09-24T16:47:34.518Z,27.65,69.8,6880.6
dosel-sombra-01,2026-09-24T16:46:49.521Z,28.18,71.4,8842.9
dosel-sombra-01,2026-09-24T16:46:04.511Z,28.16,70.9,8479.9
dosel-sombra-01,2026-09-24T16:45:19.504Z,27.72,68.7,7894.7
dosel-sombra-01,2026-09-24T16:44:34.51Z,27.66,69.1,8685.7
dosel-sombra-01,2026-09-24T16:43:49.502Z,28.07,69.4,8051.6
dosel-sombra-01,2026-09-24T16:43:04.608Z,27.61,70.5,6599.1
dosel-sombra-01,2026-09-24T16:42:19.083Z,27.58,69.9,7315.2
dosel-sombra-01,2026-09-24T16:41:34.093Z,27.97,70,6919.1
dosel-sombra-01,2026-09-24T16:40:49.084Z,28.16,69.9,7710.9
dosel-sombra-01,2026-09-24T16:40:04.091Z,27.57,71.1,8191.8
dosel-sombra-01,2026-09-24T16:39:19.094Z,27.56,71,6985
dosel-sombra-01,2026-09-24T16:38:34.088Z,27.59,69.8,6982.1
dosel-sombra-01,2026-09-24T16:37:49.08Z,27.85,69.8,6688.4
dosel-sombra-01,2026-09-24T16:37:04.095Z,27.93,68.9,8405.6
dosel-sombra-01,2026-09-24T16:36:19.086Z,28.15,69.1,7037.2
dosel-sombra-01,2026-09-24T16:35:34.079Z,28.07,71.6,7981.6
dosel-sombra-01,2026-09-24T16:34:49.087Z,28.21,70.7,8585.4
dosel-sombra-01,2026-09-24T16:34:04.078Z,27.48,71.1,7096.1
dosel-sombra-01,2026-09-24T16:33:19.088Z,27.65,70.5,8539.2
dosel-sombra-01,2026-09-24T16:32:34.075Z,28.11,70,8630.6
dosel-sombra-01,2026-09-24T16:31:49.094Z,28.03,71.6,6572.9
dosel-sombra-01,2026-09-24T16:31:04.088Z,27.65,69.7,6896.9
dosel-sombra-01,2026-09-24T16:30:19.081Z,27.53,69.9,7780.7
dosel-sombra-01,2026-09-24T16:29:34.077Z,27.98,71.2,6797.9
dosel-sombra-01,2026-09-24T16:28:49.068Z,27.47,71.7,8670.7
dosel-sombra-01,2026-09-24T16:28:04.082Z,27.39,70.3,8367.3
dosel-sombra-01,2026-09-24T16:27:19.083Z,27.65,69.1,6502.1
dosel-sombra-01,2026-09-24T16:26:34.079Z,27.41,71.9,8635.3
dosel-sombra-01,2026-09-24T16:25:49.086Z,27.35,72,7529.3
dosel-sombra-01,2026-09-24T16:25:04.077Z,27.84,71.7,7318
dosel-sombra-01,2026-09-24T16:24:19.085Z,27.84,70.2,6460.7
dosel-sombra-01,2026-09-24T16:23:34.078Z,27.54,70.2,8015.8
dosel-sombra-01,2026-09-24T16:22:49.067Z,27.47,69.8,6727
dosel-sombra-01,2026-09-24T16:22:04.073Z,27.41,69.4,7162.3
dosel-sombra-01,2026-09-24T16:21:19.077Z,27.98,69.8,8416
dosel-sombra-01,2026-09-24T16:20:34.066Z,28.07,72.1,6334.1
dosel-sombra-01,2026-09-24T16:19:49.075Z,27.96,71.5,8001.9
dosel-sombra-01,2026-09-24T16:19:04.079Z,27.67,71.3,6576
dosel-sombra-01,2026-09-24T16:18:19.073Z,27.88,70.3,6960.8
dosel-sombra-01,2026-09-24T16:17:34.077Z,27.96,70.5,6993.8
dosel-sombra-01,2026-09-24T16:16:49.067Z,27.46,72.3,8540.3
dosel-sombra-01,2026-09-24T16:16:04.071Z,27.67,71.8,7749.8
dosel-sombra-01,2026-09-24T16:15:19.076Z,27.71,72.3,7317.5
dosel-sombra-01,2026-09-24T16:14:34.068Z,27.34,71,8238.1
dosel-sombra-01,2026-09-24T16:13:49.061Z,27.75,71.7,7428.2
dosel-sombra-01,2026-09-24T16:13:04.069Z,27.23,69.6,6583.3
dosel-sombra-01,2026-09-24T16:12:19.072Z,27.74,69.9,7005.8
dosel-sombra-01,2026-09-24T16:11:34.067Z,27.41,70.1,7974.7
dosel-sombra-01,2026-09-24T16:10:49.071Z,27.82,70.7,7868.3
dosel-sombra-01,2026-09-24T16:10:04.06Z,27.85,70.8,7035.7
dosel-sombra-01,2026-09-24T16:09:19.066Z,27.41,70.6,8123.4
dosel-sombra-01,2026-09-24T16:08:34.075Z,27.67,72.6,6270.9
dosel-sombra-01,2026-09-24T16:07:49.069Z,27.55,70,6353.9
dosel-sombra-01,2026-09-24T16:07:04.058Z,27.63,72.4,6661.2
dosel-sombra-01,2026-09-24T16:06:19.065Z,27.69,71.5,7394
dosel-sombra-01,2026-09-24T16:05:34.07Z,27.18,71.1,8136.7
dosel-sombra-01,2026-09-24T16:04:49.062Z,27.38,71.4,6413.4
dosel-sombra-01,2026-09-24T16:04:04.069Z,27.73,71.2,7426.4
dosel-sombra-01,2026-09-24T16:03:19.061Z,27.48,70.4,8312
dosel-sombra-01,2026-09-24T16:02:34.059Z,27.7,71.8,7795
dosel-sombra-01,2026-09-24T16:01:49.049Z,27.38,70.8,8497.6
dosel-sombra-01,2026-09-24T16:01:04.071Z,27.12,71.9,7219.7
dosel-sombra-01,2026-09-24T16:00:19.065Z,27.49,71.9,7965.6
dosel-sombra-01,2026-09-24T15:59:34.059Z,27.56,71.7,7046.6
dosel-sombra-01,2026-09-24T15:58:49.064Z,27.46,72.6,6915.7
dosel-sombra-01,2026-09-24T15:58:04.058Z,27.53,72.4,7280.3
dosel-sombra-01,2026-09-24T15:57:19.065Z,27.44,70.5,7467.6
dosel-sombra-01,2026-09-24T15:56:34.055Z,27.73,71,7390.5
dosel-sombra-01,2026-09-24T15:55:49.066Z,27.59,71.3,7068.5
dosel-sombra-01,2026-09-24T15:55:04.06Z,27.18,71.9,7407.7
dosel-sombra-01,2026-09-24T15:54:19.066Z,27.03,72,7405.3
dosel-sombra-01,2026-09-24T15:53:34.057Z,27.35,71,7458.9
dosel-sombra-01,2026-09-24T15:52:49.114Z,27.53,72.6,7664.3
dosel-sombra-01,2026-09-24T15:52:03.619Z,27.08,71.2,7242.5
dosel-sombra-01,2026-09-24T15:51:18.629Z,27.72,71,6380.7
dosel-sombra-01,2026-09-24T15:50:33.621Z,27.63,72.8,7431.4
dosel-sombra-01,2026-09-24T15:49:48.625Z,27.18,72.9,6899.8
dosel-sombra-01,2026-09-24T15:49:03.618Z,27.54,70.9,7972.5
dosel-sombra-01,2026-09-24T15:48:18.631Z,27.45,73,7997
dosel-sombra-01,2026-09-24T15:47:33.637Z,27.2,72.3,6325.7
dosel-sombra-01,2026-09-24T15:46:48.627Z,27.15,72.9,7043.5
dosel-sombra-01,2026-09-24T15:46:03.629Z,26.96,72.4,5984.5
dosel-sombra-01,2026-09-24T15:45:18.619Z,26.97,73,8192.3
dosel-sombra-01,2026-09-24T15:44:33.631Z,26.93,71.5,6256.8
dosel-sombra-01,2026-09-24T15:43:48.621Z,27.23,71.5,6490.3
dosel-sombra-01,2026-09-24T15:43:03.63Z,27.39,70.9,6559.2
dosel-sombra-01,2026-09-24T15:42:18.62Z,27.49,70.9,6962.6
dosel-sombra-01,2026-09-24T15:41:33.628Z,27.54,73,7565.3
dosel-sombra-01,2026-09-24T15:40:48.632Z,27.37,70.9,7348.5
dosel-sombra-01,2026-09-24T15:40:03.617Z,27.38,71,6110.5
dosel-sombra-01,2026-09-24T15:39:18.617Z,27.2,73.2,7385.9
dosel-sombra-01,2026-09-24T15:38:33.628Z,27.34,73.1,8299.1
dosel-sombra-01,2026-09-24T15:37:48.624Z,27.48,71.5,6103
dosel-sombra-01,2026-09-24T15:37:03.612Z,27.11,71,8226.6
dosel-sombra-01,2026-09-24T15:36:18.632Z,27.17,72.1,7438.2
dosel-sombra-01,2026-09-24T15:35:33.621Z,27.52,71.2,6761.6
dosel-sombra-01,2026-09-24T15:34:48.614Z,26.8,72.8,6828.8
dosel-sombra-01,2026-09-24T15:34:03.623Z,26.84,71.2,5866.8
dosel-sombra-01,2026-09-24T15:33:18.615Z,26.88,71.7,6630.2
dosel-sombra-01,2026-09-24T15:32:33.607Z,26.94,71.7,6555.6
dosel-sombra-01,2026-09-24T15:31:48.611Z,27.38,71.7,7067.7
dosel-sombra-01,2026-09-24T15:31:03.61Z,27.5,73,6767.7
dosel-sombra-01,2026-09-24T15:30:18.629Z,27.05,74.2,6185.3
dosel-sombra-01,2026-09-24T15:29:33.618Z,26.8,72.6,7398.8
dosel-sombra-01,2026-09-24T15:28:48.611Z,26.8,71.9,6852.3
dosel-sombra-01,2026-09-24T15:28:03.621Z,26.74,71.6,6761.2
dosel-sombra-01,2026-09-24T15:27:18.626Z,27.28,73.8,6078.4
dosel-sombra-01,2026-09-24T15:26:33.615Z,26.96,73.7,8057.6
dosel-sombra-01,2026-09-24T15:25:48.618Z,27.03,74,8067.7
dosel-sombra-01,2026-09-24T15:25:03.605Z,27.2,72,7731.9
dosel-sombra-01,2026-09-24T15:24:18.613Z,26.86,72.9,6614.1
dosel-sombra-01,2026-09-24T15:23:33.604Z,27.08,72.1,6883.7
dosel-sombra-01,2026-09-24T15:22:48.608Z,26.84,72.9,7897.3
dosel-sombra-01,2026-09-24T15:22:03.613Z,27.3,71.9,5756.4
dosel-sombra-01,2026-09-24T15:21:18.606Z,27.01,72.9,7110.2
dosel-sombra-01,2026-09-24T15:20:33.607Z,27.23,73.7,7495.1
dosel-sombra-01,2026-09-24T15:19:48.597Z,26.87,72,7380.6
dosel-sombra-01,2026-09-24T15:19:03.605Z,26.85,74.6,7991.4
dosel-sombra-01,2026-09-24T15:18:18.598Z,26.81,74.5,7420.9
dosel-sombra-01,2026-09-24T15:17:33.597Z,26.93,71.8,6277
dosel-sombra-01,2026-09-24T15:16:48.617Z,26.97,72.1,7474.4
dosel-sombra-01,2026-09-24T15:16:03.608Z,26.59,72.5,6356.4
dosel-sombra-01,2026-09-24T15:15:18.61Z,27.1,74.6,7770.1
dosel-sombra-01,2026-09-24T15:14:33.616Z,27.11,72.5,7544.2
dosel-sombra-01,2026-09-24T15:13:48.601Z,26.76,73.7,7215
dosel-sombra-01,2026-09-24T15:13:03.598Z,27.11,74.5,7745.6
dosel-sombra-01,2026-09-24T15:12:18.602Z,27.17,73.3,7258.4
dosel-sombra-01,2026-09-24T15:11:33.608Z,26.56,73,5620.2
dosel-sombra-01,2026-09-24T15:10:48.611Z,27.2,73.5,7463.4
dosel-sombra-01,2026-09-24T15:10:03.603Z,27.24,73.1,5805.2
dosel-sombra-01,2026-09-24T15:09:18.609Z,26.51,72.6,7077.4
dosel-sombra-01,2026-09-24T15:08:33.593Z,26.91,75,7061
dosel-sombra-01,2026-09-24T15:07:48.597Z,26.83,74,7130.5
dosel-sombra-01,2026-09-24T15:07:03.602Z,26.67,72.4,6293.9
dosel-sombra-01,2026-09-24T15:06:18.594Z,26.91,73.7,5937.1
dosel-sombra-01,2026-09-24T15:05:33.601Z,26.65,73.5,6736.2
dosel-sombra-01,2026-09-24T15:04:48.602Z,26.62,73,6415.8
dosel-sombra-01,2026-09-24T15:04:03.606Z,26.72,72.6,7247.5
dosel-sombra-01,2026-09-24T15:03:18.601Z,27.03,74.8,7136
dosel-sombra-01,2026-09-24T15:02:33.663Z,26.46,72.6,6385.6
dosel-sombra-01,2026-09-24T15:01:48.154Z,26.99,73.2,6966
dosel-sombra-01,2026-09-24T15:01:03.145Z,26.48,74.7,7719.5
dosel-sombra-01,2026-09-24T15:00:18.151Z,27.03,73.9,6984.6
dosel-sombra-01,2026-09-24T14:59:33.157Z,26.71,72.8,5807.5
dosel-sombra-01,2026-09-24T14:58:48.145Z,26.63,74.1,6992.4
dosel-sombra-01,2026-09-24T14:58:03.16Z,26.59,73.8,7241.5
dosel-sombra-01,2026-09-24T14:57:18.15Z,26.46,73.6,5686.9
dosel-sombra-01,2026-09-24T14:56:33.169Z,26.45,73.8,7130.1
dosel-sombra-01,2026-09-24T14:55:48.16Z,26.89,74,5821
dosel-sombra-01,2026-09-24T14:55:03.152Z,26.6,74.4,7418.7
dosel-sombra-01,2026-09-24T14:54:18.147Z,26.82,74.6,7196.5
dosel-sombra-01,2026-09-24T14:53:33.149Z,26.62,73.2,6037.8
dosel-sombra-01,2026-09-24T14:52:48.157Z,26.96,75.5,5853.6
dosel-sombra-01,2026-09-24T14:52:03.144Z,26.69,73,5608.2
dosel-sombra-01,2026-09-24T14:51:18.147Z,26.45,74.3,5911.8
dosel-sombra-01,2026-09-24T14:50:33.163Z,26.8,73.1,5340.3
dosel-sombra-01,2026-09-24T14:49:48.143Z,26.85,75.9,7072.8
dosel-sombra-01,2026-09-24T14:49:03.145Z,26.56,74.2,7225
dosel-sombra-01,2026-09-24T14:48:18.14Z,26.47,73.2,6256.6
dosel-sombra-01,2026-09-24T14:47:33.145Z,26.95,73.5,6164
dosel-sombra-01,2026-09-24T14:46:48.137Z,26.51,74.6,6311.9
dosel-sombra-01,2026-09-24T14:46:03.159Z,26.27,74.5,6515.1
dosel-sombra-01,2026-09-24T14:45:18.133Z,26.83,75.5,6665.7
dosel-sombra-01,2026-09-24T14:44:33.141Z,26.93,75,6697.4
dosel-sombra-01,2026-09-24T14:43:48.149Z,26.62,75.5,7417.9
dosel-sombra-01,2026-09-24T14:43:03.143Z,26.33,74.7,5386
dosel-sombra-01,2026-09-24T14:42:18.133Z,26.21,74.5,6161.8
dosel-sombra-01,2026-09-24T14:41:33.148Z,26.83,75.1,5697.8
dosel-sombra-01,2026-09-24T14:40:48.134Z,26.83,76.2,6132.6
dosel-sombra-01,2026-09-24T14:40:03.141Z,26.54,75.1,7095.8
dosel-sombra-01,2026-09-24T14:39:18.131Z,26.71,73.5,7066.1
dosel-sombra-01,2026-09-24T14:38:33.138Z,26.74,75.1,5400.4
dosel-sombra-01,2026-09-24T14:37:48.133Z,26.32,76.2,6005.1
dosel-sombra-01,2026-09-24T14:37:03.148Z,26.13,76.2,6986.3
dosel-sombra-01,2026-09-24T14:36:18.139Z,26.5,75.7,5103
dosel-sombra-01,2026-09-24T14:35:33.149Z,26.8,75.7,5177.2
dosel-sombra-01,2026-09-24T14:34:48.137Z,26.55,75.9,6986.4
dosel-sombra-01,2026-09-24T14:34:03.139Z,26.79,75.2,5111.9
dosel-sombra-01,2026-09-24T14:33:18.136Z,26.54,75.1,5915.7
dosel-sombra-01,2026-09-24T14:32:33.127Z,26.5,75.2,6616.8
dosel-sombra-01,2026-09-24T14:31:48.145Z,26.17,74,6668.8
dosel-sombra-01,2026-09-24T14:31:03.135Z,26.07,76.3,6262.7
dosel-sombra-01,2026-09-24T14:30:18.128Z,26.53,75.7,6219.4
dosel-sombra-01,2026-09-24T14:29:33.147Z,25.94,75.5,5215.4
dosel-sombra-01,2026-09-24T14:28:48.133Z,26.4,74.6,5403.8
dosel-sombra-01,2026-09-24T14:28:03.128Z,26.59,75.6,5775.1
dosel-sombra-01,2026-09-24T14:27:18.134Z,26.03,74.2,6359.6
dosel-sombra-01,2026-09-24T14:26:33.125Z,26.35,74.4,6690.8
dosel-sombra-01,2026-09-24T14:25:48.13Z,26.24,75.8,5271.2
dosel-sombra-01,2026-09-24T14:25:03.136Z,26.55,76,6304
dosel-sombra-01,2026-09-24T14:24:18.139Z,25.98,74.3,6038.8
dosel-sombra-01,2026-09-24T14:23:33.136Z,26.17,76.7,6762.8
dosel-sombra-01,2026-09-24T14:22:48.141Z,26.35,76,5959.6
dosel-sombra-01,2026-09-24T14:22:03.13Z,26.17,75,6044.3
dosel-sombra-01,2026-09-24T14:21:18.121Z,26.27,76.9,5066.1
dosel-sombra-01,2026-09-24T14:20:33.135Z,25.96,76.5,6202.2
dosel-sombra-01,2026-09-24T14:19:48.119Z,25.83,76.1,5515.3
dosel-sombra-01,2026-09-24T14:19:03.13Z,25.93,76.4,6222
dosel-sombra-01,2026-09-24T14:18:18.122Z,25.86,77.1,5506.8
dosel-sombra-01,2026-09-24T14:17:33.123Z,26.41,77,6022.5
dosel-sombra-01,2026-09-24T14:16:48.127Z,26.26,76.8,5339.5
dosel-sombra-01,2026-09-24T14:16:03.119Z,25.94,76.8,5247.2
dosel-sombra-01,2026-09-24T14:15:18.112Z,26.17,75.1,4877
dosel-sombra-01,2026-09-24T14:14:33.122Z,25.89,77.1,5432.3
dosel-sombra-01,2026-09-24T14:13:48.125Z,26.18,75.2,4975.3
dosel-sombra-01,2026-09-24T14:13:03.128Z,26.31,74.8,6507.7
dosel-sombra-01,2026-09-24T14:12:18.238Z,26.2,77.4,6470.7
dosel-sombra-01,2026-09-24T14:11:32.698Z,25.79,77.5,6369
dosel-sombra-01,2026-09-24T14:10:47.703Z,26.31,75.2,5261.2
dosel-sombra-01,2026-09-24T14:10:02.702Z,26.19,77.2,5511.5
dosel-sombra-01,2026-09-24T14:09:17.705Z,26.1,77.9,5695.8
dosel-sombra-01,2026-09-24T14:08:32.701Z,25.76,75.7,6276.2
dosel-sombra-01,2026-09-24T14:07:47.697Z,26.15,77.3,4790.6
dosel-sombra-01,2026-09-24T14:07:02.702Z,26.11,75.4,5609.6
dosel-sombra-01,2026-09-24T14:06:17.694Z,25.8,75.8,5587.3
dosel-sombra-01,2026-09-24T14:05:32.689Z,26.16,76,5779.2
dosel-sombra-01,2026-09-24T14:04:47.711Z,25.78,76.8,4786.9
dosel-sombra-01,2026-09-24T14:04:02.702Z,26.12,77.6,5162.7
dosel-sombra-01,2026-09-24T14:03:17.706Z,26.17,76.3,6193.9
dosel-sombra-01,2026-09-24T14:02:32.709Z,25.7,76.6,5394
dosel-sombra-01,2026-09-24T14:01:47.701Z,26.07,77,6266
dosel-sombra-01,2026-09-24T14:01:02.699Z,25.69,76.2,5765.3
dosel-sombra-01,2026-09-24T14:00:17.689Z,25.91,78.3,5361.2
dosel-sombra-01,2026-09-24T13:59:32.7Z,25.7,77.2,6238.3
dosel-sombra-01,2026-09-24T13:58:47.707Z,25.64,76,4994.5
dosel-sombra-01,2026-09-24T13:58:02.703Z,25.72,75.8,6111.8
dosel-sombra-01,2026-09-24T13:57:17.692Z,25.47,78.5,5801.9
dosel-sombra-01,2026-09-24T13:56:32.687Z,25.67,77.6,5651.4
dosel-sombra-01,2026-09-24T13:55:47.694Z,26,76.2,5266.8
dosel-sombra-01,2026-09-24T13:55:02.687Z,25.88,76,4819.8
dosel-sombra-01,2026-09-24T13:54:17.695Z,25.85,77.3,4741.5
dosel-sombra-01,2026-09-24T13:53:32.698Z,25.67,78.3,5324.1
dosel-sombra-01,2026-09-24T13:52:47.685Z,25.5,75.9,4985
dosel-sombra-01,2026-09-24T13:52:02.688Z,26.02,76.8,5206.4
dosel-sombra-01,2026-09-24T13:51:17.692Z,26.01,78.5,5383.8
dosel-sombra-01,2026-09-24T13:50:32.682Z,25.65,78.3,4688.3
dosel-sombra-01,2026-09-24T13:49:47.689Z,25.7,76.9,4607.1
dosel-sombra-01,2026-09-24T13:49:02.689Z,25.51,78.1,5742.8
dosel-sombra-01,2026-09-24T13:48:17.683Z,26.07,76.7,5713.5
dosel-sombra-01,2026-09-24T13:47:32.685Z,25.74,77.2,5631.6
dosel-sombra-01,2026-09-24T13:46:47.693Z,25.41,78,5265.6
dosel-sombra-01,2026-09-24T13:46:02.68Z,25.44,76.6,4966.2
dosel-sombra-01,2026-09-24T13:45:17.686Z,25.91,79.1,5546.4
dosel-sombra-01,2026-09-24T13:44:32.692Z,25.58,77.3,4691.1
dosel-sombra-01,2026-09-24T13:43:47.68Z,25.54,77.7,5370.9
dosel-sombra-01,2026-09-24T13:43:02.684Z,25.65,77.8,4142.2
dosel-sombra-01,2026-09-24T13:42:17.688Z,25.45,78.2,4628.1
dosel-sombra-01,2026-09-24T13:41:32.681Z,25.84,78.8,5316.9
dosel-sombra-01,2026-09-24T13:40:47.688Z,25.24,78,5261.6
dosel-sombra-01,2026-09-24T13:40:02.68Z,25.42,77.5,4406.8
dosel-sombra-01,2026-09-24T13:39:17.686Z,25.24,77.6,4216.3
dosel-sombra-01,2026-09-27T09:38:32.184Z,22.59,88,0
dosel-sombra-01,2026-09-27T09:37:47.207Z,22.63,88.8,0
dosel-sombra-01,2026-09-27T09:37:02.189Z,22.63,90.1,0
dosel-sombra-01,2026-09-27T09:36:17.196Z,21.91,88.8,0
dosel-sombra-01,2026-09-27T09:35:32.189Z,22.03,88.9,0
dosel-sombra-01,2026-09-27T09:34:47.192Z,22.41,88.5,0
dosel-sombra-01,2026-09-27T09:34:02.179Z,22.02,90.5,0
dosel-sombra-01,2026-09-27T09:33:17.183Z,22.6,90,0
dosel-sombra-01,2026-09-27T09:32:32.191Z,22.43,89,0
dosel-sombra-01,2026-09-27T09:31:47.18Z,22.23,88.5,0
dosel-sombra-01,2026-09-27T09:31:02.202Z,22.52,88.3,0
dosel-sombra-01,2026-09-27T09:30:17.183Z,22.34,89.7,0
dosel-sombra-01,2026-09-27T09:29:32.187Z,22.41,90,0
dosel-sombra-01,2026-09-27T09:28:47.186Z,21.89,90,0
dosel-sombra-01,2026-09-27T09:28:02.197Z,22.11,89.3,0
dosel-sombra-01,2026-09-27T09:27:17.172Z,22.2,90.6,0
dosel-sombra-01,2026-09-27T09:26:32.185Z,22.02,89.5,0
dosel-sombra-01,2026-09-27T09:25:47.185Z,21.86,88.2,0
dosel-sombra-01,2026-09-27T09:25:02.191Z,22.12,90.8,0
dosel-sombra-01,2026-09-27T09:24:17.182Z,22.12,90.8,0
dosel-sombra-01,2026-09-27T09:23:32.186Z,22.09,90.7,0
dosel-sombra-01,2026-09-27T09:22:47.19Z,22.21,90.6,0
dosel-sombra-01,2026-09-27T09:22:02.255Z,22.27,90.1,0
dosel-sombra-01,2026-09-27T09:21:16.747Z,22.47,89.9,0
dosel-sombra-01,2026-09-27T09:20:31.747Z,22.22,90.1,0
dosel-sombra-01,2026-09-27T09:19:46.753Z,22.11,88.7,0
dosel-sombra-01,2026-09-27T09:19:01.742Z,22.25,88.5,0
dosel-sombra-01,2026-09-27T09:18:16.754Z,22.34,89.4,0
dosel-sombra-01,2026-09-27T09:17:31.746Z,22.42,90.3,0
dosel-sombra-01,2026-09-27T09:16:46.753Z,22.41,91.3,0
dosel-sombra-01,2026-09-27T09:16:01.753Z,22.36,91.3,0
dosel-sombra-01,2026-09-27T09:15:16.741Z,21.74,89,0
dosel-sombra-01,2026-09-27T09:14:31.748Z,22.32,90.4,0
dosel-sombra-01,2026-09-27T09:13:46.737Z,22.06,91,0
dosel-sombra-01,2026-09-27T09:13:01.742Z,21.79,90.3,0
dosel-sombra-01,2026-09-27T09:12:16.733Z,21.94,89.6,0
dosel-sombra-01,2026-09-27T09:11:31.755Z,21.82,90.6,0
dosel-sombra-01,2026-09-27T09:10:46.748Z,21.67,91.4,0
dosel-sombra-01,2026-09-27T09:10:01.733Z,22.1,88.9,0
dosel-sombra-01,2026-09-27T09:09:16.747Z,21.75,91.4,0
dosel-sombra-01,2026-09-27T09:08:31.75Z,22.08,89.2,0
dosel-sombra-01,2026-09-27T09:07:46.755Z,22.34,90.7,0
dosel-sombra-01,2026-09-27T09:07:01.734Z,21.82,91.4,0
dosel-sombra-01,2026-09-27T09:06:16.743Z,22.25,89.9,0
dosel-sombra-01,2026-09-27T09:05:31.733Z,22.15,89.9,0
dosel-sombra-01,2026-09-27T09:04:46.739Z,21.74,90.8,0
dosel-sombra-01,2026-09-27T09:04:01.745Z,21.68,89.4,0
dosel-sombra-01,2026-09-27T09:03:16.745Z,22.06,91.3,0
dosel-sombra-01,2026-09-27T09:02:31.731Z,22.11,91.1,0
dosel-sombra-01,2026-09-27T09:01:46.742Z,22.15,90.5,0
dosel-sombra-01,2026-09-27T09:01:01.733Z,22.36,89.2,0
dosel-sombra-01,2026-09-27T09:00:16.745Z,22.22,89.8,0
dosel-sombra-01,2026-09-27T08:59:31.725Z,21.9,91.1,0
dosel-sombra-01,2026-09-27T08:58:46.745Z,21.76,90.9,0
dosel-sombra-01,2026-09-27T08:58:01.734Z,22.1,91.4,0
dosel-sombra-01,2026-09-27T08:57:16.74Z,22.18,90.3,0
dosel-sombra-01,2026-09-27T08:56:31.725Z,21.6,90.7,0
dosel-sombra-01,2026-09-27T08:55:46.732Z,22.1,91.3,0
dosel-sombra-01,2026-09-27T08:55:01.739Z,21.74,89.7,0
dosel-sombra-01,2026-09-27T08:54:16.728Z,22.32,89.5,0
dosel-sombra-01,2026-09-27T08:53:31.735Z,22.22,90.1,0
dosel-sombra-01,2026-09-27T08:52:46.74Z,21.73,91.3,0
dosel-sombra-01,2026-09-27T08:52:01.732Z,21.9,89.2,0
dosel-sombra-01,2026-09-27T08:51:16.733Z,22.19,89.9,0
dosel-sombra-01,2026-09-27T08:50:31.734Z,21.56,89.2,0
dosel-sombra-01,2026-09-27T08:49:46.728Z,21.86,92.2,0
dosel-sombra-01,2026-09-27T08:49:01.735Z,22.04,89.5,0
dosel-sombra-01,2026-09-27T08:48:16.735Z,22.15,89.5,0
dosel-sombra-01,2026-09-27T08:47:31.739Z,22.06,90.9,0
dosel-sombra-01,2026-09-27T08:46:46.723Z,21.95,91.1,0
dosel-sombra-01,2026-09-27T08:46:01.727Z,21.79,91.9,0
dosel-sombra-01,2026-09-27T08:45:16.719Z,21.71,90.7,0
dosel-sombra-01,2026-09-27T08:44:31.724Z,21.76,90.7,0
dosel-sombra-01,2026-09-27T08:43:46.73Z,21.56,89.8,0
dosel-sombra-01,2026-09-27T08:43:01.726Z,21.81,89.5,0
dosel-sombra-01,2026-09-27T08:42:16.719Z,21.76,91.5,0
dosel-sombra-01,2026-09-27T08:41:31.735Z,21.45,91.6,0
dosel-sombra-01,2026-09-27T08:40:46.725Z,22.21,89.7,0
dosel-sombra-01,2026-09-27T08:40:01.721Z,21.72,91.9,0
dosel-sombra-01,2026-09-27T08:39:16.729Z,21.88,90.2,0
dosel-sombra-01,2026-09-27T08:38:31.724Z,21.97,90.4,0
dosel-sombra-01,2026-09-27T08:37:46.731Z,21.81,91.8,0
dosel-sombra-01,2026-09-27T08:37:01.722Z,21.82,91.7,0
dosel-sombra-01,2026-09-27T08:36:16.712Z,21.77,91.5,0
dosel-sombra-01,2026-09-27T08:35:31.727Z,21.74,92,0
dosel-sombra-01,2026-09-27T08:34:46.73Z,21.83,92.4,0
dosel-sombra-01,2026-09-27T08:34:01.72Z,21.94,90.4,0
dosel-sombra-01,2026-09-27T08:33:16.727Z,21.88,91.9,0
dosel-sombra-01,2026-09-27T08:32:31.712Z,22.01,89.8,0
dosel-sombra-01,2026-09-27T08:31:46.823Z,21.82,92.1,0
dosel-sombra-01,2026-09-27T07:51:01.29Z,21.3,91.6,0
dosel-sombra-01,2026-09-27T07:50:16.273Z,21.8,92.5,0
dosel-sombra-01,2026-09-27T07:49:31.29Z,21.97,92.6,0
dosel-sombra-01,2026-09-27T07:48:46.279Z,21.94,92.6,0
dosel-sombra-01,2026-09-27T07:48:01.276Z,21.21,92.6,0
dosel-sombra-01,2026-09-27T07:47:16.262Z,21.33,90.7,0
dosel-sombra-01,2026-09-27T07:46:31.264Z,21.61,92.6,0
dosel-sombra-01,2026-09-27T07:45:46.272Z,21.58,91.9,0
dosel-sombra-01,2026-09-27T07:45:01.277Z,21.95,91.7,0
dosel-sombra-01,2026-09-27T07:44:16.265Z,21.92,92.6,0
dosel-sombra-01,2026-09-27T07:43:31.272Z,21.81,91.1,0
dosel-sombra-01,2026-09-27T07:42:46.273Z,21.66,90.9,0
dosel-sombra-01,2026-09-27T07:42:01.273Z,21.84,91.9,0
dosel-sombra-01,2026-09-27T07:41:16.272Z,21.88,92.7,0
dosel-sombra-01,2026-09-27T07:40:31.276Z,21.74,92.1,0
dosel-sombra-01,2026-09-27T07:39:46.266Z,21.73,92.2,0
dosel-sombra-01,2026-09-27T07:39:01.277Z,21.2,91.1,0
dosel-sombra-01,2026-09-27T07:38:16.261Z,21.38,91.8,0
dosel-sombra-01,2026-09-27T07:37:31.263Z,21.49,92.2,0
dosel-sombra-01,2026-09-27T07:36:46.269Z,21.61,91.6,0
dosel-sombra-01,2026-09-27T07:36:01.261Z,21.52,91.2,0
dosel-sombra-01,2026-09-27T07:35:16.26Z,21.39,91.1,0
dosel-sombra-01,2026-09-27T07:34:31.273Z,21.69,91.1,0
dosel-sombra-01,2026-09-27T07:33:46.28Z,21.9,91.3,0
dosel-sombra-01,2026-09-27T07:33:01.267Z,21.36,90.7,0
dosel-sombra-01,2026-09-27T07:32:16.267Z,21.46,92.7,0
dosel-sombra-01,2026-09-27T07:31:31.275Z,21.76,90.5,0
dosel-sombra-01,2026-09-27T07:30:46.266Z,21.18,92.1,0
dosel-sombra-01,2026-09-27T07:30:01.254Z,21.44,92.4,0
dosel-sombra-01,2026-09-27T07:29:16.263Z,21.6,93.3,0
dosel-sombra-01,2026-09-27T07:28:31.265Z,21.68,90.6,0
dosel-sombra-01,2026-09-27T07:27:46.267Z,21.3,92.7,0
dosel-sombra-01,2026-09-27T07:27:01.256Z,21.73,92.2,0
dosel-sombra-01,2026-09-27T07:26:16.246Z,21.88,91.5,0
dosel-sombra-01,2026-09-27T07:25:31.264Z,21.39,93.3,0
dosel-sombra-01,2026-09-27T07:24:46.257Z,21.45,91.2,0
dosel-sombra-01,2026-09-27T07:24:01.259Z,21.3,92.2,0
dosel-sombra-01,2026-09-27T07:23:16.26Z,21.13,92,0
dosel-sombra-01,2026-09-27T07:22:31.287Z,21.51,91.2,0
dosel-sombra-01,2026-09-27T07:21:46.259Z,21.65,92,0
dosel-sombra-01,2026-09-27T07:21:01.253Z,21.81,90.6,0
dosel-sombra-01,2026-09-27T07:20:16.25Z,21.71,91.9,0
dosel-sombra-01,2026-09-27T07:19:31.249Z,21.6,92.4,0
dosel-sombra-01,2026-09-27T07:18:46.255Z,21.25,91.2,0
dosel-sombra-01,2026-09-27T07:18:01.256Z,21.57,91,0
dosel-sombra-01,2026-09-27T07:17:16.249Z,21.37,91.5,0
dosel-sombra-01,2026-09-27T07:16:31.263Z,21.67,92.7,0
dosel-sombra-01,2026-09-27T07:15:46.254Z,21.46,92.5,0
dosel-sombra-01,2026-09-27T07:15:01.245Z,21.19,91,0
dosel-sombra-01,2026-09-27T07:14:16.252Z,21.29,92.6,0
dosel-sombra-01,2026-09-27T07:13:31.244Z,21.34,91.1,0
dosel-sombra-01,2026-09-27T07:12:46.248Z,21.61,91.8,0
dosel-sombra-01,2026-09-27T07:12:01.253Z,21.62,91.6,0
dosel-sombra-01,2026-09-27T07:11:16.242Z,21.82,92.4,0
dosel-sombra-01,2026-09-27T07:10:31.255Z,21.58,92.2,0
dosel-sombra-01,2026-09-27T07:09:46.257Z,21.71,91.6,0
dosel-sombra-01,2026-09-27T07:09:01.253Z,21.74,92.5,0
dosel-sombra-01,2026-09-27T07:08:16.256Z,21.2,92.8,0
dosel-sombra-01,2026-09-27T07:07:31.247Z,21.38,93.1,0
dosel-sombra-01,2026-09-27T07:06:46.248Z,21.35,93,0
dosel-sombra-01,2026-09-27T07:06:01.235Z,21.64,93.2,0
dosel-sombra-01,2026-09-27T07:05:16.243Z,21.72,90.6,0
dosel-sombra-01,2026-09-27T07:04:31.234Z,21.76,92.5,0
dosel-sombra-01,2026-09-27T07:03:46.257Z,21.17,93,0
dosel-sombra-01,2026-09-27T07:03:01.291Z,21.41,93.5,0
dosel-sombra-01,2026-09-27T07:02:15.811Z,21.73,91,0
dosel-sombra-01,2026-09-27T07:01:30.818Z,21.83,92.5,0
dosel-sombra-01,2026-09-27T07:00:45.831Z,21.76,91.7,0
dosel-sombra-01,2026-09-27T07:00:00.815Z,21.36,91.5,0
dosel-sombra-01,2026-09-27T06:59:15.819Z,21.13,93.1,0
dosel-sombra-01,2026-09-27T06:58:30.825Z,21.3,92.6,0
dosel-sombra-01,2026-09-27T06:57:45.818Z,21.49,91.6,0
dosel-sombra-01,2026-09-27T06:57:00.822Z,21.17,91.5,0
dosel-sombra-01,2026-09-27T06:56:15.828Z,21.75,92.9,0
dosel-sombra-01,2026-09-27T06:55:30.806Z,21.55,91.1,0
dosel-sombra-01,2026-09-27T06:54:45.824Z,21.16,91.2,0
dosel-sombra-01,2026-09-27T06:54:00.808Z,21.24,91.9,0
dosel-sombra-01,2026-09-27T06:53:15.816Z,21.63,92.8,0
dosel-sombra-01,2026-09-27T06:52:30.805Z,21.32,92.8,0
dosel-sombra-01,2026-09-27T06:51:45.812Z,21.68,90.7,0
dosel-sombra-01,2026-09-27T06:51:00.817Z,21.42,92.5,0
dosel-sombra-01,2026-09-27T06:50:15.81Z,21.11,91.9,0
dosel-sombra-01,2026-09-27T06:49:30.809Z,21.5,91,0
dosel-sombra-01,2026-09-27T06:48:45.797Z,21.17,93.2,0
dosel-sombra-01,2026-09-27T06:48:00.816Z,21.85,92.1,0
dosel-sombra-01,2026-09-27T06:47:15.818Z,21.42,93.1,0
dosel-sombra-01,2026-09-27T06:46:30.805Z,21.45,92.8,0
dosel-sombra-01,2026-09-27T06:45:45.808Z,21.39,92.8,0
dosel-sombra-01,2026-09-27T06:45:00.815Z,21.75,92.6,0
dosel-sombra-01,2026-09-27T06:44:15.801Z,21.33,92,0
dosel-sombra-01,2026-09-27T06:43:30.812Z,21.31,90.9,0
dosel-sombra-01,2026-09-27T06:42:45.813Z,21.19,91.6,0
dosel-sombra-01,2026-09-27T06:42:00.817Z,21.26,92.1,0
dosel-sombra-01,2026-09-27T06:41:15.808Z,21.23,93,0
dosel-sombra-01,2026-09-27T06:40:30.798Z,21.79,92.2,0
dosel-sombra-01,2026-09-27T06:39:45.79Z,21.86,92.7,0
dosel-sombra-01,2026-09-27T06:39:00.798Z,21.86,93,0
dosel-sombra-01,2026-09-27T06:38:15.806Z,21.64,93.4,0
dosel-sombra-01,2026-09-27T06:37:30.81Z,21.28,92.5,0
dosel-sombra-01,2026-09-27T06:36:45.798Z,21.31,92.5,0
dosel-sombra-01,2026-09-27T06:36:00.804Z,21.45,91.5,0
dosel-sombra-01,2026-09-27T06:35:15.807Z,21.72,91.7,0
dosel-sombra-01,2026-09-27T06:34:30.797Z,21.14,91.9,0
dosel-sombra-01,2026-09-27T06:33:45.804Z,21.24,90.5,0
dosel-sombra-01,2026-09-27T06:33:00.798Z,21.38,90.9,0
dosel-sombra-01,2026-09-27T06:32:15.787Z,21.13,91.6,0
dosel-sombra-01,2026-09-27T06:31:30.792Z,21.36,92.8,0
dosel-sombra-01,2026-09-27T06:30:45.796Z,21.27,93.1,0
dosel-sombra-01,2026-09-27T06:30:00.801Z,21.5,91.8,0
dosel-sombra-01,2026-09-27T06:29:15.79Z,21.78,92.6,0
dosel-sombra-01,2026-09-27T06:28:30.796Z,21.19,90.8,0
dosel-sombra-01,2026-09-27T06:27:45.788Z,21.37,90.5,0
dosel-sombra-01,2026-09-27T06:27:00.792Z,21.87,92.7,0
dosel-sombra-01,2026-09-27T06:26:15.79Z,21.57,92.8,0
dosel-sombra-01,2026-09-27T06:25:30.79Z,21.17,90.7,0
dosel-sombra-01,2026-09-27T06:24:45.794Z,21.38,91.2,0
dosel-sombra-01,2026-09-27T06:24:00.786Z,21.51,91.2,0
dosel-sombra-01,2026-09-27T06:23:15.794Z,21.92,92.3,0
dosel-sombra-01,2026-09-27T06:22:30.791Z,21.63,90.9,0
dosel-sombra-01,2026-09-27T06:21:45.797Z,21.86,91.2,0
dosel-sombra-01,2026-09-27T06:21:00.785Z,21.55,90.7,0
dosel-sombra-01,2026-09-27T06:20:15.779Z,21.2,92.9,0
dosel-sombra-01,2026-09-27T06:19:30.793Z,21.4,90.7,0
dosel-sombra-01,2026-09-27T06:18:45.794Z,21.75,92,0
dosel-sombra-01,2026-09-27T06:18:00.785Z,21.64,90.3,0
dosel-sombra-01,2026-09-27T06:17:15.782Z,21.21,92.9,0
dosel-sombra-01,2026-09-27T06:16:30.787Z,21.73,90.6,0
dosel-sombra-01,2026-09-27T06:15:45.785Z,21.91,91.4,0
dosel-sombra-01,2026-09-27T06:15:00.792Z,21.48,91.4,0
dosel-sombra-01,2026-09-27T06:14:15.779Z,21.41,93.1,0
dosel-sombra-01,2026-09-27T06:13:30.771Z,21.29,92.3,0
dosel-sombra-01,2026-09-27T06:12:45.889Z,21.9,90.3,0
dosel-sombra-01,2026-09-27T06:12:00.342Z,21.47,92.9,0
dosel-sombra-01,2026-09-27T06:11:15.34Z,21.92,91.1,0
dosel-sombra-01,2026-09-27T06:10:30.327Z,21.62,91.1,0
dosel-sombra-01,2026-09-27T06:09:45.34Z,21.86,92.4,0
dosel-sombra-01,2026-09-27T06:09:00.347Z,21.62,92.7,0
dosel-sombra-01,2026-09-27T06:08:15.334Z,21.49,91.2,0
dosel-sombra-01,2026-09-27T06:07:30.331Z,21.37,90.3,0
dosel-sombra-01,2026-09-27T06:06:45.334Z,21.52,92.7,0
dosel-sombra-01,2026-09-27T06:06:00.342Z,21.27,91.1,0
dosel-sombra-01,2026-09-27T06:05:15.345Z,21.21,92.1,0
dosel-sombra-01,2026-09-27T06:04:30.338Z,21.36,92.3,0
dosel-sombra-01,2026-09-27T06:03:45.331Z,21.54,92.8,0
dosel-sombra-01,2026-09-27T06:03:00.328Z,21.87,91.7,0
dosel-sombra-01,2026-09-27T06:02:15.332Z,21.75,91.9,0
dosel-sombra-01,2026-09-27T06:01:30.331Z,21.23,91.9,0
dosel-sombra-01,2026-09-27T06:00:45.326Z,21.6,91.3,0
dosel-sombra-01,2026-09-27T06:00:00.335Z,21.35,90.4,0
dosel-sombra-01,2026-09-27T05:59:15.327Z,21.98,90.5,0
dosel-sombra-01,2026-09-27T05:58:30.328Z,21.87,91.8,0
dosel-sombra-01,2026-09-27T05:57:45.319Z,21.62,93,0
dosel-sombra-01,2026-09-27T05:57:00.323Z,21.28,91.2,0
dosel-sombra-01,2026-09-27T05:56:15.328Z,21.98,92.3,0
dosel-sombra-01,2026-09-27T05:55:30.318Z,21.94,92.1,0
dosel-sombra-01,2026-09-27T05:54:45.323Z,21.44,92.7,0
dosel-sombra-01,2026-09-27T05:54:00.327Z,21.81,90.4,0
dosel-sombra-01,2026-09-27T05:53:15.321Z,22.01,90.1,0
dosel-sombra-01,2026-09-27T05:52:30.327Z,21.26,90.1,0
dosel-sombra-01,2026-09-27T05:51:45.321Z,21.62,91.2,0
dosel-sombra-01,2026-09-27T05:51:00.311Z,21.91,91.2,0
dosel-sombra-01,2026-09-27T05:50:15.318Z,21.27,90.5,0
dosel-sombra-01,2026-09-27T05:49:30.319Z,21.97,92.6,0
dosel-sombra-01,2026-09-27T05:48:45.324Z,21.6,90.6,0
dosel-sombra-01,2026-09-27T05:48:00.322Z,21.53,90,0
dosel-sombra-01,2026-09-27T05:47:15.324Z,21.82,89.9,0
dosel-sombra-01,2026-09-27T05:46:30.318Z,21.31,92.3,0
dosel-sombra-01,2026-09-27T05:45:45.325Z,21.49,90.2,0
dosel-sombra-01,2026-09-27T05:45:00.316Z,21.39,92.5,0
dosel-sombra-01,2026-09-27T05:44:15.32Z,21.56,90.7,0
dosel-sombra-01,2026-09-27T05:43:30.308Z,21.65,92.8,0
dosel-sombra-01,2026-09-27T05:42:45.318Z,21.82,91.6,0
dosel-sombra-01,2026-09-27T05:42:00.309Z,21.55,92.1,0
dosel-sombra-01,2026-09-27T05:41:15.306Z,21.57,92.4,0
dosel-sombra-01,2026-09-27T05:40:30.314Z,21.8,90.8,0
dosel-sombra-01,2026-09-27T05:39:45.318Z,22.08,91.9,0
dosel-sombra-01,2026-09-27T05:39:00.323Z,21.48,91.3,0
dosel-sombra-01,2026-09-27T05:38:15.308Z,21.33,91.4,0
dosel-sombra-01,2026-09-27T05:37:30.313Z,21.87,92.6,0
dosel-sombra-01,2026-09-27T05:36:45.319Z,21.46,90.8,0
dosel-sombra-01,2026-09-27T05:36:00.303Z,21.59,90.4,0
dosel-sombra-01,2026-09-27T05:35:15.322Z,21.68,92.6,0
dosel-sombra-01,2026-09-27T05:34:30.304Z,21.67,90.7,0
dosel-sombra-01,2026-09-27T05:33:45.307Z,21.41,90.1,0
dosel-sombra-01,2026-09-27T05:33:00.307Z,21.42,92.2,0
dosel-sombra-01,2026-09-27T05:32:15.295Z,21.94,90.5,0
dosel-sombra-01,2026-09-27T05:31:30.312Z,21.59,91.7,0
dosel-sombra-01,2026-09-27T05:30:45.302Z,22.09,89.6,0
dosel-sombra-01,2026-09-27T05:30:00.304Z,21.7,91.8,0
dosel-sombra-01,2026-09-27T05:29:15.294Z,21.91,89.7,0
dosel-sombra-01,2026-09-27T05:28:30.315Z,22.17,92.1,0
dosel-sombra-01,2026-09-27T05:27:45.312Z,21.89,89.8,0
dosel-sombra-01,2026-09-27T05:27:00.315Z,21.76,90.9,0
dosel-sombra-01,2026-09-27T05:26:15.305Z,21.45,90,0
dosel-sombra-01,2026-09-27T05:25:30.313Z,21.87,89.9,0
dosel-sombra-01,2026-09-27T05:24:45.303Z,21.73,90,0
dosel-sombra-01,2026-09-27T05:24:00.309Z,21.66,89.8,0
dosel-sombra-01,2026-09-27T05:23:15.312Z,22.17,90.6,0
dosel-sombra-01,2026-09-27T05:22:30.343Z,21.92,92.4,0
dosel-sombra-01,2026-09-27T05:21:44.865Z,21.54,90.4,0
dosel-sombra-01,2026-09-27T05:20:59.858Z,21.59,89.6,0
dosel-sombra-01,2026-09-27T05:20:14.865Z,21.54,90.2,0
dosel-sombra-01,2026-09-27T05:19:29.873Z,22.06,91.7,0
dosel-sombra-01,2026-09-27T05:18:44.859Z,22.13,89.5,0
dosel-sombra-01,2026-09-27T05:17:59.872Z,22.13,91.9,0
dosel-sombra-01,2026-09-27T05:17:14.862Z,21.91,90.6,0
dosel-sombra-01,2026-09-27T05:16:29.867Z,21.83,91.9,0
dosel-sombra-01,2026-09-27T05:15:44.861Z,21.53,89.4,0
dosel-sombra-01,2026-09-27T05:14:59.867Z,21.6,90.1,0
dosel-sombra-01,2026-09-27T05:14:14.865Z,21.54,89.9,0
dosel-sombra-01,2026-09-27T05:13:29.872Z,22,90.3,0
dosel-sombra-01,2026-09-27T05:12:44.859Z,21.86,90.1,0
dosel-sombra-01,2026-09-27T05:11:59.868Z,21.58,90,0
dosel-sombra-01,2026-09-27T05:11:14.873Z,21.76,91.3,0
dosel-sombra-01,2026-09-27T05:10:29.872Z,21.68,91.2,0
dosel-sombra-01,2026-09-27T05:09:44.862Z,21.98,91.2,0
dosel-sombra-01,2026-09-27T05:08:59.852Z,21.74,89.8,0
dosel-sombra-01,2026-09-27T05:08:14.857Z,22.1,89.1,0
dosel-sombra-01,2026-09-27T05:07:29.864Z,21.97,90.9,0
dosel-sombra-01,2026-09-27T05:06:44.865Z,21.81,91,0
dosel-sombra-01,2026-09-27T05:05:59.872Z,21.89,90.5,0
dosel-sombra-01,2026-09-27T05:05:14.856Z,22.27,89.6,0
dosel-sombra-01,2026-09-27T05:04:29.848Z,22.1,89.4,0
dosel-sombra-01,2026-09-27T05:03:44.87Z,22.32,90.2,0
dosel-sombra-01,2026-09-27T05:02:59.864Z,22.19,89.9,0
dosel-sombra-01,2026-09-27T05:02:14.863Z,22.33,90.1,0
dosel-sombra-01,2026-09-27T05:01:29.853Z,22.02,88.9,0
dosel-sombra-01,2026-09-27T05:00:44.856Z,22.1,89.8,0
dosel-sombra-01,2026-09-27T04:59:59.851Z,22.08,90.1,0
dosel-sombra-01,2026-09-27T04:59:14.859Z,21.96,91.6,0
dosel-sombra-01,2026-09-27T04:58:29.856Z,21.71,91.5,0
dosel-sombra-01,2026-09-27T04:57:44.863Z,22.35,90.7,0
dosel-sombra-01,2026-09-27T04:56:59.87Z,21.99,89.5,0
dosel-sombra-01,2026-09-27T04:56:14.862Z,22.1,89.2,0
dosel-sombra-01,2026-09-27T04:55:29.85Z,21.91,91.1,0
dosel-sombra-01,2026-09-27T04:54:44.865Z,22.27,91.3,0
dosel-sombra-01,2026-09-27T04:53:59.848Z,21.94,91.6,0
dosel-sombra-01,2026-09-27T04:53:14.854Z,22.31,89.3,0
dosel-sombra-01,2026-09-27T04:52:29.849Z,21.73,90.2,0
dosel-sombra-01,2026-09-27T04:51:44.852Z,22.07,89.6,0
dosel-sombra-01,2026-09-27T04:50:59.841Z,21.67,90.2,0
dosel-sombra-01,2026-09-27T04:50:14.84Z,22.08,89.1,0
dosel-sombra-01,2026-09-27T04:49:29.84Z,21.78,88.7,0
dosel-sombra-01,2026-09-27T04:48:44.842Z,21.75,89.5,0
dosel-sombra-01,2026-09-27T04:47:59.853Z,22.26,89.4,0
dosel-sombra-01,2026-09-27T04:47:14.838Z,21.73,90.6,0
dosel-sombra-01,2026-09-27T04:46:29.841Z,22.1,90.8,0
dosel-sombra-01,2026-09-27T04:45:44.845Z,22.29,90.3,0
dosel-sombra-01,2026-09-27T04:44:59.847Z,22.29,91.2,0
dosel-sombra-01,2026-09-27T04:44:14.85Z,22.39,89.7,0
dosel-sombra-01,2026-09-27T04:43:29.847Z,21.88,89,0
dosel-sombra-01,2026-09-27T04:42:44.853Z,21.88,89.5,0
dosel-sombra-01,2026-09-27T04:41:59.838Z,22.01,90.8,0
dosel-sombra-01,2026-09-27T04:41:14.846Z,22.18,90,0
dosel-sombra-01,2026-09-27T04:40:29.845Z,22.43,90.2,0
dosel-sombra-01,2026-09-27T04:39:44.846Z,22.05,89.1,0
dosel-sombra-01,2026-09-27T04:38:59.836Z,21.92,89.2,0
dosel-sombra-01,2026-09-27T04:38:14.846Z,22.17,91.2,0
dosel-sombra-01,2026-09-27T04:37:29.835Z,21.9,89.4,0
dosel-sombra-01,2026-09-27T04:36:44.841Z,22.48,89.8,0
dosel-sombra-01,2026-09-27T04:35:59.835Z,22.25,90.3,0
dosel-sombra-01,2026-09-27T04:35:14.84Z,22.2,88.5,0
dosel-sombra-01,2026-09-27T04:34:29.831Z,22.25,88.5,0
dosel-sombra-01,2026-09-27T04:33:44.854Z,22.16,90.4,0
dosel-sombra-01,2026-09-27T04:32:59.832Z,22.37,90.1,0
dosel-sombra-01,2026-09-27T04:32:14.952Z,21.96,88.4,0
dosel-sombra-01,2026-09-27T04:31:29.406Z,22.6,90.3,0
dosel-sombra-01,2026-09-27T04:30:44.416Z,22.33,88.9,0
dosel-sombra-01,2026-09-27T04:29:59.423Z,22.18,90.7,0
dosel-sombra-01,2026-09-27T04:29:14.421Z,22.05,90.7,0
dosel-sombra-01,2026-09-27T04:28:29.426Z,22.55,90.1,0
dosel-sombra-01,2026-09-27T04:27:44.402Z,22.32,90.2,0
dosel-sombra-01,2026-09-27T04:26:59.426Z,22.09,90.4,0
dosel-sombra-01,2026-09-27T04:26:14.417Z,22.47,87.9,0
dosel-sombra-01,2026-09-27T04:25:29.408Z,22.28,90.8,0
dosel-sombra-01,2026-09-27T04:24:44.412Z,21.96,88.1,0
dosel-sombra-01,2026-09-27T04:23:59.408Z,22.1,89.5,0
dosel-sombra-01,2026-09-27T04:23:14.421Z,22.52,87.9,0
dosel-sombra-01,2026-09-27T04:22:29.412Z,22.46,89.2,0
dosel-sombra-01,2026-09-27T04:21:44.405Z,22.31,89.2,0
dosel-sombra-01,2026-09-27T04:20:59.409Z,22.08,88.6,0
dosel-sombra-01,2026-09-27T04:20:14.415Z,22.01,90.5,0
dosel-sombra-01,2026-09-27T04:19:29.415Z,22.24,89.2,0
dosel-sombra-01,2026-09-27T04:18:44.412Z,22.07,90.5,0
dosel-sombra-01,2026-09-27T04:17:59.417Z,22.72,89.5,0
dosel-sombra-01,2026-09-27T04:17:14.41Z,22.6,90.3,0
dosel-sombra-01,2026-09-27T04:16:29.412Z,22.07,87.8,0
dosel-sombra-01,2026-09-27T04:15:44.404Z,22.6,88.6,0
dosel-sombra-01,2026-09-27T04:14:59.409Z,22.22,89.9,0
dosel-sombra-01,2026-09-27T04:14:14.416Z,22.08,89.8,0
dosel-sombra-01,2026-09-27T04:13:29.406Z,22.35,89.5,0
dosel-sombra-01,2026-09-27T04:12:44.401Z,22.23,88.7,0
dosel-sombra-01,2026-09-27T04:11:59.418Z,22.22,89.9,0
dosel-sombra-01,2026-09-27T04:11:14.397Z,22.13,87.8,0
dosel-sombra-01,2026-09-27T04:10:29.405Z,22.34,89.5,0
dosel-sombra-01,2026-09-27T04:09:44.416Z,22.24,88.7,0
dosel-sombra-01,2026-09-27T04:08:59.414Z,22.13,89.1,0
dosel-sombra-01,2026-09-27T04:08:14.4Z,22.21,89.8,0
dosel-sombra-01,2026-09-27T04:07:29.394Z,22.56,89.8,0
dosel-sombra-01,2026-09-27T04:06:44.409Z,22.5,88.5,0
dosel-sombra-01,2026-09-27T04:05:59.398Z,22.63,87.9,0
dosel-sombra-01,2026-09-27T04:05:14.405Z,22.62,88.4,0
dosel-sombra-01,2026-09-27T04:04:29.408Z,22.37,88,0
dosel-sombra-01,2026-09-27T04:03:44.394Z,22.49,89.8,0
dosel-sombra-01,2026-09-24T02:16:54.52Z,23.64,83,0
dosel-sombra-01,2026-09-24T02:16:09.524Z,23.99,84.9,0
dosel-sombra-01,2026-09-24T02:15:24.535Z,24.17,83.9,0
dosel-sombra-01,2026-09-24T02:14:39.528Z,23.56,84,0
dosel-sombra-01,2026-09-24T02:13:54.517Z,24.13,83.2,0
dosel-sombra-01,2026-09-24T02:13:09.526Z,23.69,83,0
dosel-sombra-01,2026-09-24T02:12:24.52Z,23.53,83.5,0
dosel-sombra-01,2026-09-24T02:11:39.517Z,23.82,82.4,0
dosel-sombra-01,2026-09-24T02:10:54.523Z,23.74,82.5,0
dosel-sombra-01,2026-09-24T02:10:09.524Z,24.05,82.4,0
dosel-sombra-01,2026-09-24T02:09:24.516Z,23.94,82.8,0
dosel-sombra-01,2026-09-24T02:08:39.509Z,24.04,83.8,0
dosel-sombra-01,2026-09-24T02:07:54.513Z,23.97,83.9,0
dosel-sombra-01,2026-09-24T02:07:09.518Z,24.12,82.9,0
dosel-sombra-01,2026-09-24T02:06:24.511Z,24.26,82.2,0
dosel-sombra-01,2026-09-24T02:05:39.518Z,23.64,83.3,0
dosel-sombra-01,2026-09-24T02:04:54.52Z,24,82.7,0
dosel-sombra-01,2026-09-24T02:04:09.519Z,23.67,83.5,0
dosel-sombra-01,2026-09-24T02:03:24.515Z,24.11,82.2,0
dosel-sombra-01,2026-09-24T02:02:39.518Z,24.15,83.3,0
dosel-sombra-01,2026-09-24T02:01:54.507Z,24.09,83,0
dosel-sombra-01,2026-09-24T02:01:09.513Z,24.1,84.1,0
dosel-sombra-01,2026-09-24T02:00:24.516Z,23.7,83.4,0
dosel-sombra-01,2026-09-24T01:59:39.508Z,24.16,83,0
dosel-sombra-01,2026-09-24T01:58:54.523Z,23.97,82.4,0
dosel-sombra-01,2026-09-24T01:58:09.519Z,23.94,83.3,0
dosel-sombra-01,2026-09-24T01:57:24.507Z,23.88,84.4,0
dosel-sombra-01,2026-09-24T01:56:39.5Z,23.78,83.8,0
dosel-sombra-01,2026-09-24T01:55:54.52Z,23.94,81.7,0
dosel-sombra-01,2026-09-24T01:55:09.523Z,24.35,83,0
dosel-sombra-01,2026-09-24T01:54:24.514Z,24.53,81.7,0
dosel-sombra-01,2026-09-24T01:53:39.531Z,24.58,83.4,0
dosel-sombra-01,2026-09-24T01:52:54.504Z,24.36,81.9,0
dosel-sombra-01,2026-09-24T01:52:09.511Z,24.26,82.5,0
dosel-sombra-01,2026-09-24T01:51:24.519Z,24.58,81.6,0
dosel-sombra-01,2026-09-24T01:50:39.513Z,24.16,81.9,0
dosel-sombra-01,2026-09-24T01:49:54.506Z,24.55,83.2,0
dosel-sombra-01,2026-09-24T01:49:09.499Z,24.51,81.6,0
dosel-sombra-01,2026-09-24T01:48:24.492Z,24.25,82.4,0
dosel-sombra-01,2026-09-24T01:47:39.512Z,24.67,81.3,0
dosel-sombra-01,2026-09-24T01:46:54.5Z,24.69,81.2,0
dosel-sombra-01,2026-09-24T01:46:09.516Z,24.34,81.5,0
dosel-sombra-01,2026-09-24T01:45:24.508Z,24.43,82.2,0
dosel-sombra-01,2026-09-24T01:44:39.505Z,23.96,80.9,0
dosel-sombra-01,2026-09-24T01:43:54.505Z,23.99,80.8,0
dosel-sombra-01,2026-09-24T01:43:09.511Z,24.21,82.3,0
dosel-sombra-01,2026-09-24T01:42:24.487Z,24.46,81.9,0
dosel-sombra-01,2026-09-24T01:41:39.491Z,24.5,83.2,0
dosel-sombra-01,2026-09-24T01:40:54.497Z,24.32,83.3,0
dosel-sombra-01,2026-09-24T01:40:09.507Z,24.11,83.4,0
dosel-sombra-01,2026-09-24T01:39:24.494Z,24.04,80.6,0
dosel-sombra-01,2026-09-24T01:38:39.5Z,24.57,83.3,0
dosel-sombra-01,2026-09-24T01:37:54.507Z,24.08,81,0
dosel-sombra-01,2026-09-24T01:37:09.497Z,24.66,80.9,0
dosel-sombra-01,2026-09-24T01:36:24.488Z,24.21,80.9,0
dosel-sombra-01,2026-09-24T01:35:39.5Z,24.35,82.9,0
dosel-sombra-01,2026-09-24T01:34:54.499Z,24.5,82.4,0
dosel-sombra-01,2026-09-24T01:34:09.492Z,24.64,82.8,0
dosel-sombra-01,2026-09-24T01:33:24.489Z,24.49,82.9,0
dosel-sombra-01,2026-09-24T01:32:39.497Z,24.14,80.3,0
dosel-sombra-01,2026-09-24T01:31:54.49Z,24.44,83,0
dosel-sombra-01,2026-09-24T01:31:09.495Z,24.39,82,0
dosel-sombra-01,2026-09-24T01:30:24.499Z,24.61,80.1,0
dosel-sombra-01,2026-09-24T01:29:39.493Z,24.75,82.3,0
dosel-sombra-01,2026-09-24T01:28:54.483Z,24.79,81.4,0
dosel-sombra-01,2026-09-24T01:28:09.493Z,24.96,80,0
dosel-sombra-01,2026-09-24T01:27:24.484Z,24.98,80.1,0
dosel-sombra-01,2026-09-24T01:26:39.49Z,24.57,82.8,0
dosel-sombra-01,2026-09-24T01:25:54.482Z,24.75,82.4,0
dosel-sombra-01,2026-09-24T01:25:09.502Z,24.86,80.2,0
dosel-sombra-01,2026-09-24T01:24:24.488Z,24.31,82.5,0
dosel-sombra-01,2026-09-24T01:23:39.479Z,24.83,81.4,0
dosel-sombra-01,2026-09-24T01:22:54.489Z,24.55,80.6,0
dosel-sombra-01,2026-09-24T01:22:09.476Z,24.47,79.8,0
dosel-sombra-01,2026-09-24T01:21:24.485Z,24.64,80.2,0
dosel-sombra-01,2026-09-24T01:20:39.48Z,24.37,82.3,0
dosel-sombra-01,2026-09-24T01:19:54.485Z,24.6,81.8,0
dosel-sombra-01,2026-09-24T01:19:09.494Z,24.7,82.4,0
dosel-sombra-01,2026-09-24T01:18:24.482Z,24.41,80.9,0
dosel-sombra-01,2026-09-24T01:17:39.486Z,24.9,79.8,0
dosel-sombra-01,2026-09-24T01:16:54.491Z,24.54,81.8,0
dosel-sombra-01,2026-09-24T01:16:09.484Z,24.94,80.2,0
dosel-sombra-01,2026-09-24T01:15:24.475Z,24.57,81.3,0
dosel-sombra-01,2026-09-24T01:14:39.488Z,25.11,80,0
dosel-sombra-01,2026-09-24T01:13:54.493Z,25.14,82,0
dosel-sombra-01,2026-09-24T01:13:09.472Z,24.78,79.7,0
dosel-sombra-01,2026-09-24T01:12:24.478Z,24.89,81.6,0
dosel-sombra-01,2026-09-24T01:11:39.532Z,24.51,81.7,0
dosel-sombra-01,2026-09-23T20:36:53.374Z,28.35,69.4,4278.2
dosel-sombra-01,2026-09-23T20:36:08.377Z,28.42,69.3,5075
dosel-sombra-01,2026-09-23T20:35:23.365Z,28.21,68.7,3856.4
dosel-sombra-01,2026-09-23T20:34:38.357Z,28.41,70.4,5197.7
dosel-sombra-01,2026-09-23T20:33:53.38Z,28.07,67.5,5232.7
dosel-sombra-01,2026-09-23T20:33:08.362Z,27.9,67.6,4686.8
dosel-sombra-01,2026-09-23T20:32:23.366Z,28.32,70.1,3905.7
dosel-sombra-01,2026-09-23T20:31:38.373Z,27.96,69.8,4324.3
dosel-sombra-01,2026-09-23T20:30:53.362Z,28,69.5,4355.8
dosel-sombra-01,2026-09-23T20:30:08.378Z,28.2,68.2,5471.7
dosel-sombra-01,2026-09-23T20:29:23.372Z,27.93,69.6,4708.8
dosel-sombra-01,2026-09-23T20:28:38.363Z,28.16,70.1,4017.5
dosel-sombra-01,2026-09-23T20:27:53.369Z,28.31,69.9,3935.1
dosel-sombra-01,2026-09-23T20:27:08.36Z,28.54,69,3933
dosel-sombra-01,2026-09-23T20:26:23.371Z,27.92,67.4,5122.6
dosel-sombra-01,2026-09-23T20:25:38.361Z,28.02,70.2,4911.9
dosel-sombra-01,2026-09-23T20:24:53.348Z,27.98,68.5,5305.7
dosel-sombra-01,2026-09-23T20:24:08.367Z,28.17,68.4,5577
dosel-sombra-01,2026-09-23T20:23:23.353Z,28.08,68.7,4418.9
dosel-sombra-01,2026-09-23T20:22:38.359Z,28.28,68.3,5430.4
dosel-sombra-01,2026-09-23T20:21:53.367Z,28.67,69.6,4956
dosel-sombra-01,2026-09-23T20:21:08.359Z,27.89,68.1,4038.8
dosel-sombra-01,2026-09-23T20:20:23.352Z,27.96,69.7,5098.1
dosel-sombra-01,2026-09-23T20:19:38.359Z,28.19,67.3,5258.6
dosel-sombra-01,2026-09-23T20:18:53.364Z,28.14,69.6,5474.6
dosel-sombra-01,2026-09-23T20:18:08.36Z,28.1,69.3,5282.3
dosel-sombra-01,2026-09-23T20:17:23.348Z,28.52,68.7,4237.3
dosel-sombra-01,2026-09-23T20:16:38.356Z,28.35,70.1,5114.8
dosel-sombra-01,2026-09-23T20:15:53.359Z,28.7,68.6,4321.6
dosel-sombra-01,2026-09-23T20:15:08.358Z,28.34,69,5549
dosel-sombra-01,2026-09-23T20:14:23.362Z,28.27,68.9,5123.6
dosel-sombra-01,2026-09-23T20:13:38.355Z,28.42,69.9,5618.9
dosel-sombra-01,2026-09-23T20:12:53.351Z,28.62,68.8,6006.4
dosel-sombra-01,2026-09-23T20:12:08.36Z,28.39,68.9,5843.5
dosel-sombra-01,2026-09-23T20:11:23.35Z,28.54,69.2,5480
dosel-sombra-01,2026-09-23T20:10:38.355Z,28.68,68.7,5208.3
dosel-sombra-01,2026-09-23T20:09:53.342Z,28.69,69.2,4652.8
dosel-sombra-01,2026-09-23T20:09:08.354Z,28.26,67.2,5273.4
dosel-sombra-01,2026-09-23T20:08:23.348Z,28,68.6,5641.7
dosel-sombra-01,2026-09-23T20:07:38.353Z,28.59,67.8,4607.6
dosel-sombra-01,2026-09-23T20:06:53.344Z,28.21,68.3,5228
dosel-sombra-01,2026-09-23T20:06:08.348Z,28.19,67.7,5622.1
dosel-sombra-01,2026-09-23T20:05:23.337Z,28.65,69.1,4609.4
dosel-sombra-01,2026-09-23T20:04:38.346Z,27.98,67.8,5319.4
dosel-sombra-01,2026-09-23T20:03:53.354Z,28.2,67.8,5774.8
dosel-sombra-01,2026-09-23T20:03:08.348Z,28.66,68.2,6002.5
dosel-sombra-01,2026-09-23T20:02:23.356Z,28.43,68.7,4422.3
dosel-sombra-01,2026-09-23T20:01:38.349Z,28.34,67.2,4834.2
dosel-sombra-01,2026-09-23T20:00:53.326Z,28.01,69.7,5854.3
dosel-sombra-01,2026-09-23T20:00:08.343Z,28.77,69,4562.4
dosel-sombra-01,2026-09-23T19:59:23.353Z,28.57,69.8,4870.9
dosel-sombra-01,2026-09-23T19:58:38.352Z,28.07,68.1,5916.6
dosel-sombra-01,2026-09-23T19:57:53.349Z,28.12,67.2,6076.7
dosel-sombra-01,2026-09-23T19:57:08.343Z,28.13,67.9,6061.2
dosel-sombra-01,2026-09-23T19:56:23.348Z,28.44,69.3,5750.9
dosel-sombra-01,2026-09-23T19:55:38.344Z,28.15,67.1,5833.2
dosel-sombra-01,2026-09-23T19:54:53.344Z,28.55,68.5,5654.8
dosel-sombra-01,2026-09-23T19:54:08.333Z,28.75,69.1,5774.5
dosel-sombra-01,2026-09-23T19:53:23.345Z,28.07,69.8,5796.1
dosel-sombra-01,2026-09-23T19:52:38.336Z,28.15,68.3,5426.2
dosel-sombra-01,2026-09-23T19:51:53.342Z,28.65,69.2,5766.7
dosel-sombra-01,2026-09-23T19:51:08.331Z,28.42,66.8,6059.3
dosel-sombra-01,2026-09-23T19:50:23.339Z,28.78,69.5,5131.5
dosel-sombra-01,2026-09-23T19:49:38.332Z,28.28,69.3,4666.4
dosel-sombra-01,2026-09-23T19:48:53.341Z,28.06,67.9,4794.6
dosel-sombra-01,2026-09-23T19:48:08.335Z,28.08,67.6,5064.4
dosel-sombra-01,2026-09-23T19:47:23.333Z,28.69,66.8,6587.5
dosel-sombra-01,2026-09-23T19:46:38.341Z,28.1,67.9,5246.1
dosel-sombra-01,2026-09-23T19:45:53.336Z,28.83,67.6,6480.6
dosel-sombra-01,2026-09-23T19:45:08.341Z,28.15,68.3,5776.2
dosel-sombra-01,2026-09-23T19:44:23.344Z,28.65,68.9,5544.6
dosel-sombra-01,2026-09-23T19:43:38.335Z,28.76,66.8,5535.6
dosel-sombra-01,2026-09-23T19:42:53.324Z,28.4,69.6,5638.5
dosel-sombra-01,2026-09-23T19:42:08.332Z,28.23,69.5,4942.1
dosel-sombra-01,2026-09-23T19:41:23.327Z,28.64,67.4,5619.2
dosel-sombra-01,2026-09-23T19:40:38.318Z,28.31,68.8,6055.4
dosel-sombra-01,2026-09-23T19:39:53.325Z,28.54,68.9,6417
dosel-sombra-01,2026-09-23T19:39:08.315Z,28.65,67.2,6279.8
dosel-sombra-01,2026-09-23T19:38:23.325Z,28.17,68.3,6621.3
dosel-sombra-01,2026-09-23T19:37:38.319Z,28.16,67.6,5744.3
dosel-sombra-01,2026-09-23T19:36:53.32Z,28.81,67.5,6288.4
dosel-sombra-01,2026-09-23T19:36:08.342Z,28.06,69.2,5289.5
dosel-sombra-01,2026-09-23T19:35:23.32Z,28.39,69.2,5888.5
dosel-sombra-01,2026-09-23T19:34:38.324Z,28.14,68,6646.7
dosel-sombra-01,2026-09-23T19:33:53.33Z,28.3,68.8,6596.4
dosel-sombra-01,2026-09-23T19:33:08.325Z,28.49,66.7,6821.5
dosel-sombra-01,2026-09-23T19:32:23.33Z,28.6,68,5164.3
dosel-sombra-01,2026-09-23T19:31:38.42Z,28.79,68.9,5851.1
dosel-sombra-01,2026-09-27T04:02:59.398Z,22.78,89.3,0
dosel-sombra-01,2026-09-27T04:02:14.398Z,22.52,88.9,0
dosel-sombra-01,2026-09-27T04:01:29.384Z,22.28,89.4,0
dosel-sombra-01,2026-09-27T04:00:44.396Z,22.89,89.5,0
dosel-sombra-01,2026-09-27T03:59:59.4Z,22.51,89.5,0
dosel-sombra-01,2026-09-27T03:59:14.393Z,22.26,88.8,0
dosel-sombra-01,2026-09-27T03:58:29.397Z,22.49,87.9,0
dosel-sombra-01,2026-09-27T03:57:44.386Z,22.69,87.9,0
dosel-sombra-01,2026-09-27T03:56:59.393Z,22.83,88.2,0
dosel-sombra-01,2026-09-27T03:56:14.386Z,22.45,89.6,0
dosel-sombra-01,2026-09-27T03:55:29.405Z,22.69,86.9,0
dosel-sombra-01,2026-09-27T03:54:44.393Z,22.19,87.7,0
dosel-sombra-01,2026-09-27T03:53:59.382Z,22.45,88.9,0
dosel-sombra-01,2026-09-27T03:53:14.38Z,22.79,87.8,0
dosel-sombra-01,2026-09-27T03:52:29.403Z,22.82,86.9,0
dosel-sombra-01,2026-09-27T03:51:44.387Z,22.46,88.1,0
dosel-sombra-01,2026-09-27T03:50:59.387Z,22.81,88.9,0
dosel-sombra-01,2026-09-27T03:50:14.397Z,22.61,86.8,0
dosel-sombra-01,2026-09-27T03:49:29.396Z,22.81,88.3,0
dosel-sombra-01,2026-09-27T03:48:44.388Z,22.51,89,0
dosel-sombra-01,2026-09-27T03:47:59.391Z,22.51,87.5,0
dosel-sombra-01,2026-09-27T03:47:14.379Z,22.76,88.2,0
dosel-sombra-01,2026-09-27T03:46:29.395Z,22.91,87.7,0
dosel-sombra-01,2026-09-27T03:45:44.388Z,22.51,89.3,0
dosel-sombra-01,2026-09-27T03:44:59.385Z,22.61,88.8,0
dosel-sombra-01,2026-09-27T03:44:14.387Z,22.8,87.3,0
dosel-sombra-01,2026-09-27T03:43:29.392Z,22.44,86.7,0
dosel-sombra-01,2026-09-27T03:42:44.391Z,22.51,88.3,0
dosel-sombra-01,2026-09-27T03:41:59.452Z,22.34,89.2,0
dosel-sombra-01,2026-09-27T03:41:13.958Z,22.73,88,0
dosel-sombra-01,2026-09-27T03:40:28.951Z,22.66,87.8,0
dosel-sombra-01,2026-09-27T03:39:43.957Z,22.49,88.6,0
dosel-sombra-01,2026-09-27T03:38:58.96Z,22.59,89,0
dosel-sombra-01,2026-09-27T03:38:13.96Z,23.11,87.2,0
dosel-sombra-01,2026-09-27T03:37:28.956Z,22.42,88.3,0
dosel-sombra-01,2026-09-27T03:36:43.949Z,22.67,86.7,0
dosel-sombra-01,2026-09-27T03:35:58.938Z,22.69,86.1,0
dosel-sombra-01,2026-09-27T03:35:13.947Z,23.05,88.3,0
dosel-sombra-01,2026-09-27T03:34:28.94Z,22.72,86.6,0
dosel-sombra-01,2026-09-27T03:33:43.946Z,22.99,88.3,0
dosel-sombra-01,2026-09-27T03:32:58.957Z,22.47,87.4,0
dosel-sombra-01,2026-09-27T03:32:13.96Z,22.53,88.4,0
dosel-sombra-01,2026-09-27T03:31:28.946Z,23.2,86.6,0
dosel-sombra-01,2026-09-27T03:30:43.956Z,22.52,88.2,0
dosel-sombra-01,2026-09-27T03:29:58.946Z,22.75,88,0
dosel-sombra-01,2026-09-27T03:29:13.941Z,23.23,86.3,0
dosel-sombra-01,2026-09-27T03:28:28.933Z,23.23,86.3,0
dosel-sombra-01,2026-09-27T03:27:43.94Z,22.99,87.2,0
dosel-sombra-01,2026-09-27T03:26:58.93Z,22.84,87.7,0
dosel-sombra-01,2026-09-27T03:26:13.932Z,22.72,86.8,0
dosel-sombra-01,2026-09-27T03:25:28.936Z,22.76,87.4,0
dosel-sombra-01,2026-09-27T03:24:43.939Z,23,85.9,0
dosel-sombra-01,2026-09-27T03:23:58.93Z,22.56,87.9,0
dosel-sombra-01,2026-09-27T03:23:13.933Z,22.96,88.3,0
dosel-sombra-01,2026-09-27T03:22:28.951Z,22.86,88,0
dosel-sombra-01,2026-09-27T03:21:43.944Z,22.61,88.3,0
dosel-sombra-01,2026-09-27T03:20:58.932Z,22.66,87.3,0
dosel-sombra-01,2026-09-27T03:20:13.934Z,23.35,86.3,0
dosel-sombra-01,2026-09-27T03:19:28.941Z,22.87,86.1,0
dosel-sombra-01,2026-09-27T03:18:43.938Z,23.2,88.2,0
dosel-sombra-01,2026-09-27T03:17:58.94Z,22.99,86.7,0
dosel-sombra-01,2026-09-27T03:17:13.922Z,23.37,86.3,0
dosel-sombra-01,2026-09-27T03:16:28.928Z,22.71,87,0
dosel-sombra-01,2026-09-27T03:15:43.938Z,23.43,87.8,0
dosel-sombra-01,2026-09-27T03:14:58.928Z,23.42,85.6,0
dosel-sombra-01,2026-09-27T03:14:13.932Z,23.06,86.6,0
dosel-sombra-01,2026-09-27T03:13:28.936Z,22.7,87.5,0
dosel-sombra-01,2026-09-27T03:12:43.94Z,23.25,85.6,0
dosel-sombra-01,2026-09-27T03:11:58.93Z,23.12,87.6,0
dosel-sombra-01,2026-09-27T03:11:13.921Z,23.42,85,0
dosel-sombra-01,2026-09-27T03:10:28.926Z,23.11,86.8,0
dosel-sombra-01,2026-09-27T03:09:43.936Z,23.15,87,0
dosel-sombra-01,2026-09-27T03:08:58.928Z,23.35,86.1,0
dosel-sombra-01,2026-09-27T03:08:13.923Z,23.12,85.2,0
dosel-sombra-01,2026-09-27T03:07:28.927Z,22.87,87.5,0
dosel-sombra-01,2026-09-27T03:06:43.918Z,23.13,86.4,0
dosel-sombra-01,2026-09-27T03:05:58.926Z,23.21,85.8,0
dosel-sombra-01,2026-09-27T03:05:13.931Z,23.11,86.2,0
dosel-sombra-01,2026-09-27T03:04:28.921Z,22.83,85.2,0
dosel-sombra-01,2026-09-27T03:03:43.936Z,23.12,86.5,0
dosel-sombra-01,2026-09-27T03:02:58.922Z,23.62,87.3,0
dosel-sombra-01,2026-09-27T03:02:13.919Z,23.3,86.5,0
dosel-sombra-01,2026-09-27T03:01:28.937Z,23.38,86.3,0
dosel-sombra-01,2026-09-27T03:00:43.91Z,23.64,85.5,0
dosel-sombra-01,2026-09-27T02:59:58.93Z,23.32,85.4,0
dosel-sombra-01,2026-09-27T02:59:13.922Z,23.66,84.7,0
dosel-sombra-01,2026-09-27T02:58:28.928Z,22.91,87.4,0
dosel-sombra-01,2026-09-27T02:57:43.92Z,23.42,85.9,0
dosel-sombra-01,2026-09-27T02:56:58.921Z,23.53,84.6,0
dosel-sombra-01,2026-09-27T02:56:13.926Z,23.68,85,0
dosel-sombra-01,2026-09-27T02:55:28.927Z,23.23,84.6,0
dosel-sombra-01,2026-09-27T02:54:43.919Z,23.14,86.4,0
dosel-sombra-01,2026-09-27T02:53:58.91Z,23.46,84.3,0
dosel-sombra-01,2026-09-27T02:53:13.907Z,23.74,84.7,0
dosel-sombra-01,2026-09-27T02:52:28.928Z,23.75,85.9,0
dosel-sombra-01,2026-09-27T02:51:44.107Z,23.39,85.8,0
dosel-sombra-01,2026-09-23T17:30:12.254Z,28.1,68.7,7441.7
dosel-sombra-01,2026-09-23T17:29:27.26Z,28.02,67.9,8065
dosel-sombra-01,2026-09-23T17:28:42.248Z,28.44,69.6,7246.3
dosel-sombra-01,2026-09-23T17:27:57.264Z,28.51,68.2,8428.1
dosel-sombra-01,2026-09-23T17:27:12.238Z,28.13,68.7,7566.4
dosel-sombra-01,2026-09-23T17:26:27.25Z,28.44,68.3,8050.5
dosel-sombra-01,2026-09-23T17:25:42.253Z,28.58,69.4,7841.4
dosel-sombra-01,2026-09-23T17:24:57.247Z,28.32,67.7,8644.6
dosel-sombra-01,2026-09-23T17:24:12.236Z,27.98,69.1,7484
dosel-sombra-01,2026-09-23T17:23:27.244Z,28.03,70.5,6648.2
dosel-sombra-01,2026-09-23T17:22:42.244Z,28.55,69.6,7592.2
dosel-sombra-01,2026-09-23T17:21:57.236Z,28.06,68.5,8546.1
dosel-sombra-01,2026-09-23T17:21:12.241Z,28.34,69.9,8389.4
dosel-sombra-01,2026-09-23T17:20:27.248Z,27.98,70.5,7771.3
dosel-sombra-01,2026-09-23T17:19:42.252Z,28.48,68.2,6347.1
dosel-sombra-01,2026-09-23T17:18:57.258Z,28.51,69.5,7268.5
dosel-sombra-01,2026-09-23T17:18:12.247Z,28.48,69,7531.8
dosel-sombra-01,2026-09-23T17:17:27.233Z,28.18,69.9,6802.3
dosel-sombra-01,2026-09-23T17:16:42.241Z,27.98,70.3,7549.5
dosel-sombra-01,2026-09-23T17:15:57.231Z,28.52,69.9,8326.2
dosel-sombra-01,2026-09-23T17:15:12.232Z,28.35,68.8,8632.8
dosel-sombra-01,2026-09-23T17:14:27.255Z,28.27,68,6455
dosel-sombra-01,2026-09-23T17:13:42.249Z,27.92,70.8,8386.8
dosel-sombra-01,2026-09-23T17:12:57.229Z,28.19,69.3,8075.4
dosel-sombra-01,2026-09-23T17:12:12.236Z,28.34,68.6,8110.4
dosel-sombra-01,2026-09-23T17:11:27.259Z,28.11,70.2,7917.9
dosel-sombra-01,2026-09-23T17:10:42.249Z,28.33,70.4,8774.5
dosel-sombra-01,2026-09-23T17:09:57.24Z,27.97,67.9,7962.9
dosel-sombra-01,2026-09-23T17:09:12.247Z,28.48,69.6,7226.4
dosel-sombra-01,2026-09-23T17:08:27.242Z,28.12,70,8556.1
dosel-sombra-01,2026-09-23T17:07:42.247Z,27.76,68.3,8097.4
dosel-sombra-01,2026-09-23T17:06:57.236Z,27.91,68.3,7597.2
dosel-sombra-01,2026-09-23T17:06:12.241Z,27.95,69.2,7165.6
dosel-sombra-01,2026-09-23T17:05:27.233Z,28.23,69,7467.2
dosel-sombra-01,2026-09-23T17:04:42.238Z,27.77,68.2,7765.4
dosel-sombra-01,2026-09-23T17:03:57.229Z,27.7,69.7,7900.6
dosel-sombra-01,2026-09-23T17:03:12.237Z,27.86,68.1,8835.7
dosel-sombra-01,2026-09-23T17:02:27.24Z,28.14,70.3,7792.1
dosel-sombra-01,2026-09-23T17:01:42.247Z,28.15,69.4,7180.5
dosel-sombra-01,2026-09-23T17:00:57.231Z,27.88,70,7352.7
dosel-sombra-01,2026-09-23T17:00:12.225Z,27.86,68.6,8690
dosel-sombra-01,2026-09-23T16:59:27.227Z,28.26,70.3,7495.2
dosel-sombra-01,2026-09-23T16:58:42.234Z,28.05,69.3,6376
dosel-sombra-01,2026-09-23T16:57:57.24Z,27.93,68.8,7289.8
dosel-sombra-01,2026-09-23T16:57:12.231Z,27.72,70.9,8484.8
dosel-sombra-01,2026-09-23T16:56:27.224Z,27.65,69.9,7997.2
dosel-sombra-01,2026-09-23T16:55:42.228Z,28.24,70.2,8316.3
dosel-sombra-01,2026-09-23T16:54:57.221Z,27.99,70.1,8673
dosel-sombra-01,2026-09-23T16:54:12.228Z,27.97,71.2,8092.3
dosel-sombra-01,2026-09-23T16:53:27.234Z,27.8,68.7,7644.3
dosel-sombra-01,2026-09-23T16:52:42.225Z,27.69,69.9,7163.9
dosel-sombra-01,2026-09-23T16:51:57.234Z,27.82,71.2,8988.8
dosel-sombra-01,2026-09-23T16:51:12.226Z,27.77,70.8,7452.8
dosel-sombra-01,2026-09-23T16:50:27.227Z,27.71,71.3,7165.6
dosel-sombra-01,2026-09-23T16:49:42.217Z,27.86,69.7,7220.1
dosel-sombra-01,2026-09-23T16:48:57.225Z,28.21,70.3,6294.6
dosel-sombra-01,2026-09-23T16:48:12.226Z,28.16,69.8,7302.5
dosel-sombra-01,2026-09-23T16:47:27.228Z,28.07,71.4,8984.7
dosel-sombra-01,2026-09-23T16:46:42.216Z,28.09,70.8,6781.9
dosel-sombra-01,2026-09-23T16:45:57.224Z,28.11,69.8,8826.6
dosel-sombra-01,2026-09-23T16:45:12.231Z,27.52,69.3,7126.9
dosel-sombra-01,2026-09-23T16:44:27.22Z,27.54,71.3,6892.8
dosel-sombra-01,2026-09-23T16:43:42.214Z,27.68,70.2,6869.6
dosel-sombra-01,2026-09-23T16:42:57.217Z,27.66,70.3,6654.4
dosel-sombra-01,2026-09-23T16:42:12.223Z,28.07,69,7225.4
dosel-sombra-01,2026-09-23T16:41:27.227Z,27.94,70.4,8303.6
dosel-sombra-01,2026-09-23T16:40:42.204Z,27.75,68.9,7572.4
dosel-sombra-01,2026-09-23T16:39:57.224Z,27.48,71.4,8267.8
dosel-sombra-01,2026-09-23T16:39:12.212Z,27.6,69,7890
dosel-sombra-01,2026-09-23T16:38:27.207Z,27.61,69.2,7093.1
dosel-sombra-01,2026-09-23T16:37:42.213Z,28.15,71.2,7142.1
dosel-sombra-01,2026-09-23T16:36:57.22Z,27.86,71.1,8139.6
dosel-sombra-01,2026-09-23T16:36:12.227Z,27.76,69.4,6275.1
dosel-sombra-01,2026-09-23T16:35:27.218Z,27.73,69,7746.3
dosel-sombra-01,2026-09-23T16:34:42.209Z,28.18,69,8286.4
dosel-sombra-01,2026-09-23T16:33:57.215Z,27.92,70.3,6332.6
dosel-sombra-01,2026-09-23T16:33:12.225Z,27.57,70.5,8882
dosel-sombra-01,2026-09-23T16:32:27.209Z,27.64,71.3,7446.6
dosel-sombra-01,2026-09-23T16:31:42.202Z,28.1,70.8,7069
dosel-sombra-01,2026-09-23T16:30:57.224Z,27.67,71.8,8598.6
dosel-sombra-01,2026-09-23T16:30:12.202Z,27.75,71.6,8070.2
dosel-sombra-01,2026-09-23T16:29:27.212Z,27.71,71.6,8279.1
dosel-sombra-01,2026-09-23T16:28:42.201Z,27.45,71.5,8773.1
dosel-sombra-01,2026-09-23T16:27:57.216Z,27.63,70,6280.3
dosel-sombra-01,2026-09-23T16:27:12.209Z,27.87,69.1,7770.6
dosel-sombra-01,2026-09-23T16:26:27.199Z,28.1,71.3,6340
dosel-sombra-01,2026-09-23T16:25:42.252Z,27.54,70.2,7669.2
dosel-sombra-01,2026-09-23T16:25:18.56Z,27.73,71.9,6438.9
dosel-sombra-01,2026-09-23T16:22:53.844Z,27.76,70.9,6425.3
dosel-sombra-01,2026-09-27T02:10:58.474Z,24.19,83.8,0
dosel-sombra-01,2026-09-27T02:10:13.481Z,23.98,82.7,0
dosel-sombra-01,2026-09-27T02:09:28.473Z,23.7,83.2,0
dosel-sombra-01,2026-09-27T02:08:43.472Z,23.71,84.5,0
dosel-sombra-01,2026-09-27T02:07:58.465Z,23.73,83.5,0
dosel-sombra-01,2026-09-27T02:07:13.468Z,23.69,84.2,0
dosel-sombra-01,2026-09-27T02:06:28.469Z,24.26,83.4,0
dosel-sombra-01,2026-09-27T02:05:43.475Z,24.17,82.3,0
dosel-sombra-01,2026-09-27T02:04:58.474Z,23.95,82.7,0
dosel-sombra-01,2026-09-27T02:04:13.48Z,24.12,82.8,0
dosel-sombra-01,2026-09-27T02:03:28.487Z,23.79,83.8,0
dosel-sombra-01,2026-09-27T02:02:43.46Z,23.81,84.3,0
dosel-sombra-01,2026-09-27T02:01:58.472Z,23.81,84,0
dosel-sombra-01,2026-09-27T02:01:13.48Z,24.14,84.3,0
dosel-sombra-01,2026-09-27T02:00:28.471Z,24.07,82.5,0
dosel-sombra-01,2026-09-27T01:59:43.475Z,24.23,83.9,0
dosel-sombra-01,2026-09-27T01:58:58.467Z,24.06,84,0
dosel-sombra-01,2026-09-27T01:58:13.462Z,24.08,83.2,0
dosel-sombra-01,2026-09-27T01:57:28.467Z,24.51,84.1,0
dosel-sombra-01,2026-09-27T01:56:43.454Z,24.19,82.1,0
dosel-sombra-01,2026-09-27T01:55:58.463Z,24,83.5,0
dosel-sombra-01,2026-09-27T01:55:13.448Z,23.97,81.7,0
dosel-sombra-01,2026-09-27T01:54:28.454Z,24.14,83.2,0
dosel-sombra-01,2026-09-27T01:53:43.472Z,24.39,84.1,0
dosel-sombra-01,2026-09-27T01:52:58.453Z,24.02,82.5,0
dosel-sombra-01,2026-09-27T01:52:13.458Z,23.94,82.5,0
dosel-sombra-01,2026-09-27T01:51:28.464Z,23.9,81.3,0
dosel-sombra-01,2026-09-27T01:50:43.456Z,24.25,82,0
dosel-sombra-01,2026-09-27T01:49:58.458Z,24.02,81.5,0
dosel-sombra-01,2026-09-27T01:49:13.466Z,24.23,82,0
dosel-sombra-01,2026-09-27T01:48:28.466Z,24.14,82,0
dosel-sombra-01,2026-09-27T01:47:43.46Z,24.59,82.8,0
dosel-sombra-01,2026-09-27T01:46:58.462Z,24.04,83.5,0
dosel-sombra-01,2026-09-27T01:46:13.47Z,24.62,81.2,0
dosel-sombra-01,2026-09-27T01:45:28.459Z,24.42,81.4,0
dosel-sombra-01,2026-09-27T01:44:43.45Z,24.16,81,0
dosel-sombra-01,2026-09-27T01:43:58.466Z,24.26,83.6,0
dosel-sombra-01,2026-09-27T01:43:13.46Z,24.41,83.1,0
dosel-sombra-01,2026-09-27T01:42:28.453Z,24.03,80.9,0
dosel-sombra-01,2026-09-27T01:41:43.458Z,24.56,82.3,0
dosel-sombra-01,2026-09-27T01:40:58.45Z,24.38,82.2,0
dosel-sombra-01,2026-09-27T01:40:13.468Z,24.3,83.3,0
dosel-sombra-01,2026-09-27T01:39:28.454Z,24.45,82.6,0
dosel-sombra-01,2026-09-27T01:38:43.46Z,24.4,81,0
dosel-sombra-01,2026-09-27T01:37:58.47Z,24.7,82.5,0
dosel-sombra-01,2026-09-27T01:37:13.46Z,24.6,82.6,0
dosel-sombra-01,2026-09-27T01:36:28.462Z,24.8,80.5,0
dosel-sombra-01,2026-09-27T01:35:43.453Z,24.31,82.6,0
dosel-sombra-01,2026-09-27T01:34:58.443Z,24.59,81.4,0
dosel-sombra-01,2026-09-27T01:34:13.435Z,24.69,83,0
dosel-sombra-01,2026-09-27T01:33:28.451Z,24.78,83.2,0
dosel-sombra-01,2026-09-27T01:32:43.455Z,24.34,82.5,0
dosel-sombra-01,2026-09-27T01:31:58.46Z,24.45,80.8,0
dosel-sombra-01,2026-09-27T01:31:13.439Z,24.38,81.2,0
dosel-sombra-01,2026-09-27T01:30:28.449Z,24.68,81.2,0
dosel-sombra-01,2026-09-27T01:29:43.443Z,24.78,81.5,0
dosel-sombra-01,2026-09-27T01:28:58.451Z,24.76,81.6,0
dosel-sombra-01,2026-09-27T01:28:13.444Z,24.83,82.5,0
dosel-sombra-01,2026-09-27T01:27:28.45Z,24.59,82.5,0
dosel-sombra-01,2026-09-27T01:26:43.442Z,24.75,80.3,0
dosel-sombra-01,2026-09-27T01:25:58.451Z,24.85,82.7,0
dosel-sombra-01,2026-09-27T01:25:13.445Z,24.72,81.3,0
dosel-sombra-01,2026-09-27T01:24:28.453Z,24.42,81.9,0
dosel-sombra-01,2026-09-27T01:23:43.453Z,24.32,80.4,0
dosel-sombra-01,2026-09-27T01:22:58.562Z,24.55,80.8,0
dosel-sombra-01,2026-09-27T01:22:13.005Z,25.06,81,0
dosel-sombra-01,2026-09-27T01:21:28.02Z,24.39,81.9,0
dosel-sombra-01,2026-09-27T01:20:43.018Z,24.74,80.6,0
dosel-sombra-01,2026-09-27T01:19:58.007Z,24.56,81.1,0
dosel-sombra-01,2026-09-27T01:19:13.013Z,24.4,82.2,0
dosel-sombra-01,2026-09-27T01:18:28.003Z,24.36,81.3,0
dosel-sombra-01,2026-09-27T01:17:43.008Z,24.84,79.6,0
dosel-sombra-01,2026-09-27T01:16:57.999Z,24.62,81,0
dosel-sombra-01,2026-09-27T01:16:13.017Z,25.01,82.1,0
dosel-sombra-01,2026-09-27T01:15:28.011Z,24.98,81.3,0
dosel-sombra-01,2026-09-27T01:14:43.008Z,24.67,79.9,0
dosel-sombra-01,2026-09-27T01:13:57.992Z,24.56,79.9,0
dosel-sombra-01,2026-09-27T01:13:12.999Z,24.65,81.2,0
dosel-sombra-01,2026-09-27T01:12:28.006Z,24.8,81.5,0
dosel-sombra-01,2026-09-27T01:11:42.998Z,25.03,80.9,0
dosel-sombra-01,2026-09-27T01:10:57.999Z,24.7,80.6,0
dosel-sombra-01,2026-09-27T01:10:12.999Z,25.14,81.6,0
dosel-sombra-01,2026-09-27T01:09:28.005Z,24.58,80.8,0
dosel-sombra-01,2026-09-27T01:08:43.006Z,24.79,81.3,0
dosel-sombra-01,2026-09-27T01:07:58.005Z,25.14,80.5,0
dosel-sombra-01,2026-09-27T01:07:12.994Z,24.57,79.8,0
dosel-sombra-01,2026-09-27T01:06:28Z,24.67,81.5,0
dosel-sombra-01,2026-09-27T01:05:42.993Z,25.28,81.1,0
dosel-sombra-01,2026-09-27T01:04:58.002Z,25.25,80.1,0
dosel-sombra-01,2026-09-27T01:04:12.994Z,25.34,79.9,0
dosel-sombra-01,2026-09-27T01:03:28.004Z,24.94,79,0
dosel-sombra-01,2026-09-27T01:02:42.994Z,24.92,81.3,0
dosel-sombra-01,2026-09-27T01:01:58.009Z,25.21,81.4,0
dosel-sombra-01,2026-09-27T01:01:12.997Z,25.32,80.8,0
dosel-sombra-01,2026-09-27T01:00:27.998Z,24.96,80.6,0
dosel-sombra-01,2026-09-27T00:59:42.987Z,24.73,80.1,0
dosel-sombra-01,2026-09-27T00:58:58Z,25.3,79.2,0
dosel-sombra-01,2026-09-27T00:58:12.994Z,24.69,80.3,0
dosel-sombra-01,2026-09-27T00:57:27.987Z,25.07,80.2,0
dosel-sombra-01,2026-09-27T00:56:43.005Z,25.24,80.7,0
dosel-sombra-01,2026-09-27T00:55:58.005Z,24.79,79.9,0
dosel-sombra-01,2026-09-27T00:55:12.996Z,24.78,78.5,0
dosel-sombra-01,2026-09-27T00:54:28.001Z,25.09,78.7,0
dosel-sombra-01,2026-09-27T00:53:43.007Z,25.16,78.6,0
dosel-sombra-01,2026-09-27T00:52:57.977Z,25.13,80.6,0
dosel-sombra-01,2026-09-27T00:52:12.985Z,25.23,80.5,0
dosel-sombra-01,2026-09-27T00:51:27.991Z,25.47,80.7,0
dosel-sombra-01,2026-09-27T00:50:42.997Z,25.22,78.5,0
dosel-sombra-01,2026-09-27T00:49:57.989Z,25.45,78.2,0
dosel-sombra-01,2026-09-27T00:49:12.981Z,24.95,80.5,0
dosel-sombra-01,2026-09-27T00:48:27.989Z,25.07,78.1,0
dosel-sombra-01,2026-09-27T00:47:43.002Z,25.14,79.5,0
dosel-sombra-01,2026-09-27T00:46:57.987Z,24.85,79.1,0
dosel-sombra-01,2026-09-27T00:46:12.979Z,25.44,80.7,0
dosel-sombra-01,2026-09-27T00:45:27.984Z,25.58,79.1,0
dosel-sombra-01,2026-09-27T00:44:42.984Z,25.35,78.7,0
dosel-sombra-01,2026-09-27T00:43:57.988Z,25.09,78,0
dosel-sombra-01,2026-09-27T00:43:12.982Z,25.49,78.8,0
dosel-sombra-01,2026-09-27T00:42:27.98Z,24.95,78.1,0
dosel-sombra-01,2026-09-27T00:41:42.997Z,25.65,79.5,0
dosel-sombra-01,2026-09-27T00:40:57.988Z,25.03,78.8,0
dosel-sombra-01,2026-09-27T00:40:12.973Z,25.43,79.1,0
dosel-sombra-01,2026-09-27T00:39:27.974Z,25.06,78,0
dosel-sombra-01,2026-09-27T00:38:42.978Z,25.34,78.3,0
dosel-sombra-01,2026-09-27T00:37:57.981Z,25.58,78,0
dosel-sombra-01,2026-09-27T00:37:12.982Z,25.35,77.3,0
dosel-sombra-01,2026-09-27T00:36:27.976Z,25.66,78.9,0
dosel-sombra-01,2026-09-27T00:35:42.982Z,25.77,78.9,0
dosel-sombra-01,2026-09-27T00:34:57.985Z,25.18,79,0
dosel-sombra-01,2026-09-27T00:34:12.991Z,25.61,79.2,0
dosel-sombra-01,2026-09-27T00:33:27.97Z,25.54,78.1,0
dosel-sombra-01,2026-09-27T00:32:43.041Z,25.64,79.6,0
dosel-sombra-01,2026-09-27T00:31:57.515Z,25.23,79,0
dosel-sombra-01,2026-09-27T00:31:12.534Z,25.1,77.7,0
dosel-sombra-01,2026-09-27T00:30:27.529Z,25.61,79.4,0
dosel-sombra-01,2026-09-27T00:29:42.521Z,25.15,79.8,0
dosel-sombra-01,2026-09-27T00:28:57.522Z,25.41,79.1,0
dosel-sombra-01,2026-09-27T00:28:12.527Z,25.6,77.3,0
dosel-sombra-01,2026-09-27T00:27:27.522Z,25.56,77,0
dosel-sombra-01,2026-09-27T00:26:42.526Z,25.71,77.8,0
dosel-sombra-01,2026-09-27T00:25:57.531Z,25.75,77.7,0
dosel-sombra-01,2026-09-27T00:25:12.523Z,25.7,78.3,0
dosel-sombra-01,2026-09-27T00:24:27.529Z,25.57,77.5,0
dosel-sombra-01,2026-09-27T00:23:42.514Z,25.75,77.6,0
dosel-sombra-01,2026-09-27T00:22:57.522Z,25.2,76.8,0
dosel-sombra-01,2026-09-27T00:22:12.526Z,25.24,77.6,0
dosel-sombra-01,2026-09-27T00:21:27.523Z,25.99,78.5,0
dosel-sombra-01,2026-09-27T00:20:42.513Z,25.35,76.5,0
dosel-sombra-01,2026-09-27T00:19:57.517Z,25.49,78,0
dosel-sombra-01,2026-09-27T00:19:12.534Z,25.45,78.1,0
dosel-sombra-01,2026-09-27T00:18:27.511Z,25.86,77.7,0
dosel-sombra-01,2026-09-27T00:17:42.52Z,25.32,76.7,0
dosel-sombra-01,2026-09-27T00:16:57.522Z,25.74,78.3,0
dosel-sombra-01,2026-09-27T00:16:12.513Z,25.6,79.1,0
dosel-sombra-01,2026-09-27T00:15:27.517Z,25.96,76.9,0
dosel-sombra-01,2026-09-27T00:14:42.508Z,26.01,77.2,0
dosel-sombra-01,2026-09-27T00:13:57.512Z,25.46,79,0
dosel-sombra-01,2026-09-27T00:13:12.506Z,26.09,76.2,0
dosel-sombra-01,2026-09-27T00:12:27.528Z,25.66,78,0
dosel-sombra-01,2026-09-27T00:11:42.5Z,25.89,78.1,0
dosel-sombra-01,2026-09-27T00:10:57.51Z,26.05,77.3,0
dosel-sombra-01,2026-09-27T00:10:12.51Z,26.09,78.4,0
dosel-sombra-01,2026-09-27T00:09:27.514Z,26.11,78.6,0
dosel-sombra-01,2026-09-27T00:08:42.515Z,25.5,76.2,0
dosel-sombra-01,2026-09-27T00:07:57.514Z,25.94,78.4,0
dosel-sombra-01,2026-09-27T00:07:12.499Z,25.41,77.2,0
dosel-sombra-01,2026-09-27T00:06:27.52Z,25.51,76.9,0
dosel-sombra-01,2026-09-27T00:05:42.509Z,25.69,77.8,0
dosel-sombra-01,2026-09-27T00:04:57.5Z,26.13,75.9,0
dosel-sombra-01,2026-09-27T00:04:12.502Z,25.84,76.4,0
dosel-sombra-01,2026-09-27T00:03:27.507Z,25.59,75.7,0
dosel-sombra-01,2026-09-27T00:02:42.516Z,25.61,77.7,0
dosel-sombra-01,2026-09-27T00:01:57.512Z,26.21,76.1,0
dosel-sombra-01,2026-09-27T00:01:12.516Z,26.08,75.8,0
dosel-sombra-01,2026-09-27T00:00:27.508Z,25.75,77.9,0
dosel-sombra-01,2026-09-26T23:59:42.508Z,25.81,76.4,0
dosel-sombra-01,2026-09-26T23:58:57.508Z,26.26,76.3,0
dosel-sombra-01,2026-09-26T23:58:12.507Z,26.02,77.5,0
dosel-sombra-01,2026-09-26T23:57:27.496Z,25.89,76.1,0
dosel-sombra-01,2026-09-26T23:56:42.512Z,25.8,75.3,0
dosel-sombra-01,2026-09-26T23:55:57.501Z,25.78,77.6,0
dosel-sombra-01,2026-09-26T23:55:12.503Z,26.2,77.9,0
dosel-sombra-01,2026-09-26T23:54:27.513Z,25.76,76,0
dosel-sombra-01,2026-09-26T23:53:42.507Z,26.38,76.2,0
dosel-sombra-01,2026-09-26T23:52:57.507Z,25.68,77.2,0
dosel-sombra-01,2026-09-26T23:52:12.496Z,25.83,76.3,0
dosel-sombra-01,2026-09-26T23:51:27.502Z,25.96,75,0
dosel-sombra-01,2026-09-26T23:50:42.504Z,25.69,76.4,0
dosel-sombra-01,2026-09-26T23:49:57.494Z,26.06,77.8,0
dosel-sombra-01,2026-09-26T23:49:12.501Z,26,76.4,0
dosel-sombra-01,2026-09-26T23:48:27.493Z,26.27,77.1,0
dosel-sombra-01,2026-09-26T23:47:42.488Z,26.19,77.5,0
dosel-sombra-01,2026-09-26T23:46:57.49Z,26.44,77.2,0
dosel-sombra-01,2026-09-26T23:46:12.511Z,25.82,76.3,0
dosel-sombra-01,2026-09-26T23:45:27.487Z,25.82,77.4,0
dosel-sombra-01,2026-09-26T23:44:42.495Z,26.39,74.6,0
dosel-sombra-01,2026-09-26T23:43:57.499Z,26.15,74.9,0
dosel-sombra-01,2026-09-26T23:43:12.49Z,26.03,76.3,0
dosel-sombra-01,2026-09-26T23:42:27.555Z,26.28,76.8,0
dosel-sombra-01,2026-09-26T23:41:42.044Z,25.79,75.5,0
dosel-sombra-01,2026-09-26T23:40:57.043Z,25.8,75.1,0
dosel-sombra-01,2026-09-26T23:40:12.051Z,25.85,75.7,0
dosel-sombra-01,2026-09-26T23:39:27.057Z,26.18,74.8,0
dosel-sombra-01,2026-09-26T23:38:42.043Z,26,76.1,0
dosel-sombra-01,2026-09-26T23:37:57.052Z,26.46,74.9,0
dosel-sombra-01,2026-09-26T23:37:12.056Z,26.38,74.3,0
dosel-sombra-01,2026-09-26T23:36:27.059Z,26.61,76.9,0
dosel-sombra-01,2026-09-26T23:35:42.033Z,26.47,76.2,0
dosel-sombra-01,2026-09-26T23:34:57.039Z,26.08,76.7,0
dosel-sombra-01,2026-09-26T23:34:12.033Z,26.5,75.2,0
dosel-sombra-01,2026-09-26T23:33:27.037Z,26.45,75.9,0
dosel-sombra-01,2026-09-26T23:32:42.049Z,26.37,74.5,0
dosel-sombra-01,2026-09-26T23:31:57.039Z,26.61,76.8,0
dosel-sombra-01,2026-09-26T23:31:12.048Z,26.18,76,0
dosel-sombra-01,2026-09-26T23:30:27.03Z,26.05,74.9,0
dosel-sombra-01,2026-09-26T23:29:42.044Z,26.54,76.3,0
dosel-sombra-01,2026-09-26T23:28:57.034Z,26.74,75.6,0
dosel-sombra-01,2026-09-26T23:28:12.041Z,26.33,76.2,0
dosel-sombra-01,2026-09-26T23:27:27.05Z,26.18,76.2,0
dosel-sombra-01,2026-09-26T23:26:42.046Z,26.03,75.9,0
dosel-sombra-01,2026-09-26T23:25:57.037Z,26.42,76.1,0
dosel-sombra-01,2026-09-26T23:25:12.03Z,26.3,76.3,0
dosel-sombra-01,2026-09-26T23:24:27.028Z,26.33,74.4,0
dosel-sombra-01,2026-09-26T23:23:42.036Z,26.74,75.4,0
dosel-sombra-01,2026-09-26T23:22:57.043Z,26.57,74.1,0
dosel-sombra-01,2026-09-26T23:22:12.046Z,26.58,75.1,0
dosel-sombra-01,2026-09-26T23:21:27.035Z,26.42,74.2,0
dosel-sombra-01,2026-09-26T23:20:42.033Z,26.39,74.3,0
dosel-sombra-01,2026-09-26T23:19:57.025Z,26.43,75,0
dosel-sombra-01,2026-09-26T23:19:12.046Z,26.11,75.1,0
dosel-sombra-01,2026-09-26T23:18:27.04Z,26.19,73.5,0
dosel-sombra-01,2026-09-26T23:17:42.03Z,26.34,73.9,0
dosel-sombra-01,2026-09-26T23:16:57.033Z,26.79,74.9,0
dosel-sombra-01,2026-09-26T23:16:12.022Z,26.14,73.4,0
dosel-sombra-01,2026-09-26T23:15:27.028Z,26.29,75.2,0
dosel-sombra-01,2026-09-26T23:14:42.035Z,26.69,74.6,0
dosel-sombra-01,2026-09-26T23:13:57.028Z,26.9,75.6,0
dosel-sombra-01,2026-09-26T23:13:12.025Z,26.39,73.9,0
dosel-sombra-01,2026-09-26T23:12:27.019Z,26.3,75.7,0
dosel-sombra-01,2026-09-26T23:11:42.036Z,26.22,74.2,0
dosel-sombra-01,2026-09-26T23:10:57.023Z,26.76,74.4,0
dosel-sombra-01,2026-09-26T23:10:12.03Z,26.51,73.4,0
dosel-sombra-01,2026-09-26T23:09:27.027Z,26.44,73,0
dosel-sombra-01,2026-09-26T23:08:42.027Z,26.26,73.6,0
dosel-sombra-01,2026-09-26T23:07:57.015Z,26.45,74.1,0
dosel-sombra-01,2026-09-26T23:07:12.02Z,26.82,73,0
dosel-sombra-01,2026-09-26T23:06:27.025Z,26.92,75.5,0
dosel-sombra-01,2026-09-26T23:05:42.032Z,26.62,75,0
dosel-sombra-01,2026-09-26T23:04:57.01Z,26.53,73.5,0
dosel-sombra-01,2026-09-26T23:04:12.017Z,26.94,74.9,0
dosel-sombra-01,2026-09-26T23:03:27.018Z,26.97,75.3,0
dosel-sombra-01,2026-09-26T23:02:42.016Z,26.63,74,0
dosel-sombra-01,2026-09-26T23:01:57.027Z,27.09,73.4,0
dosel-sombra-01,2026-09-26T23:01:12.018Z,26.99,73.1,0
dosel-sombra-01,2026-09-26T23:00:27.022Z,27.02,74,0
dosel-sombra-01,2026-09-26T22:59:42.029Z,26.81,74.2,37.5
dosel-sombra-01,2026-09-26T22:58:57.017Z,27.14,73.6,69.7
dosel-sombra-01,2026-09-26T22:58:12.01Z,27.14,73.3,60.4
dosel-sombra-01,2026-09-26T22:57:27.016Z,26.98,73,112
dosel-sombra-01,2026-09-26T22:56:42.016Z,26.62,74.6,145.8
dosel-sombra-01,2026-09-26T22:55:57.009Z,26.98,73.2,138.6
dosel-sombra-01,2026-09-26T22:55:12.009Z,27.08,72.3,156.6
dosel-sombra-01,2026-09-26T22:54:27.017Z,27.18,73.4,176
dosel-sombra-01,2026-09-26T22:53:42.005Z,26.78,74.3,225.6
dosel-sombra-01,2026-09-26T22:52:57.01Z,26.77,74.4,306.1
dosel-sombra-01,2026-09-26T22:52:12.109Z,26.59,73.1,274.1
dosel-sombra-01,2026-09-26T22:51:26.574Z,26.55,72.2,337.3
dosel-sombra-01,2026-09-26T22:50:41.563Z,27.11,74.4,290.2
dosel-sombra-01,2026-09-26T22:49:56.569Z,26.58,73.1,317.3
dosel-sombra-01,2026-09-26T22:49:11.566Z,27.06,74,411.4
dosel-sombra-01,2026-09-26T22:48:26.571Z,26.63,73.3,437.9
dosel-sombra-01,2026-09-26T22:47:41.56Z,27.05,72,440.6
dosel-sombra-01,2026-09-26T22:46:56.565Z,27.1,73.9,486.3
dosel-sombra-01,2026-09-26T22:46:11.569Z,27.26,73.2,430.9
dosel-sombra-01,2026-09-26T22:45:26.574Z,27.17,72.1,588.5
dosel-sombra-01,2026-09-26T22:44:41.553Z,27.19,73,454.5
dosel-sombra-01,2026-09-26T22:43:56.554Z,26.94,73.6,580.7
dosel-sombra-01,2026-09-26T22:43:11.544Z,27.2,72.4,514.7
dosel-sombra-01,2026-09-26T22:42:26.558Z,26.81,73.6,634.9
dosel-sombra-01,2026-09-26T22:41:41.549Z,27.32,74.3,682
dosel-sombra-01,2026-09-26T22:40:56.556Z,26.74,74.2,720.5
dosel-sombra-01,2026-09-26T22:40:11.559Z,27.21,73.1,718.5
dosel-sombra-01,2026-09-26T22:39:26.563Z,27.27,72.7,739.1
dosel-sombra-01,2026-09-26T22:38:41.559Z,27.28,73.5,788.5
dosel-sombra-01,2026-09-26T22:37:56.569Z,27.09,72.5,896.9
dosel-sombra-01,2026-09-26T22:37:11.557Z,26.77,73.2,851
dosel-sombra-01,2026-09-26T22:36:26.561Z,27.27,72.1,840.7
dosel-sombra-01,2026-09-26T22:35:41.555Z,26.69,72.2,829
dosel-sombra-01,2026-09-26T22:34:56.555Z,26.79,72.1,965.7
dosel-sombra-01,2026-09-26T22:34:11.546Z,27.2,72.3,843.8
dosel-sombra-01,2026-09-26T22:33:26.552Z,26.82,73.1,921.4
dosel-sombra-01,2026-09-26T22:32:41.542Z,26.82,74.2,789.7
dosel-sombra-01,2026-09-26T22:31:56.559Z,27.1,74.2,919.7
dosel-sombra-01,2026-09-26T22:31:11.555Z,27.07,72.4,938.6
dosel-sombra-01,2026-09-26T22:30:26.547Z,26.76,72.1,897.9
dosel-sombra-01,2026-09-26T22:29:41.538Z,26.99,71.8,867
dosel-sombra-01,2026-09-26T22:28:56.543Z,26.95,72.5,1230.7
dosel-sombra-01,2026-09-26T22:28:11.536Z,26.79,72.4,1064.3
dosel-sombra-01,2026-09-26T22:27:26.539Z,27.56,73.3,1081.5
dosel-sombra-01,2026-09-26T22:26:41.543Z,27.19,71.4,1147.5
dosel-sombra-01,2026-09-26T22:25:56.545Z,26.84,71.9,1172.4
dosel-sombra-01,2026-09-26T22:25:11.545Z,26.93,71.5,1029
dosel-sombra-01,2026-09-26T22:24:26.549Z,26.84,73.4,1155.6
dosel-sombra-01,2026-09-26T22:23:41.554Z,27.24,71.8,1327.9
dosel-sombra-01,2026-09-26T22:22:56.547Z,27.5,72.7,1248.1
dosel-sombra-01,2026-09-26T22:22:11.538Z,27.45,73.6,1142.5
dosel-sombra-01,2026-09-26T22:21:26.54Z,27.63,72.1,1338.4
dosel-sombra-01,2026-09-26T22:20:41.545Z,27.4,71.7,1457
dosel-sombra-01,2026-09-26T22:19:56.533Z,27.22,71.5,1364.9
dosel-sombra-01,2026-09-26T22:19:11.535Z,27.22,73,1443.5
dosel-sombra-01,2026-09-26T22:18:26.539Z,27.34,73.2,1435.4
dosel-sombra-01,2026-09-26T22:17:41.535Z,27.64,71.2,1401.4
dosel-sombra-01,2026-09-26T22:16:56.549Z,27.01,70.9,1383.3
dosel-sombra-01,2026-09-26T22:16:11.538Z,26.91,70.8,1623.4
dosel-sombra-01,2026-09-26T22:15:26.533Z,27.25,71.5,1736.3
dosel-sombra-01,2026-09-26T22:14:41.54Z,27.62,71.4,1793.4
dosel-sombra-01,2026-09-26T22:13:56.528Z,27.35,72,1550.5
dosel-sombra-01,2026-09-26T22:13:11.535Z,27.29,72.4,1668.9
dosel-sombra-01,2026-09-26T22:12:26.54Z,27.34,70.9,1752.1
dosel-sombra-01,2026-09-26T22:11:41.528Z,27.16,73.3,1906.2
dosel-sombra-01,2026-09-26T22:10:56.531Z,27.6,70.5,1581.5
dosel-sombra-01,2026-09-26T22:10:11.54Z,27.45,72.5,1925
dosel-sombra-01,2026-09-26T22:09:26.528Z,27.04,73.2,1931.5
dosel-sombra-01,2026-09-26T22:08:41.546Z,27.56,71.9,1862.6
dosel-sombra-01,2026-09-26T22:07:56.523Z,27.69,72.5,1544.6
dosel-sombra-01,2026-09-26T22:07:11.529Z,27.33,73,1514.7
dosel-sombra-01,2026-09-26T22:06:26.532Z,27.27,71.5,1506.2
dosel-sombra-01,2026-09-26T22:05:41.534Z,27.14,71.4,2066.1
dosel-sombra-01,2026-09-26T22:04:56.523Z,27.19,70.6,1834.1
dosel-sombra-01,2026-09-26T22:04:11.529Z,27.18,70.9,2071.8
dosel-sombra-01,2026-09-26T22:03:26.526Z,27.59,70.5,2031.3
dosel-sombra-01,2026-09-26T22:02:41.533Z,27.77,71.1,1579.2
dosel-sombra-01,2026-09-26T22:01:56.616Z,27.18,72.2,2041.1
dosel-sombra-01,2026-09-26T22:01:11.085Z,27.75,72,1729.3
dosel-sombra-01,2026-09-26T22:00:26.076Z,27.13,71.5,2060.2
dosel-sombra-01,2026-09-26T21:59:41.086Z,27.71,70.6,1805.4
dosel-sombra-01,2026-09-26T21:58:56.088Z,27.2,72.5,2145.2
dosel-sombra-01,2026-09-26T21:58:11.079Z,27.61,72.1,1956.9
dosel-sombra-01,2026-09-26T21:57:26.088Z,27.59,70.7,1832.1
dosel-sombra-01,2026-09-26T21:56:41.092Z,27.53,71.8,1777.8
dosel-sombra-01,2026-09-26T21:55:56.095Z,27.52,70.5,2390.2
dosel-sombra-01,2026-09-26T21:55:11.082Z,27.51,72.3,2078.9
dosel-sombra-01,2026-09-26T21:54:26.073Z,27.55,71.3,2182.7
dosel-sombra-01,2026-09-26T21:53:41.082Z,27.41,71.9,2443.9
dosel-sombra-01,2026-09-26T21:52:56.078Z,27.59,72.3,2256.3
dosel-sombra-01,2026-09-26T21:52:11.078Z,27.85,71.9,1973.3
dosel-sombra-01,2026-09-26T21:51:26.086Z,27.54,70.8,2035.6
dosel-sombra-01,2026-09-26T21:50:41.089Z,27.48,71.3,2220.9
dosel-sombra-01,2026-09-26T21:49:56.079Z,27.87,72.6,2219.2
dosel-sombra-01,2026-09-26T21:49:11.086Z,27.96,70.4,2591.3
dosel-sombra-01,2026-09-26T21:48:26.076Z,27.93,72.2,2034.2
dosel-sombra-01,2026-09-26T21:47:41.078Z,27.99,69.9,2417.3
dosel-sombra-01,2026-09-26T21:46:56.083Z,27.22,71.8,2116.9
dosel-sombra-01,2026-09-26T21:46:11.086Z,27.8,72,2271.4
dosel-sombra-01,2026-09-26T21:45:26.079Z,27.73,72.4,2739.3
dosel-sombra-01,2026-09-26T21:44:41.078Z,27.82,69.7,2693.8
dosel-sombra-01,2026-09-26T21:43:56.068Z,27.73,69.8,2773.4
dosel-sombra-01,2026-09-26T21:43:11.091Z,28.04,71.4,2406.5
dosel-sombra-01,2026-09-26T21:42:26.092Z,27.58,72.2,2180.6
dosel-sombra-01,2026-09-26T21:41:41.081Z,27.64,71.6,2868.4
dosel-sombra-01,2026-09-26T21:40:56.07Z,27.29,71.3,2542.6
dosel-sombra-01,2026-09-26T21:40:11.074Z,27.86,71.8,2241.3
dosel-sombra-01,2026-09-26T21:39:26.08Z,27.42,70.7,2414.4
dosel-sombra-01,2026-09-26T21:38:41.087Z,27.62,69.6,2266.6
dosel-sombra-01,2026-09-26T21:37:56.079Z,27.51,71.9,3092.8
dosel-sombra-01,2026-09-26T21:37:11.081Z,27.48,72.1,2262
dosel-sombra-01,2026-09-26T21:36:26.087Z,27.47,71.9,2935.5
dosel-sombra-01,2026-09-26T21:35:41.074Z,27.45,70.7,2624.8
dosel-sombra-01,2026-09-26T21:34:56.062Z,27.96,71.1,2823.9
dosel-sombra-01,2026-09-26T21:34:11.077Z,27.35,69.4,2717.6
dosel-sombra-01,2026-09-26T21:33:26.071Z,28.05,70.2,2597.9
dosel-sombra-01,2026-09-26T21:32:41.074Z,27.42,71.4,2559.9
dosel-sombra-01,2026-09-26T21:31:56.085Z,27.87,70.8,2859.9
dosel-sombra-01,2026-09-26T21:31:11.062Z,27.73,71.6,3319.2
dosel-sombra-01,2026-09-26T21:30:26.062Z,28.08,71.6,3143.2
dosel-sombra-01,2026-09-26T21:29:41.068Z,27.53,69.4,3116.4
dosel-sombra-01,2026-09-26T21:28:56.073Z,27.88,71.5,3217.3
dosel-sombra-01,2026-09-26T21:28:11.088Z,27.7,69.7,3085.3
dosel-sombra-01,2026-09-26T21:27:26.058Z,27.87,69.9,2574.9
dosel-sombra-01,2026-09-26T21:26:41.063Z,27.81,69.5,2583.4
dosel-sombra-01,2026-09-26T21:25:56.071Z,27.91,71,2691.7
dosel-sombra-01,2026-09-26T21:25:11.063Z,27.57,70,2674
dosel-sombra-01,2026-09-26T21:24:26.052Z,27.92,71.2,3353.9
dosel-sombra-01,2026-09-26T21:23:41.078Z,27.95,69,3559.9
dosel-sombra-01,2026-09-26T21:22:56.054Z,27.86,70.8,2991.8
dosel-sombra-01,2026-09-26T21:22:11.069Z,27.92,71,3201.2
dosel-sombra-01,2026-09-26T21:21:26.067Z,27.48,70.8,3696.6
dosel-sombra-01,2026-09-26T21:20:41.069Z,28.08,71,3327.2
dosel-sombra-01,2026-09-26T21:19:56.058Z,27.73,69,3398.2
dosel-sombra-01,2026-09-26T21:19:11.066Z,27.85,69.6,3023.8
dosel-sombra-01,2026-09-26T21:18:26.063Z,27.93,71.4,3804.2
dosel-sombra-01,2026-09-26T21:17:41.066Z,27.54,70.2,3610.4
dosel-sombra-01,2026-09-26T21:16:56.07Z,28,69.2,3698.1
dosel-sombra-01,2026-09-26T21:16:11.059Z,27.53,71,3924.5
dosel-sombra-01,2026-09-26T21:15:26.058Z,28.03,70.1,2949.8
dosel-sombra-01,2026-09-26T21:14:41.045Z,27.98,69.8,2950.2
dosel-sombra-01,2026-09-26T21:13:56.049Z,28.05,70,3814.2
dosel-sombra-01,2026-09-26T21:13:11.053Z,28.25,70.1,3797.3
dosel-sombra-01,2026-09-26T21:12:26.059Z,28.29,69.3,3745.3
dosel-sombra-01,2026-09-26T21:11:41.123Z,28.3,68.6,3990
dosel-sombra-01,2026-09-26T20:31:15.589Z,27.89,67.8,5031.3
dosel-sombra-01,2026-09-26T20:30:30.586Z,28.04,68.3,4940.9
dosel-sombra-01,2026-09-26T20:29:45.599Z,27.99,69.7,4840.1
dosel-sombra-01,2026-09-26T20:29:00.596Z,28.28,68.3,5168.1
dosel-sombra-01,2026-09-26T20:28:15.597Z,27.85,70.2,4820.7
dosel-sombra-01,2026-09-26T20:27:30.602Z,28.32,67.7,4497.2
dosel-sombra-01,2026-09-26T20:26:45.594Z,27.93,69,4198.5
dosel-sombra-01,2026-09-26T20:26:00.598Z,28.5,70.3,4285
dosel-sombra-01,2026-09-26T20:25:15.607Z,28.54,68.4,4412.6
dosel-sombra-01,2026-09-26T20:24:30.583Z,28.17,68.3,5329.6
dosel-sombra-01,2026-09-26T20:23:45.591Z,28.2,69.3,4120.2
dosel-sombra-01,2026-09-26T20:23:00.598Z,28.35,69.1,5229.1
dosel-sombra-01,2026-09-26T20:22:15.591Z,28.56,68.1,5207.2
dosel-sombra-01,2026-09-26T20:21:30.583Z,28.38,68.8,5443.4
dosel-sombra-01,2026-09-26T20:20:45.591Z,28.55,67.5,5771.2
dosel-sombra-01,2026-09-26T20:20:00.596Z,28.54,69,4468.8
dosel-sombra-01,2026-09-26T20:19:15.595Z,28.18,69.8,5635.5
dosel-sombra-01,2026-09-26T20:18:30.58Z,28.14,69.3,4811.9
dosel-sombra-01,2026-09-26T20:17:45.604Z,28.04,68.7,4829.7
dosel-sombra-01,2026-09-26T20:17:00.582Z,28.19,69.3,4278.1
dosel-sombra-01,2026-09-26T20:16:15.589Z,28.47,69.9,5463.8
dosel-sombra-01,2026-09-26T20:15:30.586Z,28.5,68,4820.2
dosel-sombra-01,2026-09-26T20:14:45.593Z,28.6,67.9,4906
dosel-sombra-01,2026-09-26T20:14:00.597Z,28.32,69.5,4753.2
dosel-sombra-01,2026-09-26T20:13:15.576Z,28.31,69.1,4647
dosel-sombra-01,2026-09-26T20:12:30.58Z,28.35,67.2,5861.5
dosel-sombra-01,2026-09-26T20:11:45.589Z,28.4,67.3,5010.1
dosel-sombra-01,2026-09-26T20:11:00.591Z,28.24,69.5,4295.2
dosel-sombra-01,2026-09-26T20:10:15.595Z,28.27,67.6,5523.7
dosel-sombra-01,2026-09-26T20:09:30.581Z,28.3,67.9,4453.2
dosel-sombra-01,2026-09-26T20:08:45.585Z,28.3,69.8,5948.4
dosel-sombra-01,2026-09-26T20:08:00.589Z,28.58,69.4,4928.2
dosel-sombra-01,2026-09-26T20:07:15.588Z,28.32,67.5,4598.4
dosel-sombra-01,2026-09-26T20:06:30.591Z,28.63,67.5,4584
dosel-sombra-01,2026-09-26T20:05:45.59Z,28.27,68.6,4416.5
dosel-sombra-01,2026-09-26T20:05:00.58Z,28.37,69,5289.4
dosel-sombra-01,2026-09-26T20:04:15.569Z,28.35,68.1,6156.7
dosel-sombra-01,2026-09-26T20:03:30.587Z,27.99,69.7,5241.3
dosel-sombra-01,2026-09-26T20:02:45.574Z,28.01,69.9,6085.2
dosel-sombra-01,2026-09-26T20:02:00.579Z,28.55,68.2,5679.8
dosel-sombra-01,2026-09-26T20:01:15.585Z,28.45,68,5906
dosel-sombra-01,2026-09-26T20:00:30.582Z,28.71,69.7,5446.7
dosel-sombra-01,2026-09-26T19:59:45.577Z,28.04,67.6,5780
dosel-sombra-01,2026-09-26T19:59:00.569Z,28.59,68.7,6252
dosel-sombra-01,2026-09-26T19:58:15.572Z,28.42,68.9,5729.3
dosel-sombra-01,2026-09-26T19:57:30.574Z,28.14,69.6,5882.4
dosel-sombra-01,2026-09-26T19:56:45.581Z,28.21,67,4543
dosel-sombra-01,2026-09-26T19:56:00.585Z,28.22,68.7,4775.3
dosel-sombra-01,2026-09-26T19:55:15.582Z,28.16,67.4,4620.9
dosel-sombra-01,2026-09-26T19:54:30.57Z,28.28,67.9,5600.6
dosel-sombra-01,2026-09-26T19:53:45.56Z,28.03,68.9,6158.8
dosel-sombra-01,2026-09-26T19:53:00.568Z,28.62,67.1,6062.6
dosel-sombra-01,2026-09-26T19:52:15.57Z,28.42,68.3,4807.9
dosel-sombra-01,2026-09-26T19:51:30.562Z,28.42,69.4,6123.4
dosel-sombra-01,2026-09-26T19:50:45.576Z,28.7,67.8,6592
dosel-sombra-01,2026-09-26T19:50:00.585Z,28.21,68.5,5847.4
dosel-sombra-01,2026-09-26T19:49:15.572Z,28.4,69.2,4986.1
dosel-sombra-01,2026-09-26T19:48:30.561Z,28.44,67.4,6087.7
dosel-sombra-01,2026-09-26T19:47:45.566Z,28.14,68.5,6201.8
dosel-sombra-01,2026-09-26T19:47:00.58Z,28.09,68.8,6102
dosel-sombra-01,2026-09-26T19:46:15.558Z,28.63,66.8,6075.7
dosel-sombra-01,2026-09-26T19:45:30.579Z,28.55,69.3,6200.2
dosel-sombra-01,2026-09-26T19:44:45.562Z,28.83,68,4861.7
dosel-sombra-01,2026-09-26T19:44:00.571Z,28.71,66.8,5514.6
dosel-sombra-01,2026-09-26T19:43:15.655Z,28.79,66.9,5804.7
dosel-sombra-01,2026-09-26T19:42:30.114Z,28.18,67.6,5442.4
dosel-sombra-01,2026-09-26T19:41:45.116Z,28.78,69,6653.3
dosel-sombra-01,2026-09-26T19:41:00.117Z,28.43,68,5822.6
dosel-sombra-01,2026-09-26T19:40:15.113Z,28.75,69,6506.1
dosel-sombra-01,2026-09-26T19:39:30.119Z,28.33,67.4,5228
dosel-sombra-01,2026-09-26T19:38:45.105Z,28.53,68.1,4895.3
dosel-sombra-01,2026-09-26T19:38:00.13Z,28.74,68.1,5706.8
dosel-sombra-01,2026-09-26T19:37:15.112Z,28.43,69.2,6060.9
dosel-sombra-01,2026-09-26T19:36:30.103Z,28.06,68.5,5925.2
dosel-sombra-01,2026-09-26T19:35:45.114Z,28.58,67.4,6287.4
dosel-sombra-01,2026-09-26T19:35:00.109Z,28.39,69.5,6859.9
dosel-sombra-01,2026-09-26T19:34:15.112Z,28.72,69,6677
dosel-sombra-01,2026-09-26T19:33:30.114Z,28.62,68.8,5767.4
dosel-sombra-01,2026-09-26T19:32:45.104Z,28.27,68.3,5672.6
dosel-sombra-01,2026-09-26T19:32:00.111Z,28.83,67,4971.4
dosel-sombra-01,2026-09-26T19:31:15.109Z,28.53,68.6,5512.4
dosel-sombra-01,2026-09-26T19:30:30.102Z,28.35,67.3,6853.8
dosel-sombra-01,2026-09-26T19:29:45.104Z,28.35,69.6,6163.6
dosel-sombra-01,2026-09-26T19:29:00.111Z,28.68,69.5,5049.4
dosel-sombra-01,2026-09-26T19:28:15.095Z,28.32,67,5305.8
dosel-sombra-01,2026-09-26T19:27:30.098Z,28.65,67.7,6389
dosel-sombra-01,2026-09-26T19:26:45.098Z,28.54,67.8,6503.5
dosel-sombra-01,2026-09-26T19:26:00.115Z,28.11,68.9,7219.6
dosel-sombra-01,2026-09-26T19:25:15.097Z,28.83,69,6505.1
dosel-sombra-01,2026-09-26T19:24:30.107Z,28.84,67.9,6873.6
dosel-sombra-01,2026-09-26T19:23:45.097Z,28.37,67.1,6304.9
dosel-sombra-01,2026-09-26T19:23:00.104Z,28.88,66.8,6815.5
dosel-sombra-01,2026-09-26T19:22:15.107Z,28.37,67.7,6841.8
dosel-sombra-01,2026-09-26T19:21:30.097Z,28.36,68.5,6193.2
dosel-sombra-01,2026-09-26T19:20:45.104Z,28.87,68.1,6767.4
dosel-sombra-01,2026-09-26T19:20:00.091Z,28.78,68,6469.3
dosel-sombra-01,2026-09-26T19:19:15.106Z,28.82,67.3,6300.3
dosel-sombra-01,2026-09-26T19:18:30.109Z,28.12,68.4,5417.6
dosel-sombra-01,2026-09-26T19:17:45.098Z,28.16,67.1,5724.9
dosel-sombra-01,2026-09-26T19:17:00.094Z,28.22,68.2,6364.8
dosel-sombra-01,2026-09-26T19:16:15.109Z,28.63,67.7,7041.2
dosel-sombra-01,2026-09-26T19:15:30.1Z,28.16,69.4,6329.9
dosel-sombra-01,2026-09-26T19:14:45.093Z,28.14,69.2,6584.6
dosel-sombra-01,2026-09-26T19:14:00.098Z,28.37,69.2,6330.1
dosel-sombra-01,2026-09-26T19:13:15.094Z,28.33,69,5706
dosel-sombra-01,2026-09-26T19:12:30.101Z,28.25,68,7031.6
dosel-sombra-01,2026-09-26T19:11:45.095Z,28.28,69.5,6641.8
dosel-sombra-01,2026-09-26T19:11:00.093Z,28.3,68.3,7324.7
dosel-sombra-01,2026-09-26T19:10:15.099Z,28.38,67.3,7586.9
dosel-sombra-01,2026-09-26T19:09:30.091Z,28.65,69.4,7199.4
dosel-sombra-01,2026-09-26T19:08:45.102Z,28.76,67.3,6499.9
dosel-sombra-01,2026-09-26T19:08:00.098Z,28.5,68,5935.4
dosel-sombra-01,2026-09-26T19:07:15.089Z,28.35,68.6,6947.1
dosel-sombra-01,2026-09-26T19:06:30.093Z,28.8,69,7549.5
dosel-sombra-01,2026-09-26T19:05:45.098Z,28.62,67,5799.6
dosel-sombra-01,2026-09-26T19:05:00.095Z,28.34,69.2,5943.1
dosel-sombra-01,2026-09-26T19:04:15.091Z,28.55,67,6973.1
dosel-sombra-01,2026-09-26T19:03:30.083Z,28.59,68.6,6453.2
dosel-sombra-01,2026-09-26T19:02:45.092Z,28.31,69,5666.4
dosel-sombra-01,2026-09-26T19:02:00.077Z,28.19,66.7,6610.6
dosel-sombra-01,2026-09-26T19:01:15.093Z,28.13,66.8,7104.1
dosel-sombra-01,2026-09-26T19:00:30.083Z,28.73,67.1,7362.9
dosel-sombra-01,2026-09-26T18:59:45.088Z,28.29,68,5685.1
dosel-sombra-01,2026-09-26T18:59:00.08Z,28.46,69.1,7824.9
dosel-sombra-01,2026-09-26T18:58:15.091Z,28.44,67.2,6153.3
dosel-sombra-01,2026-09-26T18:57:30.096Z,28.12,69.5,6133.7
dosel-sombra-01,2026-09-26T18:56:45.088Z,28.4,67.6,6231.3
dosel-sombra-01,2026-09-26T18:56:00.074Z,28.42,66.5,5854.5
dosel-sombra-01,2026-09-26T18:55:15.077Z,28.61,68.8,6509.5
dosel-sombra-01,2026-09-26T18:54:30.071Z,28.68,69.2,5593.9
dosel-sombra-01,2026-09-26T18:53:45.092Z,28.13,69.3,7038.1
dosel-sombra-01,2026-09-26T18:53:00.146Z,28.62,68,6381.1
dosel-sombra-01,2026-09-26T18:52:14.638Z,28.68,66.7,7000.3
dosel-sombra-01,2026-09-26T18:51:29.643Z,28.6,69.4,7298.2
dosel-sombra-01,2026-09-26T18:50:44.636Z,28.27,68.8,7376.6
dosel-sombra-01,2026-09-26T18:49:59.64Z,28.54,67.4,7237.3
dosel-sombra-01,2026-09-26T18:49:14.635Z,28.35,67.7,6415
dosel-sombra-01,2026-09-26T18:48:29.647Z,28.39,67.6,6123.6
dosel-sombra-01,2026-09-26T18:47:44.646Z,28.81,66.6,6018.3
dosel-sombra-01,2026-09-26T18:46:59.64Z,28.71,68.1,6126.1
dosel-sombra-01,2026-09-26T18:46:14.638Z,28.59,67.5,6682.4
dosel-sombra-01,2026-09-26T18:45:29.628Z,28.29,66.6,6477.8
dosel-sombra-01,2026-09-26T18:44:44.638Z,28.56,69,6554.3
dosel-sombra-01,2026-09-26T18:43:59.637Z,28.62,69.2,5857.6
dosel-sombra-01,2026-09-26T18:43:14.625Z,28.38,68.2,7069.9
dosel-sombra-01,2026-09-26T18:42:29.63Z,28.26,68.3,5705.4
dosel-sombra-01,2026-09-26T18:41:44.635Z,28.15,69.5,6176.5
dosel-sombra-01,2026-09-26T18:40:59.624Z,28.22,67.6,6784
dosel-sombra-01,2026-09-26T18:40:14.631Z,28.51,68.1,6421.2
dosel-sombra-01,2026-09-26T18:39:29.638Z,28.5,69.1,7818.5
dosel-sombra-01,2026-09-26T18:38:44.639Z,28.5,67,6102.5
dosel-sombra-01,2026-09-26T18:37:59.638Z,28.76,68.1,7035.7
dosel-sombra-01,2026-09-26T18:37:14.635Z,28.45,69.4,5893.6
dosel-sombra-01,2026-09-26T18:36:29.621Z,28.63,69,6567.3
dosel-sombra-01,2026-09-26T18:35:44.646Z,28.15,67.7,7318.9
dosel-sombra-01,2026-09-26T18:34:59.618Z,28.86,67.3,6910.1
dosel-sombra-01,2026-09-26T18:34:14.627Z,28.75,66.7,6411.4
dosel-sombra-01,2026-09-26T18:33:29.623Z,28.57,68.2,7868.4
dosel-sombra-01,2026-09-26T18:32:44.636Z,28.31,69.4,6584.1
dosel-sombra-01,2026-09-26T18:31:59.626Z,28.43,68.5,7116.6
dosel-sombra-01,2026-09-26T18:31:14.629Z,28.51,66.9,6735.5
dosel-sombra-01,2026-09-26T18:30:29.619Z,28.09,69.3,7089.8
dosel-sombra-01,2026-09-26T18:29:44.633Z,28.29,68.2,8119.8
dosel-sombra-01,2026-09-26T18:28:59.625Z,28.28,67.4,6076.4
dosel-sombra-01,2026-09-26T18:28:14.622Z,28.4,67.7,7406.5
dosel-sombra-01,2026-09-26T18:27:29.627Z,28.85,66.9,7441.9
dosel-sombra-01,2026-09-26T18:26:44.624Z,28.85,67.2,6808.9
dosel-sombra-01,2026-09-26T18:25:59.617Z,28.54,67.1,6897.3
dosel-sombra-01,2026-09-26T18:25:14.608Z,28.72,68.7,6130.7
dosel-sombra-01,2026-09-26T18:24:29.629Z,28.2,68.5,7210.6
dosel-sombra-01,2026-09-26T18:23:44.619Z,28.09,68.4,6171.4
dosel-sombra-01,2026-09-26T18:22:59.625Z,28.42,69.3,6694
dosel-sombra-01,2026-09-26T18:22:14.613Z,28.63,66.9,7007.5
dosel-sombra-01,2026-09-26T18:21:29.624Z,28.63,67.9,6146.9
dosel-sombra-01,2026-09-26T18:20:44.612Z,28.11,68.7,6377.8
dosel-sombra-01,2026-09-26T18:19:59.626Z,28.8,68.4,8464.9
dosel-sombra-01,2026-09-26T18:19:14.623Z,28.31,67.9,6116.4
dosel-sombra-01,2026-09-26T18:18:29.611Z,28.27,67.6,8290.4
dosel-sombra-01,2026-09-26T18:17:44.619Z,28.76,67.5,8090.4
dosel-sombra-01,2026-09-26T18:16:59.617Z,28.18,67.2,8105.8
dosel-sombra-01,2026-09-26T18:16:14.612Z,28.2,67.3,5988.6
dosel-sombra-01,2026-09-26T18:15:29.623Z,28.1,67.7,7442.4
dosel-sombra-01,2026-09-26T18:14:44.601Z,28.14,68.4,7951.9
dosel-sombra-01,2026-09-26T18:13:59.607Z,28.62,69.6,7778.4
dosel-sombra-01,2026-09-26T18:13:14.603Z,28.36,69,6751
dosel-sombra-01,2026-09-26T18:12:29.611Z,28.81,69.3,8164.1
dosel-sombra-01,2026-09-26T18:11:44.597Z,28.81,68.5,7150.6
dosel-sombra-01,2026-09-26T18:10:59.615Z,28.37,68.1,7922.6
dosel-sombra-01,2026-09-26T18:10:14.606Z,28.38,67.3,6696.2
dosel-sombra-01,2026-09-26T18:09:29.612Z,28.56,68,7491
dosel-sombra-01,2026-09-26T18:08:44.602Z,28.23,68.8,7686.7
dosel-sombra-01,2026-09-26T18:07:59.594Z,28.02,68.8,7153.7
dosel-sombra-01,2026-09-26T18:07:14.613Z,28.23,68.8,6868.3
dosel-sombra-01,2026-09-26T18:06:29.602Z,28.74,69.4,8284.5
dosel-sombra-01,2026-09-26T18:05:44.596Z,28.57,68.3,6598
dosel-sombra-01,2026-09-26T18:04:59.603Z,28.1,68.9,8313.2
dosel-sombra-01,2026-09-26T18:04:14.614Z,28.43,69,7080
dosel-sombra-01,2026-09-26T18:03:29.599Z,28.49,67.8,7786.5
dosel-sombra-01,2026-09-26T18:02:44.683Z,28.1,69.5,6230
dosel-sombra-01,2026-09-26T18:01:59.163Z,28.13,67.6,6251.3
dosel-sombra-01,2026-09-26T18:01:14.151Z,28.66,66.9,6863.5
dosel-sombra-01,2026-09-26T18:00:29.166Z,28.64,67.3,6500.6
dosel-sombra-01,2026-09-26T17:59:44.163Z,28.04,67.8,8346.1
dosel-sombra-01,2026-09-26T17:58:59.153Z,27.99,67.1,6266.4
dosel-sombra-01,2026-09-26T17:58:14.167Z,28.22,69.1,6646.8
dosel-sombra-01,2026-09-26T17:57:29.143Z,28.61,69.7,6233.5
dosel-sombra-01,2026-09-26T17:56:44.165Z,28.65,68.6,6144.2
dosel-sombra-01,2026-09-26T17:55:59.166Z,27.99,69.5,8278.9
dosel-sombra-01,2026-09-26T17:55:14.141Z,28.72,67.5,8484.3
dosel-sombra-01,2026-09-26T17:54:29.148Z,28.43,69.3,6155.9
dosel-sombra-01,2026-09-26T17:53:44.156Z,28.2,69.7,6571.1
dosel-sombra-01,2026-09-26T17:52:59.149Z,28.38,69.5,7260.8
dosel-sombra-01,2026-09-26T17:52:14.154Z,28.56,68.3,7100.2
dosel-sombra-01,2026-09-26T17:51:29.145Z,28.62,69.3,8542.8
dosel-sombra-01,2026-09-26T17:50:44.154Z,28.44,68.9,7140.3
dosel-sombra-01,2026-09-26T17:49:59.155Z,28.07,68.5,7190.3
dosel-sombra-01,2026-09-26T17:49:14.145Z,28.39,68.4,8307.8
dosel-sombra-01,2026-09-26T17:48:29.156Z,28.27,69.8,8010.4
dosel-sombra-01,2026-09-26T17:47:44.135Z,28.36,67.2,7568.8
dosel-sombra-01,2026-09-26T17:46:59.138Z,28.48,67.5,8291.3
dosel-sombra-01,2026-09-26T17:46:14.139Z,28.02,68.9,8573.7
dosel-sombra-01,2026-09-26T17:45:29.136Z,28.63,68.7,7600.5
dosel-sombra-01,2026-09-26T17:44:44.141Z,27.96,67.2,6573.8
dosel-sombra-01,2026-09-26T17:43:59.133Z,28.6,68,7107.9
dosel-sombra-01,2026-09-26T17:43:14.143Z,28.18,68.8,8578.1
dosel-sombra-01,2026-09-26T17:42:29.142Z,28.15,67.8,7610.8
dosel-sombra-01,2026-09-26T17:41:44.144Z,28.06,68.9,7962.4
dosel-sombra-01,2026-09-26T17:40:59.143Z,28.21,69.7,8586.8
dosel-sombra-01,2026-09-26T17:40:14.14Z,27.89,68.4,8194.4
dosel-sombra-01,2026-09-26T17:39:29.129Z,28.16,67.3,8649.7
dosel-sombra-01,2026-09-26T17:38:44.135Z,28.64,68.6,6243.7
dosel-sombra-01,2026-09-26T17:37:59.145Z,28.48,69.5,6405.9
dosel-sombra-01,2026-09-26T17:37:14.149Z,28.63,68.3,6782.6
dosel-sombra-01,2026-09-26T17:36:29.132Z,27.91,70.1,8415.1
dosel-sombra-01,2026-09-26T17:35:44.139Z,28.21,68.8,8678.4
dosel-sombra-01,2026-09-26T17:34:59.144Z,28.46,69.2,6738
dosel-sombra-01,2026-09-26T17:34:14.137Z,28.12,70.1,6372.5
dosel-sombra-01,2026-09-26T17:33:29.13Z,28.03,69.3,7852.2
dosel-sombra-01,2026-09-26T17:32:44.135Z,28.22,68.9,8040.4
dosel-sombra-01,2026-09-26T17:31:59.127Z,28.39,67.9,7586.1
dosel-sombra-01,2026-09-26T17:31:14.15Z,28.43,69.1,6660.6
dosel-sombra-01,2026-09-26T17:30:29.142Z,27.9,69.7,6577
dosel-sombra-01,2026-09-26T17:29:44.14Z,28.49,69.4,7005.1
dosel-sombra-01,2026-09-26T17:28:59.129Z,28.09,69.7,8140.8
dosel-sombra-01,2026-09-26T17:28:14.124Z,28.39,68.5,8070.1
dosel-sombra-01,2026-09-26T17:27:29.137Z,28.42,68.2,7651.3
dosel-sombra-01,2026-09-26T17:26:44.129Z,28.45,68.6,8828.6
dosel-sombra-01,2026-09-26T17:25:59.135Z,28.56,68,8583.9
dosel-sombra-01,2026-09-26T17:25:14.13Z,27.96,70.1,6701
dosel-sombra-01,2026-09-26T17:24:29.133Z,28.51,69.2,6464.2
dosel-sombra-01,2026-09-26T17:23:44.121Z,28.42,69.1,7630.7
dosel-sombra-01,2026-09-26T17:22:59.133Z,28.06,70.3,7995.6
dosel-sombra-01,2026-09-26T17:22:14.138Z,28.42,67.8,7093.5
dosel-sombra-01,2026-09-26T17:21:29.133Z,28.46,69.5,6448.6
dosel-sombra-01,2026-09-26T17:20:44.126Z,28.48,68.8,8749.4
dosel-sombra-01,2026-09-26T17:19:59.134Z,28.35,70.2,8406.9
dosel-sombra-01,2026-09-26T17:19:14.123Z,27.79,68.2,8780.8
dosel-sombra-01,2026-09-26T17:18:29.114Z,28.47,67.9,7961.3
dosel-sombra-01,2026-09-26T17:17:44.118Z,28.2,70.5,6550.7
dosel-sombra-01,2026-09-26T17:16:59.138Z,28.26,68.2,8019.4
dosel-sombra-01,2026-09-26T17:16:14.135Z,27.9,69.9,8632.8
dosel-sombra-01,2026-09-26T17:15:29.132Z,28.11,68.4,8495.1
dosel-sombra-01,2026-09-26T17:14:44.133Z,27.95,68.9,6825.3
dosel-sombra-01,2026-09-26T17:13:59.125Z,27.95,69.3,8234.7
dosel-sombra-01,2026-09-26T17:13:14.121Z,28.46,68.4,7980.1
dosel-sombra-01,2026-09-26T17:12:29.204Z,27.87,68.5,6601.6
dosel-sombra-01,2026-09-26T17:11:43.689Z,28.4,69.7,7012.3
dosel-sombra-01,2026-09-26T17:10:58.69Z,27.76,70.5,8900.7
dosel-sombra-01,2026-09-26T17:10:13.694Z,28.49,69.4,7105.9
dosel-sombra-01,2026-09-26T17:09:28.696Z,28.29,68.3,6913.5
dosel-sombra-01,2026-09-26T17:08:43.698Z,28.3,70.3,8250.6
dosel-sombra-01,2026-09-26T17:07:58.685Z,28.3,69.2,6906.2
dosel-sombra-01,2026-09-26T17:07:13.69Z,27.78,70,8293
dosel-sombra-01,2026-09-26T17:06:28.681Z,27.84,71,8780.8
dosel-sombra-01,2026-09-26T17:05:43.7Z,27.77,69.7,7589.3
dosel-sombra-01,2026-09-26T17:04:58.686Z,28.2,70.6,6882.5
dosel-sombra-01,2026-09-26T17:04:13.694Z,27.75,70.8,8357.2
dosel-sombra-01,2026-09-26T17:03:28.701Z,27.94,68.7,8662.8
dosel-sombra-01,2026-09-26T17:02:43.692Z,28.2,68.4,6561.8
dosel-sombra-01,2026-09-26T17:01:58.68Z,27.84,70.7,8048.8
dosel-sombra-01,2026-09-26T17:01:13.682Z,27.85,69.3,6401.8
dosel-sombra-01,2026-09-26T17:00:28.691Z,28.2,70.9,6381
dosel-sombra-01,2026-09-26T16:59:43.689Z,27.9,69.1,6337.2
dosel-sombra-01,2026-09-26T16:58:58.685Z,27.76,68.5,7895
dosel-sombra-01,2026-09-26T16:58:13.689Z,27.96,68.4,6669.1
dosel-sombra-01,2026-09-26T16:57:28.682Z,28.25,69.8,7669.7
dosel-sombra-01,2026-09-26T16:56:43.684Z,28.07,68.6,7753.3
dosel-sombra-01,2026-09-26T16:55:58.691Z,28.17,69.8,8795
dosel-sombra-01,2026-09-26T16:55:13.684Z,27.6,69.7,8230.9
dosel-sombra-01,2026-09-26T16:54:28.691Z,27.91,69.9,7288.5
dosel-sombra-01,2026-09-26T16:53:43.681Z,28.1,69.9,8314.4
dosel-sombra-01,2026-09-26T16:52:58.685Z,27.82,69.7,7876.7
dosel-sombra-01,2026-09-26T16:52:13.684Z,27.94,69.8,8177.3
dosel-sombra-01,2026-09-26T16:51:28.673Z,27.86,69.4,8239.3
dosel-sombra-01,2026-09-26T16:50:43.678Z,27.73,70.9,6675.8
dosel-sombra-01,2026-09-26T16:49:58.682Z,27.86,70.1,8728.9
dosel-sombra-01,2026-09-26T16:49:13.672Z,28.12,69.3,7075.7
dosel-sombra-01,2026-09-26T16:48:28.666Z,27.84,70.8,8344.5
dosel-sombra-01,2026-09-26T16:47:43.67Z,28.25,69.2,6428.2
dosel-sombra-01,2026-09-26T16:46:58.675Z,28.13,70.3,6655.3
dosel-sombra-01,2026-09-26T16:46:13.672Z,27.87,71.3,8971.6
dosel-sombra-01,2026-09-26T16:45:28.68Z,28.07,70.2,8932.2
dosel-sombra-01,2026-09-26T16:44:43.673Z,27.77,69.5,6426.4
dosel-sombra-01,2026-09-26T16:43:58.678Z,28.16,69.5,7832.7
dosel-sombra-01,2026-09-26T16:43:13.673Z,28.17,70,7200.1
dosel-sombra-01,2026-09-26T16:42:28.688Z,28.28,69.7,8097.1
dosel-sombra-01,2026-09-26T16:41:43.684Z,28.03,71.3,6540.7
dosel-sombra-01,2026-09-26T16:40:58.669Z,27.52,69.7,8930.7
dosel-sombra-01,2026-09-26T16:40:13.676Z,28.24,69.2,8325.6
dosel-sombra-01,2026-09-26T16:39:28.673Z,27.66,69.4,7534.4
dosel-sombra-01,2026-09-26T16:38:43.658Z,28.17,70.3,8953.2
dosel-sombra-01,2026-09-26T16:37:58.687Z,27.8,69.9,8273.1
dosel-sombra-01,2026-09-26T16:37:13.669Z,27.97,70.2,6387.1
dosel-sombra-01,2026-09-26T16:36:28.674Z,27.86,69.1,7222
dosel-sombra-01,2026-09-26T16:35:43.683Z,27.56,69,6437.2
dosel-sombra-01,2026-09-26T16:34:58.662Z,27.42,69,6750
dosel-sombra-01,2026-09-26T16:34:13.665Z,27.59,71.5,7692.9
dosel-sombra-01,2026-09-26T16:33:28.665Z,27.72,69.4,8775.2
dosel-sombra-01,2026-09-26T16:32:43.667Z,27.52,69.9,7355
dosel-sombra-01,2026-09-26T16:31:58.661Z,28.18,71.3,7619.8
dosel-sombra-01,2026-09-26T16:31:13.668Z,27.43,70,7595.6
dosel-sombra-01,2026-09-26T16:30:28.66Z,28.14,69.8,6307.3
dosel-sombra-01,2026-09-26T16:29:43.668Z,27.9,69.5,8053.9
dosel-sombra-01,2026-09-26T16:28:58.66Z,27.7,69.7,7485.1
dosel-sombra-01,2026-09-26T16:28:13.673Z,27.54,69.8,8701.8
dosel-sombra-01,2026-09-26T16:27:28.671Z,27.62,70.3,8883.9
dosel-sombra-01,2026-09-26T16:26:43.657Z,27.91,71,6354.1
dosel-sombra-01,2026-09-26T16:25:58.659Z,28.12,71.6,6419.9
dosel-sombra-01,2026-09-26T16:25:13.662Z,27.49,69.7,6940.2
dosel-sombra-01,2026-09-26T16:24:28.67Z,27.89,71.1,8186.5
dosel-sombra-01,2026-09-26T16:23:43.66Z,27.97,72,8324.8
dosel-sombra-01,2026-09-26T16:22:58.662Z,27.34,69.7,7395.7
dosel-sombra-01,2026-09-26T16:22:13.744Z,27.32,69.6,7347.4
dosel-sombra-01,2026-09-26T16:21:28.231Z,27.74,70.6,6598.5
dosel-sombra-01,2026-09-26T16:20:43.222Z,27.91,72.3,6940.4
dosel-sombra-01,2026-09-26T16:19:58.23Z,27.59,69.5,8254.2
dosel-sombra-01,2026-09-26T16:19:13.223Z,27.89,69.9,8323.2
dosel-sombra-01,2026-09-26T16:18:28.226Z,27.5,71.5,6437.9
dosel-sombra-01,2026-09-26T16:17:43.237Z,27.92,71.1,7312.6
dosel-sombra-01,2026-09-26T16:16:58.224Z,27.55,70,8392.4
dosel-sombra-01,2026-09-26T16:16:13.229Z,27.85,69.8,8541.7
dosel-sombra-01,2026-09-26T16:15:28.225Z,27.47,71.4,7767.9
dosel-sombra-01,2026-09-26T16:14:43.234Z,27.94,71.1,6191
dosel-sombra-01,2026-09-26T16:13:58.223Z,27.55,69.6,6195.7
dosel-sombra-01,2026-09-26T16:13:13.219Z,27.45,72.5,8748.4
dosel-sombra-01,2026-09-26T16:12:28.224Z,27.48,71.8,8661.8
dosel-sombra-01,2026-09-26T16:11:43.217Z,27.62,69.7,8429.4
dosel-sombra-01,2026-09-26T16:10:58.234Z,27.41,70.1,8269.9
dosel-sombra-01,2026-09-26T16:10:13.223Z,27.32,70.4,7211.7
dosel-sombra-01,2026-09-26T16:09:28.21Z,27.45,71.1,6713.8
dosel-sombra-01,2026-09-26T16:08:43.215Z,27.74,71.8,8576.6
dosel-sombra-01,2026-09-26T16:07:58.211Z,27.3,70.8,8578.5
dosel-sombra-01,2026-09-26T16:07:13.207Z,27.8,70.7,7475.7
dosel-sombra-01,2026-09-26T16:06:28.217Z,27.68,70.5,7050.2
dosel-sombra-01,2026-09-26T16:05:43.216Z,27.4,70.9,7097.7
dosel-sombra-01,2026-09-26T16:04:58.23Z,27.52,70.6,7445
dosel-sombra-01,2026-09-26T16:04:13.224Z,27.13,71.8,7226.4
dosel-sombra-01,2026-09-26T16:03:28.201Z,27.73,71.2,8495.8
dosel-sombra-01,2026-09-26T16:02:43.226Z,27.59,70.8,7724.4
dosel-sombra-01,2026-09-26T16:01:58.214Z,27.32,70.8,7374.9
dosel-sombra-01,2026-09-26T16:01:13.204Z,27.78,71.9,8608.5
dosel-sombra-01,2026-09-26T16:00:28.212Z,27.79,70.5,6155
dosel-sombra-01,2026-09-26T15:59:43.202Z,27.61,71.6,8065.5
dosel-sombra-01,2026-09-26T15:58:58.21Z,27.14,71.8,8609.1
dosel-sombra-01,2026-09-26T15:58:13.217Z,27.49,70.4,7765.6
dosel-sombra-01,2026-09-26T15:57:28.202Z,27.21,72.3,6279.7
dosel-sombra-01,2026-09-26T15:56:43.22Z,27.13,73,7460.8
dosel-sombra-01,2026-09-26T15:55:58.206Z,27.74,71.3,6955.4
dosel-sombra-01,2026-09-26T15:55:13.212Z,27.47,72.6,6313.9
dosel-sombra-01,2026-09-26T15:54:28.217Z,27.42,70.5,7601.1
dosel-sombra-01,2026-09-26T15:53:43.223Z,27.44,70.3,6129.7
dosel-sombra-01,2026-09-26T15:52:58.203Z,27.6,71.8,7268.4
dosel-sombra-01,2026-09-26T15:52:13.194Z,27.72,72.7,7463.7
dosel-sombra-01,2026-09-26T15:51:28.211Z,27.49,72.2,8116.1
dosel-sombra-01,2026-09-26T15:50:43.211Z,27.53,71.7,6924.6
dosel-sombra-01,2026-09-26T15:49:58.204Z,27.28,70.6,7094.3
dosel-sombra-01,2026-09-26T15:49:13.197Z,27.02,71.7,7434.8
dosel-sombra-01,2026-09-26T15:48:28.195Z,27.09,72.9,6302.6
dosel-sombra-01,2026-09-26T15:47:43.198Z,27.37,71.5,6535.2
dosel-sombra-01,2026-09-26T15:46:58.194Z,27.07,73.2,7937
dosel-sombra-01,2026-09-26T15:46:13.203Z,27.28,73.3,7952.2
dosel-sombra-01,2026-09-26T15:45:28.205Z,27.67,71,6366.9
dosel-sombra-01,2026-09-26T15:44:43.199Z,27.36,73,8361.4
dosel-sombra-01,2026-09-26T15:43:58.198Z,27.44,70.7,6449
dosel-sombra-01,2026-09-26T15:43:13.206Z,27.01,70.8,7866.7
dosel-sombra-01,2026-09-26T15:42:28.193Z,27.41,71.1,6839
dosel-sombra-01,2026-09-26T15:41:43.2Z,27.17,73.4,7513.5
dosel-sombra-01,2026-09-26T15:40:58.188Z,27.32,71.6,6436.2
dosel-sombra-01,2026-09-26T15:40:13.207Z,27.36,71.5,7965.6
dosel-sombra-01,2026-09-26T15:39:28.207Z,27.28,71.4,8156.3
dosel-sombra-01,2026-09-26T15:38:43.196Z,26.9,71.7,8145.4
dosel-sombra-01,2026-09-26T15:37:58.187Z,27.41,72,6138.7
dosel-sombra-01,2026-09-26T15:37:13.19Z,26.84,70.9,7385.4
dosel-sombra-01,2026-09-26T15:36:28.203Z,27.31,72.7,7191.3
dosel-sombra-01,2026-09-26T15:35:43.209Z,26.95,72.1,6458.4
dosel-sombra-01,2026-09-26T15:34:58.199Z,27.2,73.7,6002.5
dosel-sombra-01,2026-09-26T15:34:13.191Z,27.21,73.6,6526.7
dosel-sombra-01,2026-09-26T15:33:28.189Z,26.93,71.8,7032.6
dosel-sombra-01,2026-09-26T15:32:43.195Z,26.89,72.9,7018
dosel-sombra-01,2026-09-26T15:31:58.25Z,26.81,73.6,7414.9
dosel-sombra-01,2026-09-26T14:51:12.734Z,26.34,73.5,6867.8
dosel-sombra-01,2026-09-26T14:50:27.732Z,26.97,74.2,7341.9
dosel-sombra-01,2026-09-26T14:49:42.723Z,26.76,73.4,7228.8
dosel-sombra-01,2026-09-26T14:48:57.725Z,26.38,75.1,5589.6
dosel-sombra-01,2026-09-26T14:48:12.734Z,26.71,73.1,6717.6
dosel-sombra-01,2026-09-26T14:47:27.722Z,26.48,74.9,7438.4
dosel-sombra-01,2026-09-26T14:46:42.741Z,26.49,73.5,5510.1
dosel-sombra-01,2026-09-26T14:45:57.715Z,26.51,74.1,6646.8
dosel-sombra-01,2026-09-26T14:45:12.72Z,26.89,73.6,5458.2
dosel-sombra-01,2026-09-26T14:44:27.728Z,26.39,75.6,6375.6
dosel-sombra-01,2026-09-26T14:43:42.72Z,26.84,75.4,5594.1
dosel-sombra-01,2026-09-26T14:42:57.72Z,26.81,74.9,5310.8
dosel-sombra-01,2026-09-26T14:42:12.727Z,26.44,75.9,5447.6
dosel-sombra-01,2026-09-26T14:41:27.734Z,26.41,75.8,7287.9
dosel-sombra-01,2026-09-26T14:40:42.726Z,26.56,73.5,6601.6
dosel-sombra-01,2026-09-26T14:39:57.731Z,26.38,74.1,5632.9
dosel-sombra-01,2026-09-26T14:39:12.716Z,26.11,74.7,6913.8
dosel-sombra-01,2026-09-26T14:38:27.727Z,26.39,73.7,5748.7
dosel-sombra-01,2026-09-26T14:37:42.715Z,26.25,76.1,7257.6
dosel-sombra-01,2026-09-26T14:36:57.72Z,26.73,74.4,6718.9
dosel-sombra-01,2026-09-26T14:36:12.721Z,26.8,75.3,5274.3
dosel-sombra-01,2026-09-26T14:35:27.72Z,26.31,75.8,5509.4
dosel-sombra-01,2026-09-26T14:34:42.718Z,26.33,76,5131.6
dosel-sombra-01,2026-09-26T14:33:57.729Z,26.14,75.7,6759.9
dosel-sombra-01,2026-09-26T14:33:12.711Z,25.99,75.2,7032.3
dosel-sombra-01,2026-09-26T14:32:27.705Z,26.77,76.7,5072.6
dosel-sombra-01,2026-09-26T14:31:42.712Z,26.35,75,5951.5
dosel-sombra-01,2026-09-26T14:30:57.705Z,25.99,75.8,6010.3
dosel-sombra-01,2026-09-26T14:30:12.722Z,26.45,75.4,6060.4
dosel-sombra-01,2026-09-26T14:29:27.717Z,26.4,74.4,5916.2
dosel-sombra-01,2026-09-26T14:28:42.719Z,26.21,75.4,5076.6
dosel-sombra-01,2026-09-26T14:27:57.722Z,26.63,74.7,5774.3
dosel-sombra-01,2026-09-26T14:27:12.716Z,26.09,76.5,6012.2
dosel-sombra-01,2026-09-26T14:26:27.718Z,26.58,75.8,6304.4
dosel-sombra-01,2026-09-26T14:25:42.718Z,26.07,75.6,5737.2
dosel-sombra-01,2026-09-26T14:24:57.711Z,26.5,75.8,5349.3
dosel-sombra-01,2026-09-26T14:24:12.714Z,26.31,76.7,5966.1
dosel-sombra-01,2026-09-26T14:23:27.71Z,26.32,76.5,5779.9
dosel-sombra-01,2026-09-26T14:22:42.699Z,26.37,75.4,5228.2
dosel-sombra-01,2026-09-26T14:21:57.72Z,26.11,77.1,5336.4
dosel-sombra-01,2026-09-26T14:21:12.707Z,25.94,74.4,5462.4
dosel-sombra-01,2026-09-26T14:20:27.706Z,25.89,75.7,6678.1
dosel-sombra-01,2026-09-26T14:19:42.709Z,26.42,75.9,6179.6
dosel-sombra-01,2026-09-26T14:18:57.712Z,26.31,76.6,6217.7
dosel-sombra-01,2026-09-26T14:18:12.709Z,25.89,75.6,6755.2
dosel-sombra-01,2026-09-26T14:17:27.694Z,25.78,76.9,5824
dosel-sombra-01,2026-09-26T14:16:42.714Z,26.45,76.4,5129.5
dosel-sombra-01,2026-09-26T14:15:57.704Z,26.09,75.6,5842
dosel-sombra-01,2026-09-26T14:15:12.702Z,25.88,76.9,5732.3
dosel-sombra-01,2026-09-26T14:14:27.709Z,26.02,76,5176.6
dosel-sombra-01,2026-09-26T14:13:42.696Z,26.21,74.9,5203.4
dosel-sombra-01,2026-09-26T14:12:57.703Z,26.2,77.5,6259.3
dosel-sombra-01,2026-09-26T14:12:12.712Z,26.33,77.7,4886.6
dosel-sombra-01,2026-09-26T14:11:27.701Z,26.2,75.3,5198.9
dosel-sombra-01,2026-09-26T14:10:42.702Z,25.82,76.6,6450.9
dosel-sombra-01,2026-09-26T14:09:57.712Z,26.22,76.4,5111.2
dosel-sombra-01,2026-09-26T14:09:12.705Z,25.91,77.4,5008.2
dosel-sombra-01,2026-09-26T14:08:27.711Z,26.02,77.8,6457
dosel-sombra-01,2026-09-26T14:07:42.702Z,25.66,75.7,5270.7
dosel-sombra-01,2026-09-26T14:06:57.712Z,25.79,75.3,5787.6
dosel-sombra-01,2026-09-26T14:06:12.702Z,26.27,75.6,6222.5
dosel-sombra-01,2026-09-26T14:05:27.704Z,26.3,77.2,5306.9
dosel-sombra-01,2026-09-26T14:04:42.689Z,25.71,76.2,5088.8
dosel-sombra-01,2026-09-26T14:03:57.694Z,26,78.2,5237.8
dosel-sombra-01,2026-09-26T14:03:12.738Z,25.84,76.4,6313.3
dosel-sombra-01,2026-09-26T14:02:27.263Z,26.31,77.9,5696.7
dosel-sombra-01,2026-09-26T14:01:42.268Z,25.76,76.9,5752.4
dosel-sombra-01,2026-09-26T14:00:57.27Z,26.21,77.9,5188.5
dosel-sombra-01,2026-09-26T14:00:12.281Z,26.07,75.5,4648.4
dosel-sombra-01,2026-09-26T13:59:27.27Z,25.69,77.7,4542.1
dosel-sombra-01,2026-09-26T13:58:42.27Z,25.79,77.9,4745.2
dosel-sombra-01,2026-09-26T13:57:57.275Z,26.15,76.7,4603.7
dosel-sombra-01,2026-09-26T13:57:12.262Z,25.89,78.3,5723.6
dosel-sombra-01,2026-09-26T13:56:27.267Z,26.15,75.7,4521.9
dosel-sombra-01,2026-09-26T13:55:42.273Z,26.21,78.2,4858.4
dosel-sombra-01,2026-09-26T13:54:57.264Z,25.74,75.8,5546.2
dosel-sombra-01,2026-09-26T13:54:12.268Z,25.47,76.3,4749.5
dosel-sombra-01,2026-09-26T13:53:27.257Z,25.55,76.7,5238.2
dosel-sombra-01,2026-09-26T13:52:42.263Z,25.55,76.6,4635
dosel-sombra-01,2026-09-26T13:51:57.261Z,25.85,76.4,5967.8
dosel-sombra-01,2026-09-26T13:51:12.275Z,26.11,76.2,6040.6
dosel-sombra-01,2026-09-26T13:50:27.27Z,25.51,77.6,4843.4
dosel-sombra-01,2026-09-26T13:49:42.277Z,26.07,78.5,4715
dosel-sombra-01,2026-09-26T13:48:57.264Z,25.41,78.4,5491
dosel-sombra-01,2026-09-26T13:48:12.258Z,25.97,77.3,5068.4
dosel-sombra-01,2026-09-26T13:47:27.262Z,25.48,78.7,4873.3
dosel-sombra-01,2026-09-26T13:46:42.268Z,25.74,78.6,5464.8
dosel-sombra-01,2026-09-26T13:45:57.258Z,25.66,78.3,5584.2
dosel-sombra-01,2026-09-26T13:45:12.251Z,25.51,77.7,5202.4
dosel-sombra-01,2026-09-26T13:44:27.261Z,26,76.4,4712.3
dosel-sombra-01,2026-09-26T13:43:42.267Z,25.8,76.7,5669.8
