id,ts,temperaturaBodega,puerta,movimiento
perimetro-bodega-01,2026-09-29T13:53:13.361Z,26.82,0,0
perimetro-bodega-01,2026-09-29T13:54:43.694Z,27.16,1,0
perimetro-bodega-01,2026-09-29T14:17:19.005Z,27.43,0,0
perimetro-bodega-01,2026-09-29T14:18:49.357Z,27.37,0,0
perimetro-bodega-01,2026-09-29T14:20:19.704Z,27.3,0,0
perimetro-bodega-01,2026-09-29T14:36:53.577Z,27.39,0,0
perimetro-bodega-01,2026-09-29T14:38:23.923Z,27.64,0,0
perimetro-bodega-01,2026-09-29T14:39:54.271Z,27.82,0,0
perimetro-bodega-01,2026-09-29T13:50:12.619Z,27.07,0,0
perimetro-bodega-01,2026-09-29T13:51:42.997Z,27.1,0,1
perimetro-bodega-01,2026-09-29T13:57:44.436Z,27.13,0,0
perimetro-bodega-01,2026-09-29T13:59:14.799Z,27.31,0,0
perimetro-bodega-01,2026-09-29T14:00:45.198Z,26.85,0,1
perimetro-bodega-01,2026-09-29T14:42:54.886Z,27.71,0,0
perimetro-bodega-01,2026-09-26T13:42:41.617Z,27.05,0,1
perimetro-bodega-01,2026-09-26T13:41:11.227Z,27.02,0,0
perimetro-bodega-01,2026-09-26T13:39:40.871Z,26.81,0,0
perimetro-bodega-01,2026-09-26T13:38:10.525Z,26.63,0,0
perimetro-bodega-01,2026-09-26T13:36:40.173Z,26.63,0,0
perimetro-bodega-01,2026-09-26T13:35:09.83Z,26.65,0,0
perimetro-bodega-01,2026-09-26T13:33:39.495Z,26.81,0,1
perimetro-bodega-01,2026-09-26T13:32:09.149Z,26.46,0,0
perimetro-bodega-01,2026-09-26T13:30:38.764Z,26.9,0,0
perimetro-bodega-01,2026-09-26T13:29:08.399Z,26.56,0,1
perimetro-bodega-01,2026-09-26T13:27:38.048Z,26.33,0,1
perimetro-bodega-01,2026-09-26T13:26:07.769Z,26.82,0,0
perimetro-bodega-01,2026-09-26T13:24:37.39Z,26.87,0,1
perimetro-bodega-01,2026-09-26T13:23:07.02Z,26.74,0,0
perimetro-bodega-01,2026-09-26T13:21:36.67Z,26.6,0,0
perimetro-bodega-01,2026-09-26T13:20:06.334Z,26.78,0,0
perimetro-bodega-01,2026-09-26T13:18:35.982Z,26.5,0,0
perimetro-bodega-01,2026-09-26T13:17:05.627Z,26.7,0,0
perimetro-bodega-01,2026-09-26T13:15:35.265Z,26.33,0,0
perimetro-bodega-01,2026-09-26T13:14:04.915Z,26.2,0,0
perimetro-bodega-01,2026-09-26T13:12:34.465Z,26.54,0,0
perimetro-bodega-01,2026-09-26T13:11:04.095Z,26.55,0,0
perimetro-bodega-01,2026-09-26T13:09:33.811Z,26.24,0,0
perimetro-bodega-01,2026-09-26T13:08:03.46Z,26.23,0,0
perimetro-bodega-01,2026-09-26T13:06:33.123Z,26.44,0,0
perimetro-bodega-01,2026-09-26T13:05:02.783Z,26.14,0,0
perimetro-bodega-01,2026-09-26T13:03:32.464Z,26.06,0,0
perimetro-bodega-01,2026-09-26T13:02:02.193Z,26.09,0,0
perimetro-bodega-01,2026-09-26T13:00:31.817Z,26.33,0,0
perimetro-bodega-01,2026-09-26T12:59:01.459Z,26.06,0,0
perimetro-bodega-01,2026-09-26T12:57:31.191Z,26.51,0,0
perimetro-bodega-01,2026-09-26T12:56:00.825Z,26.35,0,0
perimetro-bodega-01,2026-09-26T12:54:30.43Z,26.23,0,0
perimetro-bodega-01,2026-09-26T12:53:00.064Z,25.93,0,0
perimetro-bodega-01,2026-09-26T12:51:29.684Z,26.07,0,0
perimetro-bodega-01,2026-09-26T12:49:59.331Z,25.94,0,0
perimetro-bodega-01,2026-09-26T12:48:29.005Z,25.9,0,0
perimetro-bodega-01,2026-09-26T12:46:58.641Z,25.96,0,0
perimetro-bodega-01,2026-09-26T12:45:28.286Z,25.82,0,1
perimetro-bodega-01,2026-09-26T12:43:57.951Z,26.28,1,0
perimetro-bodega-01,2026-09-26T12:42:27.626Z,26.21,0,0
perimetro-bodega-01,2026-09-26T12:40:57.248Z,25.94,0,0
perimetro-bodega-01,2026-09-26T12:39:26.896Z,26.18,0,0
perimetro-bodega-01,2026-09-26T12:37:56.53Z,26.16,0,0
perimetro-bodega-01,2026-09-26T12:36:26.166Z,25.82,0,0
perimetro-bodega-01,2026-09-26T12:34:55.796Z,26.1,0,0
perimetro-bodega-01,2026-09-26T12:33:25.447Z,25.74,0,0
perimetro-bodega-01,2026-09-26T12:31:55.058Z,25.77,0,0
perimetro-bodega-01,2026-09-26T12:30:24.741Z,25.64,0,0
perimetro-bodega-01,2026-09-26T12:28:54.384Z,25.92,0,1
perimetro-bodega-01,2026-09-26T12:27:24.017Z,25.61,1,0
perimetro-bodega-01,2026-09-26T12:25:53.657Z,25.64,0,0
perimetro-bodega-01,2026-09-26T12:24:23.295Z,25.7,0,0
perimetro-bodega-01,2026-09-26T12:22:52.928Z,25.84,0,1
perimetro-bodega-01,2026-09-26T12:21:22.571Z,25.98,0,0
perimetro-bodega-01,2026-09-26T12:19:52.193Z,25.82,0,0
perimetro-bodega-01,2026-09-26T12:18:21.838Z,25.77,1,0
perimetro-bodega-01,2026-09-26T12:16:51.522Z,25.64,0,0
perimetro-bodega-01,2026-09-26T12:15:21.183Z,25.61,0,0
perimetro-bodega-01,2026-09-26T12:13:50.836Z,25.38,0,0
perimetro-bodega-01,2026-09-26T12:12:20.452Z,25.29,0,0
perimetro-bodega-01,2026-09-26T11:36:50.051Z,25.22,0,0
perimetro-bodega-01,2026-09-26T11:35:19.715Z,25.16,1,0
perimetro-bodega-01,2026-09-26T11:33:49.437Z,25.34,0,0
perimetro-bodega-01,2026-09-26T11:32:19.074Z,24.79,0,0
perimetro-bodega-01,2026-09-26T11:30:48.684Z,24.85,0,0
perimetro-bodega-01,2026-09-26T11:29:18.349Z,25.03,0,0
perimetro-bodega-01,2026-09-26T11:27:48.023Z,25.25,0,0
perimetro-bodega-01,2026-09-26T11:26:17.668Z,24.76,0,0
perimetro-bodega-01,2026-09-26T11:24:47.276Z,24.67,0,0
perimetro-bodega-01,2026-09-26T11:23:16.928Z,24.67,0,1
perimetro-bodega-01,2026-09-26T11:21:46.55Z,25.14,0,0
perimetro-bodega-01,2026-09-26T11:20:16.177Z,24.74,0,0
perimetro-bodega-01,2026-09-26T11:18:45.795Z,24.89,0,0
perimetro-bodega-01,2026-09-26T11:17:15.447Z,24.66,0,0
perimetro-bodega-01,2026-09-26T11:15:45.075Z,24.74,0,1
perimetro-bodega-01,2026-09-26T11:14:14.741Z,25.05,0,0
perimetro-bodega-01,2026-09-26T11:12:44.349Z,25.03,0,0
perimetro-bodega-01,2026-09-26T11:11:13.97Z,24.64,0,0
perimetro-bodega-01,2026-09-26T11:09:43.618Z,24.81,0,0
perimetro-bodega-01,2026-09-26T11:08:13.258Z,24.84,0,0
perimetro-bodega-01,2026-09-26T11:06:42.894Z,24.52,0,0
perimetro-bodega-01,2026-09-26T11:05:12.536Z,24.65,0,0
perimetro-bodega-01,2026-09-26T11:03:42.178Z,24.45,0,0
perimetro-bodega-01,2026-09-26T11:02:11.79Z,24.82,0,0
perimetro-bodega-01,2026-09-26T11:00:41.442Z,24.64,0,1
perimetro-bodega-01,2026-09-26T10:59:11.082Z,24.46,0,0
perimetro-bodega-01,2026-09-26T10:57:40.695Z,24.58,0,0
perimetro-bodega-01,2026-09-26T10:56:10.338Z,24.7,0,0
perimetro-bodega-01,2026-09-26T10:54:39.981Z,24.68,0,0
perimetro-bodega-01,2026-09-26T10:53:09.608Z,24.26,0,0
perimetro-bodega-01,2026-09-26T10:51:39.243Z,24.45,0,0
perimetro-bodega-01,2026-09-26T10:50:08.919Z,24.4,0,1
perimetro-bodega-01,2026-09-26T10:48:38.557Z,24.62,0,0
perimetro-bodega-01,2026-09-26T10:47:08.191Z,24.75,0,0
perimetro-bodega-01,2026-09-26T10:45:37.827Z,24.43,0,0
perimetro-bodega-01,2026-09-26T10:44:07.472Z,24.5,0,0
perimetro-bodega-01,2026-09-26T10:42:37.097Z,24.6,0,0
perimetro-bodega-01,2026-09-26T10:41:06.729Z,24.6,0,0
perimetro-bodega-01,2026-09-26T10:39:36.397Z,24.27,0,0
perimetro-bodega-01,2026-09-26T10:38:06.067Z,24.37,0,0
perimetro-bodega-01,2026-09-26T10:36:35.688Z,24.05,0,0
perimetro-bodega-01,2026-09-26T10:35:05.317Z,24.62,0,0
perimetro-bodega-01,2026-09-26T10:33:34.936Z,24.17,0,1
perimetro-bodega-01,2026-09-26T10:32:04.524Z,24.26,0,0
perimetro-bodega-01,2026-09-26T10:30:34.218Z,24.14,0,0
perimetro-bodega-01,2026-09-26T10:29:03.824Z,24.22,0,0
perimetro-bodega-01,2026-09-26T10:27:33.503Z,24.1,0,0
perimetro-bodega-01,2026-09-26T10:26:03.146Z,24.4,0,0
perimetro-bodega-01,2026-09-26T10:24:32.838Z,24.46,0,0
perimetro-bodega-01,2026-09-26T10:23:02.477Z,24.32,0,0
perimetro-bodega-01,2026-09-26T10:21:32.119Z,24.33,0,0
perimetro-bodega-01,2026-09-26T10:20:01.765Z,24.46,0,0
perimetro-bodega-01,2026-09-26T10:18:31.381Z,23.98,0,0
perimetro-bodega-01,2026-09-26T10:17:01.013Z,24.08,0,0
perimetro-bodega-01,2026-09-26T10:15:30.683Z,23.98,0,0
perimetro-bodega-01,2026-09-26T10:14:00.294Z,24.33,0,0
perimetro-bodega-01,2026-09-26T10:12:29.933Z,24.07,0,1
perimetro-bodega-01,2026-09-26T10:10:59.557Z,24.23,0,0
perimetro-bodega-01,2026-09-26T10:09:29.237Z,23.76,0,0
perimetro-bodega-01,2026-09-26T10:07:58.847Z,24.26,0,0
perimetro-bodega-01,2026-09-26T10:06:28.462Z,23.96,0,0
perimetro-bodega-01,2026-09-26T10:04:58.089Z,23.77,0,0
perimetro-bodega-01,2026-09-26T10:03:27.709Z,23.98,0,0
perimetro-bodega-01,2026-09-26T10:01:57.371Z,23.94,0,0
perimetro-bodega-01,2026-09-26T10:00:27.039Z,23.82,0,0
perimetro-bodega-01,2026-09-26T09:58:56.647Z,24.19,0,0
perimetro-bodega-01,2026-09-26T09:57:26.304Z,23.97,0,0
perimetro-bodega-01,2026-09-26T09:55:55.935Z,24.19,0,0
perimetro-bodega-01,2026-09-26T09:54:25.667Z,23.76,0,0
perimetro-bodega-01,2026-09-26T09:52:55.315Z,23.9,0,0
perimetro-bodega-01,2026-09-26T09:51:24.952Z,24.13,0,0
perimetro-bodega-01,2026-09-26T09:49:54.601Z,23.68,1,0
perimetro-bodega-01,2026-09-26T09:48:24.243Z,23.63,0,0
perimetro-bodega-01,2026-09-26T09:46:53.891Z,23.89,0,1
perimetro-bodega-01,2026-09-26T09:45:23.57Z,23.97,0,0
perimetro-bodega-01,2026-09-26T09:43:53.189Z,23.81,0,0
perimetro-bodega-01,2026-09-26T09:42:22.876Z,23.77,0,0
perimetro-bodega-01,2026-09-26T09:40:52.488Z,23.64,0,0
perimetro-bodega-01,2026-09-26T09:39:22.073Z,23.49,0,0
perimetro-bodega-01,2026-09-26T09:37:51.714Z,24.03,0,1
perimetro-bodega-01,2026-09-26T09:36:21.35Z,23.49,0,0
perimetro-bodega-01,2026-09-26T09:34:50.985Z,23.92,1,0
perimetro-bodega-01,2026-09-26T09:33:20.611Z,23.86,0,0
perimetro-bodega-01,2026-09-26T09:31:50.215Z,23.55,0,0
perimetro-bodega-01,2026-09-26T09:30:19.911Z,23.92,0,0
perimetro-bodega-01,2026-09-26T09:28:49.58Z,23.48,0,0
perimetro-bodega-01,2026-09-26T09:27:19.179Z,23.83,0,0
perimetro-bodega-01,2026-09-26T09:25:48.879Z,23.91,0,0
perimetro-bodega-01,2026-09-26T09:24:18.487Z,23.6,0,0
perimetro-bodega-01,2026-09-26T09:22:48.186Z,23.57,0,0
perimetro-bodega-01,2026-09-26T09:21:17.84Z,23.62,0,0
perimetro-bodega-01,2026-09-26T09:19:47.449Z,23.3,0,0
perimetro-bodega-01,2026-09-26T09:18:17.074Z,23.63,0,1
perimetro-bodega-01,2026-09-26T09:16:46.708Z,23.64,0,0
perimetro-bodega-01,2026-09-26T09:15:16.405Z,23.36,0,0
perimetro-bodega-01,2026-09-26T09:13:46.082Z,23.72,0,0
perimetro-bodega-01,2026-09-26T09:12:15.709Z,23.44,0,0
perimetro-bodega-01,2026-09-26T09:10:45.429Z,23.43,0,1
perimetro-bodega-01,2026-09-26T09:09:15.092Z,23.7,0,0
perimetro-bodega-01,2026-09-26T09:07:44.719Z,23.26,0,0
perimetro-bodega-01,2026-09-26T09:06:14.352Z,23.25,0,0
perimetro-bodega-01,2026-09-26T09:04:44.079Z,23.21,0,0
perimetro-bodega-01,2026-09-26T09:03:13.723Z,23.31,0,0
perimetro-bodega-01,2026-09-26T09:01:43.442Z,23.3,0,1
perimetro-bodega-01,2026-09-26T09:00:13.127Z,23.38,1,0
perimetro-bodega-01,2026-09-26T08:58:42.764Z,23.67,0,0
perimetro-bodega-01,2026-09-26T08:57:12.447Z,23.45,0,0
perimetro-bodega-01,2026-09-26T08:55:42.059Z,23.42,0,0
perimetro-bodega-01,2026-09-26T08:54:11.707Z,23.11,0,1
perimetro-bodega-01,2026-09-26T08:52:41.372Z,23.18,0,0
perimetro-bodega-01,2026-09-26T08:51:10.995Z,23.26,0,0
perimetro-bodega-01,2026-09-26T08:49:40.642Z,23.28,0,0
perimetro-bodega-01,2026-09-26T08:48:10.243Z,23.19,0,0
perimetro-bodega-01,2026-09-26T08:46:39.911Z,23.61,0,0
perimetro-bodega-01,2026-09-26T08:45:09.522Z,23.32,0,0
perimetro-bodega-01,2026-09-26T08:43:39.123Z,23.27,0,0
perimetro-bodega-01,2026-09-26T08:42:08.764Z,23.48,0,0
perimetro-bodega-01,2026-09-26T08:40:38.41Z,23.08,0,0
perimetro-bodega-01,2026-09-26T08:39:08.036Z,23.43,0,0
perimetro-bodega-01,2026-09-26T08:37:37.698Z,23.41,0,0
perimetro-bodega-01,2026-09-26T08:02:07.315Z,23.07,0,0
perimetro-bodega-01,2026-09-26T08:00:36.956Z,23.25,0,0
perimetro-bodega-01,2026-09-26T07:59:06.638Z,22.97,0,0
perimetro-bodega-01,2026-09-26T07:57:36.217Z,23.04,0,0
perimetro-bodega-01,2026-09-26T07:56:05.861Z,23.35,0,0
perimetro-bodega-01,2026-09-26T07:54:35.509Z,23.33,0,0
perimetro-bodega-01,2026-09-26T07:53:05.142Z,23.34,1,0
perimetro-bodega-01,2026-09-26T07:51:34.769Z,23.06,0,1
perimetro-bodega-01,2026-09-26T07:50:04.414Z,23.17,0,0
perimetro-bodega-01,2026-09-26T07:48:34.122Z,23.21,0,0
perimetro-bodega-01,2026-09-26T07:47:03.773Z,23.03,0,0
perimetro-bodega-01,2026-09-26T07:45:33.427Z,22.81,0,0
perimetro-bodega-01,2026-09-26T07:44:03.059Z,23,0,0
perimetro-bodega-01,2026-09-26T07:42:32.69Z,22.89,0,0
perimetro-bodega-01,2026-09-26T07:41:02.294Z,22.78,0,0
perimetro-bodega-01,2026-09-26T07:39:31.961Z,22.75,0,0
perimetro-bodega-01,2026-09-26T07:38:01.606Z,23.05,0,0
perimetro-bodega-01,2026-09-26T07:36:31.244Z,23.24,0,0
perimetro-bodega-01,2026-09-26T07:35:00.881Z,22.96,0,0
perimetro-bodega-01,2026-09-26T07:33:30.505Z,23.16,0,0
perimetro-bodega-01,2026-09-26T07:32:00.143Z,23.2,0,0
perimetro-bodega-01,2026-09-26T07:30:29.783Z,23.27,0,0
perimetro-bodega-01,2026-09-26T07:28:59.464Z,23.03,0,0
perimetro-bodega-01,2026-09-26T07:27:29.141Z,22.96,0,0
perimetro-bodega-01,2026-09-26T07:25:58.754Z,22.97,0,0
perimetro-bodega-01,2026-09-26T07:24:28.422Z,23.31,0,0
perimetro-bodega-01,2026-09-26T07:22:58.149Z,23,0,0
perimetro-bodega-01,2026-09-26T07:21:27.818Z,23.27,0,0
perimetro-bodega-01,2026-09-26T07:19:57.453Z,22.89,0,1
perimetro-bodega-01,2026-09-26T07:18:27.173Z,23.23,0,0
perimetro-bodega-01,2026-09-26T07:16:56.803Z,22.73,0,0
perimetro-bodega-01,2026-09-26T07:15:26.422Z,23.26,0,0
perimetro-bodega-01,2026-09-26T07:13:56.02Z,22.91,0,0
perimetro-bodega-01,2026-09-26T07:12:25.675Z,23.15,0,1
perimetro-bodega-01,2026-09-26T07:10:55.295Z,22.82,0,0
perimetro-bodega-01,2026-09-26T07:09:24.935Z,23.24,0,0
perimetro-bodega-01,2026-09-26T07:07:54.604Z,23.26,0,0
perimetro-bodega-01,2026-09-26T07:06:24.297Z,23.23,0,0
perimetro-bodega-01,2026-09-26T07:04:53.926Z,22.71,0,0
perimetro-bodega-01,2026-09-26T07:03:23.57Z,22.73,0,0
perimetro-bodega-01,2026-09-26T07:01:53.139Z,23.14,0,0
perimetro-bodega-01,2026-09-26T07:00:22.79Z,23.1,0,0
perimetro-bodega-01,2026-09-26T06:58:52.42Z,22.77,0,0
perimetro-bodega-01,2026-09-26T06:57:22.013Z,23.18,0,0
perimetro-bodega-01,2026-09-26T06:55:51.614Z,23,0,0
perimetro-bodega-01,2026-09-26T06:54:21.279Z,22.72,0,1
perimetro-bodega-01,2026-09-26T06:52:50.909Z,23.25,0,0
perimetro-bodega-01,2026-09-26T06:51:20.531Z,22.8,0,0
perimetro-bodega-01,2026-09-26T06:49:50.151Z,22.82,0,0
perimetro-bodega-01,2026-09-26T06:48:19.869Z,23.09,0,0
perimetro-bodega-01,2026-09-26T06:46:49.585Z,22.76,0,0
perimetro-bodega-01,2026-09-26T06:45:19.267Z,22.92,0,0
perimetro-bodega-01,2026-09-26T06:43:48.937Z,22.88,0,0
perimetro-bodega-01,2026-09-26T06:42:18.598Z,23.18,0,0
perimetro-bodega-01,2026-09-26T06:40:48.218Z,22.88,0,0
perimetro-bodega-01,2026-09-26T06:39:17.914Z,23,0,0
perimetro-bodega-01,2026-09-26T06:37:47.526Z,23.06,0,0
perimetro-bodega-01,2026-09-26T06:36:17.193Z,22.89,0,0
perimetro-bodega-01,2026-09-26T06:34:46.834Z,23.12,0,1
perimetro-bodega-01,2026-09-26T06:33:16.438Z,22.88,0,0
perimetro-bodega-01,2026-09-26T06:31:46.116Z,22.83,0,0
perimetro-bodega-01,2026-09-26T06:30:15.735Z,23.05,0,0
perimetro-bodega-01,2026-09-26T06:28:45.423Z,22.89,0,0
perimetro-bodega-01,2026-09-26T06:27:15.071Z,23.07,0,0
perimetro-bodega-01,2026-09-26T06:25:44.663Z,22.99,0,0
perimetro-bodega-01,2026-09-26T06:24:14.313Z,22.79,0,0
perimetro-bodega-01,2026-09-26T06:22:44.025Z,23.32,0,0
perimetro-bodega-01,2026-09-26T06:21:13.679Z,22.96,0,1
perimetro-bodega-01,2026-09-26T06:19:43.359Z,22.8,0,0
perimetro-bodega-01,2026-09-26T06:18:13.03Z,23.01,0,0
perimetro-bodega-01,2026-09-26T06:16:42.73Z,23.2,0,0
perimetro-bodega-01,2026-09-26T06:16:17.209Z,23.2,0,0
perimetro-bodega-01,2026-09-26T06:14:46.818Z,23.31,0,0
perimetro-bodega-01,2026-09-26T06:13:16.49Z,22.82,0,0
perimetro-bodega-01,2026-09-26T06:11:46.154Z,22.98,0,0
perimetro-bodega-01,2026-09-26T06:10:15.798Z,22.87,0,0
perimetro-bodega-01,2026-09-26T06:08:45.464Z,23.23,0,0
perimetro-bodega-01,2026-09-26T06:07:15.116Z,23.1,0,1
perimetro-bodega-01,2026-09-26T06:05:44.79Z,22.96,0,0
perimetro-bodega-01,2026-09-26T06:04:14.425Z,23.01,0,0
perimetro-bodega-01,2026-09-26T06:02:44.077Z,23.2,0,0
perimetro-bodega-01,2026-09-26T06:01:13.734Z,23.38,0,0
perimetro-bodega-01,2026-09-26T05:59:43.376Z,23.08,1,0
perimetro-bodega-01,2026-09-26T05:58:12.991Z,23.15,0,0
perimetro-bodega-01,2026-09-26T05:56:42.602Z,23.37,0,0
perimetro-bodega-01,2026-09-26T05:55:12.238Z,23.06,0,0
perimetro-bodega-01,2026-09-26T05:53:41.905Z,22.94,0,0
perimetro-bodega-01,2026-09-26T05:52:11.541Z,23.28,0,0
perimetro-bodega-01,2026-09-26T05:50:41.193Z,23.42,0,0
perimetro-bodega-01,2026-09-26T05:49:10.843Z,23.05,0,0
perimetro-bodega-01,2026-09-26T05:47:40.45Z,23.19,0,0
perimetro-bodega-01,2026-09-26T05:46:10.076Z,23.42,1,0
perimetro-bodega-01,2026-09-26T05:44:39.686Z,23.04,1,0
perimetro-bodega-01,2026-09-26T05:43:09.411Z,23.19,0,0
perimetro-bodega-01,2026-09-26T05:41:39.053Z,23.06,0,0
perimetro-bodega-01,2026-09-26T05:40:08.675Z,22.98,0,0
perimetro-bodega-01,2026-09-26T05:38:38.405Z,23.35,0,0
perimetro-bodega-01,2026-09-26T05:37:08.065Z,23.22,0,0
perimetro-bodega-01,2026-09-26T05:35:37.71Z,23.35,0,0
perimetro-bodega-01,2026-09-26T05:34:07.347Z,23.29,0,0
perimetro-bodega-01,2026-09-26T05:32:37.004Z,23.04,0,1
perimetro-bodega-01,2026-09-26T05:31:06.656Z,23,0,1
perimetro-bodega-01,2026-09-26T05:29:36.297Z,23.01,1,0
perimetro-bodega-01,2026-09-26T05:28:05.918Z,23.46,0,0
perimetro-bodega-01,2026-09-26T05:26:35.564Z,23.05,0,0
perimetro-bodega-01,2026-09-26T05:25:05.153Z,23.16,0,0
perimetro-bodega-01,2026-09-26T05:23:34.776Z,23,0,0
perimetro-bodega-01,2026-09-26T05:22:04.438Z,23.56,0,0
perimetro-bodega-01,2026-09-26T05:20:34.083Z,23.43,0,0
perimetro-bodega-01,2026-09-26T05:19:03.768Z,23.09,0,0
perimetro-bodega-01,2026-09-26T05:17:33.442Z,23.44,0,0
perimetro-bodega-01,2026-09-26T05:16:03.074Z,23.06,0,0
perimetro-bodega-01,2026-09-26T05:14:32.754Z,23.2,0,0
perimetro-bodega-01,2026-09-26T05:13:02.36Z,23.35,0,0
perimetro-bodega-01,2026-09-26T05:11:32.095Z,23.62,0,0
perimetro-bodega-01,2026-09-26T05:10:01.714Z,23.15,0,0
perimetro-bodega-01,2026-09-26T05:08:31.364Z,23.18,0,0
perimetro-bodega-01,2026-09-26T05:07:00.997Z,23.46,0,0
perimetro-bodega-01,2026-09-26T05:05:30.701Z,23.3,0,0
perimetro-bodega-01,2026-09-26T05:04:00.34Z,23.63,0,0
perimetro-bodega-01,2026-09-26T05:02:30.026Z,23.51,0,1
perimetro-bodega-01,2026-09-26T04:26:59.641Z,23.9,0,0
perimetro-bodega-01,2026-09-26T04:25:29.292Z,23.51,0,0
perimetro-bodega-01,2026-09-26T04:23:58.95Z,23.87,0,0
perimetro-bodega-01,2026-09-26T04:22:28.587Z,23.74,0,0
perimetro-bodega-01,2026-09-26T04:20:58.301Z,23.79,0,0
perimetro-bodega-01,2026-09-26T04:19:27.922Z,23.49,0,0
perimetro-bodega-01,2026-09-26T04:17:57.578Z,23.68,0,0
perimetro-bodega-01,2026-09-26T04:16:27.232Z,24.06,0,0
perimetro-bodega-01,2026-09-26T04:14:56.898Z,24.06,0,0
perimetro-bodega-01,2026-09-26T04:13:26.551Z,23.84,0,0
perimetro-bodega-01,2026-09-26T04:11:56.202Z,23.66,0,0
perimetro-bodega-01,2026-09-26T04:10:25.911Z,23.58,0,0
perimetro-bodega-01,2026-09-26T04:08:55.556Z,23.8,0,1
perimetro-bodega-01,2026-09-26T04:07:25.177Z,24.03,0,0
perimetro-bodega-01,2026-09-26T04:05:54.827Z,23.9,0,0
perimetro-bodega-01,2026-09-26T04:04:24.532Z,23.99,0,1
perimetro-bodega-01,2026-09-26T04:02:54.202Z,24.05,0,1
perimetro-bodega-01,2026-09-26T04:01:23.87Z,24.06,1,0
perimetro-bodega-01,2026-09-26T03:59:53.522Z,23.83,0,0
perimetro-bodega-01,2026-09-26T03:58:23.164Z,23.99,0,0
perimetro-bodega-01,2026-09-26T03:56:52.784Z,23.92,0,0
perimetro-bodega-01,2026-09-26T03:55:22.413Z,23.89,0,1
perimetro-bodega-01,2026-09-26T03:53:52.076Z,24.31,0,0
perimetro-bodega-01,2026-09-26T03:52:21.655Z,23.9,0,0
perimetro-bodega-01,2026-09-26T03:50:51.277Z,23.89,0,0
perimetro-bodega-01,2026-09-26T03:49:20.882Z,23.83,0,0
perimetro-bodega-01,2026-09-26T03:47:50.54Z,23.95,0,1
perimetro-bodega-01,2026-09-26T03:46:20.159Z,23.91,1,0
perimetro-bodega-01,2026-09-26T03:44:49.802Z,24.08,0,0
perimetro-bodega-01,2026-09-26T03:43:19.435Z,23.97,0,1
perimetro-bodega-01,2026-09-26T03:41:48.949Z,23.89,0,0
perimetro-bodega-01,2026-09-26T03:40:18.565Z,24,0,0
perimetro-bodega-01,2026-09-26T03:38:48.22Z,24.18,0,0
perimetro-bodega-01,2026-09-26T03:37:17.862Z,24.2,0,0
perimetro-bodega-01,2026-09-26T03:35:47.498Z,23.96,0,0
perimetro-bodega-01,2026-09-26T03:34:17.145Z,23.94,0,0
perimetro-bodega-01,2026-09-26T03:32:46.802Z,24.3,0,0
perimetro-bodega-01,2026-09-26T03:31:16.451Z,24.1,0,0
perimetro-bodega-01,2026-09-26T03:29:46.067Z,24.34,0,0
perimetro-bodega-01,2026-09-26T03:28:15.708Z,24.39,0,0
perimetro-bodega-01,2026-09-26T03:26:45.376Z,24.1,1,0
perimetro-bodega-01,2026-09-26T03:25:15.045Z,24.32,0,1
perimetro-bodega-01,2026-09-26T03:23:44.728Z,24.59,0,0
perimetro-bodega-01,2026-09-26T03:22:14.413Z,24.44,0,0
perimetro-bodega-01,2026-09-26T03:20:44.053Z,24.57,0,0
perimetro-bodega-01,2026-09-26T03:19:13.723Z,24.31,0,0
perimetro-bodega-01,2026-09-26T03:17:43.414Z,24.55,1,0
perimetro-bodega-01,2026-09-26T03:16:13.016Z,24.25,0,0
perimetro-bodega-01,2026-09-26T03:14:42.744Z,24.33,0,0
perimetro-bodega-01,2026-09-26T03:13:12.392Z,24.27,0,1
perimetro-bodega-01,2026-09-26T03:11:42.009Z,24.22,0,0
perimetro-bodega-01,2026-09-26T03:10:11.661Z,24.33,0,0
perimetro-bodega-01,2026-09-26T03:08:41.292Z,24.54,0,0
perimetro-bodega-01,2026-09-26T03:07:10.914Z,24.79,0,0
perimetro-bodega-01,2026-09-26T03:05:40.587Z,24.79,0,0
perimetro-bodega-01,2026-09-26T03:04:10.181Z,24.32,0,0
perimetro-bodega-01,2026-09-26T03:02:39.85Z,24.67,0,0
perimetro-bodega-01,2026-09-26T03:01:09.5Z,24.46,0,0
perimetro-bodega-01,2026-09-26T02:59:39.158Z,24.37,0,1
perimetro-bodega-01,2026-09-26T02:58:08.794Z,24.78,0,0
perimetro-bodega-01,2026-09-26T02:56:38.524Z,24.51,1,0
perimetro-bodega-01,2026-09-26T02:55:08.174Z,24.79,0,0
perimetro-bodega-01,2026-09-26T02:53:37.829Z,24.64,0,0
perimetro-bodega-01,2026-09-26T02:52:07.506Z,24.57,0,1
perimetro-bodega-01,2026-09-26T02:50:37.117Z,24.63,0,0
perimetro-bodega-01,2026-09-26T02:49:06.768Z,24.51,0,0
perimetro-bodega-01,2026-09-26T02:47:36.394Z,24.71,0,0
perimetro-bodega-01,2026-09-26T02:46:06.038Z,24.73,0,1
perimetro-bodega-01,2026-09-26T02:44:35.706Z,24.65,0,0
perimetro-bodega-01,2026-09-26T02:43:05.37Z,24.7,0,0
perimetro-bodega-01,2026-09-26T02:41:35.033Z,24.67,0,0
perimetro-bodega-01,2026-09-26T02:40:04.704Z,25.05,0,0
perimetro-bodega-01,2026-09-26T02:38:34.354Z,24.62,0,0
perimetro-bodega-01,2026-09-26T02:37:03.992Z,24.75,0,0
perimetro-bodega-01,2026-09-26T02:35:33.676Z,24.94,0,0
perimetro-bodega-01,2026-09-26T02:34:03.313Z,24.7,0,0
perimetro-bodega-01,2026-09-26T02:32:32.956Z,24.81,0,0
perimetro-bodega-01,2026-09-26T02:31:02.548Z,24.96,0,0
perimetro-bodega-01,2026-09-26T02:29:32.173Z,25.25,0,0
perimetro-bodega-01,2026-09-26T02:28:01.845Z,25.11,0,0
perimetro-bodega-01,2026-09-26T02:26:31.516Z,25.2,0,0
perimetro-bodega-01,2026-09-26T02:25:01.171Z,25.29,0,1
perimetro-bodega-01,2026-09-26T02:23:30.84Z,24.85,0,0
perimetro-bodega-01,2026-09-26T02:22:00.518Z,24.91,0,0
perimetro-bodega-01,2026-09-26T02:20:30.108Z,25.08,0,0
perimetro-bodega-01,2026-09-26T02:18:59.806Z,25.24,0,0
perimetro-bodega-01,2026-09-26T02:17:29.46Z,25.11,1,0
perimetro-bodega-01,2026-09-26T02:15:59.115Z,25.4,0,0
perimetro-bodega-01,2026-09-26T02:14:28.751Z,25.26,0,0
perimetro-bodega-01,2026-09-26T02:12:58.443Z,25.06,0,0
perimetro-bodega-01,2026-09-26T02:11:28.064Z,25.39,1,0
perimetro-bodega-01,2026-09-26T02:09:57.742Z,25.41,0,0
perimetro-bodega-01,2026-09-26T02:08:27.391Z,25.23,0,0
perimetro-bodega-01,2026-09-26T02:06:57.026Z,25.63,0,0
perimetro-bodega-01,2026-09-26T02:05:26.691Z,25.33,0,0
perimetro-bodega-01,2026-09-26T02:03:56.3Z,25.48,0,0
perimetro-bodega-01,2026-09-26T02:02:25.973Z,25.47,0,0
perimetro-bodega-01,2026-09-26T02:00:55.624Z,25.65,0,0
perimetro-bodega-01,2026-09-26T01:59:25.281Z,25.23,0,0
perimetro-bodega-01,2026-09-26T01:57:54.934Z,25.39,0,0
perimetro-bodega-01,2026-09-26T01:56:24.599Z,25.68,0,0
perimetro-bodega-01,2026-09-26T01:54:54.249Z,25.79,0,0
perimetro-bodega-01,2026-09-26T01:53:23.909Z,25.34,0,0
perimetro-bodega-01,2026-09-26T01:51:53.527Z,25.35,0,0
perimetro-bodega-01,2026-09-26T01:50:23.176Z,25.58,0,0
perimetro-bodega-01,2026-09-26T01:48:52.782Z,25.76,0,0
perimetro-bodega-01,2026-09-26T01:47:22.438Z,25.87,0,0
perimetro-bodega-01,2026-09-26T01:45:52.089Z,25.58,0,0
perimetro-bodega-01,2026-09-26T01:44:21.759Z,25.47,0,0
perimetro-bodega-01,2026-09-26T01:42:51.372Z,25.4,0,0
perimetro-bodega-01,2026-09-26T01:41:21.025Z,25.53,0,0
perimetro-bodega-01,2026-09-26T01:39:50.753Z,25.89,0,0
perimetro-bodega-01,2026-09-26T01:38:20.412Z,25.88,0,0
perimetro-bodega-01,2026-09-26T01:36:50.045Z,25.81,0,0
perimetro-bodega-01,2026-09-26T01:35:19.73Z,25.71,0,0
perimetro-bodega-01,2026-09-26T01:33:49.365Z,26.07,0,0
perimetro-bodega-01,2026-09-26T01:32:19.01Z,26.1,0,0
perimetro-bodega-01,2026-09-26T01:30:48.697Z,25.67,0,0
perimetro-bodega-01,2026-09-26T01:29:18.414Z,25.98,0,0
perimetro-bodega-01,2026-09-26T01:27:48.065Z,25.76,0,0
perimetro-bodega-01,2026-09-26T00:51:47.677Z,26.47,0,0
perimetro-bodega-01,2026-09-26T00:50:17.325Z,26.28,0,0
perimetro-bodega-01,2026-09-26T00:48:46.995Z,26.28,0,0
perimetro-bodega-01,2026-09-26T00:47:16.642Z,26.48,0,0
perimetro-bodega-01,2026-09-26T00:45:46.279Z,26.49,0,0
perimetro-bodega-01,2026-09-26T00:44:15.95Z,26.7,0,0
perimetro-bodega-01,2026-09-26T00:42:45.593Z,26.52,0,0
perimetro-bodega-01,2026-09-26T00:41:15.245Z,26.38,0,0
perimetro-bodega-01,2026-09-26T00:39:44.889Z,26.8,0,0
perimetro-bodega-01,2026-09-26T00:38:14.553Z,26.53,0,0
perimetro-bodega-01,2026-09-26T00:36:44.216Z,26.53,0,0
perimetro-bodega-01,2026-09-26T00:35:13.795Z,26.7,0,0
perimetro-bodega-01,2026-09-26T00:33:43.43Z,26.77,0,0
perimetro-bodega-01,2026-09-26T00:32:13.162Z,26.52,0,0
perimetro-bodega-01,2026-09-26T00:30:42.826Z,26.86,0,0
perimetro-bodega-01,2026-09-26T00:29:12.481Z,26.84,0,0
perimetro-bodega-01,2026-09-26T00:27:42.142Z,26.52,0,0
perimetro-bodega-01,2026-09-26T00:26:11.786Z,26.45,0,0
perimetro-bodega-01,2026-09-26T00:24:41.47Z,27.04,0,0
perimetro-bodega-01,2026-09-26T00:23:11.104Z,26.87,0,0
perimetro-bodega-01,2026-09-26T00:21:40.755Z,26.92,0,0
perimetro-bodega-01,2026-09-26T00:20:10.412Z,26.93,0,0
perimetro-bodega-01,2026-09-26T00:18:40.062Z,26.62,0,1
perimetro-bodega-01,2026-09-26T00:17:09.714Z,27.01,0,0
perimetro-bodega-01,2026-09-26T00:15:39.398Z,26.81,0,0
perimetro-bodega-01,2026-09-26T00:14:09.066Z,27.11,0,0
perimetro-bodega-01,2026-09-26T00:12:38.684Z,27.18,0,0
perimetro-bodega-01,2026-09-26T00:11:08.305Z,26.65,0,0
perimetro-bodega-01,2026-09-26T00:09:37.973Z,26.92,0,0
perimetro-bodega-01,2026-09-26T00:08:07.616Z,27.19,0,0
perimetro-bodega-01,2026-09-26T00:06:37.206Z,27.3,0,0
perimetro-bodega-01,2026-09-26T00:05:06.827Z,26.79,0,0
perimetro-bodega-01,2026-09-26T00:03:36.467Z,26.83,0,0
perimetro-bodega-01,2026-09-26T00:02:06.128Z,26.97,0,1
perimetro-bodega-01,2026-09-26T00:00:35.794Z,27.03,0,0
perimetro-bodega-01,2026-09-25T23:59:05.481Z,27.39,0,0
perimetro-bodega-01,2026-09-25T23:57:35.153Z,27.24,0,0
perimetro-bodega-01,2026-09-25T23:56:04.785Z,27.12,0,0
perimetro-bodega-01,2026-09-25T23:54:34.423Z,27.15,0,0
perimetro-bodega-01,2026-09-25T23:53:04.084Z,27.3,0,0
perimetro-bodega-01,2026-09-25T23:51:33.687Z,27.27,0,1
perimetro-bodega-01,2026-09-25T23:50:03.34Z,27.24,0,0
perimetro-bodega-01,2026-09-25T23:48:32.947Z,27.3,1,0
perimetro-bodega-01,2026-09-25T23:47:02.593Z,27.18,0,0
perimetro-bodega-01,2026-09-25T23:45:32.201Z,27.4,0,0
perimetro-bodega-01,2026-09-25T23:44:01.814Z,27.39,0,1
perimetro-bodega-01,2026-09-25T23:42:31.448Z,27.21,0,0
perimetro-bodega-01,2026-09-25T23:41:01.129Z,27.3,0,0
perimetro-bodega-01,2026-09-25T23:39:30.852Z,27.32,0,0
perimetro-bodega-01,2026-09-25T23:38:00.539Z,27.25,0,0
perimetro-bodega-01,2026-09-25T23:36:30.197Z,27.55,0,0
perimetro-bodega-01,2026-09-25T23:34:59.86Z,27.65,0,0
perimetro-bodega-01,2026-09-25T23:33:29.489Z,27.7,0,0
perimetro-bodega-01,2026-09-25T23:31:59.142Z,27.21,0,0
perimetro-bodega-01,2026-09-25T23:30:28.783Z,27.26,0,0
perimetro-bodega-01,2026-09-25T23:28:58.458Z,27.57,0,0
perimetro-bodega-01,2026-09-25T23:27:28.173Z,27.56,0,0
perimetro-bodega-01,2026-09-25T23:25:57.809Z,27.64,0,0
perimetro-bodega-01,2026-09-25T23:24:27.465Z,27.47,0,0
perimetro-bodega-01,2026-09-25T23:22:57.14Z,27.66,0,0
perimetro-bodega-01,2026-09-25T23:21:26.82Z,27.56,0,0
perimetro-bodega-01,2026-09-25T23:19:56.481Z,27.78,0,0
perimetro-bodega-01,2026-09-25T23:18:26.148Z,27.78,0,0
perimetro-bodega-01,2026-09-25T23:16:55.786Z,27.49,0,0
perimetro-bodega-01,2026-09-25T23:15:25.465Z,27.9,0,0
perimetro-bodega-01,2026-09-25T23:13:55.116Z,27.57,0,0
perimetro-bodega-01,2026-09-25T23:12:24.775Z,27.47,0,0
perimetro-bodega-01,2026-09-25T23:10:54.438Z,28.03,0,0
perimetro-bodega-01,2026-09-25T23:09:24.107Z,27.76,0,0
perimetro-bodega-01,2026-09-25T23:07:53.738Z,28.03,0,0
perimetro-bodega-01,2026-09-25T23:06:23.39Z,28.03,0,0
perimetro-bodega-01,2026-09-25T23:04:53.007Z,27.95,0,0
perimetro-bodega-01,2026-09-25T23:03:22.635Z,27.81,0,0
perimetro-bodega-01,2026-09-25T23:01:52.327Z,27.98,0,0
perimetro-bodega-01,2026-09-25T23:00:21.981Z,27.61,0,0
perimetro-bodega-01,2026-09-25T22:58:51.646Z,27.69,0,0
perimetro-bodega-01,2026-09-25T22:57:21.257Z,27.82,0,0
perimetro-bodega-01,2026-09-25T22:55:50.908Z,27.64,0,0
perimetro-bodega-01,2026-09-25T22:54:20.549Z,27.91,1,0
perimetro-bodega-01,2026-09-25T22:52:50.176Z,28.16,0,0
perimetro-bodega-01,2026-09-25T22:51:19.795Z,28.03,0,0
perimetro-bodega-01,2026-09-25T22:49:49.486Z,27.78,1,1
perimetro-bodega-01,2026-09-25T22:48:19.147Z,27.86,0,0
perimetro-bodega-01,2026-09-25T22:46:48.789Z,28.3,0,1
perimetro-bodega-01,2026-09-25T22:45:18.475Z,28.1,1,0
perimetro-bodega-01,2026-09-25T22:43:48.133Z,28.1,0,0
perimetro-bodega-01,2026-09-25T22:42:17.746Z,28.29,0,0
perimetro-bodega-01,2026-09-25T22:40:47.406Z,27.98,0,0
perimetro-bodega-01,2026-09-25T22:39:17.087Z,28.29,0,0
perimetro-bodega-01,2026-09-25T22:37:46.697Z,28.24,0,0
perimetro-bodega-01,2026-09-25T22:36:16.375Z,28.46,0,0
perimetro-bodega-01,2026-09-25T22:34:46.106Z,28,0,0
perimetro-bodega-01,2026-09-25T22:33:15.759Z,28.3,0,0
perimetro-bodega-01,2026-09-25T22:31:45.438Z,28.42,0,0
perimetro-bodega-01,2026-09-25T22:30:15.079Z,28.1,0,0
perimetro-bodega-01,2026-09-25T22:28:44.748Z,28.13,0,0
perimetro-bodega-01,2026-09-25T22:27:14.422Z,28.22,0,0
perimetro-bodega-01,2026-09-25T22:25:44.046Z,28.44,0,0
perimetro-bodega-01,2026-09-25T22:24:13.717Z,28.55,0,0
perimetro-bodega-01,2026-09-25T22:22:43.359Z,28.09,0,0
perimetro-bodega-01,2026-09-25T22:21:12.995Z,28.1,1,0
perimetro-bodega-01,2026-09-25T22:19:42.623Z,28.15,0,0
perimetro-bodega-01,2026-09-25T22:18:12.298Z,28.2,0,0
perimetro-bodega-01,2026-09-25T22:16:41.947Z,28.34,0,0
perimetro-bodega-01,2026-09-25T22:15:11.589Z,28.4,1,0
perimetro-bodega-01,2026-09-25T22:13:41.225Z,28.14,0,0
perimetro-bodega-01,2026-09-25T22:12:10.861Z,28.41,0,0
perimetro-bodega-01,2026-09-25T22:10:40.528Z,28.27,1,0
perimetro-bodega-01,2026-09-25T22:09:10.179Z,28.19,0,0
perimetro-bodega-01,2026-09-25T22:07:39.831Z,28.72,0,0
perimetro-bodega-01,2026-09-25T22:06:09.438Z,28.21,0,0
perimetro-bodega-01,2026-09-25T22:04:39.123Z,28.51,0,1
perimetro-bodega-01,2026-09-25T22:03:08.749Z,28.39,0,0
perimetro-bodega-01,2026-09-25T22:01:38.358Z,28.43,0,0
perimetro-bodega-01,2026-09-25T22:00:08.016Z,28.82,0,0
perimetro-bodega-01,2026-09-25T21:58:37.695Z,28.55,0,0
perimetro-bodega-01,2026-09-25T21:57:07.316Z,28.67,0,1
perimetro-bodega-01,2026-09-25T21:55:36.952Z,28.87,0,0
perimetro-bodega-01,2026-09-25T21:54:06.587Z,28.35,0,0
perimetro-bodega-01,2026-09-25T21:52:36.234Z,28.88,0,0
perimetro-bodega-01,2026-09-25T21:16:35.876Z,28.7,0,0
perimetro-bodega-01,2026-09-25T21:15:05.46Z,28.73,0,0
perimetro-bodega-01,2026-09-25T21:13:35.141Z,28.8,0,0
perimetro-bodega-01,2026-09-25T21:12:04.845Z,29.13,0,0
perimetro-bodega-01,2026-09-25T21:10:34.455Z,29.18,0,0
perimetro-bodega-01,2026-09-25T21:09:04.152Z,29.24,0,0
perimetro-bodega-01,2026-09-25T21:07:33.785Z,29.21,0,0
perimetro-bodega-01,2026-09-25T21:06:03.456Z,29.25,1,0
perimetro-bodega-01,2026-09-25T21:04:33.12Z,28.96,0,0
perimetro-bodega-01,2026-09-25T21:03:02.776Z,29.12,0,0
perimetro-bodega-01,2026-09-25T21:01:32.447Z,28.96,0,0
perimetro-bodega-01,2026-09-25T21:00:02.058Z,29.17,0,0
perimetro-bodega-01,2026-09-25T20:58:31.684Z,29.28,0,0
perimetro-bodega-01,2026-09-25T20:57:01.377Z,28.9,0,0
perimetro-bodega-01,2026-09-25T20:55:31.031Z,28.83,0,0
perimetro-bodega-01,2026-09-25T20:54:00.679Z,29.06,0,0
perimetro-bodega-01,2026-09-25T20:52:30.323Z,29.09,0,0
perimetro-bodega-01,2026-09-25T20:50:59.975Z,29,0,0
perimetro-bodega-01,2026-09-25T20:49:29.618Z,28.97,0,0
perimetro-bodega-01,2026-09-25T20:47:59.27Z,29.33,0,0
perimetro-bodega-01,2026-09-25T20:46:28.939Z,29.02,0,0
perimetro-bodega-01,2026-09-25T20:44:58.592Z,29.07,0,0
perimetro-bodega-01,2026-09-25T20:43:28.218Z,28.97,0,0
perimetro-bodega-01,2026-09-25T20:41:57.866Z,29.23,0,0
perimetro-bodega-01,2026-09-25T20:40:27.459Z,29.12,0,0
perimetro-bodega-01,2026-09-25T20:38:57.099Z,29.2,0,0
perimetro-bodega-01,2026-09-25T20:37:26.746Z,29.42,0,1
perimetro-bodega-01,2026-09-25T20:35:56.435Z,29.06,0,0
perimetro-bodega-01,2026-09-25T20:34:26.092Z,29.49,0,0
perimetro-bodega-01,2026-09-25T20:32:55.811Z,29.29,1,1
perimetro-bodega-01,2026-09-25T20:31:25.467Z,29.18,0,0
perimetro-bodega-01,2026-09-25T20:29:55.148Z,29.23,0,0
perimetro-bodega-01,2026-09-25T20:28:24.757Z,28.98,1,0
perimetro-bodega-01,2026-09-25T20:26:54.467Z,29.44,0,0
perimetro-bodega-01,2026-09-25T20:25:24.123Z,29.23,0,0
perimetro-bodega-01,2026-09-25T20:23:53.781Z,29.51,1,0
perimetro-bodega-01,2026-09-25T20:22:23.427Z,29.22,0,1
perimetro-bodega-01,2026-09-25T20:20:53.03Z,29.05,0,0
perimetro-bodega-01,2026-09-25T20:19:22.662Z,29.21,0,0
perimetro-bodega-01,2026-09-25T20:17:52.35Z,29.36,0,0
perimetro-bodega-01,2026-09-25T20:16:21.974Z,29.56,0,0
perimetro-bodega-01,2026-09-25T20:14:51.551Z,29.09,0,0
perimetro-bodega-01,2026-09-25T20:13:21.18Z,29.49,0,0
perimetro-bodega-01,2026-09-25T20:11:50.845Z,29.37,0,0
perimetro-bodega-01,2026-09-25T20:10:20.454Z,29.31,0,0
perimetro-bodega-01,2026-09-25T20:08:50.111Z,29.38,0,0
perimetro-bodega-01,2026-09-25T20:07:19.748Z,29.23,0,1
perimetro-bodega-01,2026-09-25T20:05:49.411Z,29.5,0,0
perimetro-bodega-01,2026-09-25T20:04:19.079Z,29.57,0,0
perimetro-bodega-01,2026-09-25T20:02:48.717Z,29.39,0,0
perimetro-bodega-01,2026-09-25T20:01:18.356Z,29.65,0,0
perimetro-bodega-01,2026-09-25T19:59:47.991Z,29.12,0,1
perimetro-bodega-01,2026-09-25T19:58:17.63Z,29.27,0,0
perimetro-bodega-01,2026-09-25T19:56:47.28Z,29.69,0,0
perimetro-bodega-01,2026-09-25T19:55:16.885Z,29.6,0,1
perimetro-bodega-01,2026-09-25T19:53:46.506Z,29.38,0,0
perimetro-bodega-01,2026-09-25T19:52:16.148Z,29.61,0,0
perimetro-bodega-01,2026-09-25T19:50:45.813Z,29.6,1,0
perimetro-bodega-01,2026-09-25T19:49:15.423Z,29.57,0,0
perimetro-bodega-01,2026-09-25T19:47:45.06Z,29.35,0,0
perimetro-bodega-01,2026-09-25T19:46:14.683Z,29.68,0,0
perimetro-bodega-01,2026-09-25T19:44:44.291Z,29.23,0,0
perimetro-bodega-01,2026-09-25T19:43:13.979Z,29.22,1,0
perimetro-bodega-01,2026-09-25T19:41:43.666Z,29.65,0,0
perimetro-bodega-01,2026-09-25T19:40:13.342Z,29.66,0,0
perimetro-bodega-01,2026-09-25T19:38:42.999Z,29.7,0,0
perimetro-bodega-01,2026-09-25T19:37:12.595Z,29.33,0,0
perimetro-bodega-01,2026-09-25T19:35:42.281Z,29.52,0,1
perimetro-bodega-01,2026-09-25T19:34:11.953Z,29.28,0,0
perimetro-bodega-01,2026-09-25T19:32:41.618Z,29.43,0,0
perimetro-bodega-01,2026-09-25T19:31:11.267Z,29.66,0,0
perimetro-bodega-01,2026-09-25T19:29:40.999Z,29.3,0,0
perimetro-bodega-01,2026-09-25T19:28:10.659Z,29.62,0,0
perimetro-bodega-01,2026-09-25T19:26:40.296Z,29.39,0,0
perimetro-bodega-01,2026-09-25T19:25:09.964Z,29.57,0,1
perimetro-bodega-01,2026-09-25T19:23:39.608Z,29.32,0,0
perimetro-bodega-01,2026-09-25T19:22:09.223Z,29.19,0,0
perimetro-bodega-01,2026-09-25T19:20:38.848Z,29.72,0,0
perimetro-bodega-01,2026-09-25T19:19:08.486Z,29.63,1,1
perimetro-bodega-01,2026-09-25T19:17:38.143Z,29.35,0,0
perimetro-bodega-01,2026-09-25T19:16:07.75Z,29.75,0,0
perimetro-bodega-01,2026-09-25T19:14:37.37Z,29.47,0,0
perimetro-bodega-01,2026-09-25T19:13:07.054Z,29.4,0,0
perimetro-bodega-01,2026-09-25T19:11:36.708Z,29.68,0,0
perimetro-bodega-01,2026-09-25T19:10:06.344Z,29.56,0,0
perimetro-bodega-01,2026-09-25T19:08:35.989Z,29.59,0,0
perimetro-bodega-01,2026-09-25T19:07:05.662Z,29.78,0,0
perimetro-bodega-01,2026-09-25T19:05:35.377Z,29.3,0,0
perimetro-bodega-01,2026-09-25T19:04:05.045Z,29.61,0,0
perimetro-bodega-01,2026-09-25T19:02:34.694Z,29.64,0,0
perimetro-bodega-01,2026-09-25T19:01:04.378Z,29.61,0,0
perimetro-bodega-01,2026-09-25T18:59:34.017Z,29.71,0,1
perimetro-bodega-01,2026-09-25T18:58:03.675Z,29.65,1,0
perimetro-bodega-01,2026-09-25T18:56:33.329Z,29.7,0,1
perimetro-bodega-01,2026-09-25T18:55:02.903Z,29.27,0,0
perimetro-bodega-01,2026-09-25T18:53:32.558Z,29.69,0,0
perimetro-bodega-01,2026-09-25T18:52:02.194Z,29.53,0,0
perimetro-bodega-01,2026-09-25T18:50:31.83Z,29.6,0,0
perimetro-bodega-01,2026-09-25T18:49:01.466Z,29.61,0,0
perimetro-bodega-01,2026-09-25T18:47:31.097Z,29.38,0,0
perimetro-bodega-01,2026-09-25T18:46:00.75Z,29.77,0,0
perimetro-bodega-01,2026-09-25T18:44:30.39Z,29.21,0,0
perimetro-bodega-01,2026-09-25T18:43:00.022Z,29.57,0,0
perimetro-bodega-01,2026-09-25T18:41:29.681Z,29.61,0,0
perimetro-bodega-01,2026-09-25T18:39:59.3Z,29.69,0,0
perimetro-bodega-01,2026-09-25T18:38:28.937Z,29.41,0,0
perimetro-bodega-01,2026-09-25T18:36:58.575Z,29.58,0,0
perimetro-bodega-01,2026-09-25T18:35:28.242Z,29.7,0,0
perimetro-bodega-01,2026-09-25T18:33:57.866Z,29.59,0,0
perimetro-bodega-01,2026-09-25T18:32:27.568Z,29.18,0,1
perimetro-bodega-01,2026-09-25T18:30:57.299Z,29.43,0,0
perimetro-bodega-01,2026-09-25T18:29:26.956Z,29.4,0,1
perimetro-bodega-01,2026-09-25T18:27:56.624Z,29.25,0,0
perimetro-bodega-01,2026-09-25T18:26:26.285Z,29.6,0,0
perimetro-bodega-01,2026-09-25T18:24:55.891Z,29.58,0,0
perimetro-bodega-01,2026-09-25T18:23:25.543Z,29.29,0,0
perimetro-bodega-01,2026-09-25T18:21:55.193Z,29.68,0,1
perimetro-bodega-01,2026-09-25T18:20:24.845Z,29.56,0,0
perimetro-bodega-01,2026-09-25T18:18:54.487Z,29.34,0,0
perimetro-bodega-01,2026-09-25T18:18:54.487Z,29.34,0,0
perimetro-bodega-01,2026-09-25T18:17:24.151Z,29.62,0,0
perimetro-bodega-01,2026-09-25T17:41:53.853Z,29.23,0,0
perimetro-bodega-01,2026-09-25T17:40:23.507Z,29.59,0,1
perimetro-bodega-01,2026-09-25T17:38:53.124Z,29.31,0,0
perimetro-bodega-01,2026-09-25T17:37:22.778Z,29.34,0,0
perimetro-bodega-01,2026-09-25T17:35:52.386Z,29,1,0
perimetro-bodega-01,2026-09-25T17:34:22.056Z,29.55,0,0
perimetro-bodega-01,2026-09-25T17:32:51.696Z,29.37,0,0
perimetro-bodega-01,2026-09-25T17:31:21.33Z,29.3,0,0
perimetro-bodega-01,2026-09-25T17:29:50.999Z,29.4,1,0
perimetro-bodega-01,2026-09-25T17:28:20.607Z,29.33,0,0
perimetro-bodega-01,2026-09-25T17:26:50.222Z,29.39,0,0
perimetro-bodega-01,2026-09-25T17:25:19.844Z,29.49,0,0
perimetro-bodega-01,2026-09-25T17:23:49.525Z,29.39,0,0
perimetro-bodega-01,2026-09-25T17:22:19.183Z,28.99,0,0
perimetro-bodega-01,2026-09-25T17:20:48.85Z,29,0,0
perimetro-bodega-01,2026-09-25T17:19:18.534Z,29.13,0,0
perimetro-bodega-01,2026-09-25T17:17:48.106Z,29.47,0,1
perimetro-bodega-01,2026-09-25T17:16:17.831Z,29.24,0,0
perimetro-bodega-01,2026-09-25T17:14:47.437Z,29.22,0,0
perimetro-bodega-01,2026-09-25T17:13:17.077Z,29.31,0,0
perimetro-bodega-01,2026-09-25T17:11:46.717Z,28.92,0,0
perimetro-bodega-01,2026-09-25T17:10:15.338Z,29.29,0,1
perimetro-bodega-01,2026-09-25T17:08:44.975Z,29.32,0,0
perimetro-bodega-01,2026-09-25T17:07:14.622Z,28.98,1,0
perimetro-bodega-01,2026-09-25T17:05:44.256Z,29.08,0,0
perimetro-bodega-01,2026-09-25T17:04:13.849Z,29.15,0,1
perimetro-bodega-01,2026-09-25T17:02:43.499Z,29.07,0,0
perimetro-bodega-01,2026-09-25T17:01:13.215Z,29.07,0,0
perimetro-bodega-01,2026-09-25T16:59:42.86Z,28.76,0,0
perimetro-bodega-01,2026-09-25T16:58:12.56Z,28.87,0,0
perimetro-bodega-01,2026-09-25T16:56:42.168Z,29.26,0,0
perimetro-bodega-01,2026-09-25T16:55:11.914Z,28.93,1,0
perimetro-bodega-01,2026-09-25T16:53:41.581Z,28.95,0,0
perimetro-bodega-01,2026-09-25T16:52:11.206Z,28.98,0,0
perimetro-bodega-01,2026-09-25T16:50:40.852Z,28.72,0,0
perimetro-bodega-01,2026-09-25T16:49:10.463Z,29.28,0,0
perimetro-bodega-01,2026-09-25T16:47:40.093Z,28.95,1,0
perimetro-bodega-01,2026-09-25T16:46:09.772Z,29.05,0,0
perimetro-bodega-01,2026-09-25T16:44:39.441Z,29.09,0,0
perimetro-bodega-01,2026-09-25T16:42:57.097Z,28.72,0,0
perimetro-bodega-01,2026-09-25T16:41:26.711Z,28.69,0,0
perimetro-bodega-01,2026-09-25T16:39:56.312Z,28.63,0,0
perimetro-bodega-01,2026-09-25T16:38:25.97Z,28.75,0,0
perimetro-bodega-01,2026-09-25T16:36:55.576Z,28.83,0,0
perimetro-bodega-01,2026-09-25T16:35:25.186Z,29.04,0,0
perimetro-bodega-01,2026-09-25T16:33:54.774Z,28.99,0,0
perimetro-bodega-01,2026-09-25T16:32:24.422Z,28.55,0,0
perimetro-bodega-01,2026-09-25T16:30:54.055Z,28.87,0,0
perimetro-bodega-01,2026-09-25T16:29:23.681Z,28.92,0,0
perimetro-bodega-01,2026-09-25T16:27:53.293Z,28.95,0,0
perimetro-bodega-01,2026-09-25T16:26:23.011Z,28.69,0,0
perimetro-bodega-01,2026-09-25T16:24:52.617Z,28.57,0,1
perimetro-bodega-01,2026-09-25T16:23:22.277Z,28.96,1,0
perimetro-bodega-01,2026-09-25T16:21:51.9Z,28.71,0,0
perimetro-bodega-01,2026-09-25T16:20:21.568Z,28.99,0,0
perimetro-bodega-01,2026-09-25T16:18:51.253Z,28.96,0,0
perimetro-bodega-01,2026-09-25T16:17:20.955Z,28.81,0,0
perimetro-bodega-01,2026-09-25T16:15:50.584Z,28.98,0,0
perimetro-bodega-01,2026-09-25T16:14:20.235Z,28.96,0,0
perimetro-bodega-01,2026-09-25T16:12:49.884Z,28.47,0,0
perimetro-bodega-01,2026-09-25T16:11:19.485Z,28.79,0,0
perimetro-bodega-01,2026-09-25T16:09:49.12Z,28.4,0,0
perimetro-bodega-01,2026-09-25T16:08:18.792Z,28.71,0,0
perimetro-bodega-01,2026-09-25T16:06:48.395Z,28.59,0,0
perimetro-bodega-01,2026-09-25T16:05:18.061Z,28.45,0,0
perimetro-bodega-01,2026-09-25T16:03:47.698Z,28.68,0,1
perimetro-bodega-01,2026-09-25T16:02:17.418Z,28.59,0,0
perimetro-bodega-01,2026-09-25T16:00:47.104Z,28.49,0,0
perimetro-bodega-01,2026-09-25T15:59:16.753Z,28.74,0,0
perimetro-bodega-01,2026-09-25T15:57:46.393Z,28.69,0,0
perimetro-bodega-01,2026-09-25T15:56:16.125Z,28.28,0,1
perimetro-bodega-01,2026-09-25T15:54:45.777Z,28.32,0,0
perimetro-bodega-01,2026-09-25T15:53:15.276Z,28.74,0,1
perimetro-bodega-01,2026-09-25T15:51:44.928Z,28.28,0,0
perimetro-bodega-01,2026-09-25T15:50:14.522Z,28.33,0,0
perimetro-bodega-01,2026-09-25T15:48:44.093Z,28.72,0,0
perimetro-bodega-01,2026-09-25T15:47:13.748Z,28.6,0,0
perimetro-bodega-01,2026-09-25T15:45:43.325Z,28.41,0,0
perimetro-bodega-01,2026-09-25T15:44:12.976Z,28.26,0,0
perimetro-bodega-01,2026-09-25T15:42:42.604Z,28.36,0,0
perimetro-bodega-01,2026-09-25T15:41:12.244Z,28.34,0,0
perimetro-bodega-01,2026-09-25T15:39:41.977Z,28.1,0,0
perimetro-bodega-01,2026-09-25T15:38:11.633Z,28.02,0,0
perimetro-bodega-01,2026-09-25T15:36:41.311Z,28.39,0,0
perimetro-bodega-01,2026-09-25T15:35:10.922Z,28.33,0,0
perimetro-bodega-01,2026-09-25T15:33:40.575Z,28.51,0,0
perimetro-bodega-01,2026-09-25T15:32:10.216Z,28.24,0,1
perimetro-bodega-01,2026-09-25T15:30:39.874Z,28.45,0,0
perimetro-bodega-01,2026-09-25T15:29:09.493Z,28.1,0,0
perimetro-bodega-01,2026-09-25T15:27:39.064Z,28.35,0,0
perimetro-bodega-01,2026-09-25T15:26:08.717Z,28.3,0,0
perimetro-bodega-01,2026-09-25T15:24:38.354Z,27.93,0,0
perimetro-bodega-01,2026-09-25T15:23:08.011Z,28.02,0,0
perimetro-bodega-01,2026-09-25T15:21:37.629Z,27.85,0,0
perimetro-bodega-01,2026-09-25T15:20:07.195Z,28.23,0,0
perimetro-bodega-01,2026-09-25T15:18:36.882Z,28.37,0,0
perimetro-bodega-01,2026-09-25T15:17:06.531Z,28.25,0,0
perimetro-bodega-01,2026-09-25T15:15:36.195Z,28,0,0
perimetro-bodega-01,2026-09-25T15:14:05.832Z,27.91,0,0
perimetro-bodega-01,2026-09-25T15:12:35.507Z,27.81,0,0
perimetro-bodega-01,2026-09-25T15:11:05.174Z,27.82,0,0
perimetro-bodega-01,2026-09-25T15:09:34.798Z,27.71,0,0
perimetro-bodega-01,2026-09-25T15:08:04.42Z,27.95,0,0
perimetro-bodega-01,2026-09-25T15:06:34.055Z,27.97,0,0
perimetro-bodega-01,2026-09-25T15:05:03.612Z,27.77,1,0
perimetro-bodega-01,2026-09-25T15:03:33.275Z,28.13,0,1
perimetro-bodega-01,2026-09-25T15:02:02.905Z,27.89,0,0
perimetro-bodega-01,2026-09-25T15:00:32.502Z,28.02,0,0
perimetro-bodega-01,2026-09-25T14:59:02.147Z,27.92,0,0
perimetro-bodega-01,2026-09-25T14:57:31.777Z,27.95,0,0
perimetro-bodega-01,2026-09-25T14:56:01.399Z,27.77,0,0
perimetro-bodega-01,2026-09-25T14:54:31.054Z,27.81,0,0
perimetro-bodega-01,2026-09-25T14:53:00.737Z,28.04,0,0
perimetro-bodega-01,2026-09-25T14:51:30.355Z,27.55,0,0
perimetro-bodega-01,2026-09-25T14:50:00.003Z,27.75,0,0
perimetro-bodega-01,2026-09-25T14:48:29.675Z,27.93,0,0
perimetro-bodega-01,2026-09-25T14:46:59.329Z,27.69,0,0
perimetro-bodega-01,2026-09-25T14:45:28.963Z,27.56,0,1
perimetro-bodega-01,2026-09-25T14:43:58.632Z,27.67,0,0
perimetro-bodega-01,2026-09-25T14:42:28.274Z,27.89,0,0
perimetro-bodega-01,2026-09-25T14:06:57.884Z,27.26,0,1
perimetro-bodega-01,2026-09-25T14:05:27.504Z,27.18,0,0
perimetro-bodega-01,2026-09-25T14:03:57.154Z,26.84,0,0
perimetro-bodega-01,2026-09-25T14:02:26.801Z,27.1,0,0
perimetro-bodega-01,2026-09-25T14:00:56.456Z,26.98,0,0
perimetro-bodega-01,2026-09-25T13:59:26.125Z,26.88,0,0
perimetro-bodega-01,2026-09-25T13:57:55.768Z,26.89,1,0
perimetro-bodega-01,2026-09-25T13:56:25.437Z,26.78,0,0
perimetro-bodega-01,2026-09-25T13:54:55.058Z,26.97,0,1
perimetro-bodega-01,2026-09-25T13:53:24.708Z,26.99,0,0
perimetro-bodega-01,2026-09-25T13:51:54.341Z,26.88,0,0
perimetro-bodega-01,2026-09-25T13:50:24.062Z,26.97,0,0
perimetro-bodega-01,2026-09-25T13:48:53.702Z,27.19,0,0
perimetro-bodega-01,2026-09-25T13:47:23.369Z,27.01,0,0
perimetro-bodega-01,2026-09-25T13:45:53.01Z,26.77,1,0
perimetro-bodega-01,2026-09-25T13:44:22.617Z,26.62,0,0
perimetro-bodega-01,2026-09-25T13:42:52.234Z,26.55,0,0
perimetro-bodega-01,2026-09-25T13:41:21.929Z,26.78,0,0
perimetro-bodega-01,2026-09-29T14:03:45.959Z,27.27,1,0
perimetro-bodega-01,2026-09-29T14:05:16.276Z,26.9,0,0
perimetro-bodega-01,2026-09-29T14:09:47.332Z,27.5,0,0
perimetro-bodega-01,2026-09-29T14:33:52.849Z,27.63,0,0
perimetro-bodega-01,2026-09-29T14:35:23.199Z,27.38,0,0
perimetro-bodega-01,2026-09-29T14:32:22.508Z,27.61,0,0
perimetro-bodega-01,2026-09-29T14:21:50.099Z,27.25,0,0
perimetro-bodega-01,2026-09-29T14:23:20.491Z,27.68,0,0
perimetro-bodega-01,2026-09-29T14:14:18.309Z,27.21,0,0
perimetro-bodega-01,2026-09-29T14:15:48.679Z,27.48,0,0
perimetro-bodega-01,2026-09-29T14:26:21.155Z,27.27,0,0
perimetro-bodega-01,2026-09-29T14:27:51.494Z,27.45,0,1
perimetro-bodega-01,2026-09-29T14:41:24.623Z,27.71,0,0
perimetro-bodega-01,2026-09-29T13:56:14.072Z,27.19,0,0
perimetro-bodega-01,2026-09-29T14:11:17.683Z,27.16,0,1
perimetro-bodega-01,2026-09-29T14:12:47.95Z,26.98,0,0
perimetro-bodega-01,2026-09-29T14:29:21.841Z,27.68,0,0
perimetro-bodega-01,2026-09-29T14:30:52.173Z,27.46,0,0
perimetro-bodega-01,2026-09-29T14:02:15.565Z,27.23,0,0
perimetro-bodega-01,2026-09-29T14:06:46.598Z,27,1,0
perimetro-bodega-01,2026-09-29T14:08:16.96Z,27.16,0,0
perimetro-bodega-01,2026-09-29T14:24:50.815Z,27.7,0,0
perimetro-bodega-01,2026-09-25T13:39:51.53Z,27.03,0,0
perimetro-bodega-01,2026-09-25T13:38:21.173Z,26.64,0,0
perimetro-bodega-01,2026-09-25T13:36:50.793Z,26.96,0,0
perimetro-bodega-01,2026-09-25T13:35:20.47Z,26.45,0,0
perimetro-bodega-01,2026-09-25T13:33:50.113Z,26.56,0,0
perimetro-bodega-01,2026-09-25T13:32:19.797Z,26.65,0,0
perimetro-bodega-01,2026-09-25T13:30:49.453Z,26.41,0,0
perimetro-bodega-01,2026-09-25T13:29:19.107Z,26.78,0,0
perimetro-bodega-01,2026-09-25T13:27:48.776Z,26.46,0,0
perimetro-bodega-01,2026-09-25T13:26:18.421Z,26.45,0,0
perimetro-bodega-01,2026-09-25T13:24:48.014Z,26.73,0,1
perimetro-bodega-01,2026-09-25T13:23:17.651Z,26.72,0,0
perimetro-bodega-01,2026-09-25T13:21:47.292Z,26.79,0,0
perimetro-bodega-01,2026-09-25T13:20:16.87Z,26.48,0,0
perimetro-bodega-01,2026-09-25T13:18:46.515Z,26.33,0,1
perimetro-bodega-01,2026-09-25T13:17:16.087Z,26.6,0,0
perimetro-bodega-01,2026-09-25T13:15:45.678Z,26.65,0,0
perimetro-bodega-01,2026-09-25T13:14:15.301Z,26.67,1,0
perimetro-bodega-01,2026-09-25T13:12:44.981Z,26.48,0,0
perimetro-bodega-01,2026-09-25T13:11:14.604Z,26.16,0,0
perimetro-bodega-01,2026-09-25T13:09:44.21Z,26.23,1,0
perimetro-bodega-01,2026-09-25T13:08:13.866Z,26.27,0,0
perimetro-bodega-01,2026-09-25T13:06:43.549Z,26.09,0,0
perimetro-bodega-01,2026-09-25T13:05:13.191Z,26.14,0,0
perimetro-bodega-01,2026-09-25T13:03:42.846Z,26.41,0,0
perimetro-bodega-01,2026-09-25T13:02:12.502Z,26.09,0,0
perimetro-bodega-01,2026-09-25T13:00:42.131Z,26.34,0,0
perimetro-bodega-01,2026-09-25T12:59:11.807Z,26.27,0,0
perimetro-bodega-01,2026-09-25T12:57:41.436Z,26.15,0,0
perimetro-bodega-01,2026-09-25T12:56:11.134Z,26.28,0,0
perimetro-bodega-01,2026-09-25T12:54:40.769Z,26.29,0,0
perimetro-bodega-01,2026-09-25T12:53:10.433Z,26.37,0,0
perimetro-bodega-01,2026-09-25T12:51:40.026Z,25.98,0,0
perimetro-bodega-01,2026-09-25T12:50:09.69Z,26.14,0,0
perimetro-bodega-01,2026-09-25T12:48:39.336Z,25.99,0,1
perimetro-bodega-01,2026-09-25T12:47:08.962Z,26.16,0,0
perimetro-bodega-01,2026-09-25T12:45:38.616Z,25.79,0,1
perimetro-bodega-01,2026-09-25T12:44:08.235Z,25.88,0,0
perimetro-bodega-01,2026-09-25T12:42:37.873Z,25.91,0,0
perimetro-bodega-01,2026-09-25T12:41:07.468Z,25.97,0,0
perimetro-bodega-01,2026-09-25T12:39:37.14Z,25.84,0,0
perimetro-bodega-01,2026-09-25T12:38:06.816Z,26.19,0,0
perimetro-bodega-01,2026-09-25T12:36:36.421Z,26.15,0,0
perimetro-bodega-01,2026-09-25T12:35:06.072Z,26.16,0,0
perimetro-bodega-01,2026-09-25T12:33:35.703Z,25.84,0,0
perimetro-bodega-01,2026-09-25T12:32:05.312Z,26.08,0,0
perimetro-bodega-01,2026-09-25T12:30:34.934Z,26.02,0,0
perimetro-bodega-01,2026-09-25T12:29:04.588Z,26.11,0,0
perimetro-bodega-01,2026-09-25T12:27:34.233Z,25.95,0,0
perimetro-bodega-01,2026-09-25T12:26:03.844Z,25.96,0,0
perimetro-bodega-01,2026-09-25T12:24:33.472Z,25.52,1,0
perimetro-bodega-01,2026-09-25T12:23:03.06Z,25.8,1,1
perimetro-bodega-01,2026-09-25T12:21:32.697Z,25.86,0,0
perimetro-bodega-01,2026-09-25T12:20:02.364Z,25.81,0,0
perimetro-bodega-01,2026-09-25T12:18:32.021Z,25.6,0,1
perimetro-bodega-01,2026-09-25T12:17:01.653Z,25.78,1,0
perimetro-bodega-01,2026-09-25T12:15:31.309Z,25.57,0,0
perimetro-bodega-01,2026-09-25T12:14:00.923Z,25.47,0,0
perimetro-bodega-01,2026-09-25T12:12:30.607Z,25.85,0,0
perimetro-bodega-01,2026-09-25T12:11:00.227Z,25.47,0,0
perimetro-bodega-01,2026-09-25T12:09:29.831Z,25.47,0,0
perimetro-bodega-01,2026-09-25T12:07:59.508Z,25.33,0,0
perimetro-bodega-01,2026-09-25T12:06:29.13Z,25.48,0,0
perimetro-bodega-01,2026-09-25T12:04:58.799Z,25.25,0,0
perimetro-bodega-01,2026-09-25T12:03:28.455Z,25.4,0,0
perimetro-bodega-01,2026-09-25T12:01:58.099Z,25.34,0,0
perimetro-bodega-01,2026-09-25T12:00:27.737Z,25.63,1,0
perimetro-bodega-01,2026-09-25T11:58:57.464Z,25.29,0,0
perimetro-bodega-01,2026-09-25T11:57:27.104Z,25.61,0,0
perimetro-bodega-01,2026-09-25T11:55:56.775Z,25.29,0,0
perimetro-bodega-01,2026-09-25T11:54:26.439Z,25.28,1,0
perimetro-bodega-01,2026-09-25T11:52:56.065Z,25.37,0,0
perimetro-bodega-01,2026-09-25T11:51:25.733Z,25.21,0,0
perimetro-bodega-01,2026-09-25T11:49:55.37Z,25.53,0,0
perimetro-bodega-01,2026-09-25T11:48:24.98Z,25.45,0,0
perimetro-bodega-01,2026-09-25T11:46:54.626Z,25.37,0,0
perimetro-bodega-01,2026-09-25T11:45:24.236Z,24.91,0,1
perimetro-bodega-01,2026-09-25T11:43:53.801Z,25,0,0
perimetro-bodega-01,2026-09-25T11:42:23.461Z,25.27,0,0
perimetro-bodega-01,2026-09-25T11:40:53.126Z,24.97,0,0
perimetro-bodega-01,2026-09-25T11:39:22.777Z,24.97,1,0
perimetro-bodega-01,2026-09-25T11:37:52.419Z,25.18,0,0
perimetro-bodega-01,2026-09-25T11:36:22.135Z,25.19,0,0
perimetro-bodega-01,2026-09-25T11:34:51.807Z,25.28,0,0
perimetro-bodega-01,2026-09-25T11:33:21.449Z,25.15,0,0
perimetro-bodega-01,2026-09-25T11:31:51.108Z,24.78,0,0
perimetro-bodega-01,2026-09-25T11:30:20.697Z,24.85,0,0
perimetro-bodega-01,2026-09-25T11:28:50.339Z,24.72,0,0
perimetro-bodega-01,2026-09-25T11:27:19.967Z,25.22,0,0
perimetro-bodega-01,2026-09-25T11:25:49.62Z,25.14,0,0
perimetro-bodega-01,2026-09-25T11:24:19.257Z,24.72,1,0
perimetro-bodega-01,2026-09-25T11:22:48.917Z,24.92,0,0
perimetro-bodega-01,2026-09-25T11:21:18.528Z,25.06,0,0
perimetro-bodega-01,2026-09-25T11:19:48.197Z,24.94,0,1
perimetro-bodega-01,2026-09-25T11:18:17.804Z,24.81,0,0
perimetro-bodega-01,2026-09-25T11:16:47.486Z,25.02,0,1
perimetro-bodega-01,2026-09-25T11:15:17.088Z,24.55,0,0
perimetro-bodega-01,2026-09-25T11:13:46.742Z,24.58,0,1
perimetro-bodega-01,2026-09-25T11:12:16.385Z,25.07,1,0
perimetro-bodega-01,2026-09-25T11:10:46.046Z,24.73,0,0
perimetro-bodega-01,2026-09-25T11:09:15.723Z,24.79,0,0
perimetro-bodega-01,2026-09-25T11:07:45.37Z,24.9,0,0
perimetro-bodega-01,2026-09-25T10:31:44.949Z,24.52,0,0
perimetro-bodega-01,2026-09-25T10:30:14.554Z,24.27,0,0
perimetro-bodega-01,2026-09-25T10:28:44.195Z,24.31,0,0
perimetro-bodega-01,2026-09-25T10:27:13.905Z,24.21,0,0
perimetro-bodega-01,2026-09-25T10:25:43.513Z,24.43,0,0
perimetro-bodega-01,2026-09-25T10:24:13.166Z,24.19,0,0
perimetro-bodega-01,2026-09-25T10:22:42.789Z,24.03,0,0
perimetro-bodega-01,2026-09-25T10:21:12.443Z,24.12,0,0
perimetro-bodega-01,2026-09-25T10:19:42.128Z,23.89,0,0
perimetro-bodega-01,2026-09-25T10:18:11.748Z,24.35,0,0
perimetro-bodega-01,2026-09-25T10:16:41.391Z,23.9,0,0
perimetro-bodega-01,2026-09-25T10:15:10.973Z,24.39,0,0
perimetro-bodega-01,2026-09-25T10:13:40.646Z,24.3,0,0
perimetro-bodega-01,2026-09-25T10:12:10.259Z,24.25,0,0
perimetro-bodega-01,2026-09-25T10:10:39.908Z,24.23,0,0
perimetro-bodega-01,2026-09-25T10:09:09.57Z,24.16,0,0
perimetro-bodega-01,2026-09-25T10:07:39.235Z,23.97,0,0
perimetro-bodega-01,2026-09-25T10:06:08.826Z,24.27,0,1
perimetro-bodega-01,2026-09-25T10:04:38.472Z,24.2,0,0
perimetro-bodega-01,2026-09-25T10:03:08.096Z,23.96,0,0
perimetro-bodega-01,2026-09-25T10:01:37.743Z,24.06,0,0
perimetro-bodega-01,2026-09-25T10:00:07.385Z,24.19,0,0
perimetro-bodega-01,2026-09-25T09:58:37.068Z,23.72,0,0
perimetro-bodega-01,2026-09-25T09:57:06.723Z,23.87,0,0
perimetro-bodega-01,2026-09-25T09:55:36.362Z,23.72,0,0
perimetro-bodega-01,2026-09-25T09:54:06.029Z,24.18,0,0
perimetro-bodega-01,2026-09-25T09:52:35.669Z,23.97,0,0
perimetro-bodega-01,2026-09-25T09:51:05.273Z,23.9,0,0
perimetro-bodega-01,2026-09-25T09:49:34.919Z,23.79,0,0
perimetro-bodega-01,2026-09-25T09:48:04.562Z,23.58,0,0
perimetro-bodega-01,2026-09-25T09:46:34.166Z,23.67,0,0
perimetro-bodega-01,2026-09-25T09:45:03.893Z,23.73,0,0
perimetro-bodega-01,2026-09-25T09:43:33.535Z,24.07,0,0
perimetro-bodega-01,2026-09-25T09:42:03.167Z,23.7,0,0
perimetro-bodega-01,2026-09-25T09:40:32.795Z,23.75,0,0
perimetro-bodega-01,2026-09-25T09:39:02.435Z,24.04,0,1
perimetro-bodega-01,2026-09-25T09:37:32.075Z,23.63,0,0
perimetro-bodega-01,2026-09-29T13:48:42.245Z,27.14,0,0
perimetro-bodega-01,2026-09-29T13:47:11.837Z,27.06,0,0
perimetro-bodega-01,2026-09-29T13:45:41.554Z,26.7,0,0
perimetro-bodega-01,2026-09-29T13:44:11.208Z,26.72,0,0
perimetro-bodega-01,2026-09-29T13:42:40.87Z,26.78,0,0
perimetro-bodega-01,2026-09-29T13:41:10.496Z,26.85,0,0
perimetro-bodega-01,2026-09-29T13:39:40.166Z,26.79,0,0
perimetro-bodega-01,2026-09-29T13:38:09.744Z,26.8,0,0
perimetro-bodega-01,2026-09-29T13:36:39.371Z,26.8,0,0
perimetro-bodega-01,2026-09-29T13:35:08.966Z,26.92,0,0
perimetro-bodega-01,2026-09-29T13:33:38.627Z,26.78,0,0
perimetro-bodega-01,2026-09-29T13:32:08.33Z,26.5,0,0
perimetro-bodega-01,2026-09-29T13:30:37.975Z,26.45,0,0
perimetro-bodega-01,2026-09-29T13:29:07.6Z,26.44,0,0
perimetro-bodega-01,2026-09-29T13:27:37.216Z,26.38,0,0
perimetro-bodega-01,2026-09-29T13:26:06.835Z,26.57,0,0
perimetro-bodega-01,2026-09-29T13:24:36.455Z,26.37,0,0
perimetro-bodega-01,2026-09-29T13:23:06.14Z,26.63,0,0
perimetro-bodega-01,2026-09-29T13:21:35.797Z,26.6,0,0
perimetro-bodega-01,2026-09-29T13:20:05.445Z,26.33,0,0
perimetro-bodega-01,2026-09-29T13:18:35.104Z,26.46,0,0
perimetro-bodega-01,2026-09-29T13:17:04.746Z,26.55,0,0
perimetro-bodega-01,2026-09-29T13:15:34.377Z,26.41,0,0
perimetro-bodega-01,2026-09-29T13:14:04.038Z,26.33,1,1
perimetro-bodega-01,2026-09-29T13:12:33.713Z,26.56,0,0
perimetro-bodega-01,2026-09-29T13:11:03.372Z,26.33,0,0
perimetro-bodega-01,2026-09-29T13:09:33.007Z,26.32,0,0
perimetro-bodega-01,2026-09-29T13:08:02.73Z,26.6,0,0
perimetro-bodega-01,2026-09-29T13:06:32.354Z,26.25,0,0
perimetro-bodega-01,2026-09-29T13:05:02.025Z,26.55,1,0
perimetro-bodega-01,2026-09-29T13:03:31.627Z,26.31,0,0
perimetro-bodega-01,2026-09-29T13:02:01.217Z,26.43,0,0
perimetro-bodega-01,2026-09-29T13:00:30.854Z,26.54,0,1
perimetro-bodega-01,2026-09-29T12:59:00.508Z,26.14,0,0
perimetro-bodega-01,2026-09-29T12:57:30.123Z,26.46,0,0
perimetro-bodega-01,2026-09-29T12:55:59.746Z,26.28,0,0
perimetro-bodega-01,2026-09-29T12:54:29.378Z,26.07,0,0
perimetro-bodega-01,2026-09-29T12:52:59.053Z,26.03,0,0
perimetro-bodega-01,2026-09-29T12:51:28.655Z,26.32,0,0
perimetro-bodega-01,2026-09-29T12:49:58.328Z,26.39,0,0
perimetro-bodega-01,2026-09-29T12:48:27.955Z,25.78,1,0
perimetro-bodega-01,2026-09-29T12:46:57.646Z,26.08,0,0
perimetro-bodega-01,2026-09-29T12:45:27.268Z,25.85,0,0
perimetro-bodega-01,2026-09-29T12:43:56.98Z,26.07,0,1
perimetro-bodega-01,2026-09-29T12:42:26.64Z,26.26,0,0
perimetro-bodega-01,2026-09-29T12:40:56.201Z,26.24,0,0
perimetro-bodega-01,2026-09-29T12:39:25.825Z,26.03,0,0
perimetro-bodega-01,2026-09-29T12:37:55.488Z,25.65,0,0
perimetro-bodega-01,2026-09-29T12:36:25.151Z,25.71,0,0
perimetro-bodega-01,2026-09-29T12:34:54.837Z,25.9,0,0
perimetro-bodega-01,2026-09-29T12:33:24.5Z,25.93,0,0
perimetro-bodega-01,2026-09-29T12:31:54.233Z,25.55,0,0
perimetro-bodega-01,2026-09-29T12:30:23.853Z,25.79,0,0
perimetro-bodega-01,2026-09-29T12:28:53.51Z,26.04,0,0
perimetro-bodega-01,2026-09-29T12:27:23.192Z,25.76,0,0
perimetro-bodega-01,2026-09-29T12:25:52.817Z,25.91,0,0
perimetro-bodega-01,2026-09-29T12:24:22.386Z,25.95,1,0
perimetro-bodega-01,2026-09-29T12:22:52.023Z,25.65,0,0
perimetro-bodega-01,2026-09-29T12:21:21.697Z,25.54,0,0
perimetro-bodega-01,2026-09-29T12:19:51.321Z,25.86,1,0
perimetro-bodega-01,2026-09-29T12:18:20.988Z,25.63,0,0
perimetro-bodega-01,2026-09-29T12:16:50.656Z,25.69,1,0
perimetro-bodega-01,2026-09-29T12:15:20.37Z,25.73,0,0
perimetro-bodega-01,2026-09-29T12:13:50.021Z,25.53,0,0
perimetro-bodega-01,2026-09-29T12:12:19.643Z,25.31,0,0
perimetro-bodega-01,2026-09-29T12:10:49.333Z,25.3,0,0
perimetro-bodega-01,2026-09-29T12:09:19.022Z,25.61,0,0
perimetro-bodega-01,2026-09-29T12:07:48.616Z,25.66,0,0
perimetro-bodega-01,2026-09-29T12:06:18.226Z,25.79,0,0
perimetro-bodega-01,2026-09-29T12:04:47.848Z,25.18,0,1
perimetro-bodega-01,2026-09-29T12:03:17.481Z,25.18,0,0
perimetro-bodega-01,2026-09-29T12:01:47.147Z,25.7,0,1
perimetro-bodega-01,2026-09-29T12:00:16.8Z,25.53,0,0
perimetro-bodega-01,2026-09-29T11:58:46.441Z,25.17,0,0
perimetro-bodega-01,2026-09-29T11:57:16.092Z,25.23,0,0
perimetro-bodega-01,2026-09-29T11:55:45.73Z,25.21,1,0
perimetro-bodega-01,2026-09-29T11:54:15.31Z,25.57,0,1
perimetro-bodega-01,2026-09-29T11:52:44.919Z,25.23,1,0
perimetro-bodega-01,2026-09-29T11:16:44.556Z,24.62,0,0
perimetro-bodega-01,2026-09-29T11:15:14.156Z,24.62,1,0
perimetro-bodega-01,2026-09-29T11:13:43.794Z,24.86,0,0
perimetro-bodega-01,2026-09-29T11:12:13.415Z,24.88,0,0
perimetro-bodega-01,2026-09-29T11:10:43.022Z,25.03,0,0
perimetro-bodega-01,2026-09-29T11:09:12.632Z,24.87,0,0
perimetro-bodega-01,2026-09-29T11:07:42.227Z,24.45,0,0
perimetro-bodega-01,2026-09-29T11:06:11.866Z,24.59,0,0
perimetro-bodega-01,2026-09-29T11:04:41.533Z,24.45,0,1
perimetro-bodega-01,2026-09-29T11:03:11.149Z,24.94,0,0
perimetro-bodega-01,2026-09-29T11:01:40.735Z,24.79,0,0
perimetro-bodega-01,2026-09-29T11:00:10.372Z,24.34,0,0
perimetro-bodega-01,2026-09-29T10:58:40.03Z,24.81,0,0
perimetro-bodega-01,2026-09-29T10:57:09.685Z,24.47,0,0
perimetro-bodega-01,2026-09-29T10:55:39.341Z,24.3,0,0
perimetro-bodega-01,2026-09-29T10:54:08.995Z,24.7,0,0
perimetro-bodega-01,2026-09-29T10:52:38.624Z,24.43,0,0
perimetro-bodega-01,2026-09-29T10:51:08.265Z,24.36,0,0
perimetro-bodega-01,2026-09-29T10:49:37.934Z,24.36,0,1
perimetro-bodega-01,2026-09-29T10:48:07.553Z,24.71,0,0
perimetro-bodega-01,2026-09-29T10:46:37.205Z,24.41,1,0
perimetro-bodega-01,2026-09-29T10:45:06.879Z,24.2,0,0
perimetro-bodega-01,2026-09-29T10:43:36.49Z,24.46,0,0
perimetro-bodega-01,2026-09-29T10:42:06.113Z,24.25,0,0
perimetro-bodega-01,2026-09-29T10:40:35.705Z,24.4,0,0
perimetro-bodega-01,2026-09-29T10:39:05.387Z,24.45,0,1
perimetro-bodega-01,2026-09-29T10:37:35.109Z,24.41,0,1
perimetro-bodega-01,2026-09-29T10:36:04.724Z,24.05,0,0
perimetro-bodega-01,2026-09-29T10:34:34.407Z,24.48,0,0
perimetro-bodega-01,2026-09-29T10:33:04.031Z,24.11,0,0
perimetro-bodega-01,2026-09-29T10:31:33.652Z,24.42,0,0
perimetro-bodega-01,2026-09-29T10:30:03.267Z,24.5,0,1
perimetro-bodega-01,2026-09-29T10:28:32.914Z,24.12,0,0
perimetro-bodega-01,2026-09-29T10:27:02.552Z,24.09,0,0
perimetro-bodega-01,2026-09-29T10:25:32.228Z,24.02,1,0
perimetro-bodega-01,2026-09-29T10:24:01.798Z,24.32,0,0
perimetro-bodega-01,2026-09-29T10:22:31.468Z,24.11,0,0
perimetro-bodega-01,2026-09-29T10:21:01.109Z,24.34,0,0
perimetro-bodega-01,2026-09-29T10:19:30.746Z,24.38,0,0
perimetro-bodega-01,2026-09-29T10:18:00.387Z,24.4,0,0
perimetro-bodega-01,2026-09-29T10:16:30.058Z,24.36,0,0
perimetro-bodega-01,2026-09-29T10:14:59.708Z,23.83,0,0
perimetro-bodega-01,2026-09-29T10:13:29.36Z,23.89,0,0
perimetro-bodega-01,2026-09-29T10:11:58.995Z,24.16,0,0
perimetro-bodega-01,2026-09-29T10:10:28.601Z,24.34,0,0
perimetro-bodega-01,2026-09-29T10:08:58.179Z,24.06,0,0
perimetro-bodega-01,2026-09-29T10:07:27.83Z,24.2,0,0
perimetro-bodega-01,2026-09-29T10:05:57.53Z,24,0,0
perimetro-bodega-01,2026-09-29T10:04:27.169Z,24.11,0,1
perimetro-bodega-01,2026-09-29T10:02:56.81Z,23.91,0,1
perimetro-bodega-01,2026-09-29T10:01:26.446Z,24.15,0,0
perimetro-bodega-01,2026-09-29T09:59:56.114Z,23.95,0,0
perimetro-bodega-01,2026-09-29T09:58:25.776Z,24.03,0,0
perimetro-bodega-01,2026-09-29T09:56:55.45Z,24.2,0,0
perimetro-bodega-01,2026-09-29T09:55:25.096Z,24.02,0,0
perimetro-bodega-01,2026-09-29T09:53:54.763Z,24.14,0,0
perimetro-bodega-01,2026-09-29T09:52:24.389Z,23.99,0,0
perimetro-bodega-01,2026-09-29T09:50:53.992Z,23.84,0,0
perimetro-bodega-01,2026-09-29T09:49:23.636Z,23.92,0,0
perimetro-bodega-01,2026-09-29T09:47:53.318Z,24.02,0,0
perimetro-bodega-01,2026-09-29T09:46:22.941Z,23.58,0,0
perimetro-bodega-01,2026-09-29T09:44:52.59Z,23.63,1,0
perimetro-bodega-01,2026-09-29T09:43:22.26Z,23.83,0,0
perimetro-bodega-01,2026-09-29T09:41:51.916Z,23.75,1,0
perimetro-bodega-01,2026-09-29T09:40:21.569Z,23.89,0,0
perimetro-bodega-01,2026-09-27T13:44:41.824Z,27.16,0,0
perimetro-bodega-01,2026-09-27T13:43:11.473Z,26.84,0,0
perimetro-bodega-01,2026-09-27T13:41:41.142Z,27.09,0,0
perimetro-bodega-01,2026-09-27T13:40:10.802Z,27.03,0,0
perimetro-bodega-01,2026-09-27T13:38:40.453Z,26.65,0,0
perimetro-bodega-01,2026-09-27T13:37:10.111Z,26.54,0,0
perimetro-bodega-01,2026-09-27T13:35:39.743Z,26.49,0,0
perimetro-bodega-01,2026-09-27T13:34:09.397Z,26.53,0,0
perimetro-bodega-01,2026-09-27T13:32:39.043Z,27,0,0
perimetro-bodega-01,2026-09-27T13:31:08.671Z,26.69,0,0
perimetro-bodega-01,2026-09-27T13:29:38.278Z,26.94,0,0
perimetro-bodega-01,2026-09-27T13:28:07.902Z,26.54,0,0
perimetro-bodega-01,2026-09-27T13:26:37.515Z,26.66,0,0
perimetro-bodega-01,2026-09-27T13:25:07.184Z,26.66,0,0
perimetro-bodega-01,2026-09-27T13:23:36.798Z,26.65,0,0
perimetro-bodega-01,2026-09-27T13:22:06.415Z,26.71,0,0
perimetro-bodega-01,2026-09-27T13:20:36.067Z,26.26,0,0
perimetro-bodega-01,2026-09-27T13:19:05.734Z,26.43,0,0
perimetro-bodega-01,2026-09-27T13:17:35.392Z,26.7,0,0
perimetro-bodega-01,2026-09-27T12:42:05.021Z,25.81,0,0
perimetro-bodega-01,2026-09-27T12:40:34.686Z,25.85,1,0
perimetro-bodega-01,2026-09-27T12:39:04.331Z,25.82,0,0
perimetro-bodega-01,2026-09-27T12:37:33.995Z,25.84,0,0
perimetro-bodega-01,2026-09-27T12:36:03.643Z,25.73,0,0
perimetro-bodega-01,2026-09-27T12:34:33.316Z,25.8,0,0
perimetro-bodega-01,2026-09-27T12:33:02.945Z,25.89,0,0
perimetro-bodega-01,2026-09-27T12:31:32.601Z,25.54,0,0
perimetro-bodega-01,2026-09-27T12:30:02.24Z,25.87,0,0
perimetro-bodega-01,2026-09-27T12:28:31.943Z,26.09,0,0
perimetro-bodega-01,2026-09-27T12:27:01.579Z,25.74,0,0
perimetro-bodega-01,2026-09-27T12:25:31.238Z,25.5,0,0
perimetro-bodega-01,2026-09-27T12:24:00.909Z,25.63,0,1
perimetro-bodega-01,2026-09-27T12:22:30.517Z,25.57,0,0
perimetro-bodega-01,2026-09-27T12:21:00.158Z,25.83,0,0
perimetro-bodega-01,2026-09-27T12:19:29.772Z,25.59,0,0
perimetro-bodega-01,2026-09-27T12:17:59.386Z,25.59,0,0
perimetro-bodega-01,2026-09-27T12:16:29.033Z,25.48,0,0
perimetro-bodega-01,2026-09-27T12:14:58.729Z,25.33,0,0
perimetro-bodega-01,2026-09-27T12:13:28.306Z,25.53,0,0
perimetro-bodega-01,2026-09-27T12:11:58.02Z,25.66,0,0
perimetro-bodega-01,2026-09-27T12:10:27.623Z,25.27,0,0
perimetro-bodega-01,2026-09-27T12:08:57.279Z,25.34,0,1
perimetro-bodega-01,2026-09-27T12:07:26.948Z,25.59,0,0
perimetro-bodega-01,2026-09-27T12:05:56.589Z,25.34,0,0
perimetro-bodega-01,2026-09-27T12:04:26.269Z,25.51,0,0
perimetro-bodega-01,2026-09-27T12:02:55.923Z,25.33,0,0
perimetro-bodega-01,2026-09-27T12:01:25.609Z,25.27,0,1
perimetro-bodega-01,2026-09-27T11:59:55.265Z,25.62,0,0
perimetro-bodega-01,2026-09-27T11:58:24.945Z,25.4,0,0
perimetro-bodega-01,2026-09-27T11:56:54.52Z,25.2,0,0
perimetro-bodega-01,2026-09-27T11:55:24.194Z,25.28,0,0
perimetro-bodega-01,2026-09-27T11:53:53.818Z,25.41,0,0
perimetro-bodega-01,2026-09-27T11:52:23.432Z,25.04,0,0
perimetro-bodega-01,2026-09-27T11:50:53.105Z,25.14,0,0
perimetro-bodega-01,2026-09-27T11:49:22.742Z,25.22,0,1
perimetro-bodega-01,2026-09-27T11:47:52.393Z,24.93,0,0
perimetro-bodega-01,2026-09-27T11:46:22.05Z,25.3,0,0
perimetro-bodega-01,2026-09-27T11:44:51.712Z,25.44,0,0
perimetro-bodega-01,2026-09-27T11:43:21.345Z,24.95,0,1
perimetro-bodega-01,2026-09-27T11:41:50.992Z,25.03,0,0
perimetro-bodega-01,2026-09-27T11:40:20.57Z,24.86,0,0
perimetro-bodega-01,2026-09-27T11:38:50.184Z,25.4,0,0
perimetro-bodega-01,2026-09-27T11:37:19.836Z,25.16,0,0
perimetro-bodega-01,2026-09-27T11:35:49.471Z,24.79,0,0
perimetro-bodega-01,2026-09-27T11:34:19.133Z,24.88,0,0
perimetro-bodega-01,2026-09-27T11:32:48.761Z,25.31,0,0
perimetro-bodega-01,2026-09-27T11:31:18.427Z,24.87,0,0
perimetro-bodega-01,2026-09-27T11:29:48.078Z,25.04,0,0
perimetro-bodega-01,2026-09-27T11:28:17.714Z,25.08,0,0
perimetro-bodega-01,2026-09-27T11:26:47.32Z,24.92,0,0
perimetro-bodega-01,2026-09-27T11:25:16.952Z,24.9,0,0
perimetro-bodega-01,2026-09-27T11:23:46.639Z,24.92,0,0
perimetro-bodega-01,2026-09-27T11:22:16.274Z,25,0,0
perimetro-bodega-01,2026-09-27T11:20:45.877Z,24.77,0,0
perimetro-bodega-01,2026-09-27T11:19:15.52Z,24.68,0,0
perimetro-bodega-01,2026-09-27T11:17:45.17Z,24.97,0,0
perimetro-bodega-01,2026-09-27T11:16:14.785Z,25.06,0,0
perimetro-bodega-01,2026-09-27T11:14:44.421Z,24.89,0,0
perimetro-bodega-01,2026-09-27T11:13:14.004Z,24.7,1,0
perimetro-bodega-01,2026-09-27T11:11:43.673Z,24.7,0,0
perimetro-bodega-01,2026-09-27T11:10:13.341Z,24.58,0,0
perimetro-bodega-01,2026-09-27T11:08:42.99Z,24.83,0,0
perimetro-bodega-01,2026-09-27T11:07:12.614Z,24.65,0,0
perimetro-bodega-01,2026-09-27T11:05:30.196Z,24.64,0,0
perimetro-bodega-01,2026-09-27T11:03:59.836Z,24.94,0,0
perimetro-bodega-01,2026-09-27T11:02:29.465Z,24.57,0,0
perimetro-bodega-01,2026-09-27T11:00:59.146Z,24.45,0,0
perimetro-bodega-01,2026-09-27T10:59:28.777Z,24.83,0,0
perimetro-bodega-01,2026-09-27T10:57:58.418Z,24.57,0,0
perimetro-bodega-01,2026-09-27T10:56:28.071Z,24.49,0,0
perimetro-bodega-01,2026-09-27T10:54:57.742Z,24.74,0,0
perimetro-bodega-01,2026-09-27T10:53:27.367Z,24.57,0,0
perimetro-bodega-01,2026-09-27T10:51:57.005Z,24.64,0,1
perimetro-bodega-01,2026-09-27T10:50:26.625Z,24.4,0,0
perimetro-bodega-01,2026-09-27T10:48:56.305Z,24.64,0,0
perimetro-bodega-01,2026-09-27T10:47:25.98Z,24.42,0,0
perimetro-bodega-01,2026-09-27T10:45:55.626Z,24.27,0,0
perimetro-bodega-01,2026-09-27T10:44:25.258Z,24.5,0,0
perimetro-bodega-01,2026-09-27T10:42:54.923Z,24.41,0,0
perimetro-bodega-01,2026-09-27T10:41:24.526Z,24.33,0,0
perimetro-bodega-01,2026-09-27T10:39:54.183Z,24.14,1,0
perimetro-bodega-01,2026-09-27T10:38:23.812Z,24.48,0,0
perimetro-bodega-01,2026-09-27T10:36:53.476Z,24.19,0,0
perimetro-bodega-01,2026-09-27T10:35:23.114Z,24.48,0,0
perimetro-bodega-01,2026-09-27T10:33:52.77Z,24.21,0,1
perimetro-bodega-01,2026-09-27T10:32:22.421Z,24,0,0
perimetro-bodega-01,2026-09-27T10:30:52.082Z,24.15,0,0
perimetro-bodega-01,2026-09-27T10:29:21.706Z,24.38,0,0
perimetro-bodega-01,2026-09-27T10:27:51.353Z,23.97,0,0
perimetro-bodega-01,2026-09-27T10:26:21.039Z,24.18,0,0
perimetro-bodega-01,2026-09-27T10:24:50.705Z,24.02,0,1
perimetro-bodega-01,2026-09-27T10:23:20.338Z,23.99,0,1
perimetro-bodega-01,2026-09-27T10:21:49.974Z,24.41,0,0
perimetro-bodega-01,2026-09-27T10:20:19.651Z,24.09,0,0
perimetro-bodega-01,2026-09-27T10:18:49.321Z,23.93,0,0
perimetro-bodega-01,2026-09-27T10:17:18.994Z,23.84,0,0
perimetro-bodega-01,2026-09-27T10:15:48.634Z,23.97,0,0
perimetro-bodega-01,2026-09-27T10:14:18.302Z,24.25,0,0
perimetro-bodega-01,2026-09-27T10:12:47.894Z,24.25,0,0
perimetro-bodega-01,2026-09-27T10:11:17.559Z,24.12,0,0
perimetro-bodega-01,2026-09-27T10:09:47.209Z,23.94,0,0
perimetro-bodega-01,2026-09-27T10:08:16.883Z,23.89,0,0
perimetro-bodega-01,2026-09-27T10:06:46.472Z,24.21,0,0
perimetro-bodega-01,2026-09-27T10:05:16.123Z,23.83,0,0
perimetro-bodega-01,2026-09-27T10:03:45.751Z,24.06,0,1
perimetro-bodega-01,2026-09-27T10:02:15.366Z,23.84,0,0
perimetro-bodega-01,2026-09-27T10:00:45.026Z,23.88,0,0
perimetro-bodega-01,2026-09-27T09:59:14.643Z,23.99,0,0
perimetro-bodega-01,2026-09-27T09:57:44.299Z,24.06,0,1
perimetro-bodega-01,2026-09-27T09:56:13.938Z,23.96,1,0
perimetro-bodega-01,2026-09-27T09:54:43.593Z,23.86,0,0
perimetro-bodega-01,2026-09-27T09:53:13.234Z,24.16,0,1
perimetro-bodega-01,2026-09-27T09:51:42.903Z,23.78,0,0
perimetro-bodega-01,2026-09-27T09:50:12.54Z,23.7,0,1
perimetro-bodega-01,2026-09-27T09:48:42.189Z,23.62,0,0
perimetro-bodega-01,2026-09-27T09:47:11.807Z,23.94,0,0
perimetro-bodega-01,2026-09-24T13:38:57.12Z,26.53,0,0
perimetro-bodega-01,2026-09-24T13:37:26.774Z,26.67,0,0
perimetro-bodega-01,2026-09-24T13:01:56.391Z,26.09,0,0
perimetro-bodega-01,2026-09-24T13:00:26.1Z,26.06,0,1
perimetro-bodega-01,2026-09-24T12:58:55.724Z,26.11,0,0
perimetro-bodega-01,2026-09-24T12:57:25.361Z,26.45,0,0
perimetro-bodega-01,2026-09-24T12:55:54.977Z,26.08,0,0
perimetro-bodega-01,2026-09-24T12:54:24.692Z,26.15,0,0
perimetro-bodega-01,2026-09-24T12:52:54.368Z,26.24,0,0
perimetro-bodega-01,2026-09-24T12:51:24.002Z,25.91,0,0
perimetro-bodega-01,2026-09-24T12:49:53.627Z,25.88,0,0
perimetro-bodega-01,2026-09-24T12:48:23.312Z,26.36,0,0
perimetro-bodega-01,2026-09-24T12:46:52.883Z,26.01,0,0
perimetro-bodega-01,2026-09-24T12:45:22.572Z,25.88,0,0
perimetro-bodega-01,2026-09-24T12:43:52.21Z,26.01,1,0
perimetro-bodega-01,2026-09-24T12:42:21.937Z,26.17,1,1
perimetro-bodega-01,2026-09-24T12:40:51.575Z,25.86,0,0
perimetro-bodega-01,2026-09-24T12:39:21.17Z,26.06,0,0
perimetro-bodega-01,2026-09-24T12:37:50.789Z,25.88,0,0
perimetro-bodega-01,2026-09-24T12:36:20.407Z,25.98,0,0
perimetro-bodega-01,2026-09-24T12:34:49.997Z,25.84,0,0
perimetro-bodega-01,2026-09-24T12:33:19.652Z,26.01,0,0
perimetro-bodega-01,2026-09-24T12:31:49.245Z,25.93,0,0
perimetro-bodega-01,2026-09-24T12:30:18.934Z,26.04,0,0
perimetro-bodega-01,2026-09-24T12:28:48.588Z,25.82,0,0
perimetro-bodega-01,2026-09-24T12:27:18.205Z,26.01,0,0
perimetro-bodega-01,2026-09-24T12:25:47.861Z,26,0,0
perimetro-bodega-01,2026-09-24T12:24:17.546Z,25.87,0,1
perimetro-bodega-01,2026-09-24T12:22:47.198Z,25.95,0,0
perimetro-bodega-01,2026-09-24T12:21:16.821Z,25.95,0,0
perimetro-bodega-01,2026-09-24T12:19:46.438Z,25.78,0,1
perimetro-bodega-01,2026-09-24T12:18:16.111Z,25.7,0,0
perimetro-bodega-01,2026-09-24T12:16:45.806Z,25.61,0,0
perimetro-bodega-01,2026-09-24T12:15:15.52Z,25.36,0,0
perimetro-bodega-01,2026-09-24T12:13:45.155Z,25.58,0,0
perimetro-bodega-01,2026-09-24T12:12:14.786Z,25.79,0,0
perimetro-bodega-01,2026-09-24T12:10:44.441Z,25.31,0,0
perimetro-bodega-01,2026-09-24T12:09:14.097Z,25.3,0,0
perimetro-bodega-01,2026-09-24T12:07:43.747Z,25.34,0,0
perimetro-bodega-01,2026-09-24T12:06:13.328Z,25.2,0,0
perimetro-bodega-01,2026-09-24T12:04:42.993Z,25.37,0,0
perimetro-bodega-01,2026-09-24T12:03:12.636Z,25.53,0,0
perimetro-bodega-01,2026-09-24T12:01:42.273Z,25.21,0,0
perimetro-bodega-01,2026-09-24T12:00:11.891Z,25.26,0,0
perimetro-bodega-01,2026-09-24T11:58:41.544Z,25.19,0,0
perimetro-bodega-01,2026-09-24T11:57:11.185Z,25.41,0,0
perimetro-bodega-01,2026-09-24T11:55:40.833Z,25.39,0,0
perimetro-bodega-01,2026-09-24T11:54:10.486Z,25.21,0,0
perimetro-bodega-01,2026-09-24T11:52:40.164Z,25.37,0,0
perimetro-bodega-01,2026-09-24T11:51:09.779Z,25.42,0,0
perimetro-bodega-01,2026-09-24T11:49:39.401Z,25.44,0,1
perimetro-bodega-01,2026-09-24T11:48:09.026Z,25.49,0,0
perimetro-bodega-01,2026-09-24T11:46:38.66Z,25.47,0,0
perimetro-bodega-01,2026-09-24T11:45:08.379Z,25.4,0,0
perimetro-bodega-01,2026-09-24T11:43:37.981Z,25,0,0
perimetro-bodega-01,2026-09-24T11:42:07.648Z,24.91,0,0
perimetro-bodega-01,2026-09-24T11:40:37.29Z,25.34,1,0
perimetro-bodega-01,2026-09-24T11:39:06.929Z,25.31,0,1
perimetro-bodega-01,2026-09-24T11:37:36.595Z,25.22,0,0
perimetro-bodega-01,2026-09-24T11:36:06.217Z,25.06,0,0
perimetro-bodega-01,2026-09-24T11:34:35.846Z,24.8,0,0
perimetro-bodega-01,2026-09-24T11:33:05.496Z,25.34,0,0
perimetro-bodega-01,2026-09-24T11:31:35.182Z,25.24,0,0
perimetro-bodega-01,2026-09-24T11:30:04.833Z,25.23,0,0
perimetro-bodega-01,2026-09-24T11:28:34.503Z,24.93,0,0
perimetro-bodega-01,2026-09-24T11:27:04.157Z,24.67,0,0
perimetro-bodega-01,2026-09-24T11:25:33.78Z,24.86,0,0
perimetro-bodega-01,2026-09-24T11:24:03.406Z,25.14,0,0
perimetro-bodega-01,2026-09-24T11:22:33.07Z,24.7,0,0
perimetro-bodega-01,2026-09-24T11:21:02.687Z,24.79,0,0
perimetro-bodega-01,2026-09-24T11:19:32.314Z,24.78,0,1
perimetro-bodega-01,2026-09-24T11:18:01.908Z,24.97,1,0
perimetro-bodega-01,2026-09-24T11:16:31.551Z,24.81,0,1
perimetro-bodega-01,2026-09-24T11:15:01.177Z,25.07,0,0
perimetro-bodega-01,2026-09-24T11:13:30.832Z,24.59,0,0
perimetro-bodega-01,2026-09-24T11:12:00.447Z,24.94,0,0
perimetro-bodega-01,2026-09-24T11:10:30.088Z,24.7,0,1
perimetro-bodega-01,2026-09-24T11:08:59.713Z,24.68,0,0
perimetro-bodega-01,2026-09-24T11:07:29.352Z,24.53,0,0
perimetro-bodega-01,2026-09-24T11:05:58.973Z,24.48,0,1
perimetro-bodega-01,2026-09-24T11:04:28.655Z,24.41,0,0
perimetro-bodega-01,2026-09-24T11:02:58.315Z,24.68,1,0
perimetro-bodega-01,2026-09-24T11:01:27.968Z,24.59,0,0
perimetro-bodega-01,2026-09-24T10:59:57.602Z,24.81,0,0
perimetro-bodega-01,2026-09-24T10:58:27.233Z,24.4,0,0
perimetro-bodega-01,2026-09-24T10:56:56.877Z,24.71,0,0
perimetro-bodega-01,2026-09-24T10:55:26.505Z,24.55,0,0
perimetro-bodega-01,2026-09-24T10:53:56.154Z,24.84,0,0
perimetro-bodega-01,2026-09-24T10:52:25.764Z,24.3,0,0
perimetro-bodega-01,2026-09-24T10:50:55.438Z,24.55,0,0
perimetro-bodega-01,2026-09-24T10:49:25.109Z,24.49,0,0
perimetro-bodega-01,2026-09-24T10:47:54.741Z,24.62,0,0
perimetro-bodega-01,2026-09-24T10:46:24.438Z,24.25,0,0
perimetro-bodega-01,2026-09-24T10:44:54.06Z,24.62,0,0
perimetro-bodega-01,2026-09-24T10:43:23.712Z,24.35,0,0
perimetro-bodega-01,2026-09-24T10:41:53.346Z,24.54,0,1
perimetro-bodega-01,2026-09-24T10:40:22.983Z,24.34,0,0
perimetro-bodega-01,2026-09-24T10:38:52.641Z,24.27,0,0
perimetro-bodega-01,2026-09-24T10:37:22.216Z,24.41,0,0
perimetro-bodega-01,2026-09-24T10:35:51.838Z,24.4,0,0
perimetro-bodega-01,2026-09-24T10:34:21.452Z,24.53,0,0
perimetro-bodega-01,2026-09-24T10:32:51.088Z,24.1,0,0
perimetro-bodega-01,2026-09-24T10:31:20.743Z,24.4,0,0
perimetro-bodega-01,2026-09-24T10:29:50.384Z,24.3,0,0
perimetro-bodega-01,2026-09-24T10:28:20.011Z,24.29,0,0
perimetro-bodega-01,2026-09-24T10:26:49.598Z,24.31,0,0
perimetro-bodega-01,2026-09-24T10:25:19.291Z,24.29,0,0
perimetro-bodega-01,2026-09-24T10:23:48.944Z,24.36,0,0
perimetro-bodega-01,2026-09-24T10:22:18.586Z,24.47,0,0
perimetro-bodega-01,2026-09-24T10:20:48.249Z,24.28,0,0
perimetro-bodega-01,2026-09-24T10:19:17.917Z,23.94,0,0
perimetro-bodega-01,2026-09-24T10:17:47.512Z,23.99,0,0
perimetro-bodega-01,2026-09-24T10:16:17.125Z,23.97,0,0
perimetro-bodega-01,2026-09-24T10:14:46.774Z,24.27,0,0
perimetro-bodega-01,2026-09-24T10:13:16.426Z,24.28,0,0
perimetro-bodega-01,2026-09-24T10:11:46.058Z,24.07,0,1
perimetro-bodega-01,2026-09-24T10:10:15.697Z,24.04,0,0
perimetro-bodega-01,2026-09-24T10:08:45.431Z,24.06,0,0
perimetro-bodega-01,2026-09-24T10:07:15.1Z,23.99,0,0
perimetro-bodega-01,2026-09-24T10:05:44.794Z,24.03,0,0
perimetro-bodega-01,2026-09-24T10:04:14.449Z,23.84,0,1
perimetro-bodega-01,2026-09-24T10:02:44.091Z,23.78,0,0
perimetro-bodega-01,2026-09-28T13:46:35.52Z,27.15,0,0
perimetro-bodega-01,2026-09-28T13:45:05.189Z,26.85,0,0
perimetro-bodega-01,2026-09-28T13:43:34.876Z,26.97,0,1
perimetro-bodega-01,2026-09-28T13:42:04.513Z,27.04,0,0
perimetro-bodega-01,2026-09-28T13:40:34.175Z,26.82,0,0
perimetro-bodega-01,2026-09-28T13:39:03.82Z,26.54,0,0
perimetro-bodega-01,2026-09-28T13:37:33.43Z,26.65,0,0
perimetro-bodega-01,2026-09-28T13:36:03.067Z,26.75,0,0
perimetro-bodega-01,2026-09-28T13:34:32.708Z,26.8,0,0
perimetro-bodega-01,2026-09-28T13:33:02.37Z,26.92,0,1
perimetro-bodega-01,2026-09-28T13:31:31.989Z,26.96,0,0
perimetro-bodega-01,2026-09-28T13:30:01.593Z,26.45,0,0
perimetro-bodega-01,2026-09-28T13:28:31.32Z,26.87,0,0
perimetro-bodega-01,2026-09-28T13:27:00.969Z,26.43,0,0
perimetro-bodega-01,2026-09-28T13:25:30.62Z,26.61,0,0
perimetro-bodega-01,2026-09-28T13:24:00.25Z,26.5,0,1
perimetro-bodega-01,2026-09-28T13:22:29.817Z,26.57,0,0
perimetro-bodega-01,2026-09-28T13:20:59.459Z,26.66,0,0
perimetro-bodega-01,2026-09-28T13:19:29.1Z,26.58,0,0
perimetro-bodega-01,2026-09-28T13:17:58.741Z,26.31,0,0
perimetro-bodega-01,2026-09-28T13:16:28.367Z,26.23,0,0
perimetro-bodega-01,2026-09-28T13:14:58.023Z,26.27,0,0
perimetro-bodega-01,2026-09-28T13:13:27.672Z,26.64,0,0
perimetro-bodega-01,2026-09-28T13:11:57.268Z,26.42,1,0
perimetro-bodega-01,2026-09-28T13:10:26.915Z,26.18,0,0
perimetro-bodega-01,2026-09-28T13:08:56.555Z,26.22,0,0
perimetro-bodega-01,2026-09-28T13:07:26.183Z,26.47,0,0
perimetro-bodega-01,2026-09-28T13:05:55.753Z,26.33,0,0
perimetro-bodega-01,2026-09-28T13:04:25.393Z,26.48,0,0
perimetro-bodega-01,2026-09-28T13:02:55.032Z,26.46,0,0
perimetro-bodega-01,2026-09-28T13:01:24.726Z,26.51,0,0
perimetro-bodega-01,2026-09-28T12:59:54.376Z,26.22,0,0
perimetro-bodega-01,2026-09-28T12:58:24.02Z,26.16,0,0
perimetro-bodega-01,2026-09-28T12:56:53.687Z,26.05,0,0
perimetro-bodega-01,2026-09-28T12:55:23.319Z,26.03,0,0
perimetro-bodega-01,2026-09-28T12:53:52.954Z,26.28,0,0
perimetro-bodega-01,2026-09-28T12:52:22.523Z,26.18,0,0
perimetro-bodega-01,2026-09-28T12:50:52.175Z,25.86,0,0
perimetro-bodega-01,2026-09-28T12:49:21.815Z,26.14,0,0
perimetro-bodega-01,2026-09-28T12:47:51.428Z,25.86,0,0
perimetro-bodega-01,2026-09-28T12:46:21.026Z,26.3,0,0
perimetro-bodega-01,2026-09-28T12:44:50.695Z,26.03,0,0
perimetro-bodega-01,2026-09-28T12:43:20.327Z,26.01,0,0
perimetro-bodega-01,2026-09-28T12:41:49.955Z,25.73,0,0
perimetro-bodega-01,2026-09-28T12:40:19.623Z,26.24,0,0
perimetro-bodega-01,2026-09-28T12:38:49.247Z,25.7,0,0
perimetro-bodega-01,2026-09-28T12:37:18.951Z,25.79,0,1
perimetro-bodega-01,2026-09-28T12:35:48.613Z,26.16,0,0
perimetro-bodega-01,2026-09-28T12:34:18.224Z,25.66,0,1
perimetro-bodega-01,2026-09-28T12:32:47.854Z,25.73,0,0
perimetro-bodega-01,2026-09-28T12:31:17.579Z,25.88,0,1
perimetro-bodega-01,2026-09-28T12:29:47.248Z,25.84,0,0
perimetro-bodega-01,2026-09-28T12:28:16.886Z,26.08,0,0
perimetro-bodega-01,2026-09-28T12:26:46.523Z,25.79,0,0
perimetro-bodega-01,2026-09-28T12:25:16.19Z,25.52,0,0
perimetro-bodega-01,2026-09-28T12:23:45.882Z,25.98,0,0
perimetro-bodega-01,2026-09-28T12:22:15.491Z,25.51,0,0
perimetro-bodega-01,2026-09-28T12:20:45.129Z,25.98,0,0
perimetro-bodega-01,2026-09-28T12:19:14.85Z,25.55,0,0
perimetro-bodega-01,2026-09-28T12:17:44.505Z,25.79,0,1
perimetro-bodega-01,2026-09-28T12:16:14.175Z,25.47,0,0
perimetro-bodega-01,2026-09-28T12:14:43.777Z,25.65,0,0
perimetro-bodega-01,2026-09-28T12:13:13.504Z,25.69,0,0
perimetro-bodega-01,2026-09-28T12:11:43.125Z,25.32,0,0
perimetro-bodega-01,2026-09-28T12:10:12.787Z,25.45,0,0
perimetro-bodega-01,2026-09-28T12:08:42.445Z,25.23,0,0
perimetro-bodega-01,2026-09-28T12:07:12.112Z,25.62,0,0
perimetro-bodega-01,2026-09-28T12:05:41.699Z,25.25,0,0
perimetro-bodega-01,2026-09-28T12:04:11.381Z,25.72,0,0
perimetro-bodega-01,2026-09-28T12:02:40.996Z,25.27,0,0
perimetro-bodega-01,2026-09-28T12:01:10.64Z,25.52,0,0
perimetro-bodega-01,2026-09-28T11:59:40.26Z,25.55,0,0
perimetro-bodega-01,2026-09-28T11:58:09.791Z,25.19,0,0
perimetro-bodega-01,2026-09-28T11:56:39.453Z,25.18,0,0
perimetro-bodega-01,2026-09-28T11:55:09.12Z,25.27,0,0
perimetro-bodega-01,2026-09-28T11:53:38.786Z,25.5,0,0
perimetro-bodega-01,2026-09-28T11:52:08.438Z,25.1,0,0
perimetro-bodega-01,2026-09-28T11:50:38.071Z,25.34,0,0
perimetro-bodega-01,2026-09-28T11:49:07.679Z,25.31,1,0
perimetro-bodega-01,2026-09-28T11:47:37.32Z,25,0,0
perimetro-bodega-01,2026-09-28T11:46:06.945Z,25.05,0,0
perimetro-bodega-01,2026-09-28T11:44:36.561Z,24.94,0,0
perimetro-bodega-01,2026-09-28T11:43:06.211Z,24.98,0,0
perimetro-bodega-01,2026-09-28T11:41:35.843Z,24.87,0,0
perimetro-bodega-01,2026-09-28T11:40:05.497Z,24.92,0,0
perimetro-bodega-01,2026-09-28T11:38:35.116Z,25.05,0,0
perimetro-bodega-01,2026-09-28T11:37:04.778Z,25.36,0,0
perimetro-bodega-01,2026-09-28T11:35:34.439Z,25.18,0,0
perimetro-bodega-01,2026-09-28T11:34:04.089Z,24.83,0,0
perimetro-bodega-01,2026-09-28T11:32:33.736Z,24.94,0,0
perimetro-bodega-01,2026-09-28T11:31:03.391Z,25.23,0,0
perimetro-bodega-01,2026-09-28T11:29:33.049Z,25.03,0,0
perimetro-bodega-01,2026-09-28T11:28:02.687Z,25.28,0,0
perimetro-bodega-01,2026-09-28T11:26:32.358Z,25.23,0,0
perimetro-bodega-01,2026-09-28T11:25:01.983Z,24.76,0,0
perimetro-bodega-01,2026-09-28T11:23:31.629Z,24.65,0,0
perimetro-bodega-01,2026-09-28T11:22:01.361Z,24.89,0,0
perimetro-bodega-01,2026-09-28T11:20:30.985Z,24.72,1,0
perimetro-bodega-01,2026-09-28T11:19:00.611Z,24.81,0,0
perimetro-bodega-01,2026-09-28T11:17:30.287Z,24.72,0,0
perimetro-bodega-01,2026-09-28T11:15:59.939Z,24.96,0,0
perimetro-bodega-01,2026-09-28T11:14:29.583Z,24.55,0,0
perimetro-bodega-01,2026-09-28T11:12:59.205Z,24.94,1,0
perimetro-bodega-01,2026-09-28T11:11:28.892Z,24.54,0,0
perimetro-bodega-01,2026-09-28T11:09:58.574Z,24.77,1,0
perimetro-bodega-01,2026-09-28T11:08:28.223Z,24.93,0,0
perimetro-bodega-01,2026-09-28T11:06:57.856Z,24.87,0,0
perimetro-bodega-01,2026-09-28T11:05:27.492Z,24.98,1,1
perimetro-bodega-01,2026-09-28T11:03:57.102Z,24.48,1,0
perimetro-bodega-01,2026-09-28T11:02:26.771Z,24.53,0,0
perimetro-bodega-01,2026-09-28T11:00:56.413Z,24.38,0,0
perimetro-bodega-01,2026-09-28T10:59:26.048Z,24.73,0,0
perimetro-bodega-01,2026-09-28T10:57:55.662Z,24.3,0,0
perimetro-bodega-01,2026-09-28T10:56:25.293Z,24.55,0,0
perimetro-bodega-01,2026-09-28T10:54:54.934Z,24.59,0,0
perimetro-bodega-01,2026-09-28T10:53:24.594Z,24.31,0,0
perimetro-bodega-01,2026-09-28T10:51:54.252Z,24.67,0,0
perimetro-bodega-01,2026-09-28T10:50:23.919Z,24.3,0,0
perimetro-bodega-01,2026-09-28T10:48:53.559Z,24.26,0,0
perimetro-bodega-01,2026-09-28T10:47:23.19Z,24.5,0,0
perimetro-bodega-01,2026-09-28T10:11:52.753Z,23.9,0,1
perimetro-bodega-01,2026-09-28T10:10:22.407Z,24.16,0,0
perimetro-bodega-01,2026-09-28T10:08:52.072Z,24.2,0,0
perimetro-bodega-01,2026-09-28T10:07:21.803Z,24.07,0,0
perimetro-bodega-01,2026-09-28T10:05:51.489Z,24.16,0,0
perimetro-bodega-01,2026-09-28T10:04:21.097Z,24.06,0,0
perimetro-bodega-01,2026-09-28T10:02:50.75Z,24.16,0,0
perimetro-bodega-01,2026-09-28T10:01:20.378Z,23.67,0,0
perimetro-bodega-01,2026-09-28T09:59:50.009Z,24.13,0,0
perimetro-bodega-01,2026-09-28T09:58:19.707Z,24.11,0,0
perimetro-bodega-01,2026-09-28T09:56:49.358Z,24.16,0,0
perimetro-bodega-01,2026-09-28T09:55:19.028Z,23.69,0,0
perimetro-bodega-01,2026-09-28T09:53:48.655Z,24.04,1,0
perimetro-bodega-01,2026-09-28T09:52:18.387Z,24.13,0,0
perimetro-bodega-01,2026-09-28T09:50:48.017Z,23.56,0,0
perimetro-bodega-01,2026-09-28T09:49:17.669Z,23.98,0,0
perimetro-bodega-01,2026-09-28T09:47:47.322Z,23.65,0,0
perimetro-bodega-01,2026-09-28T09:46:16.963Z,23.99,0,0
perimetro-bodega-01,2026-09-28T09:44:46.621Z,23.93,0,0
perimetro-bodega-01,2026-09-28T09:43:16.298Z,23.54,0,0
perimetro-bodega-01,2026-09-28T09:41:45.953Z,23.49,0,0
perimetro-bodega-01,2026-09-28T09:40:15.596Z,23.5,0,0
perimetro-bodega-01,2026-09-28T09:38:45.212Z,23.93,0,0
perimetro-bodega-01,2026-09-28T09:37:14.895Z,24,0,0
perimetro-bodega-01,2026-09-28T09:35:44.575Z,23.85,0,0
perimetro-bodega-01,2026-09-28T09:34:14.214Z,23.45,0,0
perimetro-bodega-01,2026-09-28T09:32:43.836Z,23.92,0,0
perimetro-bodega-01,2026-09-28T09:31:13.485Z,23.46,0,0
perimetro-bodega-01,2026-09-28T09:29:43.136Z,23.64,0,0
perimetro-bodega-01,2026-09-28T09:28:12.812Z,23.86,0,1
perimetro-bodega-01,2026-09-28T09:26:42.438Z,23.81,0,0
perimetro-bodega-01,2026-09-28T09:25:12.144Z,23.7,0,0
perimetro-bodega-01,2026-09-28T09:23:41.806Z,23.45,0,0
perimetro-bodega-01,2026-09-28T09:22:11.458Z,23.83,0,0
perimetro-bodega-01,2026-09-28T09:20:41.144Z,23.56,0,0
perimetro-bodega-01,2026-09-28T09:19:10.772Z,23.87,0,0
perimetro-bodega-01,2026-09-28T09:17:40.432Z,23.38,0,0
perimetro-bodega-01,2026-09-28T09:16:10.058Z,23.46,0,0
perimetro-bodega-01,2026-09-28T09:14:39.728Z,23.83,0,0
perimetro-bodega-01,2026-09-28T09:13:09.399Z,23.26,0,0
perimetro-bodega-01,2026-09-28T09:11:39.062Z,23.43,0,0
perimetro-bodega-01,2026-09-28T09:10:08.688Z,23.72,0,0
perimetro-bodega-01,2026-09-28T09:08:38.359Z,23.52,0,0
perimetro-bodega-01,2026-09-28T09:07:08.028Z,23.35,0,0
perimetro-bodega-01,2026-09-28T09:05:37.704Z,23.59,0,0
perimetro-bodega-01,2026-09-28T09:04:07.345Z,23.52,1,1
perimetro-bodega-01,2026-09-28T09:02:36.988Z,23.62,0,0
perimetro-bodega-01,2026-09-28T09:01:06.593Z,23.48,0,0
perimetro-bodega-01,2026-09-28T08:59:36.262Z,23.53,0,0
perimetro-bodega-01,2026-09-28T08:58:05.963Z,23.7,0,0
perimetro-bodega-01,2026-09-28T08:56:35.642Z,23.2,1,0
perimetro-bodega-01,2026-09-28T08:55:05.259Z,23.28,1,0
perimetro-bodega-01,2026-09-28T08:53:34.916Z,23.19,0,0
perimetro-bodega-01,2026-09-28T08:52:04.53Z,23.41,0,0
perimetro-bodega-01,2026-09-28T08:50:34.199Z,23.56,0,0
perimetro-bodega-01,2026-09-28T08:49:03.804Z,23.21,0,0
perimetro-bodega-01,2026-09-28T08:47:33.451Z,23.4,0,0
perimetro-bodega-01,2026-09-28T08:46:03.136Z,23.61,0,0
perimetro-bodega-01,2026-09-28T08:44:32.796Z,23.58,0,1
perimetro-bodega-01,2026-09-28T08:43:02.455Z,23.12,0,0
perimetro-bodega-01,2026-09-28T08:41:32.11Z,23.5,1,0
perimetro-bodega-01,2026-09-28T08:40:01.705Z,23.45,0,0
perimetro-bodega-01,2026-09-28T08:38:31.356Z,23.13,0,0
perimetro-bodega-01,2026-09-28T08:37:01.017Z,23.5,0,0
perimetro-bodega-01,2026-09-28T08:35:30.704Z,23.29,0,0
perimetro-bodega-01,2026-09-28T08:34:00.374Z,23.29,0,0
perimetro-bodega-01,2026-09-28T08:32:30.033Z,23.03,0,0
perimetro-bodega-01,2026-09-28T08:30:59.636Z,23.24,0,0
perimetro-bodega-01,2026-09-28T08:29:29.313Z,23,0,0
perimetro-bodega-01,2026-09-28T08:27:58.975Z,23.44,0,0
perimetro-bodega-01,2026-09-28T08:26:28.643Z,23.22,1,0
perimetro-bodega-01,2026-09-28T08:24:58.27Z,23.5,0,0
perimetro-bodega-01,2026-09-28T08:23:27.887Z,23.16,0,0
perimetro-bodega-01,2026-09-28T08:21:57.508Z,23.22,0,0
perimetro-bodega-01,2026-09-28T08:20:27.165Z,22.96,0,0
perimetro-bodega-01,2026-09-28T08:18:56.835Z,23.12,0,0
perimetro-bodega-01,2026-09-28T08:17:26.487Z,23.04,0,0
perimetro-bodega-01,2026-09-28T08:15:56.209Z,23.38,0,0
perimetro-bodega-01,2026-09-28T08:14:25.882Z,23.12,0,0
perimetro-bodega-01,2026-09-28T08:12:55.509Z,22.91,0,0
perimetro-bodega-01,2026-09-28T08:11:25.213Z,23.21,0,0
perimetro-bodega-01,2026-09-28T08:09:54.868Z,22.85,1,0
perimetro-bodega-01,2026-09-28T08:08:24.506Z,22.89,0,0
perimetro-bodega-01,2026-09-28T08:06:54.143Z,23.1,0,0
perimetro-bodega-01,2026-09-28T08:05:23.873Z,23.12,0,0
perimetro-bodega-01,2026-09-28T08:03:53.571Z,23.22,0,0
perimetro-bodega-01,2026-09-28T08:02:23.246Z,23.4,0,0
perimetro-bodega-01,2026-09-28T08:00:52.891Z,23.11,0,0
perimetro-bodega-01,2026-09-28T07:59:22.546Z,23.34,0,0
perimetro-bodega-01,2026-09-28T07:57:52.192Z,23.24,0,0
perimetro-bodega-01,2026-09-28T07:56:21.795Z,23.24,0,0
perimetro-bodega-01,2026-09-28T07:54:51.429Z,22.89,0,0
perimetro-bodega-01,2026-09-28T07:53:21.102Z,23.22,0,0
perimetro-bodega-01,2026-09-28T07:51:50.785Z,23.08,0,0
perimetro-bodega-01,2026-09-28T07:50:20.437Z,22.81,0,0
perimetro-bodega-01,2026-09-28T07:48:50.088Z,23.11,0,0
perimetro-bodega-01,2026-09-28T07:47:19.722Z,23.29,0,0
perimetro-bodega-01,2026-09-28T07:45:49.402Z,23.04,0,0
perimetro-bodega-01,2026-09-28T07:44:19.098Z,22.97,0,0
perimetro-bodega-01,2026-09-28T07:42:48.774Z,23.19,0,0
perimetro-bodega-01,2026-09-28T07:41:18.401Z,23.08,0,0
perimetro-bodega-01,2026-09-28T07:39:48.062Z,23.19,0,0
perimetro-bodega-01,2026-09-28T07:38:17.698Z,22.81,0,0
perimetro-bodega-01,2026-09-28T07:36:47.292Z,23,0,0
perimetro-bodega-01,2026-09-28T07:35:16.983Z,22.76,0,0
perimetro-bodega-01,2026-09-28T07:33:46.637Z,22.89,0,0
perimetro-bodega-01,2026-09-28T07:32:16.312Z,22.89,0,0
perimetro-bodega-01,2026-09-28T07:30:45.962Z,22.96,0,0
perimetro-bodega-01,2026-09-28T07:29:15.568Z,23.2,0,0
perimetro-bodega-01,2026-09-28T07:27:45.238Z,22.92,0,0
perimetro-bodega-01,2026-09-28T07:26:14.919Z,23.25,0,0
perimetro-bodega-01,2026-09-28T07:24:44.583Z,22.85,1,0
perimetro-bodega-01,2026-09-28T07:23:14.244Z,22.82,0,0
perimetro-bodega-01,2026-09-28T07:21:43.908Z,23.09,0,0
perimetro-bodega-01,2026-09-28T07:20:13.563Z,23.19,0,0
perimetro-bodega-01,2026-09-28T07:18:43.216Z,23.21,0,0
perimetro-bodega-01,2026-09-28T07:17:12.854Z,22.8,0,0
perimetro-bodega-01,2026-09-28T07:15:42.521Z,22.73,0,0
perimetro-bodega-01,2026-09-28T07:14:12.194Z,22.95,0,0
perimetro-bodega-01,2026-09-28T07:12:41.825Z,23.29,0,0
perimetro-bodega-01,2026-09-28T06:36:41.5Z,23.12,0,1
perimetro-bodega-01,2026-09-28T06:35:11.095Z,22.73,0,0
perimetro-bodega-01,2026-09-28T06:33:40.752Z,22.79,0,0
perimetro-bodega-01,2026-09-28T06:32:10.444Z,23.1,0,0
perimetro-bodega-01,2026-09-28T06:30:40.073Z,22.76,0,0
perimetro-bodega-01,2026-09-28T06:29:09.679Z,23.17,0,0
perimetro-bodega-01,2026-09-28T06:27:39.287Z,23.21,0,1
perimetro-bodega-01,2026-09-28T06:26:08.951Z,23.27,0,0
perimetro-bodega-01,2026-09-28T06:24:38.685Z,23.25,0,0
perimetro-bodega-01,2026-09-28T06:23:08.368Z,23.31,0,0
perimetro-bodega-01,2026-09-28T06:21:37.989Z,22.84,0,0
perimetro-bodega-01,2026-09-28T06:20:07.719Z,23.14,0,0
perimetro-bodega-01,2026-09-28T06:18:37.359Z,22.83,0,0
perimetro-bodega-01,2026-09-28T06:17:07.041Z,22.82,0,0
perimetro-bodega-01,2026-09-28T06:15:36.722Z,22.86,0,0
perimetro-bodega-01,2026-09-28T06:14:06.457Z,22.91,0,0
perimetro-bodega-01,2026-09-28T06:12:36.076Z,22.97,0,0
perimetro-bodega-01,2026-09-28T06:11:05.747Z,23.17,0,0
perimetro-bodega-01,2026-09-28T06:09:35.449Z,22.84,0,0
perimetro-bodega-01,2026-09-28T06:08:05.124Z,23.2,0,0
perimetro-bodega-01,2026-09-28T06:06:34.76Z,22.96,0,0
perimetro-bodega-01,2026-09-28T06:05:04.424Z,23.26,0,0
perimetro-bodega-01,2026-09-28T06:03:34.058Z,22.87,0,0
perimetro-bodega-01,2026-09-25T09:36:01.763Z,23.97,0,0
perimetro-bodega-01,2026-09-25T09:34:31.43Z,23.56,0,0
perimetro-bodega-01,2026-09-25T09:33:01.097Z,23.8,1,0
perimetro-bodega-01,2026-09-25T09:31:30.702Z,23.92,0,0
perimetro-bodega-01,2026-09-25T09:30:00.33Z,23.52,0,0
perimetro-bodega-01,2026-09-25T09:28:29.939Z,23.49,0,0
perimetro-bodega-01,2026-09-25T09:26:59.607Z,23.46,0,1
perimetro-bodega-01,2026-09-25T09:25:29.235Z,23.8,0,0
perimetro-bodega-01,2026-09-25T09:23:58.764Z,23.8,1,0
perimetro-bodega-01,2026-09-25T09:22:28.436Z,23.58,0,0
perimetro-bodega-01,2026-09-25T09:20:58.072Z,23.31,0,0
perimetro-bodega-01,2026-09-25T09:19:27.772Z,23.6,0,0
perimetro-bodega-01,2026-09-25T09:17:57.417Z,23.51,0,0
perimetro-bodega-01,2026-09-25T09:16:27.034Z,23.61,0,0
perimetro-bodega-01,2026-09-25T09:14:56.671Z,23.59,0,0
perimetro-bodega-01,2026-09-25T09:13:26.313Z,23.53,0,0
perimetro-bodega-01,2026-09-25T09:11:56.044Z,23.73,0,0
perimetro-bodega-01,2026-09-25T09:10:25.702Z,23.32,0,0
perimetro-bodega-01,2026-09-25T09:08:55.323Z,23.33,0,0
perimetro-bodega-01,2026-09-25T09:07:24.95Z,23.67,0,0
perimetro-bodega-01,2026-09-25T09:05:54.554Z,23.56,0,0
perimetro-bodega-01,2026-09-25T09:04:24.233Z,23.49,0,0
perimetro-bodega-01,2026-09-25T09:02:53.846Z,23.51,0,0
perimetro-bodega-01,2026-09-25T09:01:23.53Z,23.47,0,0
perimetro-bodega-01,2026-09-25T08:59:53.169Z,23.65,0,0
perimetro-bodega-01,2026-09-25T08:58:22.849Z,23.21,0,0
perimetro-bodega-01,2026-09-25T08:56:52.467Z,23.33,0,0
perimetro-bodega-01,2026-09-25T08:55:22.121Z,23.32,0,0
perimetro-bodega-01,2026-09-25T08:53:51.807Z,23.39,0,0
perimetro-bodega-01,2026-09-25T08:52:21.415Z,23.14,0,0
perimetro-bodega-01,2026-09-25T08:50:51.084Z,23.16,0,0
perimetro-bodega-01,2026-09-25T08:49:20.706Z,23.61,0,0
perimetro-bodega-01,2026-09-25T08:47:50.315Z,23.4,0,0
perimetro-bodega-01,2026-09-25T08:46:19.951Z,23.12,0,0
perimetro-bodega-01,2026-09-25T08:44:49.602Z,23.57,0,0
perimetro-bodega-01,2026-09-25T08:43:19.273Z,23.23,0,0
perimetro-bodega-01,2026-09-25T08:41:48.895Z,23.39,0,0
perimetro-bodega-01,2026-09-25T08:40:18.535Z,23.39,0,1
perimetro-bodega-01,2026-09-25T08:38:48.14Z,23.31,0,0
perimetro-bodega-01,2026-09-25T08:37:17.821Z,23.03,0,1
perimetro-bodega-01,2026-09-25T08:35:47.488Z,23.51,0,0
perimetro-bodega-01,2026-09-25T08:34:17.089Z,23.36,0,0
perimetro-bodega-01,2026-09-25T08:32:46.72Z,23.09,0,0
perimetro-bodega-01,2026-09-25T08:31:16.371Z,23.06,0,0
perimetro-bodega-01,2026-09-25T08:29:46.021Z,23.47,0,0
perimetro-bodega-01,2026-09-25T08:28:15.656Z,23.07,0,0
perimetro-bodega-01,2026-09-25T08:26:45.276Z,23.15,0,0
perimetro-bodega-01,2026-09-25T08:25:14.872Z,23.29,0,0
perimetro-bodega-01,2026-09-25T08:23:44.496Z,23.39,0,0
perimetro-bodega-01,2026-09-25T08:22:14.176Z,23.42,0,0
perimetro-bodega-01,2026-09-25T08:20:43.815Z,23.19,0,0
perimetro-bodega-01,2026-09-25T08:19:13.444Z,23.2,0,0
perimetro-bodega-01,2026-09-25T08:17:43.085Z,23.08,0,0
perimetro-bodega-01,2026-09-25T08:16:12.708Z,23.31,0,0
perimetro-bodega-01,2026-09-25T08:14:42.331Z,23.47,0,0
perimetro-bodega-01,2026-09-25T08:13:12.007Z,23.33,0,0
perimetro-bodega-01,2026-09-25T08:11:41.625Z,23.42,0,0
perimetro-bodega-01,2026-09-25T08:10:11.27Z,23.44,0,0
perimetro-bodega-01,2026-09-25T08:08:40.91Z,23.08,0,0
perimetro-bodega-01,2026-09-25T08:07:10.636Z,22.95,0,0
perimetro-bodega-01,2026-09-25T08:05:40.294Z,22.84,1,0
perimetro-bodega-01,2026-09-25T08:04:09.919Z,23.03,0,0
perimetro-bodega-01,2026-09-25T08:02:39.592Z,22.85,0,0
perimetro-bodega-01,2026-09-25T08:01:09.233Z,22.82,0,0
perimetro-bodega-01,2026-09-25T07:59:38.821Z,23.21,0,0
perimetro-bodega-01,2026-09-25T07:58:08.45Z,23.33,0,0
perimetro-bodega-01,2026-09-25T07:56:38.072Z,23.35,0,0
perimetro-bodega-01,2026-09-25T07:55:07.742Z,23.19,0,1
perimetro-bodega-01,2026-09-25T07:53:37.355Z,22.85,0,0
perimetro-bodega-01,2026-09-25T07:52:06.982Z,23.1,0,0
perimetro-bodega-01,2026-09-25T07:50:36.597Z,23.17,0,0
perimetro-bodega-01,2026-09-25T07:49:06.204Z,22.78,0,0
perimetro-bodega-01,2026-09-25T07:47:35.879Z,23.28,0,0
perimetro-bodega-01,2026-09-25T07:46:05.516Z,23.25,0,0
perimetro-bodega-01,2026-09-25T07:44:35.168Z,23.04,0,1
perimetro-bodega-01,2026-09-25T07:43:04.807Z,23.27,0,0
perimetro-bodega-01,2026-09-25T07:41:34.464Z,22.9,1,0
perimetro-bodega-01,2026-09-25T07:40:04.116Z,23.06,0,0
perimetro-bodega-01,2026-09-25T07:38:33.725Z,22.79,1,0
perimetro-bodega-01,2026-09-25T07:37:03.376Z,23.04,0,0
perimetro-bodega-01,2026-09-25T07:35:33.009Z,22.93,0,0
perimetro-bodega-01,2026-09-25T07:34:02.664Z,22.9,0,0
perimetro-bodega-01,2026-09-25T07:32:32.3Z,22.8,0,0
perimetro-bodega-01,2026-09-25T06:57:01.92Z,23.28,0,0
perimetro-bodega-01,2026-09-25T06:55:31.525Z,23.14,1,0
perimetro-bodega-01,2026-09-25T06:54:01.18Z,23.08,0,0
perimetro-bodega-01,2026-09-25T06:52:30.829Z,23.03,0,0
perimetro-bodega-01,2026-09-25T06:51:00.483Z,22.96,0,0
perimetro-bodega-01,2026-09-25T06:49:30.115Z,22.81,0,0
perimetro-bodega-01,2026-09-25T06:47:59.758Z,23.03,0,0
perimetro-bodega-01,2026-09-25T06:46:29.456Z,22.84,0,0
perimetro-bodega-01,2026-09-25T06:44:59.057Z,22.96,0,0
perimetro-bodega-01,2026-09-25T06:43:28.693Z,23,0,0
perimetro-bodega-01,2026-09-25T06:41:58.341Z,23,1,0
perimetro-bodega-01,2026-09-25T06:40:27.96Z,22.96,1,0
perimetro-bodega-01,2026-09-25T06:38:57.637Z,23.15,0,0
perimetro-bodega-01,2026-09-25T06:37:27.249Z,22.73,0,0
perimetro-bodega-01,2026-09-25T06:35:56.856Z,23.29,0,0
perimetro-bodega-01,2026-09-25T06:34:26.53Z,23.25,0,1
perimetro-bodega-01,2026-09-25T06:32:56.138Z,23.14,0,0
perimetro-bodega-01,2026-09-25T06:31:25.814Z,23.14,0,0
perimetro-bodega-01,2026-09-25T06:29:55.466Z,22.77,0,0
perimetro-bodega-01,2026-09-25T06:28:25.127Z,22.85,0,0
perimetro-bodega-01,2026-09-25T06:26:54.761Z,22.98,0,0
perimetro-bodega-01,2026-09-25T06:25:24.408Z,23.1,0,0
perimetro-bodega-01,2026-09-25T06:23:54.044Z,23.03,0,0
perimetro-bodega-01,2026-09-25T06:22:23.676Z,23.13,0,1
perimetro-bodega-01,2026-09-25T06:20:53.343Z,23.32,0,0
perimetro-bodega-01,2026-09-25T06:19:22.993Z,22.77,0,0
perimetro-bodega-01,2026-09-25T06:17:52.663Z,23.29,0,0
perimetro-bodega-01,2026-09-25T06:16:22.286Z,23.23,0,0
perimetro-bodega-01,2026-09-25T06:14:51.954Z,22.88,0,0
perimetro-bodega-01,2026-09-25T06:13:21.595Z,22.83,0,0
perimetro-bodega-01,2026-09-25T06:11:51.327Z,23.11,1,0
perimetro-bodega-01,2026-09-25T06:10:20.984Z,23.32,0,0
perimetro-bodega-01,2026-09-25T06:08:50.637Z,22.86,0,0
perimetro-bodega-01,2026-09-25T06:07:20.272Z,22.82,0,0
perimetro-bodega-01,2026-09-25T06:05:49.956Z,23.37,0,0
perimetro-bodega-01,2026-09-25T06:04:19.582Z,23.21,0,1
perimetro-bodega-01,2026-09-25T06:02:49.165Z,23.16,0,0
perimetro-bodega-01,2026-09-25T06:01:18.767Z,23.35,0,0
perimetro-bodega-01,2026-09-25T05:59:48.42Z,23.24,0,0
perimetro-bodega-01,2026-09-25T05:58:18.049Z,22.94,0,0
perimetro-bodega-01,2026-09-25T05:56:47.695Z,23.39,0,0
perimetro-bodega-01,2026-09-25T05:55:17.272Z,22.9,0,0
perimetro-bodega-01,2026-09-25T05:53:46.94Z,23.11,0,0
perimetro-bodega-01,2026-09-25T05:52:16.574Z,23.28,0,0
perimetro-bodega-01,2026-09-25T05:50:46.246Z,23.02,0,1
perimetro-bodega-01,2026-09-25T05:49:15.817Z,23.17,0,0
perimetro-bodega-01,2026-09-25T05:47:45.475Z,23.15,0,0
perimetro-bodega-01,2026-09-25T05:46:15.099Z,22.99,0,0
perimetro-bodega-01,2026-09-25T05:44:44.734Z,23.02,0,0
perimetro-bodega-01,2026-09-25T05:43:14.377Z,23.08,0,0
perimetro-bodega-01,2026-09-25T05:41:44.051Z,23.04,1,0
perimetro-bodega-01,2026-09-25T05:40:13.715Z,23.32,1,0
perimetro-bodega-01,2026-09-25T05:38:43.336Z,23.32,0,0
perimetro-bodega-01,2026-09-25T05:37:12.987Z,23.45,0,0
perimetro-bodega-01,2026-09-25T05:35:42.642Z,23.51,0,0
perimetro-bodega-01,2026-09-25T05:34:12.281Z,23.43,0,0
perimetro-bodega-01,2026-09-25T05:32:41.929Z,23.22,0,0
perimetro-bodega-01,2026-09-25T05:31:11.567Z,23.11,0,0
perimetro-bodega-01,2026-09-25T05:29:41.241Z,23,1,0
perimetro-bodega-01,2026-09-25T05:28:10.883Z,23.48,0,0
perimetro-bodega-01,2026-09-25T05:26:40.54Z,22.98,0,1
perimetro-bodega-01,2026-09-25T05:25:10.208Z,23.41,0,0
perimetro-bodega-01,2026-09-25T05:23:39.863Z,23.07,0,0
perimetro-bodega-01,2026-09-25T05:22:09.511Z,23.05,1,0
perimetro-bodega-01,2026-09-25T05:20:39.069Z,23.26,0,0
perimetro-bodega-01,2026-09-25T05:19:08.721Z,23.43,0,0
perimetro-bodega-01,2026-09-25T05:17:38.393Z,23.55,0,0
perimetro-bodega-01,2026-09-25T05:16:08.059Z,23.36,0,0
perimetro-bodega-01,2026-09-25T05:14:37.702Z,23.48,0,0
perimetro-bodega-01,2026-09-25T05:13:07.312Z,23.32,0,0
perimetro-bodega-01,2026-09-25T05:11:36.952Z,23.66,0,0
perimetro-bodega-01,2026-09-25T05:10:06.621Z,23.14,0,0
perimetro-bodega-01,2026-09-25T05:08:36.263Z,23.17,0,0
perimetro-bodega-01,2026-09-25T05:07:05.89Z,23.59,0,0
perimetro-bodega-01,2026-09-25T05:05:35.547Z,23.15,0,0
perimetro-bodega-01,2026-09-25T05:04:05.194Z,23.34,0,0
perimetro-bodega-01,2026-09-25T05:02:34.833Z,23.63,0,0
perimetro-bodega-01,2026-09-25T05:01:04.474Z,23.72,0,1
perimetro-bodega-01,2026-09-25T04:59:34.106Z,23.44,0,0
perimetro-bodega-01,2026-09-25T04:58:03.724Z,23.26,0,1
perimetro-bodega-01,2026-09-25T04:56:33.349Z,23.3,0,1
perimetro-bodega-01,2026-09-25T04:55:03.057Z,23.29,0,0
perimetro-bodega-01,2026-09-25T04:53:32.728Z,23.28,0,0
perimetro-bodega-01,2026-09-25T04:52:02.377Z,23.69,1,1
perimetro-bodega-01,2026-09-25T04:50:32.046Z,23.59,0,0
perimetro-bodega-01,2026-09-25T04:49:01.71Z,23.26,0,0
perimetro-bodega-01,2026-09-25T04:47:31.402Z,23.76,0,0
perimetro-bodega-01,2026-09-25T04:46:01.052Z,23.58,0,0
perimetro-bodega-01,2026-09-25T04:44:30.737Z,23.3,0,1
perimetro-bodega-01,2026-09-25T04:43:00.363Z,23.49,0,0
perimetro-bodega-01,2026-09-25T04:41:30.015Z,23.75,0,0
perimetro-bodega-01,2026-09-25T04:39:59.653Z,23.83,0,0
perimetro-bodega-01,2026-09-25T04:38:29.363Z,23.33,0,0
perimetro-bodega-01,2026-09-25T04:36:58.968Z,23.79,0,0
perimetro-bodega-01,2026-09-25T04:35:28.61Z,23.53,1,0
perimetro-bodega-01,2026-09-25T04:33:58.233Z,23.55,0,0
perimetro-bodega-01,2026-09-25T04:32:27.881Z,23.85,0,0
perimetro-bodega-01,2026-09-25T04:30:57.522Z,23.7,0,0
perimetro-bodega-01,2026-09-25T04:29:27.189Z,23.39,0,0
perimetro-bodega-01,2026-09-25T04:27:56.799Z,23.64,0,0
perimetro-bodega-01,2026-09-25T04:26:26.439Z,23.94,0,0
perimetro-bodega-01,2026-09-25T04:24:56.091Z,23.93,0,0
perimetro-bodega-01,2026-09-25T04:23:25.732Z,23.88,0,0
perimetro-bodega-01,2026-09-25T04:21:55.396Z,23.46,0,0
perimetro-bodega-01,2026-09-25T04:20:25.032Z,23.78,0,0
perimetro-bodega-01,2026-09-25T04:18:54.686Z,23.96,0,1
perimetro-bodega-01,2026-09-25T04:17:24.323Z,23.89,0,1
perimetro-bodega-01,2026-09-25T04:15:53.959Z,23.74,0,0
perimetro-bodega-01,2026-09-25T04:14:23.678Z,24.1,0,0
perimetro-bodega-01,2026-09-25T04:12:53.332Z,24.02,0,0
perimetro-bodega-01,2026-09-25T04:11:22.974Z,24.03,0,0
perimetro-bodega-01,2026-09-25T04:09:52.593Z,23.92,0,0
perimetro-bodega-01,2026-09-25T04:08:22.27Z,23.69,0,1
perimetro-bodega-01,2026-09-25T04:06:51.925Z,23.69,0,0
perimetro-bodega-01,2026-09-25T04:05:21.556Z,23.71,0,0
perimetro-bodega-01,2026-09-25T04:03:51.242Z,23.81,0,0
perimetro-bodega-01,2026-09-25T04:02:20.896Z,23.64,0,0
perimetro-bodega-01,2026-09-25T04:00:50.559Z,23.72,0,0
perimetro-bodega-01,2026-09-25T03:59:20.194Z,24.02,0,0
perimetro-bodega-01,2026-09-25T03:57:49.836Z,23.97,0,0
perimetro-bodega-01,2026-09-25T03:21:49.418Z,24.6,0,0
perimetro-bodega-01,2026-09-25T03:20:19.088Z,24.51,0,0
perimetro-bodega-01,2026-09-25T03:18:48.712Z,24.18,1,0
perimetro-bodega-01,2026-09-25T03:17:18.374Z,24.47,0,0
perimetro-bodega-01,2026-09-25T03:15:48.005Z,24.23,0,0
perimetro-bodega-01,2026-09-25T03:14:17.647Z,24.2,0,0
perimetro-bodega-01,2026-09-25T03:12:47.306Z,24.44,0,1
perimetro-bodega-01,2026-09-25T03:11:16.986Z,24.54,0,0
perimetro-bodega-01,2026-09-25T03:09:46.592Z,24.73,0,0
perimetro-bodega-01,2026-09-25T03:08:16.285Z,24.43,0,0
perimetro-bodega-01,2026-09-25T03:06:45.909Z,24.35,0,1
perimetro-bodega-01,2026-09-25T03:05:15.55Z,24.44,1,0
perimetro-bodega-01,2026-09-25T03:03:45.173Z,24.3,0,0
perimetro-bodega-01,2026-09-25T03:02:14.783Z,24.44,0,0
perimetro-bodega-01,2026-09-25T03:00:44.47Z,24.72,0,0
perimetro-bodega-01,2026-09-25T02:59:14.142Z,24.59,0,0
perimetro-bodega-01,2026-09-25T02:57:43.772Z,24.49,0,0
perimetro-bodega-01,2026-09-25T02:56:13.429Z,24.92,0,0
perimetro-bodega-01,2026-09-25T02:54:43.036Z,24.82,0,0
perimetro-bodega-01,2026-09-25T02:53:12.697Z,24.62,0,0
perimetro-bodega-01,2026-09-25T02:51:42.304Z,24.76,0,0
perimetro-bodega-01,2026-09-29T09:38:51.207Z,23.65,0,0
perimetro-bodega-01,2026-09-29T09:37:20.895Z,23.78,0,0
perimetro-bodega-01,2026-09-29T09:35:50.492Z,23.61,0,1
perimetro-bodega-01,2026-09-29T09:34:20.179Z,23.58,0,0
perimetro-bodega-01,2026-09-29T09:32:49.828Z,23.96,0,0
perimetro-bodega-01,2026-09-29T09:31:19.467Z,23.59,0,0
perimetro-bodega-01,2026-09-29T09:29:49.102Z,23.91,0,0
perimetro-bodega-01,2026-09-29T09:28:18.748Z,23.82,0,0
perimetro-bodega-01,2026-09-29T09:26:48.374Z,23.59,1,0
perimetro-bodega-01,2026-09-29T09:25:18.025Z,23.58,0,0
perimetro-bodega-01,2026-09-29T09:23:47.69Z,23.81,0,0
perimetro-bodega-01,2026-09-29T09:22:17.304Z,23.59,0,0
perimetro-bodega-01,2026-09-29T09:20:46.994Z,23.62,0,0
perimetro-bodega-01,2026-09-29T09:19:16.661Z,23.7,0,0
perimetro-bodega-01,2026-09-29T09:17:46.342Z,23.63,0,0
perimetro-bodega-01,2026-09-29T09:16:15.993Z,23.62,0,0
perimetro-bodega-01,2026-09-29T09:14:45.651Z,23.27,0,0
perimetro-bodega-01,2026-09-29T09:13:15.322Z,23.42,0,1
perimetro-bodega-01,2026-09-29T09:11:44.995Z,23.5,0,0
perimetro-bodega-01,2026-09-29T09:10:14.695Z,23.41,0,0
perimetro-bodega-01,2026-09-29T09:08:44.357Z,23.58,0,0
perimetro-bodega-01,2026-09-29T09:07:13.964Z,23.46,0,0
perimetro-bodega-01,2026-09-29T09:05:43.606Z,23.61,0,0
perimetro-bodega-01,2026-09-29T09:04:13.301Z,23.44,0,0
perimetro-bodega-01,2026-09-29T09:02:42.938Z,23.69,0,0
perimetro-bodega-01,2026-09-29T09:01:12.595Z,23.37,0,0
perimetro-bodega-01,2026-09-29T08:59:42.214Z,23.72,0,0
perimetro-bodega-01,2026-09-29T08:58:11.866Z,23.29,1,0
perimetro-bodega-01,2026-09-29T08:56:41.535Z,23.31,0,0
perimetro-bodega-01,2026-09-29T08:55:11.195Z,23.12,0,0
perimetro-bodega-01,2026-09-29T08:53:40.866Z,23.26,0,0
perimetro-bodega-01,2026-09-29T08:52:10.523Z,23.16,0,0
perimetro-bodega-01,2026-09-29T08:50:40.163Z,23.16,0,0
perimetro-bodega-01,2026-09-29T08:49:09.815Z,23.35,1,0
perimetro-bodega-01,2026-09-29T08:47:39.449Z,23.3,0,1
perimetro-bodega-01,2026-09-29T08:46:09.135Z,23.29,0,0
perimetro-bodega-01,2026-09-29T08:44:38.83Z,23.37,0,0
perimetro-bodega-01,2026-09-29T08:43:08.496Z,23.52,0,0
perimetro-bodega-01,2026-09-29T08:41:38.154Z,23.38,0,0
perimetro-bodega-01,2026-09-29T08:40:07.809Z,23.53,0,0
perimetro-bodega-01,2026-09-29T08:38:37.477Z,23.43,0,0
perimetro-bodega-01,2026-09-29T08:37:07.085Z,23.23,0,0
perimetro-bodega-01,2026-09-29T08:35:36.695Z,23.21,0,1
perimetro-bodega-01,2026-09-29T08:34:06.325Z,23.08,0,0
perimetro-bodega-01,2026-09-29T08:32:36.007Z,23.5,0,0
perimetro-bodega-01,2026-09-29T08:31:05.682Z,22.98,0,0
perimetro-bodega-01,2026-09-29T08:29:35.367Z,23.25,0,0
perimetro-bodega-01,2026-09-29T08:28:05.009Z,23.18,0,0
perimetro-bodega-01,2026-09-29T08:26:34.645Z,23.52,0,1
perimetro-bodega-01,2026-09-29T08:25:04.264Z,23.37,0,0
perimetro-bodega-01,2026-09-29T08:23:33.913Z,23.44,0,0
perimetro-bodega-01,2026-09-29T08:22:03.642Z,23.34,0,0
perimetro-bodega-01,2026-09-29T08:20:33.316Z,23.3,0,0
perimetro-bodega-01,2026-09-29T08:19:02.972Z,22.98,0,0
perimetro-bodega-01,2026-09-29T08:17:32.607Z,23.39,0,0
perimetro-bodega-01,2026-09-29T07:42:02.241Z,22.96,0,1
perimetro-bodega-01,2026-09-29T07:40:31.877Z,23.23,0,0
perimetro-bodega-01,2026-09-29T07:39:01.495Z,22.75,0,0
perimetro-bodega-01,2026-09-29T07:37:31.195Z,23.06,0,0
perimetro-bodega-01,2026-09-29T07:36:00.84Z,23.19,1,0
perimetro-bodega-01,2026-09-29T07:34:30.52Z,22.91,0,0
perimetro-bodega-01,2026-09-29T07:33:00.142Z,23.05,0,0
perimetro-bodega-01,2026-09-29T07:31:29.782Z,22.9,0,0
perimetro-bodega-01,2026-09-29T07:29:59.426Z,22.99,0,1
perimetro-bodega-01,2026-09-29T07:28:29.066Z,23.14,0,0
perimetro-bodega-01,2026-09-29T07:26:58.715Z,22.93,0,0
perimetro-bodega-01,2026-09-29T07:25:28.368Z,23.08,0,0
perimetro-bodega-01,2026-09-29T07:23:57.977Z,22.85,0,0
perimetro-bodega-01,2026-09-29T07:22:27.61Z,22.98,0,0
perimetro-bodega-01,2026-09-29T07:20:57.232Z,23.15,0,0
perimetro-bodega-01,2026-09-29T07:19:26.879Z,23.25,0,0
perimetro-bodega-01,2026-09-29T07:17:56.51Z,22.96,0,0
perimetro-bodega-01,2026-09-29T07:16:26.161Z,22.96,0,0
perimetro-bodega-01,2026-09-29T07:14:55.861Z,23,0,1
perimetro-bodega-01,2026-09-29T07:13:25.481Z,23.17,0,0
perimetro-bodega-01,2026-09-29T07:11:55.148Z,22.96,0,0
perimetro-bodega-01,2026-09-29T07:10:24.888Z,23.25,0,0
perimetro-bodega-01,2026-09-29T07:08:54.53Z,22.98,0,0
perimetro-bodega-01,2026-09-29T07:07:24.184Z,22.89,0,0
perimetro-bodega-01,2026-09-29T07:05:53.857Z,23.02,0,0
perimetro-bodega-01,2026-09-29T07:04:23.507Z,22.82,0,0
perimetro-bodega-01,2026-09-29T07:02:53.181Z,22.74,0,0
perimetro-bodega-01,2026-09-29T07:01:22.788Z,22.76,0,0
perimetro-bodega-01,2026-09-29T06:59:52.435Z,22.79,0,0
perimetro-bodega-01,2026-09-29T06:58:22.1Z,23.21,0,0
perimetro-bodega-01,2026-09-29T06:56:51.758Z,22.98,0,0
perimetro-bodega-01,2026-09-29T06:55:21.359Z,22.96,1,0
perimetro-bodega-01,2026-09-29T06:53:51.021Z,22.79,0,0
perimetro-bodega-01,2026-09-29T06:52:20.644Z,23.25,0,1
perimetro-bodega-01,2026-09-29T06:50:50.245Z,22.84,0,0
perimetro-bodega-01,2026-09-29T06:49:19.887Z,22.71,0,0
perimetro-bodega-01,2026-09-29T06:47:49.561Z,23.15,1,0
perimetro-bodega-01,2026-09-29T06:46:19.164Z,22.87,0,0
perimetro-bodega-01,2026-09-29T06:44:48.799Z,23.18,0,0
perimetro-bodega-01,2026-09-29T06:43:18.483Z,23.04,0,0
perimetro-bodega-01,2026-09-29T06:41:48.145Z,23.17,0,0
perimetro-bodega-01,2026-09-29T06:40:17.772Z,23,0,1
perimetro-bodega-01,2026-09-29T06:38:47.383Z,22.8,0,0
perimetro-bodega-01,2026-09-29T06:37:16.983Z,22.85,0,0
perimetro-bodega-01,2026-09-29T06:35:46.61Z,22.98,0,0
perimetro-bodega-01,2026-09-29T06:34:16.322Z,23.05,0,0
perimetro-bodega-01,2026-09-29T06:32:45.979Z,23.24,0,0
perimetro-bodega-01,2026-09-29T06:31:15.611Z,23.18,0,0
perimetro-bodega-01,2026-09-29T06:29:45.238Z,22.83,0,0
perimetro-bodega-01,2026-09-29T06:28:14.917Z,22.97,0,0
perimetro-bodega-01,2026-09-29T06:26:44.597Z,22.78,0,0
perimetro-bodega-01,2026-09-29T06:25:14.195Z,23.27,0,0
perimetro-bodega-01,2026-09-29T06:23:43.857Z,23.23,0,0
perimetro-bodega-01,2026-09-29T06:22:13.479Z,23.29,0,0
perimetro-bodega-01,2026-09-29T06:20:43.094Z,22.79,0,0
perimetro-bodega-01,2026-09-29T06:19:12.724Z,23.27,1,0
perimetro-bodega-01,2026-09-29T06:17:42.37Z,23.19,0,1
perimetro-bodega-01,2026-09-29T06:16:12.039Z,23.3,0,0
perimetro-bodega-01,2026-09-29T06:14:41.663Z,22.98,0,0
perimetro-bodega-01,2026-09-29T06:13:11.337Z,22.94,0,0
perimetro-bodega-01,2026-09-29T06:11:40.982Z,23.25,1,0
perimetro-bodega-01,2026-09-29T06:10:10.652Z,22.89,0,0
perimetro-bodega-01,2026-09-29T06:08:40.269Z,23.07,0,0
perimetro-bodega-01,2026-09-29T06:07:09.901Z,22.99,0,0
perimetro-bodega-01,2026-09-29T06:05:39.509Z,23.32,0,0
perimetro-bodega-01,2026-09-29T06:04:09.205Z,22.97,0,0
perimetro-bodega-01,2026-09-29T06:02:38.847Z,23.22,0,0
perimetro-bodega-01,2026-09-29T06:01:08.478Z,22.9,0,0
perimetro-bodega-01,2026-09-29T05:59:38.12Z,22.93,0,0
perimetro-bodega-01,2026-09-29T05:58:07.794Z,22.95,0,0
perimetro-bodega-01,2026-09-29T05:56:37.44Z,22.84,0,0
perimetro-bodega-01,2026-09-29T05:55:07.051Z,23.05,1,0
perimetro-bodega-01,2026-09-29T05:53:36.625Z,22.9,0,0
perimetro-bodega-01,2026-09-29T05:52:06.274Z,22.86,0,0
perimetro-bodega-01,2026-09-29T05:50:35.942Z,23.36,0,1
perimetro-bodega-01,2026-09-29T05:49:05.616Z,23.17,0,0
perimetro-bodega-01,2026-09-29T05:47:35.249Z,23.1,0,0
perimetro-bodega-01,2026-09-29T05:46:04.893Z,22.94,0,0
perimetro-bodega-01,2026-09-29T05:44:34.469Z,23.06,0,0
perimetro-bodega-01,2026-09-29T05:43:04.086Z,23.28,0,1
perimetro-bodega-01,2026-09-29T05:41:33.678Z,23.43,0,0
perimetro-bodega-01,2026-09-29T05:40:03.348Z,23.22,0,0
perimetro-bodega-01,2026-09-29T05:38:32.999Z,22.93,0,0
perimetro-bodega-01,2026-09-29T05:37:02.623Z,23.31,0,0
perimetro-bodega-01,2026-09-29T05:35:32.264Z,22.97,0,0
perimetro-bodega-01,2026-09-29T05:34:01.909Z,23.43,0,0
perimetro-bodega-01,2026-09-29T05:32:31.57Z,23.39,0,1
perimetro-bodega-01,2026-09-29T05:31:01.178Z,23.01,0,0
perimetro-bodega-01,2026-09-29T05:29:30.859Z,23.32,0,0
perimetro-bodega-01,2026-09-29T05:28:00.47Z,23.1,1,0
perimetro-bodega-01,2026-09-29T05:26:30.038Z,23.2,0,0
perimetro-bodega-01,2026-09-29T05:24:59.669Z,23.11,0,1
perimetro-bodega-01,2026-09-29T05:23:29.28Z,23.03,0,0
perimetro-bodega-01,2026-09-29T05:21:58.961Z,23.51,0,0
perimetro-bodega-01,2026-09-29T05:20:28.571Z,23.59,0,0
perimetro-bodega-01,2026-09-29T05:18:58.181Z,23.25,0,0
perimetro-bodega-01,2026-09-29T05:17:27.833Z,23.18,0,0
perimetro-bodega-01,2026-09-29T05:15:57.457Z,23.33,0,0
perimetro-bodega-01,2026-09-29T05:14:27.066Z,23.44,1,0
perimetro-bodega-01,2026-09-29T05:12:56.723Z,23.23,0,0
perimetro-bodega-01,2026-09-29T05:11:26.376Z,23.57,0,0
perimetro-bodega-01,2026-09-29T05:09:40.323Z,23.1,0,0
perimetro-bodega-01,2026-09-29T05:08:09.965Z,23.56,0,0
perimetro-bodega-01,2026-09-29T05:06:39.593Z,23.46,0,0
perimetro-bodega-01,2026-09-29T05:05:09.257Z,23.32,0,0
perimetro-bodega-01,2026-09-29T05:03:38.911Z,23.15,0,0
perimetro-bodega-01,2026-09-29T05:02:08.531Z,23.36,0,0
perimetro-bodega-01,2026-09-29T05:00:38.171Z,23.39,0,1
perimetro-bodega-01,2026-09-29T04:59:07.851Z,23.39,0,0
perimetro-bodega-01,2026-09-29T04:57:37.504Z,23.19,0,0
perimetro-bodega-01,2026-09-29T04:56:07.119Z,23.65,0,0
perimetro-bodega-01,2026-09-29T04:54:36.754Z,23.62,0,0
perimetro-bodega-01,2026-09-29T04:53:06.414Z,23.59,0,0
perimetro-bodega-01,2026-09-29T04:51:36.107Z,23.23,0,0
perimetro-bodega-01,2026-09-29T04:50:05.774Z,23.62,0,0
perimetro-bodega-01,2026-09-29T04:48:35.416Z,23.24,0,0
perimetro-bodega-01,2026-09-29T04:47:05.081Z,23.47,0,0
perimetro-bodega-01,2026-09-29T04:45:34.701Z,23.45,0,0
perimetro-bodega-01,2026-09-29T04:44:04.358Z,23.77,0,0
perimetro-bodega-01,2026-09-29T04:42:33.968Z,23.76,0,0
perimetro-bodega-01,2026-09-28T06:02:03.732Z,22.87,0,0
perimetro-bodega-01,2026-09-28T06:00:33.41Z,22.9,0,1
perimetro-bodega-01,2026-09-28T05:59:03.083Z,23.26,0,0
perimetro-bodega-01,2026-09-28T05:57:32.74Z,22.83,0,0
perimetro-bodega-01,2026-09-28T05:56:02.339Z,23.37,0,0
perimetro-bodega-01,2026-09-28T05:54:31.996Z,23.15,0,0
perimetro-bodega-01,2026-09-28T05:53:01.695Z,23.13,0,0
perimetro-bodega-01,2026-09-28T05:51:31.334Z,23.08,0,1
perimetro-bodega-01,2026-09-28T05:50:00.952Z,23.4,0,0
perimetro-bodega-01,2026-09-28T05:48:30.578Z,22.99,1,0
perimetro-bodega-01,2026-09-28T05:47:00.237Z,23.34,0,0
perimetro-bodega-01,2026-09-28T05:45:29.889Z,23.1,0,0
perimetro-bodega-01,2026-09-28T05:43:59.558Z,23.04,0,0
perimetro-bodega-01,2026-09-28T05:42:29.219Z,22.94,0,0
perimetro-bodega-01,2026-09-28T05:40:58.838Z,23.3,1,0
perimetro-bodega-01,2026-09-28T05:39:28.525Z,22.91,1,1
perimetro-bodega-01,2026-09-28T05:37:58.188Z,23.04,0,0
perimetro-bodega-01,2026-09-28T05:36:27.916Z,23.07,0,0
perimetro-bodega-01,2026-09-28T05:34:57.544Z,23.23,0,1
perimetro-bodega-01,2026-09-28T05:33:27.201Z,23.33,0,0
perimetro-bodega-01,2026-09-28T05:31:56.931Z,23.3,0,0
perimetro-bodega-01,2026-09-28T05:30:26.567Z,23.2,0,1
perimetro-bodega-01,2026-09-28T05:28:56.242Z,23.5,1,0
perimetro-bodega-01,2026-09-28T05:27:25.893Z,23.33,0,1
perimetro-bodega-01,2026-09-28T05:25:55.525Z,23.23,0,0
perimetro-bodega-01,2026-09-28T05:24:25.142Z,23.2,0,0
perimetro-bodega-01,2026-09-28T05:22:54.735Z,23.18,0,0
perimetro-bodega-01,2026-09-28T05:21:24.473Z,23.03,0,0
perimetro-bodega-01,2026-09-28T05:19:54.157Z,23.25,0,0
perimetro-bodega-01,2026-09-28T05:18:23.811Z,23.26,0,0
perimetro-bodega-01,2026-09-28T05:16:53.475Z,23.62,0,0
perimetro-bodega-01,2026-09-28T05:15:23.157Z,23.53,0,0
perimetro-bodega-01,2026-09-28T05:13:52.757Z,23.64,0,0
perimetro-bodega-01,2026-09-28T05:12:22.437Z,23.56,0,0
perimetro-bodega-01,2026-09-28T05:10:52.106Z,23.42,0,0
perimetro-bodega-01,2026-09-28T05:09:21.726Z,23.26,0,0
perimetro-bodega-01,2026-09-28T05:07:51.366Z,23.16,0,0
perimetro-bodega-01,2026-09-28T05:06:21.021Z,23.49,0,0
perimetro-bodega-01,2026-09-28T05:04:50.697Z,23.68,0,0
perimetro-bodega-01,2026-09-28T05:03:20.394Z,23.69,0,1
perimetro-bodega-01,2026-09-28T05:01:50.03Z,23.42,0,0
perimetro-bodega-01,2026-09-28T05:00:19.683Z,23.53,0,0
perimetro-bodega-01,2026-09-28T04:58:49.35Z,23.33,0,0
perimetro-bodega-01,2026-09-28T04:57:19.008Z,23.23,0,0
perimetro-bodega-01,2026-09-28T04:55:48.626Z,23.59,0,0
perimetro-bodega-01,2026-09-28T04:54:18.276Z,23.38,0,0
perimetro-bodega-01,2026-09-28T04:52:47.932Z,23.23,0,0
perimetro-bodega-01,2026-09-28T04:51:17.578Z,23.28,0,0
perimetro-bodega-01,2026-09-28T04:49:47.211Z,23.67,0,0
perimetro-bodega-01,2026-09-28T04:48:16.858Z,23.77,0,0
perimetro-bodega-01,2026-09-28T04:46:41.525Z,23.79,1,0
perimetro-bodega-01,2026-09-28T04:45:11.184Z,23.76,0,0
perimetro-bodega-01,2026-09-28T04:43:40.817Z,23.54,0,0
perimetro-bodega-01,2026-09-28T04:42:10.518Z,23.52,0,0
perimetro-bodega-01,2026-09-28T04:40:40.196Z,23.84,0,1
perimetro-bodega-01,2026-09-28T04:39:09.834Z,23.37,1,0
perimetro-bodega-01,2026-09-28T04:37:39.57Z,23.56,0,0
perimetro-bodega-01,2026-09-28T04:36:09.229Z,23.8,0,1
perimetro-bodega-01,2026-09-28T04:34:38.857Z,23.91,0,0
perimetro-bodega-01,2026-09-28T04:33:08.48Z,23.51,0,0
perimetro-bodega-01,2026-09-28T04:31:38.124Z,23.75,0,0
perimetro-bodega-01,2026-09-28T04:30:07.757Z,23.48,0,0
perimetro-bodega-01,2026-09-28T04:28:37.463Z,23.91,0,0
perimetro-bodega-01,2026-09-28T04:27:07.145Z,23.43,0,0
perimetro-bodega-01,2026-09-28T04:25:36.756Z,23.42,0,0
perimetro-bodega-01,2026-09-28T04:24:06.412Z,23.96,0,0
perimetro-bodega-01,2026-09-28T04:22:36.056Z,23.49,0,0
perimetro-bodega-01,2026-09-28T04:21:05.704Z,23.61,0,0
perimetro-bodega-01,2026-09-28T04:19:35.339Z,23.89,0,0
perimetro-bodega-01,2026-09-28T04:18:05.008Z,23.82,0,0
perimetro-bodega-01,2026-09-28T04:16:34.656Z,23.76,0,0
perimetro-bodega-01,2026-09-28T04:15:04.289Z,23.91,0,0
perimetro-bodega-01,2026-09-28T04:13:33.95Z,23.91,0,0
perimetro-bodega-01,2026-09-28T04:12:03.61Z,23.65,1,0
perimetro-bodega-01,2026-09-28T04:10:33.277Z,24.06,0,0
perimetro-bodega-01,2026-09-28T04:09:02.98Z,23.92,0,0
perimetro-bodega-01,2026-09-28T04:07:32.624Z,24.09,0,0
perimetro-bodega-01,2026-09-28T04:06:02.243Z,23.74,0,0
perimetro-bodega-01,2026-09-28T04:04:31.915Z,24.13,0,0
perimetro-bodega-01,2026-09-28T04:03:01.584Z,23.98,0,0
perimetro-bodega-01,2026-09-28T04:01:31.25Z,24.1,0,1
perimetro-bodega-01,2026-09-28T04:00:00.854Z,24.07,0,0
perimetro-bodega-01,2026-09-28T03:58:30.473Z,23.79,0,0
perimetro-bodega-01,2026-09-28T03:57:00.109Z,23.7,0,0
perimetro-bodega-01,2026-09-28T03:55:29.712Z,24.25,0,0
perimetro-bodega-01,2026-09-28T03:53:59.37Z,23.73,0,0
perimetro-bodega-01,2026-09-28T03:52:28.999Z,24.16,0,0
perimetro-bodega-01,2026-09-28T03:50:58.607Z,23.83,0,0
perimetro-bodega-01,2026-09-28T03:49:28.305Z,24.28,0,0
perimetro-bodega-01,2026-09-28T03:47:57.958Z,23.87,0,0
perimetro-bodega-01,2026-09-28T03:46:27.614Z,24.2,0,0
perimetro-bodega-01,2026-09-28T03:44:57.228Z,24.32,0,0
perimetro-bodega-01,2026-09-28T03:43:26.891Z,24,0,0
perimetro-bodega-01,2026-09-28T03:41:56.555Z,24.19,0,0
perimetro-bodega-01,2026-09-28T03:40:26.223Z,24.42,1,0
perimetro-bodega-01,2026-09-28T03:38:55.861Z,24.03,1,0
perimetro-bodega-01,2026-09-28T03:37:25.507Z,24.08,0,1
perimetro-bodega-01,2026-09-25T02:50:11.958Z,24.97,0,0
perimetro-bodega-01,2026-09-25T02:48:41.599Z,24.98,0,0
perimetro-bodega-01,2026-09-25T02:47:11.253Z,24.52,0,0
perimetro-bodega-01,2026-09-25T02:45:40.907Z,24.94,1,0
perimetro-bodega-01,2026-09-25T02:44:10.563Z,24.55,0,0
perimetro-bodega-01,2026-09-25T02:42:40.178Z,24.8,0,0
perimetro-bodega-01,2026-09-25T02:41:09.815Z,24.92,0,0
perimetro-bodega-01,2026-09-25T02:39:39.533Z,25,0,0
perimetro-bodega-01,2026-09-25T02:38:09.19Z,24.9,0,0
perimetro-bodega-01,2026-09-25T02:36:38.835Z,25.12,0,0
perimetro-bodega-01,2026-09-25T02:35:08.494Z,25.03,0,0
perimetro-bodega-01,2026-09-25T02:33:38.104Z,24.81,0,0
perimetro-bodega-01,2026-09-25T02:32:07.715Z,24.95,1,0
perimetro-bodega-01,2026-09-25T02:30:37.319Z,25.28,0,0
perimetro-bodega-01,2026-09-25T02:29:07.05Z,25.1,0,0
perimetro-bodega-01,2026-09-25T02:27:36.703Z,25.21,0,0
perimetro-bodega-01,2026-09-25T02:26:06.361Z,25.04,0,0
perimetro-bodega-01,2026-09-25T02:24:36.025Z,24.88,0,0
perimetro-bodega-01,2026-09-25T02:23:05.654Z,25.16,0,0
perimetro-bodega-01,2026-09-25T02:21:35.296Z,25.25,0,0
perimetro-bodega-01,2026-09-25T02:20:04.92Z,24.93,0,0
perimetro-bodega-01,2026-09-25T02:18:34.66Z,25.07,0,0
perimetro-bodega-01,2026-09-25T02:17:04.29Z,25.29,0,0
perimetro-bodega-01,2026-09-25T02:15:33.979Z,25.49,0,0
perimetro-bodega-01,2026-09-25T02:14:03.633Z,25.5,0,0
perimetro-bodega-01,2026-09-25T02:12:33.227Z,25.45,0,0
perimetro-bodega-01,2026-09-25T02:11:02.898Z,25.02,0,0
perimetro-bodega-01,2026-09-25T02:09:32.562Z,25.17,0,0
perimetro-bodega-01,2026-09-25T02:08:02.276Z,25.16,0,0
perimetro-bodega-01,2026-09-25T02:06:31.87Z,25.49,0,0
perimetro-bodega-01,2026-09-25T02:05:01.538Z,25.08,0,0
perimetro-bodega-01,2026-09-25T02:03:31.186Z,25.24,0,0
perimetro-bodega-01,2026-09-25T02:02:00.839Z,25.09,0,0
perimetro-bodega-01,2026-09-25T02:00:30.489Z,25.71,0,0
perimetro-bodega-01,2026-09-25T01:59:00.121Z,25.34,0,0
perimetro-bodega-01,2026-09-25T01:57:29.763Z,25.68,0,0
perimetro-bodega-01,2026-09-25T01:55:59.415Z,25.64,0,1
perimetro-bodega-01,2026-09-25T01:54:29.085Z,25.56,0,0
perimetro-bodega-01,2026-09-25T01:52:58.626Z,25.8,0,0
perimetro-bodega-01,2026-09-25T01:51:28.301Z,25.69,0,0
perimetro-bodega-01,2026-09-25T01:49:57.95Z,25.28,0,0
perimetro-bodega-01,2026-09-25T01:48:27.624Z,25.31,0,1
perimetro-bodega-01,2026-09-25T01:46:57.263Z,25.78,0,1
perimetro-bodega-01,2026-09-25T01:45:26.917Z,25.84,0,0
perimetro-bodega-01,2026-09-25T01:43:56.591Z,25.65,0,0
perimetro-bodega-01,2026-09-25T01:42:26.294Z,25.74,0,0
perimetro-bodega-01,2026-09-25T01:40:55.973Z,25.6,0,0
perimetro-bodega-01,2026-09-25T01:39:25.625Z,25.4,0,0
perimetro-bodega-01,2026-09-25T01:37:55.282Z,25.66,0,0
perimetro-bodega-01,2026-09-25T01:36:24.904Z,26.02,0,0
perimetro-bodega-01,2026-09-25T01:34:54.525Z,26.04,0,0
perimetro-bodega-01,2026-09-25T01:33:24.179Z,25.79,0,0
perimetro-bodega-01,2026-09-25T01:31:53.832Z,25.93,0,0
perimetro-bodega-01,2026-09-25T01:30:23.485Z,25.98,0,0
perimetro-bodega-01,2026-09-25T01:28:53.134Z,25.64,0,1
perimetro-bodega-01,2026-09-25T01:27:22.8Z,25.81,0,0
perimetro-bodega-01,2026-09-25T01:25:52.448Z,25.82,0,0
perimetro-bodega-01,2026-09-25T01:24:22.073Z,25.67,0,0
perimetro-bodega-01,2026-09-25T01:22:51.721Z,25.88,0,0
perimetro-bodega-01,2026-09-25T01:21:21.367Z,26.12,0,0
perimetro-bodega-01,2026-09-25T01:19:51.02Z,26.16,1,0
perimetro-bodega-01,2026-09-25T01:18:20.613Z,26.22,0,0
perimetro-bodega-01,2026-09-25T01:16:50.261Z,26.11,0,0
perimetro-bodega-01,2026-09-25T01:15:19.897Z,25.76,0,0
perimetro-bodega-01,2026-09-25T01:13:49.548Z,26.3,0,0
perimetro-bodega-01,2026-09-25T01:12:19.204Z,25.95,0,0
perimetro-bodega-01,2026-09-25T01:10:48.866Z,26.14,1,0
perimetro-bodega-01,2026-09-25T01:09:18.586Z,25.94,1,0
perimetro-bodega-01,2026-09-25T01:07:48.255Z,26.43,0,0
perimetro-bodega-01,2026-09-25T01:06:17.844Z,26.03,0,0
perimetro-bodega-01,2026-09-25T01:04:47.542Z,26.05,0,0
perimetro-bodega-01,2026-09-25T01:03:17.169Z,26.28,0,0
perimetro-bodega-01,2026-09-25T01:01:46.814Z,26.45,0,0
perimetro-bodega-01,2026-09-25T01:00:16.487Z,26.24,0,0
perimetro-bodega-01,2026-09-25T00:58:46.137Z,26.07,0,0
perimetro-bodega-01,2026-09-25T00:57:15.778Z,26.5,0,0
perimetro-bodega-01,2026-09-25T00:55:45.401Z,26.41,0,0
perimetro-bodega-01,2026-09-25T00:54:15.128Z,26.55,0,0
perimetro-bodega-01,2026-09-25T00:52:44.762Z,26.55,0,0
perimetro-bodega-01,2026-09-25T00:51:14.482Z,26.36,0,0
perimetro-bodega-01,2026-09-25T00:49:44.143Z,26.2,0,0
perimetro-bodega-01,2026-09-25T00:48:13.801Z,26.43,1,0
perimetro-bodega-01,2026-09-25T00:46:43.449Z,26.19,0,0
perimetro-bodega-01,2026-09-25T00:45:13.097Z,26.33,0,0
perimetro-bodega-01,2026-09-25T00:43:42.739Z,26.43,0,0
perimetro-bodega-01,2026-09-25T00:42:12.367Z,26.29,0,0
perimetro-bodega-01,2026-09-25T00:40:42.036Z,26.56,0,0
perimetro-bodega-01,2026-09-25T00:39:11.766Z,26.51,0,0
perimetro-bodega-01,2026-09-25T00:37:41.457Z,26.61,0,0
perimetro-bodega-01,2026-09-25T00:36:11.11Z,26.34,0,1
perimetro-bodega-01,2026-09-25T00:34:40.749Z,26.56,0,0
perimetro-bodega-01,2026-09-25T00:33:10.375Z,26.46,0,0
perimetro-bodega-01,2026-09-25T00:31:40.025Z,26.56,0,0
perimetro-bodega-01,2026-09-25T00:30:09.618Z,26.42,0,0
perimetro-bodega-01,2026-09-25T00:28:39.239Z,26.86,0,0
perimetro-bodega-01,2026-09-25T00:27:08.986Z,26.76,0,0
perimetro-bodega-01,2026-09-25T00:25:38.617Z,26.68,0,0
perimetro-bodega-01,2026-09-25T00:24:08.285Z,26.63,0,0
perimetro-bodega-01,2026-09-25T00:22:37.972Z,26.59,0,1
perimetro-bodega-01,2026-09-24T09:26:43.754Z,23.69,0,0
perimetro-bodega-01,2026-09-24T09:25:13.39Z,23.42,0,0
perimetro-bodega-01,2026-09-24T09:23:43.122Z,23.49,0,0
perimetro-bodega-01,2026-09-24T09:22:12.72Z,23.79,0,0
perimetro-bodega-01,2026-09-24T09:20:42.355Z,23.46,0,0
perimetro-bodega-01,2026-09-24T09:19:12.004Z,23.37,1,0
perimetro-bodega-01,2026-09-24T09:17:41.676Z,23.28,0,0
perimetro-bodega-01,2026-09-24T09:16:11.361Z,23.79,0,0
perimetro-bodega-01,2026-09-24T09:14:41.015Z,23.43,1,0
perimetro-bodega-01,2026-09-24T09:13:10.647Z,23.6,0,0
perimetro-bodega-01,2026-09-24T09:11:40.31Z,23.31,0,0
perimetro-bodega-01,2026-09-24T09:10:10.001Z,23.78,0,0
perimetro-bodega-01,2026-09-24T09:08:39.629Z,23.76,1,0
perimetro-bodega-01,2026-09-24T09:07:09.284Z,23.62,0,0
perimetro-bodega-01,2026-09-24T09:05:38.938Z,23.42,0,0
perimetro-bodega-01,2026-09-24T09:04:08.605Z,23.26,0,0
perimetro-bodega-01,2026-09-24T09:02:38.246Z,23.45,0,0
perimetro-bodega-01,2026-09-24T09:01:07.884Z,23.49,0,0
perimetro-bodega-01,2026-09-24T08:59:37.572Z,23.66,0,0
perimetro-bodega-01,2026-09-24T08:58:06.811Z,23.3,0,0
perimetro-bodega-01,2026-09-24T08:56:36.426Z,23.23,0,1
perimetro-bodega-01,2026-09-24T08:55:06.112Z,23.64,0,1
perimetro-bodega-01,2026-09-24T08:53:35.733Z,23.44,0,0
perimetro-bodega-01,2026-09-24T08:52:05.37Z,23.18,0,0
perimetro-bodega-01,2026-09-24T08:50:35.055Z,23.55,0,0
perimetro-bodega-01,2026-09-24T08:49:04.663Z,23.32,0,0
perimetro-bodega-01,2026-09-24T08:47:34.303Z,23.44,0,0
perimetro-bodega-01,2026-09-24T08:46:03.961Z,23.23,0,0
perimetro-bodega-01,2026-09-24T08:44:33.606Z,23.18,0,0
perimetro-bodega-01,2026-09-24T08:43:03.257Z,23.11,0,0
perimetro-bodega-01,2026-09-24T08:41:32.913Z,23.31,0,1
perimetro-bodega-01,2026-09-24T08:40:02.54Z,23.31,0,0
perimetro-bodega-01,2026-09-24T08:38:32.162Z,23.51,0,0
perimetro-bodega-01,2026-09-24T08:37:01.815Z,23.43,0,0
perimetro-bodega-01,2026-09-24T08:35:29.453Z,23.13,0,0
perimetro-bodega-01,2026-09-24T08:33:59.12Z,23.39,0,0
perimetro-bodega-01,2026-09-24T08:32:28.853Z,23.08,0,0
perimetro-bodega-01,2026-09-24T08:30:58.523Z,23.22,0,0
perimetro-bodega-01,2026-09-24T08:29:28.224Z,23.04,0,0
perimetro-bodega-01,2026-09-24T08:27:57.908Z,23.01,0,0
perimetro-bodega-01,2026-09-24T08:26:27.523Z,23.08,0,0
perimetro-bodega-01,2026-09-24T08:24:57.144Z,23.25,0,0
perimetro-bodega-01,2026-09-24T08:23:26.828Z,23.32,0,0
perimetro-bodega-01,2026-09-24T08:21:56.46Z,23.05,0,0
perimetro-bodega-01,2026-09-24T08:20:26.111Z,23.28,0,0
perimetro-bodega-01,2026-09-24T08:18:55.746Z,23.17,0,0
perimetro-bodega-01,2026-09-24T08:17:25.359Z,23.38,0,0
perimetro-bodega-01,2026-09-24T08:15:55.006Z,22.99,0,0
perimetro-bodega-01,2026-09-24T08:14:24.667Z,22.88,0,0
perimetro-bodega-01,2026-09-24T08:12:54.308Z,23.07,0,0
perimetro-bodega-01,2026-09-24T08:11:23.908Z,23.19,0,0
perimetro-bodega-01,2026-09-24T08:09:53.515Z,22.95,0,0
perimetro-bodega-01,2026-09-24T08:08:23.181Z,23.1,0,0
perimetro-bodega-01,2026-09-24T08:06:52.799Z,23.16,0,0
perimetro-bodega-01,2026-09-24T08:05:22.521Z,23.24,0,1
perimetro-bodega-01,2026-09-24T08:03:52.132Z,22.94,0,0
perimetro-bodega-01,2026-09-24T08:02:21.814Z,23.37,0,0
perimetro-bodega-01,2026-09-24T08:00:51.435Z,22.98,0,0
perimetro-bodega-01,2026-09-24T07:59:21.087Z,22.86,0,0
perimetro-bodega-01,2026-09-24T07:57:50.772Z,22.96,0,0
perimetro-bodega-01,2026-09-24T07:56:20.398Z,22.96,0,0
perimetro-bodega-01,2026-09-24T07:54:50.039Z,23.26,0,0
perimetro-bodega-01,2026-09-24T07:53:19.671Z,23.32,0,0
perimetro-bodega-01,2026-09-24T07:51:49.322Z,23.2,0,0
perimetro-bodega-01,2026-09-24T07:50:18.973Z,23.17,0,0
perimetro-bodega-01,2026-09-24T07:48:48.626Z,23.13,0,0
perimetro-bodega-01,2026-09-24T07:47:18.317Z,22.9,0,0
perimetro-bodega-01,2026-09-24T07:45:47.986Z,23.34,0,0
perimetro-bodega-01,2026-09-24T07:44:17.603Z,23.14,0,0
perimetro-bodega-01,2026-09-24T07:42:47.26Z,23.33,0,0
perimetro-bodega-01,2026-09-24T07:41:16.836Z,23.35,0,0
perimetro-bodega-01,2026-09-24T07:39:46.458Z,23.12,0,0
perimetro-bodega-01,2026-09-24T07:38:16.136Z,22.8,0,1
perimetro-bodega-01,2026-09-24T07:36:45.816Z,23.1,0,1
perimetro-bodega-01,2026-09-24T07:35:15.452Z,23.01,1,0
perimetro-bodega-01,2026-09-24T07:33:45.087Z,23.09,0,0
perimetro-bodega-01,2026-09-24T07:32:14.662Z,22.95,0,0
perimetro-bodega-01,2026-09-24T07:30:44.112Z,23,0,0
perimetro-bodega-01,2026-09-24T07:29:13.753Z,23.25,0,0
perimetro-bodega-01,2026-09-24T07:27:43.411Z,23.11,0,0
perimetro-bodega-01,2026-09-24T07:26:13.048Z,23.14,0,0
perimetro-bodega-01,2026-09-24T07:24:42.715Z,22.83,0,0
perimetro-bodega-01,2026-09-24T07:23:12.35Z,22.96,0,1
perimetro-bodega-01,2026-09-24T07:21:41.965Z,22.95,1,1
perimetro-bodega-01,2026-09-24T07:20:11.637Z,23.06,0,1
perimetro-bodega-01,2026-09-24T07:18:41.277Z,23.31,0,0
perimetro-bodega-01,2026-09-24T07:17:10.919Z,22.81,0,0
perimetro-bodega-01,2026-09-24T07:15:40.572Z,22.71,0,0
perimetro-bodega-01,2026-09-24T07:14:10.211Z,22.98,0,0
perimetro-bodega-01,2026-09-24T07:12:39.832Z,22.96,0,0
perimetro-bodega-01,2026-09-24T07:11:09.506Z,23.2,0,0
perimetro-bodega-01,2026-09-24T07:09:39.172Z,23.06,0,0
perimetro-bodega-01,2026-09-24T07:08:08.773Z,22.99,0,0
perimetro-bodega-01,2026-09-24T07:06:38.435Z,23.15,0,0
perimetro-bodega-01,2026-09-24T07:05:07.337Z,22.87,0,0
perimetro-bodega-01,2026-09-24T07:03:36.963Z,22.73,0,0
perimetro-bodega-01,2026-09-24T07:02:06.645Z,22.95,0,0
perimetro-bodega-01,2026-09-24T07:00:36.314Z,22.93,0,0
perimetro-bodega-01,2026-09-24T06:59:05.942Z,23.23,0,0
perimetro-bodega-01,2026-09-24T06:57:35.605Z,23.07,0,1
perimetro-bodega-01,2026-09-24T06:56:05.286Z,23,0,0
perimetro-bodega-01,2026-09-24T06:54:34.97Z,22.78,0,0
perimetro-bodega-01,2026-09-24T06:53:04.633Z,22.71,0,0
perimetro-bodega-01,2026-09-24T06:51:34.252Z,23.08,0,0
perimetro-bodega-01,2026-09-24T06:50:03.883Z,22.89,0,0
perimetro-bodega-01,2026-09-24T06:48:33.522Z,23.3,0,0
perimetro-bodega-01,2026-09-24T06:47:03.25Z,23.29,0,0
perimetro-bodega-01,2026-09-24T06:45:32.858Z,23.06,0,0
perimetro-bodega-01,2026-09-24T06:44:02.573Z,23,0,0
perimetro-bodega-01,2026-09-24T06:42:32.231Z,23.12,0,0
perimetro-bodega-01,2026-09-24T06:41:01.867Z,22.71,0,0
perimetro-bodega-01,2026-09-24T06:39:31.445Z,22.8,0,0
perimetro-bodega-01,2026-09-24T06:38:01.079Z,23.05,1,0
perimetro-bodega-01,2026-09-24T06:36:30.749Z,23.26,0,0
perimetro-bodega-01,2026-09-24T06:35:00.404Z,23.02,0,0
perimetro-bodega-01,2026-09-24T06:33:30.059Z,23.13,0,0
perimetro-bodega-01,2026-09-24T06:31:59.696Z,23.24,0,0
perimetro-bodega-01,2026-09-24T06:30:29.339Z,23.09,0,0
perimetro-bodega-01,2026-09-24T06:28:58.961Z,23.06,0,0
perimetro-bodega-01,2026-09-24T06:27:28.621Z,23.23,0,1
perimetro-bodega-01,2026-09-24T05:51:58.235Z,23.16,0,0
perimetro-bodega-01,2026-09-24T05:50:27.878Z,23.13,0,0
perimetro-bodega-01,2026-09-24T05:48:57.544Z,23.01,0,0
perimetro-bodega-01,2026-09-24T05:47:27.156Z,23.18,0,0
perimetro-bodega-01,2026-09-24T05:45:56.779Z,23.02,0,1
perimetro-bodega-01,2026-09-24T05:44:26.434Z,23.14,0,0
perimetro-bodega-01,2026-09-24T05:42:56.07Z,23.39,0,0
perimetro-bodega-01,2026-09-24T05:41:25.711Z,23.06,0,0
perimetro-bodega-01,2026-09-24T05:39:55.355Z,23.26,0,0
perimetro-bodega-01,2026-09-24T05:38:25.007Z,22.92,0,0
perimetro-bodega-01,2026-09-24T05:36:54.659Z,23.09,0,0
perimetro-bodega-01,2026-09-24T05:35:24.319Z,23.2,0,0
perimetro-bodega-01,2026-09-24T05:33:53.899Z,23.48,0,0
perimetro-bodega-01,2026-09-24T05:32:23.567Z,23.32,0,0
perimetro-bodega-01,2026-09-24T05:30:53.224Z,23.33,0,0
perimetro-bodega-01,2026-09-24T05:29:22.844Z,23.52,0,0
perimetro-bodega-01,2026-09-24T05:27:52.492Z,23.27,0,0
perimetro-bodega-01,2026-09-24T05:26:22.215Z,23.55,0,0
perimetro-bodega-01,2026-09-24T05:24:51.786Z,23.18,0,1
perimetro-bodega-01,2026-09-27T09:45:41.412Z,23.76,0,0
perimetro-bodega-01,2026-09-27T09:44:11.054Z,23.67,0,0
perimetro-bodega-01,2026-09-27T09:42:40.68Z,23.81,0,0
perimetro-bodega-01,2026-09-27T09:06:40.311Z,23.7,0,1
perimetro-bodega-01,2026-09-27T09:05:09.946Z,23.57,0,0
perimetro-bodega-01,2026-09-27T09:03:39.577Z,23.27,0,0
perimetro-bodega-01,2026-09-27T09:02:09.229Z,23.55,1,0
perimetro-bodega-01,2026-09-27T09:00:38.901Z,23.51,0,0
perimetro-bodega-01,2026-09-27T08:59:08.515Z,23.15,1,0
perimetro-bodega-01,2026-09-27T08:57:38.087Z,23.59,0,0
perimetro-bodega-01,2026-09-27T08:56:07.704Z,23.46,0,1
perimetro-bodega-01,2026-09-27T08:54:37.422Z,23.55,0,1
perimetro-bodega-01,2026-09-27T08:53:07.09Z,23.46,0,0
perimetro-bodega-01,2026-09-27T08:51:36.691Z,23.37,0,0
perimetro-bodega-01,2026-09-27T08:50:06.339Z,23.25,0,0
perimetro-bodega-01,2026-09-27T08:48:35.963Z,23.28,0,0
perimetro-bodega-01,2026-09-27T08:47:05.593Z,23.33,0,0
perimetro-bodega-01,2026-09-27T08:45:35.272Z,23.06,0,0
perimetro-bodega-01,2026-09-27T08:44:04.906Z,23.2,0,0
perimetro-bodega-01,2026-09-27T08:42:34.58Z,23.26,0,0
perimetro-bodega-01,2026-09-27T08:41:04.243Z,23.6,0,0
perimetro-bodega-01,2026-09-27T08:39:33.875Z,23.36,0,1
perimetro-bodega-01,2026-09-27T08:38:03.486Z,23.03,0,0
perimetro-bodega-01,2026-09-27T08:36:33.136Z,23.18,0,0
perimetro-bodega-01,2026-09-27T08:35:02.782Z,23.51,0,0
perimetro-bodega-01,2026-09-27T08:33:32.452Z,23.43,0,0
perimetro-bodega-01,2026-09-27T08:32:02.14Z,23.09,1,0
perimetro-bodega-01,2026-09-27T08:30:31.82Z,23.26,0,0
perimetro-bodega-01,2026-09-27T08:29:01.41Z,22.98,0,0
perimetro-bodega-01,2026-09-27T08:27:31.063Z,23.21,0,0
perimetro-bodega-01,2026-09-27T08:26:00.724Z,23.35,0,0
perimetro-bodega-01,2026-09-27T08:24:30.349Z,23.36,0,0
perimetro-bodega-01,2026-09-27T08:23:00.013Z,23.31,0,0
perimetro-bodega-01,2026-09-27T08:21:29.689Z,22.98,0,0
perimetro-bodega-01,2026-09-27T08:19:59.363Z,23.39,0,0
perimetro-bodega-01,2026-09-27T08:18:29.03Z,23.48,0,0
perimetro-bodega-01,2026-09-27T08:16:58.627Z,23.23,0,0
perimetro-bodega-01,2026-09-27T08:15:28.253Z,23.45,0,0
perimetro-bodega-01,2026-09-27T08:13:57.91Z,22.98,0,0
perimetro-bodega-01,2026-09-27T08:12:27.546Z,23.02,0,0
perimetro-bodega-01,2026-09-27T08:10:57.161Z,23.41,0,0
perimetro-bodega-01,2026-09-27T08:09:26.81Z,23.15,0,0
perimetro-bodega-01,2026-09-27T08:07:56.461Z,23.22,0,0
perimetro-bodega-01,2026-09-27T08:06:26.099Z,23.38,0,0
perimetro-bodega-01,2026-09-27T08:04:55.779Z,23.27,0,0
perimetro-bodega-01,2026-09-27T08:03:25.395Z,22.97,0,1
perimetro-bodega-01,2026-09-27T08:01:55.01Z,23.41,0,0
perimetro-bodega-01,2026-09-27T08:00:24.676Z,22.84,0,0
perimetro-bodega-01,2026-09-27T07:58:54.296Z,23.21,0,0
perimetro-bodega-01,2026-09-27T07:57:23.939Z,23.06,0,0
perimetro-bodega-01,2026-09-27T07:55:53.583Z,23.05,1,0
perimetro-bodega-01,2026-09-27T07:54:23.244Z,22.9,0,0
perimetro-bodega-01,2026-09-27T07:52:52.878Z,23.33,0,0
perimetro-bodega-01,2026-09-27T07:51:22.527Z,23.34,0,0
perimetro-bodega-01,2026-09-27T07:49:52.159Z,22.98,0,0
perimetro-bodega-01,2026-09-27T07:48:21.822Z,23.09,0,0
perimetro-bodega-01,2026-09-27T07:46:51.429Z,23,0,0
perimetro-bodega-01,2026-09-27T07:45:21.077Z,22.96,0,0
perimetro-bodega-01,2026-09-27T07:43:50.712Z,23.07,0,0
perimetro-bodega-01,2026-09-27T07:42:20.386Z,22.78,0,0
perimetro-bodega-01,2026-09-27T07:40:50.018Z,22.77,0,0
perimetro-bodega-01,2026-09-27T07:39:19.667Z,22.82,0,0
perimetro-bodega-01,2026-09-27T07:37:49.313Z,22.9,0,0
perimetro-bodega-01,2026-09-27T07:36:18.937Z,23.21,0,0
perimetro-bodega-01,2026-09-27T07:34:48.615Z,23.12,0,0
perimetro-bodega-01,2026-09-27T07:33:18.222Z,23.07,0,0
perimetro-bodega-01,2026-09-27T07:31:47.841Z,22.87,0,0
perimetro-bodega-01,2026-09-27T07:30:17.477Z,22.97,0,0
perimetro-bodega-01,2026-09-27T07:28:47.098Z,23.02,0,1
perimetro-bodega-01,2026-09-27T07:27:16.756Z,23.25,0,0
perimetro-bodega-01,2026-09-27T07:25:46.391Z,23.05,0,0
perimetro-bodega-01,2026-09-27T07:24:16.043Z,22.96,0,0
perimetro-bodega-01,2026-09-27T07:22:45.713Z,23,0,0
perimetro-bodega-01,2026-09-27T07:21:15.364Z,23.15,0,0
perimetro-bodega-01,2026-09-27T07:19:44.979Z,23.24,0,0
perimetro-bodega-01,2026-09-27T07:18:14.571Z,22.99,0,0
perimetro-bodega-01,2026-09-27T07:16:44.176Z,23.11,0,0
perimetro-bodega-01,2026-09-27T07:15:13.84Z,22.94,0,0
perimetro-bodega-01,2026-09-27T07:13:43.477Z,22.79,0,0
perimetro-bodega-01,2026-09-27T07:12:13.114Z,22.96,0,0
perimetro-bodega-01,2026-09-27T07:10:42.743Z,23.19,0,0
perimetro-bodega-01,2026-09-27T07:09:12.426Z,23.02,0,0
perimetro-bodega-01,2026-09-27T07:07:42.094Z,22.79,0,0
perimetro-bodega-01,2026-09-27T07:06:11.737Z,23.26,0,0
perimetro-bodega-01,2026-09-27T07:04:41.394Z,22.85,0,0
perimetro-bodega-01,2026-09-27T07:03:11.028Z,22.88,0,0
perimetro-bodega-01,2026-09-27T07:01:40.664Z,22.86,0,0
perimetro-bodega-01,2026-09-27T07:00:10.335Z,23.2,0,1
perimetro-bodega-01,2026-09-27T06:58:39.933Z,22.75,0,0
perimetro-bodega-01,2026-09-27T06:57:09.652Z,22.96,0,0
perimetro-bodega-01,2026-09-27T06:55:39.259Z,23.04,0,0
perimetro-bodega-01,2026-09-27T06:54:08.951Z,23.28,0,0
perimetro-bodega-01,2026-09-27T06:52:38.559Z,22.72,0,0
perimetro-bodega-01,2026-09-27T06:51:08.226Z,22.76,0,0
perimetro-bodega-01,2026-09-27T06:49:37.888Z,23.05,0,0
perimetro-bodega-01,2026-09-27T06:48:07.536Z,22.9,0,0
perimetro-bodega-01,2026-09-27T06:46:37.196Z,23.18,0,0
perimetro-bodega-01,2026-09-27T06:45:06.848Z,23.01,1,1
perimetro-bodega-01,2026-09-27T06:43:36.516Z,22.95,0,0
perimetro-bodega-01,2026-09-27T06:42:06.146Z,23.21,0,0
perimetro-bodega-01,2026-09-27T06:40:35.799Z,22.88,0,0
perimetro-bodega-01,2026-09-27T06:39:05.439Z,22.78,0,0
perimetro-bodega-01,2026-09-27T06:37:35.063Z,22.74,0,0
perimetro-bodega-01,2026-09-27T06:36:04.665Z,22.96,0,0
perimetro-bodega-01,2026-09-27T06:34:34.315Z,22.75,0,0
perimetro-bodega-01,2026-09-27T06:33:03.955Z,22.95,0,0
perimetro-bodega-01,2026-09-27T06:31:33.669Z,22.91,1,0
perimetro-bodega-01,2026-09-27T06:30:03.319Z,22.99,0,0
perimetro-bodega-01,2026-09-27T06:28:32.983Z,23.27,0,1
perimetro-bodega-01,2026-09-27T06:27:02.637Z,22.75,0,0
perimetro-bodega-01,2026-09-27T06:25:32.322Z,22.98,0,0
perimetro-bodega-01,2026-09-27T06:24:01.99Z,22.76,0,0
perimetro-bodega-01,2026-09-27T06:22:31.651Z,22.82,0,0
perimetro-bodega-01,2026-09-27T06:21:01.303Z,23.33,0,0
perimetro-bodega-01,2026-09-27T06:19:30.949Z,23.24,0,0
perimetro-bodega-01,2026-09-27T06:18:00.55Z,23.24,0,0
perimetro-bodega-01,2026-09-27T06:16:30.194Z,23.19,0,0
perimetro-bodega-01,2026-09-27T06:14:59.855Z,23.27,0,1
perimetro-bodega-01,2026-09-27T06:13:29.474Z,22.96,0,1
perimetro-bodega-01,2026-09-27T06:11:59.045Z,22.91,0,0
perimetro-bodega-01,2026-09-27T06:10:28.671Z,23.05,0,0
perimetro-bodega-01,2026-09-27T06:08:58.331Z,23.29,0,0
perimetro-bodega-01,2026-09-27T06:07:28.018Z,23.27,0,0
perimetro-bodega-01,2026-09-27T05:31:57.632Z,23.45,0,0
perimetro-bodega-01,2026-09-27T05:30:27.262Z,23.15,0,0
perimetro-bodega-01,2026-09-27T05:28:56.932Z,23.03,0,0
perimetro-bodega-01,2026-09-27T05:27:26.585Z,23.09,0,0
perimetro-bodega-01,2026-09-27T05:25:56.239Z,23.33,0,0
perimetro-bodega-01,2026-09-27T05:24:25.91Z,23.28,0,1
perimetro-bodega-01,2026-09-27T05:22:55.586Z,23.56,0,0
perimetro-bodega-01,2026-09-27T05:21:25.239Z,23.44,0,1
perimetro-bodega-01,2026-09-27T05:19:54.909Z,23.34,0,0
perimetro-bodega-01,2026-09-27T05:18:24.566Z,23.42,0,0
perimetro-bodega-01,2026-09-27T05:16:54.216Z,23.4,0,0
perimetro-bodega-01,2026-09-27T05:15:23.856Z,23.39,0,0
perimetro-bodega-01,2026-09-27T05:13:53.501Z,23.62,0,0
perimetro-bodega-01,2026-09-27T05:12:23.136Z,23.41,0,0
perimetro-bodega-01,2026-09-27T05:10:52.793Z,23.43,0,0
perimetro-bodega-01,2026-09-27T05:09:22.42Z,23.38,0,0
perimetro-bodega-01,2026-09-27T05:07:52.024Z,23.3,0,0
perimetro-bodega-01,2026-09-27T05:06:21.678Z,23.46,0,0
perimetro-bodega-01,2026-09-27T05:04:51.336Z,23.23,0,0
perimetro-bodega-01,2026-09-27T05:03:20.918Z,23.14,0,0
perimetro-bodega-01,2026-09-27T05:01:50.532Z,23.57,0,0
perimetro-bodega-01,2026-09-29T04:06:33.568Z,24.18,0,0
perimetro-bodega-01,2026-09-29T04:05:03.218Z,23.72,0,1
perimetro-bodega-01,2026-09-29T04:03:32.891Z,23.86,0,0
perimetro-bodega-01,2026-09-29T04:02:02.522Z,24.17,0,1
perimetro-bodega-01,2026-09-29T04:00:32.105Z,23.75,0,0
perimetro-bodega-01,2026-09-29T03:59:01.746Z,23.78,0,0
perimetro-bodega-01,2026-09-29T03:57:31.378Z,23.76,0,1
perimetro-bodega-01,2026-09-29T03:56:01.048Z,23.82,0,1
perimetro-bodega-01,2026-09-29T03:54:30.717Z,24.09,0,0
perimetro-bodega-01,2026-09-29T03:53:00.363Z,24.03,0,0
perimetro-bodega-01,2026-09-29T03:51:30.002Z,23.88,0,0
perimetro-bodega-01,2026-09-29T03:49:59.594Z,23.99,0,0
perimetro-bodega-01,2026-09-29T03:48:29.223Z,24.09,0,1
perimetro-bodega-01,2026-09-29T03:46:58.919Z,23.98,0,1
perimetro-bodega-01,2026-09-29T03:45:28.542Z,24.28,0,0
perimetro-bodega-01,2026-09-29T03:43:58.191Z,24.43,0,1
perimetro-bodega-01,2026-09-29T03:42:27.756Z,24.31,0,0
perimetro-bodega-01,2026-09-29T03:40:57.44Z,24.32,0,1
perimetro-bodega-01,2026-09-29T03:39:27.107Z,23.93,0,0
perimetro-bodega-01,2026-09-29T03:37:56.752Z,23.98,0,0
perimetro-bodega-01,2026-09-29T03:36:26.359Z,24.22,0,0
perimetro-bodega-01,2026-09-29T03:34:55.974Z,24.08,0,0
perimetro-bodega-01,2026-09-29T03:33:25.702Z,24.03,0,1
perimetro-bodega-01,2026-09-29T03:31:55.385Z,24.31,0,0
perimetro-bodega-01,2026-09-29T03:30:25.008Z,24.1,0,1
perimetro-bodega-01,2026-09-29T03:28:54.74Z,24.59,0,0
perimetro-bodega-01,2026-09-29T03:27:24.331Z,24.55,0,0
perimetro-bodega-01,2026-09-29T03:25:54.012Z,24.29,0,0
perimetro-bodega-01,2026-09-29T03:24:23.65Z,24.12,0,0
perimetro-bodega-01,2026-09-29T03:22:53.327Z,24.56,0,0
perimetro-bodega-01,2026-09-29T03:21:22.964Z,24.2,0,0
perimetro-bodega-01,2026-09-29T03:19:52.638Z,24.48,0,0
perimetro-bodega-01,2026-09-29T03:18:22.292Z,24.71,0,0
perimetro-bodega-01,2026-09-29T03:16:51.954Z,24.56,0,0
perimetro-bodega-01,2026-09-29T03:15:21.597Z,24.3,0,0
perimetro-bodega-01,2026-09-29T03:13:51.316Z,24.56,0,0
perimetro-bodega-01,2026-09-29T03:12:20.973Z,24.47,0,0
perimetro-bodega-01,2026-09-29T03:10:50.552Z,24.41,0,0
perimetro-bodega-01,2026-09-29T03:09:20.243Z,24.4,1,1
perimetro-bodega-01,2026-09-29T03:07:49.984Z,24.82,1,0
perimetro-bodega-01,2026-09-29T03:06:19.642Z,24.72,0,0
perimetro-bodega-01,2026-09-29T03:04:49.266Z,24.45,0,0
perimetro-bodega-01,2026-09-29T03:03:18.86Z,24.61,0,0
perimetro-bodega-01,2026-09-29T03:01:48.504Z,24.72,0,0
perimetro-bodega-01,2026-09-29T03:00:18.181Z,24.57,0,0
perimetro-bodega-01,2026-09-29T02:58:47.831Z,24.53,0,0
perimetro-bodega-01,2026-09-29T02:57:17.516Z,24.53,0,0
perimetro-bodega-01,2026-09-29T02:55:47.151Z,24.95,0,0
perimetro-bodega-01,2026-09-29T02:54:16.83Z,24.9,0,0
perimetro-bodega-01,2026-09-29T02:52:46.484Z,24.95,0,0
perimetro-bodega-01,2026-09-29T02:51:16.199Z,24.5,0,1
perimetro-bodega-01,2026-09-29T02:49:45.805Z,24.88,0,1
perimetro-bodega-01,2026-09-29T02:48:15.419Z,24.8,0,0
perimetro-bodega-01,2026-09-29T02:46:45.044Z,25.03,0,0
perimetro-bodega-01,2026-09-29T02:45:14.693Z,24.88,0,0
perimetro-bodega-01,2026-09-29T02:43:44.327Z,24.92,0,0
perimetro-bodega-01,2026-09-29T02:42:13.937Z,24.89,0,0
perimetro-bodega-01,2026-09-29T02:40:43.577Z,24.95,0,0
perimetro-bodega-01,2026-09-29T02:39:13.213Z,24.94,0,0
perimetro-bodega-01,2026-09-29T02:37:42.863Z,25.17,0,0
perimetro-bodega-01,2026-09-29T02:36:12.463Z,25.05,0,0
perimetro-bodega-01,2026-09-29T02:34:42.048Z,24.66,1,0
perimetro-bodega-01,2026-09-29T02:33:11.737Z,25.1,0,1
perimetro-bodega-01,2026-09-29T02:31:41.359Z,24.94,0,0
perimetro-bodega-01,2026-09-29T02:30:11.007Z,24.97,0,0
perimetro-bodega-01,2026-09-29T02:28:40.643Z,24.99,0,0
perimetro-bodega-01,2026-09-29T02:27:10.305Z,25.09,0,0
perimetro-bodega-01,2026-09-29T02:25:39.923Z,24.96,0,0
perimetro-bodega-01,2026-09-29T02:24:09.576Z,25.1,0,0
perimetro-bodega-01,2026-09-29T02:22:39.204Z,24.94,0,0
perimetro-bodega-01,2026-09-29T02:21:08.836Z,24.94,0,0
perimetro-bodega-01,2026-09-29T02:19:38.506Z,25.03,0,0
perimetro-bodega-01,2026-09-29T02:18:08.15Z,25.38,0,0
perimetro-bodega-01,2026-09-29T02:16:37.802Z,25.36,0,0
perimetro-bodega-01,2026-09-29T02:15:07.473Z,25.07,0,0
perimetro-bodega-01,2026-09-29T02:13:37.112Z,25.05,0,1
perimetro-bodega-01,2026-09-29T02:12:06.761Z,25.53,1,0
perimetro-bodega-01,2026-09-29T02:10:36.345Z,25.26,0,0
perimetro-bodega-01,2026-09-29T02:09:05.947Z,25.29,0,0
perimetro-bodega-01,2026-09-29T02:07:35.63Z,25.6,0,0
perimetro-bodega-01,2026-09-29T02:06:05.297Z,25.33,0,0
perimetro-bodega-01,2026-09-29T02:04:34.932Z,25.32,0,0
perimetro-bodega-01,2026-09-29T02:03:04.584Z,25.56,0,1
perimetro-bodega-01,2026-09-29T02:01:34.236Z,25.55,0,0
perimetro-bodega-01,2026-09-29T02:00:03.904Z,25.16,0,1
perimetro-bodega-01,2026-09-29T01:58:33.55Z,25.71,0,0
perimetro-bodega-01,2026-09-29T01:57:03.198Z,25.64,0,1
perimetro-bodega-01,2026-09-29T01:55:32.88Z,25.6,0,0
perimetro-bodega-01,2026-09-29T01:54:02.561Z,25.77,0,0
perimetro-bodega-01,2026-09-29T01:52:32.228Z,25.32,0,0
perimetro-bodega-01,2026-09-29T01:51:01.851Z,25.48,0,0
perimetro-bodega-01,2026-09-29T01:49:31.509Z,25.47,0,0
perimetro-bodega-01,2026-09-29T01:48:01.212Z,25.55,0,0
perimetro-bodega-01,2026-09-29T01:46:30.828Z,25.39,0,0
perimetro-bodega-01,2026-09-29T01:45:00.506Z,25.76,0,0
perimetro-bodega-01,2026-09-29T01:43:30.116Z,25.79,0,0
perimetro-bodega-01,2026-09-29T01:41:59.768Z,25.82,1,0
perimetro-bodega-01,2026-09-29T01:40:29.415Z,25.45,0,0
perimetro-bodega-01,2026-09-29T01:38:59.051Z,25.95,0,0
perimetro-bodega-01,2026-09-29T01:37:28.723Z,25.73,0,0
perimetro-bodega-01,2026-09-29T01:35:58.361Z,25.72,0,1
perimetro-bodega-01,2026-09-29T01:34:28.013Z,25.52,0,0
perimetro-bodega-01,2026-09-29T01:32:57.638Z,25.72,0,0
perimetro-bodega-01,2026-09-29T01:31:27.277Z,26.05,0,0
perimetro-bodega-01,2026-09-29T01:29:56.951Z,25.63,0,0
perimetro-bodega-01,2026-09-29T01:28:26.56Z,26.06,0,0
perimetro-bodega-01,2026-09-29T01:26:56.229Z,26.12,0,0
perimetro-bodega-01,2026-09-29T01:25:25.901Z,26.12,0,0
perimetro-bodega-01,2026-09-29T01:23:55.562Z,25.88,0,1
perimetro-bodega-01,2026-09-29T01:22:25.195Z,25.71,0,0
perimetro-bodega-01,2026-09-29T01:20:54.786Z,26.22,0,0
perimetro-bodega-01,2026-09-29T01:19:24.406Z,26.28,0,1
perimetro-bodega-01,2026-09-29T01:17:54.066Z,26.21,0,1
perimetro-bodega-01,2026-09-29T01:16:23.688Z,26.24,0,0
perimetro-bodega-01,2026-09-29T01:14:53.354Z,25.77,0,0
perimetro-bodega-01,2026-09-29T01:13:22.982Z,25.93,0,0
perimetro-bodega-01,2026-09-29T01:11:52.637Z,26.18,0,0
perimetro-bodega-01,2026-09-29T01:10:22.265Z,26.39,0,0
perimetro-bodega-01,2026-09-29T01:08:51.921Z,26.02,0,0
perimetro-bodega-01,2026-09-29T01:07:21.576Z,25.94,1,0
perimetro-bodega-01,2026-09-29T00:31:51.191Z,26.77,0,0
perimetro-bodega-01,2026-09-29T00:30:20.826Z,26.48,1,0
perimetro-bodega-01,2026-09-29T00:28:50.428Z,26.66,0,0
perimetro-bodega-01,2026-09-29T00:27:20.109Z,26.97,0,0
perimetro-bodega-01,2026-09-29T00:25:49.752Z,26.63,0,0
perimetro-bodega-01,2026-09-29T00:24:19.423Z,26.98,0,0
perimetro-bodega-01,2026-09-29T00:22:49.072Z,26.81,0,1
perimetro-bodega-01,2026-09-29T00:21:18.724Z,26.93,0,1
perimetro-bodega-01,2026-09-29T00:19:48.458Z,26.82,0,1
perimetro-bodega-01,2026-09-29T00:18:18.176Z,26.78,0,0
perimetro-bodega-01,2026-09-29T00:16:47.808Z,26.76,0,0
perimetro-bodega-01,2026-09-29T00:15:17.527Z,26.72,0,0
perimetro-bodega-01,2026-09-29T00:13:47.166Z,26.64,0,0
perimetro-bodega-01,2026-09-29T00:12:16.842Z,27.12,0,0
perimetro-bodega-01,2026-09-29T00:10:46.466Z,26.78,0,0
perimetro-bodega-01,2026-09-28T03:01:55.226Z,24.49,0,0
perimetro-bodega-01,2026-09-28T03:00:24.893Z,24.88,0,0
perimetro-bodega-01,2026-09-28T02:58:54.464Z,24.94,0,0
perimetro-bodega-01,2026-09-28T02:57:23.99Z,24.69,0,0
perimetro-bodega-01,2026-09-28T02:55:53.595Z,24.52,0,0
perimetro-bodega-01,2026-09-28T02:54:23.242Z,25,0,0
perimetro-bodega-01,2026-09-28T02:52:52.902Z,24.46,0,0
perimetro-bodega-01,2026-09-28T02:51:22.549Z,24.62,1,0
perimetro-bodega-01,2026-09-28T02:49:52.235Z,25.05,0,0
perimetro-bodega-01,2026-09-28T02:48:21.853Z,24.82,0,1
perimetro-bodega-01,2026-09-28T02:46:51.502Z,25,0,1
perimetro-bodega-01,2026-09-28T02:45:21.151Z,24.68,0,0
perimetro-bodega-01,2026-09-28T02:43:50.805Z,25.08,0,0
perimetro-bodega-01,2026-09-28T02:42:20.475Z,24.84,0,0
perimetro-bodega-01,2026-09-28T02:40:50.092Z,25.13,1,0
perimetro-bodega-01,2026-09-28T02:39:19.831Z,25.14,0,0
perimetro-bodega-01,2026-09-28T02:37:49.474Z,24.62,0,1
perimetro-bodega-01,2026-09-28T02:36:19.158Z,25.16,0,0
perimetro-bodega-01,2026-09-28T02:34:48.795Z,24.73,0,0
perimetro-bodega-01,2026-09-28T02:33:18.529Z,25.17,0,0
perimetro-bodega-01,2026-09-28T02:31:48.193Z,24.88,0,0
perimetro-bodega-01,2026-09-28T02:30:17.834Z,24.92,0,0
perimetro-bodega-01,2026-09-28T02:28:47.454Z,25.24,1,0
perimetro-bodega-01,2026-09-28T02:27:17.111Z,25.28,0,0
perimetro-bodega-01,2026-09-28T02:25:46.749Z,25.24,0,0
perimetro-bodega-01,2026-09-28T02:24:16.399Z,24.84,0,0
perimetro-bodega-01,2026-09-28T02:22:46.017Z,24.84,0,0
perimetro-bodega-01,2026-09-28T02:21:15.677Z,25.17,0,0
perimetro-bodega-01,2026-09-28T02:19:45.287Z,25.01,0,0
perimetro-bodega-01,2026-09-28T02:18:14.914Z,25.46,0,0
perimetro-bodega-01,2026-09-28T02:16:44.544Z,25.15,0,0
perimetro-bodega-01,2026-09-28T02:15:14.238Z,25.28,0,0
perimetro-bodega-01,2026-09-28T02:13:43.892Z,25.04,0,0
perimetro-bodega-01,2026-09-28T02:12:13.518Z,25.53,0,0
perimetro-bodega-01,2026-09-28T02:10:43.135Z,25.32,0,0
perimetro-bodega-01,2026-09-28T02:09:12.741Z,25.53,0,0
perimetro-bodega-01,2026-09-28T02:07:42.342Z,25.14,0,0
perimetro-bodega-01,2026-09-28T02:06:11.952Z,25.49,0,0
perimetro-bodega-01,2026-09-28T02:04:41.617Z,25.63,0,0
perimetro-bodega-01,2026-09-28T02:03:11.292Z,25.5,0,0
perimetro-bodega-01,2026-09-28T02:01:40.932Z,25.51,0,0
perimetro-bodega-01,2026-09-28T02:00:10.587Z,25.21,0,0
perimetro-bodega-01,2026-09-28T01:58:40.225Z,25.25,0,0
perimetro-bodega-01,2026-09-28T01:57:09.849Z,25.54,0,0
perimetro-bodega-01,2026-09-28T01:55:39.494Z,25.7,0,0
perimetro-bodega-01,2026-09-28T01:54:09.14Z,25.6,0,1
perimetro-bodega-01,2026-09-28T01:52:38.796Z,25.37,0,0
perimetro-bodega-01,2026-09-28T01:51:08.428Z,25.66,0,0
perimetro-bodega-01,2026-09-28T01:49:38.08Z,25.73,0,0
perimetro-bodega-01,2026-09-28T01:48:07.79Z,25.31,0,0
perimetro-bodega-01,2026-09-28T01:46:37.487Z,25.49,0,0
perimetro-bodega-01,2026-09-28T01:45:07.171Z,25.68,0,0
perimetro-bodega-01,2026-09-28T01:43:36.823Z,25.52,0,0
perimetro-bodega-01,2026-09-28T01:42:06.521Z,25.86,0,0
perimetro-bodega-01,2026-09-28T01:40:36.136Z,25.91,0,0
perimetro-bodega-01,2026-09-28T01:39:05.775Z,25.45,0,0
perimetro-bodega-01,2026-09-28T01:37:35.444Z,25.82,0,0
perimetro-bodega-01,2026-09-28T01:36:05.151Z,25.64,0,0
perimetro-bodega-01,2026-09-28T01:34:34.788Z,25.84,0,0
perimetro-bodega-01,2026-09-28T01:33:04.39Z,25.52,0,0
perimetro-bodega-01,2026-09-28T01:31:34.039Z,25.55,0,1
perimetro-bodega-01,2026-09-28T01:30:03.751Z,25.67,0,0
perimetro-bodega-01,2026-09-28T01:28:33.385Z,25.77,0,0
perimetro-bodega-01,2026-09-28T01:27:03.036Z,26,0,0
perimetro-bodega-01,2026-09-28T01:25:32.7Z,26.13,0,0
perimetro-bodega-01,2026-09-28T01:24:02.354Z,25.64,0,0
perimetro-bodega-01,2026-09-28T01:22:32.058Z,25.94,0,0
perimetro-bodega-01,2026-09-28T01:21:01.682Z,26.14,0,0
perimetro-bodega-01,2026-09-28T01:19:31.318Z,25.9,0,0
perimetro-bodega-01,2026-09-28T01:18:00.98Z,26.15,0,0
perimetro-bodega-01,2026-09-28T01:16:30.666Z,26.02,0,0
perimetro-bodega-01,2026-09-28T01:15:00.273Z,25.89,0,0
perimetro-bodega-01,2026-09-28T01:13:29.903Z,26.32,0,0
perimetro-bodega-01,2026-09-28T01:11:59.592Z,26.01,0,0
perimetro-bodega-01,2026-09-28T01:10:29.209Z,26.11,0,0
perimetro-bodega-01,2026-09-28T01:08:58.881Z,26.33,0,1
perimetro-bodega-01,2026-09-28T01:07:28.506Z,26,0,0
perimetro-bodega-01,2026-09-28T01:05:58.16Z,26.05,0,0
perimetro-bodega-01,2026-09-28T01:04:27.794Z,26.47,0,0
perimetro-bodega-01,2026-09-28T01:02:57.462Z,26.32,0,0
perimetro-bodega-01,2026-09-28T01:01:27.095Z,26.3,0,0
perimetro-bodega-01,2026-09-28T00:59:56.751Z,26.21,0,0
perimetro-bodega-01,2026-09-28T00:58:26.341Z,26.5,0,0
perimetro-bodega-01,2026-09-28T00:56:56Z,26.21,0,1
perimetro-bodega-01,2026-09-28T00:55:25.642Z,26.32,0,0
perimetro-bodega-01,2026-09-28T00:53:55.231Z,26.38,0,0
perimetro-bodega-01,2026-09-28T00:52:24.926Z,26.46,0,0
perimetro-bodega-01,2026-09-28T00:50:54.571Z,26.37,1,0
perimetro-bodega-01,2026-09-28T00:49:24.197Z,26.14,0,0
perimetro-bodega-01,2026-09-28T00:47:53.807Z,26.16,0,0
perimetro-bodega-01,2026-09-28T00:46:23.434Z,26.41,0,0
perimetro-bodega-01,2026-09-28T00:44:53.076Z,26.54,0,0
perimetro-bodega-01,2026-09-28T00:43:22.683Z,26.66,0,0
perimetro-bodega-01,2026-09-28T00:41:52.303Z,26.32,0,0
perimetro-bodega-01,2026-09-28T00:40:21.937Z,26.66,0,1
perimetro-bodega-01,2026-09-28T00:38:51.575Z,26.34,0,1
perimetro-bodega-01,2026-09-28T00:37:21.246Z,26.63,0,0
perimetro-bodega-01,2026-09-28T00:35:50.86Z,26.68,0,0
perimetro-bodega-01,2026-09-28T00:34:20.488Z,26.39,0,0
perimetro-bodega-01,2026-09-28T00:32:50.116Z,26.74,0,0
perimetro-bodega-01,2026-09-28T00:31:19.804Z,26.53,0,0
perimetro-bodega-01,2026-09-28T00:29:49.428Z,26.86,0,0
perimetro-bodega-01,2026-09-28T00:28:19.018Z,26.49,0,0
perimetro-bodega-01,2026-09-28T00:26:48.677Z,26.91,0,0
perimetro-bodega-01,2026-09-28T00:25:18.351Z,26.83,0,0
perimetro-bodega-01,2026-09-28T00:23:48.019Z,26.8,1,0
perimetro-bodega-01,2026-09-28T00:22:17.658Z,26.5,0,0
perimetro-bodega-01,2026-09-28T00:20:47.279Z,26.86,0,0
perimetro-bodega-01,2026-09-28T00:19:16.966Z,26.91,0,0
perimetro-bodega-01,2026-09-28T00:17:46.622Z,26.58,0,0
perimetro-bodega-01,2026-09-28T00:16:16.259Z,26.96,0,1
perimetro-bodega-01,2026-09-28T00:14:45.921Z,26.99,1,0
perimetro-bodega-01,2026-09-28T00:13:15.564Z,26.63,0,0
perimetro-bodega-01,2026-09-28T00:11:45.222Z,26.67,0,0
perimetro-bodega-01,2026-09-28T00:10:14.89Z,27.13,0,0
perimetro-bodega-01,2026-09-28T00:08:44.579Z,26.75,0,0
perimetro-bodega-01,2026-09-28T00:07:14.183Z,26.7,0,0
perimetro-bodega-01,2026-09-28T00:05:43.813Z,27.31,0,0
perimetro-bodega-01,2026-09-28T00:04:13.469Z,27.07,0,0
perimetro-bodega-01,2026-09-28T00:02:43.125Z,26.86,1,0
perimetro-bodega-01,2026-09-27T23:26:42.753Z,27.76,0,0
perimetro-bodega-01,2026-09-27T23:25:12.372Z,27.68,0,0
perimetro-bodega-01,2026-09-27T23:23:42.02Z,27.73,0,0
perimetro-bodega-01,2026-09-27T23:22:11.73Z,27.54,0,1
perimetro-bodega-01,2026-09-27T23:20:41.394Z,27.6,0,0
perimetro-bodega-01,2026-09-27T23:19:11.049Z,27.87,0,0
perimetro-bodega-01,2026-09-27T23:17:40.719Z,27.8,0,0
perimetro-bodega-01,2026-09-27T23:16:10.353Z,27.46,0,0
perimetro-bodega-01,2026-09-27T23:14:39.961Z,27.55,0,0
perimetro-bodega-01,2026-09-27T23:13:09.557Z,27.81,0,0
perimetro-bodega-01,2026-09-27T23:11:39.253Z,27.94,0,1
perimetro-bodega-01,2026-09-27T23:10:08.905Z,27.75,0,0
perimetro-bodega-01,2026-09-27T23:08:38.541Z,27.82,0,1
perimetro-bodega-01,2026-09-27T23:07:08.178Z,28.08,0,0
perimetro-bodega-01,2026-09-27T23:05:37.842Z,27.99,0,0
perimetro-bodega-01,2026-09-27T23:04:07.556Z,28.04,0,0
perimetro-bodega-01,2026-09-27T23:02:37.184Z,28.13,0,0
perimetro-bodega-01,2026-09-27T23:01:06.811Z,27.77,0,0
perimetro-bodega-01,2026-09-27T22:59:36.47Z,28.17,0,0
perimetro-bodega-01,2026-09-27T22:58:06.08Z,28.11,0,0
perimetro-bodega-01,2026-09-27T22:56:35.74Z,27.77,0,0
perimetro-bodega-01,2026-09-27T22:55:05.394Z,28.17,0,1
perimetro-bodega-01,2026-09-27T22:53:35.017Z,27.93,1,0
perimetro-bodega-01,2026-09-24T23:46:37.579Z,27.23,0,0
perimetro-bodega-01,2026-09-24T23:45:07.188Z,27.51,0,0
perimetro-bodega-01,2026-09-24T23:43:36.778Z,27.51,0,0
perimetro-bodega-01,2026-09-24T23:42:06.444Z,27.42,0,0
perimetro-bodega-01,2026-09-24T23:40:36.172Z,27.3,0,1
perimetro-bodega-01,2026-09-24T23:39:05.822Z,27.18,0,0
perimetro-bodega-01,2026-09-24T23:37:35.458Z,27.43,0,0
perimetro-bodega-01,2026-09-24T23:36:05.108Z,27.55,0,0
perimetro-bodega-01,2026-09-24T23:34:34.757Z,27.74,0,0
perimetro-bodega-01,2026-09-24T23:33:04.429Z,27.4,0,0
perimetro-bodega-01,2026-09-24T23:31:34.064Z,27.22,0,0
perimetro-bodega-01,2026-09-24T23:30:03.719Z,27.6,0,0
perimetro-bodega-01,2026-09-24T23:28:33.141Z,27.39,0,1
perimetro-bodega-01,2026-09-24T23:27:02.741Z,27.68,1,0
perimetro-bodega-01,2026-09-24T23:25:32.412Z,27.27,0,0
perimetro-bodega-01,2026-09-24T23:24:02.075Z,27.57,0,0
perimetro-bodega-01,2026-09-24T23:22:31.748Z,27.37,0,0
perimetro-bodega-01,2026-09-24T23:21:01.469Z,27.9,0,0
perimetro-bodega-01,2026-09-24T23:19:31.107Z,27.48,0,0
perimetro-bodega-01,2026-09-24T23:18:00.759Z,27.69,0,0
perimetro-bodega-01,2026-09-24T23:16:30.378Z,27.65,0,0
perimetro-bodega-01,2026-09-24T23:14:59.996Z,27.7,0,0
perimetro-bodega-01,2026-09-24T23:13:29.658Z,27.58,0,1
perimetro-bodega-01,2026-09-24T23:11:59.278Z,27.99,0,0
perimetro-bodega-01,2026-09-24T23:10:28.906Z,27.45,0,0
perimetro-bodega-01,2026-09-24T23:08:58.563Z,27.74,0,0
perimetro-bodega-01,2026-09-24T23:07:28.201Z,27.67,0,0
perimetro-bodega-01,2026-09-24T23:05:57.835Z,27.72,0,0
perimetro-bodega-01,2026-09-24T23:04:27.566Z,27.91,0,0
perimetro-bodega-01,2026-09-24T23:02:57.221Z,27.9,1,0
perimetro-bodega-01,2026-09-24T23:01:24.913Z,27.91,1,0
perimetro-bodega-01,2026-09-24T22:59:54.594Z,28.08,0,0
perimetro-bodega-01,2026-09-24T22:58:24.255Z,27.79,0,0
perimetro-bodega-01,2026-09-24T22:56:53.891Z,28.07,0,0
perimetro-bodega-01,2026-09-24T22:55:23.56Z,27.73,0,0
perimetro-bodega-01,2026-09-24T22:53:53.214Z,27.78,0,0
perimetro-bodega-01,2026-09-24T22:52:22.863Z,28.26,0,0
perimetro-bodega-01,2026-09-24T22:50:52.51Z,27.78,0,0
perimetro-bodega-01,2026-09-24T22:49:22.173Z,27.93,0,0
perimetro-bodega-01,2026-09-24T22:47:51.832Z,28.1,0,0
perimetro-bodega-01,2026-09-24T22:46:21.481Z,28.3,0,0
perimetro-bodega-01,2026-09-24T22:44:51.106Z,28.35,0,0
perimetro-bodega-01,2026-09-24T22:43:20.772Z,27.99,0,0
perimetro-bodega-01,2026-09-24T22:41:50.347Z,28,0,0
perimetro-bodega-01,2026-09-24T22:40:19.942Z,28.23,0,0
perimetro-bodega-01,2026-09-24T22:38:49.592Z,28.36,0,0
perimetro-bodega-01,2026-09-24T22:37:19.277Z,28.19,0,0
perimetro-bodega-01,2026-09-24T22:35:48.934Z,28.09,0,0
perimetro-bodega-01,2026-09-24T22:34:18.561Z,28.35,0,0
perimetro-bodega-01,2026-09-24T22:32:48.205Z,28.13,0,0
perimetro-bodega-01,2026-09-24T22:31:17.839Z,27.95,0,0
perimetro-bodega-01,2026-09-24T22:29:47.479Z,28.28,0,0
perimetro-bodega-01,2026-09-24T22:28:17.125Z,28.11,1,0
perimetro-bodega-01,2026-09-24T22:26:46.767Z,28.4,0,0
perimetro-bodega-01,2026-09-24T22:25:16.427Z,28.5,0,0
perimetro-bodega-01,2026-09-24T22:23:46.128Z,28.6,0,0
perimetro-bodega-01,2026-09-24T22:22:15.81Z,28.41,0,1
perimetro-bodega-01,2026-09-24T22:20:45.435Z,28.05,0,0
perimetro-bodega-01,2026-09-24T22:19:15.085Z,28.06,0,0
perimetro-bodega-01,2026-09-24T22:17:44.733Z,28.18,1,1
perimetro-bodega-01,2026-09-24T22:16:14.317Z,28.51,0,0
perimetro-bodega-01,2026-09-24T22:14:43.981Z,28.2,0,0
perimetro-bodega-01,2026-09-24T22:13:13.634Z,28.39,0,0
perimetro-bodega-01,2026-09-24T22:11:43.317Z,28.2,0,0
perimetro-bodega-01,2026-09-24T22:10:12.957Z,28.62,0,1
perimetro-bodega-01,2026-09-24T22:08:42.581Z,28.4,0,0
perimetro-bodega-01,2026-09-24T22:07:12.247Z,28.34,0,1
perimetro-bodega-01,2026-09-24T22:05:41.958Z,28.43,0,0
perimetro-bodega-01,2026-09-24T22:04:11.59Z,28.33,0,0
perimetro-bodega-01,2026-09-24T22:02:41.218Z,28.4,0,0
perimetro-bodega-01,2026-09-24T22:01:10.852Z,28.38,0,0
perimetro-bodega-01,2026-09-24T21:59:40.529Z,28.51,0,0
perimetro-bodega-01,2026-09-24T21:58:10.2Z,28.33,1,1
perimetro-bodega-01,2026-09-24T21:56:39.855Z,28.48,0,0
perimetro-bodega-01,2026-09-24T21:55:09.53Z,28.7,0,0
perimetro-bodega-01,2026-09-24T21:53:39.161Z,28.87,0,0
perimetro-bodega-01,2026-09-24T21:52:08.847Z,28.89,0,0
perimetro-bodega-01,2026-09-24T21:50:38.486Z,28.64,0,1
perimetro-bodega-01,2026-09-24T21:49:08.14Z,28.62,0,0
perimetro-bodega-01,2026-09-24T21:47:37.715Z,28.67,1,0
perimetro-bodega-01,2026-09-24T21:46:07.364Z,28.97,0,0
perimetro-bodega-01,2026-09-24T21:44:36.993Z,28.49,0,0
perimetro-bodega-01,2026-09-24T21:43:06.625Z,28.44,0,0
perimetro-bodega-01,2026-09-24T21:41:36.244Z,28.91,0,0
perimetro-bodega-01,2026-09-24T21:40:05.944Z,28.67,0,1
perimetro-bodega-01,2026-09-24T21:38:35.583Z,28.94,0,0
perimetro-bodega-01,2026-09-24T21:37:05.223Z,28.59,0,0
perimetro-bodega-01,2026-09-24T21:35:34.92Z,28.64,0,0
perimetro-bodega-01,2026-09-24T21:34:04.541Z,28.62,0,0
perimetro-bodega-01,2026-09-24T21:32:34.225Z,28.73,0,0
perimetro-bodega-01,2026-09-24T21:31:03.861Z,29.04,0,0
perimetro-bodega-01,2026-09-24T21:29:33.466Z,28.73,0,0
perimetro-bodega-01,2026-09-24T21:28:03.133Z,28.6,0,0
perimetro-bodega-01,2026-09-24T21:26:32.744Z,29.08,1,0
perimetro-bodega-01,2026-09-24T21:25:02.399Z,28.91,1,0
perimetro-bodega-01,2026-09-24T21:23:32.033Z,29.07,0,0
perimetro-bodega-01,2026-09-24T21:22:01.684Z,28.65,0,0
perimetro-bodega-01,2026-09-24T21:20:31.307Z,29.16,0,0
perimetro-bodega-01,2026-09-24T21:19:00.979Z,29.01,0,0
perimetro-bodega-01,2026-09-24T21:17:30.618Z,28.92,0,0
perimetro-bodega-01,2026-09-24T21:16:00.216Z,28.73,0,1
perimetro-bodega-01,2026-09-24T21:14:29.872Z,28.95,0,0
perimetro-bodega-01,2026-09-24T21:12:59.476Z,28.9,0,0
perimetro-bodega-01,2026-09-24T21:11:29.117Z,28.69,0,0
perimetro-bodega-01,2026-09-24T21:09:58.771Z,29.22,0,0
perimetro-bodega-01,2026-09-24T21:08:28.436Z,28.99,0,0
perimetro-bodega-01,2026-09-24T21:06:58.058Z,29.03,0,0
perimetro-bodega-01,2026-09-24T21:05:27.717Z,28.74,0,0
perimetro-bodega-01,2026-09-24T21:03:57.37Z,28.95,0,0
perimetro-bodega-01,2026-09-24T21:02:27.044Z,29.04,1,0
perimetro-bodega-01,2026-09-24T21:00:56.714Z,29.15,0,0
perimetro-bodega-01,2026-09-24T20:59:26.345Z,29.14,0,0
perimetro-bodega-01,2026-09-24T20:57:55.997Z,28.85,0,0
perimetro-bodega-01,2026-09-24T20:56:25.619Z,28.94,0,0
perimetro-bodega-01,2026-09-24T20:54:55.214Z,29,0,0
perimetro-bodega-01,2026-09-24T20:53:24.88Z,28.91,0,0
perimetro-bodega-01,2026-09-24T20:51:54.56Z,28.95,0,0
perimetro-bodega-01,2026-09-24T20:50:24.208Z,29.19,0,0
perimetro-bodega-01,2026-09-24T20:48:53.832Z,29.35,0,0
perimetro-bodega-01,2026-09-24T20:47:23.427Z,28.94,0,0
perimetro-bodega-01,2026-09-24T20:11:53.053Z,29.62,0,0
perimetro-bodega-01,2026-09-24T20:10:22.666Z,29.23,0,0
perimetro-bodega-01,2026-09-24T20:08:52.304Z,29.26,0,0
perimetro-bodega-01,2026-09-24T20:07:21.973Z,29.59,0,0
perimetro-bodega-01,2026-09-24T20:05:51.608Z,29.15,0,0
perimetro-bodega-01,2026-09-24T20:04:21.222Z,29.44,0,0
perimetro-bodega-01,2026-09-24T20:02:50.875Z,29.29,0,0
perimetro-bodega-01,2026-09-24T20:01:20.602Z,29.19,0,0
perimetro-bodega-01,2026-09-24T19:59:50.271Z,29.67,0,0
perimetro-bodega-01,2026-09-24T19:58:19.873Z,29.13,0,0
perimetro-bodega-01,2026-09-24T19:56:49.512Z,29.4,0,0
perimetro-bodega-01,2026-09-24T19:55:19.152Z,29.69,0,0
perimetro-bodega-01,2026-09-24T19:53:48.775Z,29.3,0,0
perimetro-bodega-01,2026-09-24T19:52:18.405Z,29.46,0,0
perimetro-bodega-01,2026-09-24T19:50:48.073Z,29.65,0,0
perimetro-bodega-01,2026-09-24T19:49:17.805Z,29.44,0,0
perimetro-bodega-01,2026-09-24T19:47:47.465Z,29.37,0,0
perimetro-bodega-01,2026-09-24T19:46:17.116Z,29.17,1,1
perimetro-bodega-01,2026-09-24T19:44:46.766Z,29.56,0,0
perimetro-bodega-01,2026-09-24T19:43:16.439Z,29.53,0,1
perimetro-bodega-01,2026-09-27T05:00:20.166Z,23.63,0,0
perimetro-bodega-01,2026-09-27T04:58:49.841Z,23.58,1,0
perimetro-bodega-01,2026-09-27T04:57:19.451Z,23.72,0,0
perimetro-bodega-01,2026-09-27T04:55:49.106Z,23.64,0,0
perimetro-bodega-01,2026-09-27T04:54:18.729Z,23.23,0,0
perimetro-bodega-01,2026-09-27T04:52:48.362Z,23.22,0,0
perimetro-bodega-01,2026-09-27T04:51:17.97Z,23.6,0,0
perimetro-bodega-01,2026-09-27T04:49:47.626Z,23.44,0,0
perimetro-bodega-01,2026-09-27T04:48:17.319Z,23.75,0,1
perimetro-bodega-01,2026-09-27T04:46:46.896Z,23.4,0,0
perimetro-bodega-01,2026-09-27T04:45:16.558Z,23.77,1,0
perimetro-bodega-01,2026-09-27T04:43:46.204Z,23.74,0,0
perimetro-bodega-01,2026-09-27T04:42:15.826Z,23.41,0,0
perimetro-bodega-01,2026-09-27T04:40:45.394Z,23.82,0,0
perimetro-bodega-01,2026-09-27T04:39:15.029Z,23.62,0,0
perimetro-bodega-01,2026-09-27T04:37:44.682Z,23.77,0,0
perimetro-bodega-01,2026-09-27T04:36:14.321Z,23.5,0,0
perimetro-bodega-01,2026-09-27T04:34:43.944Z,23.55,0,0
perimetro-bodega-01,2026-09-27T04:33:13.602Z,23.86,0,0
perimetro-bodega-01,2026-09-27T04:31:43.318Z,23.8,1,0
perimetro-bodega-01,2026-09-27T04:30:12.986Z,23.84,0,0
perimetro-bodega-01,2026-09-27T04:28:42.627Z,23.86,0,0
perimetro-bodega-01,2026-09-27T04:27:12.287Z,23.71,0,0
perimetro-bodega-01,2026-09-27T04:25:41.925Z,23.55,0,0
perimetro-bodega-01,2026-09-27T04:24:11.58Z,23.59,0,0
perimetro-bodega-01,2026-09-27T04:22:41.272Z,23.98,0,0
perimetro-bodega-01,2026-09-27T04:21:10.881Z,23.78,0,0
perimetro-bodega-01,2026-09-27T04:19:40.516Z,23.49,0,1
perimetro-bodega-01,2026-09-27T04:18:10.185Z,23.84,0,0
perimetro-bodega-01,2026-09-27T04:16:39.841Z,23.99,0,0
perimetro-bodega-01,2026-09-27T04:15:09.519Z,23.64,0,0
perimetro-bodega-01,2026-09-27T04:13:39.135Z,23.55,0,1
perimetro-bodega-01,2026-09-27T04:12:08.78Z,24.01,0,0
perimetro-bodega-01,2026-09-27T04:10:38.421Z,23.91,0,0
perimetro-bodega-01,2026-09-27T04:09:08.134Z,23.68,0,0
perimetro-bodega-01,2026-09-27T04:07:37.764Z,23.76,0,1
perimetro-bodega-01,2026-09-27T04:06:07.431Z,23.77,0,0
perimetro-bodega-01,2026-09-27T04:04:37.112Z,24.04,0,0
perimetro-bodega-01,2026-09-27T04:03:06.759Z,23.65,0,0
perimetro-bodega-01,2026-09-27T04:01:36.433Z,24.11,0,0
perimetro-bodega-01,2026-09-27T04:00:06.09Z,24.01,0,0
perimetro-bodega-01,2026-09-27T03:58:35.711Z,24.24,0,0
perimetro-bodega-01,2026-09-27T03:57:05.41Z,23.7,0,1
perimetro-bodega-01,2026-09-27T03:55:35.046Z,23.97,0,0
perimetro-bodega-01,2026-09-27T03:54:04.713Z,24.13,1,0
perimetro-bodega-01,2026-09-27T03:52:34.359Z,23.87,1,0
perimetro-bodega-01,2026-09-27T03:51:03.935Z,24.2,0,0
perimetro-bodega-01,2026-09-27T03:49:33.616Z,24.23,0,0
perimetro-bodega-01,2026-09-27T03:48:03.267Z,23.79,0,0
perimetro-bodega-01,2026-09-27T03:46:32.93Z,23.82,0,0
perimetro-bodega-01,2026-09-27T03:45:02.577Z,24.4,0,0
perimetro-bodega-01,2026-09-27T03:43:32.204Z,24.01,0,0
perimetro-bodega-01,2026-09-27T03:42:01.89Z,24.06,0,1
perimetro-bodega-01,2026-09-27T03:40:31.577Z,24.37,0,0
perimetro-bodega-01,2026-09-27T03:39:01.194Z,24.41,0,0
perimetro-bodega-01,2026-09-27T03:37:30.815Z,24.23,0,0
perimetro-bodega-01,2026-09-27T03:36:00.5Z,24.25,0,0
perimetro-bodega-01,2026-09-27T03:34:30.144Z,24.02,1,0
perimetro-bodega-01,2026-09-27T03:32:59.816Z,24.29,0,0
perimetro-bodega-01,2026-09-27T03:31:29.509Z,24.09,0,0
perimetro-bodega-01,2026-09-27T03:29:59.149Z,24.27,0,0
perimetro-bodega-01,2026-09-27T03:28:28.714Z,24.41,1,0
perimetro-bodega-01,2026-09-27T03:26:58.368Z,24.3,0,0
perimetro-bodega-01,2026-09-27T03:25:28.045Z,24.16,0,0
perimetro-bodega-01,2026-09-27T03:23:57.664Z,24.06,0,0
perimetro-bodega-01,2026-09-27T03:22:27.341Z,24.3,0,0
perimetro-bodega-01,2026-09-27T03:20:57.01Z,24.09,0,0
perimetro-bodega-01,2026-09-27T03:19:26.645Z,24.2,0,0
perimetro-bodega-01,2026-09-27T03:17:56.267Z,24.34,0,0
perimetro-bodega-01,2026-09-27T03:16:25.928Z,24.47,0,0
perimetro-bodega-01,2026-09-27T03:14:55.568Z,24.62,0,0
perimetro-bodega-01,2026-09-27T03:13:25.261Z,24.55,0,0
perimetro-bodega-01,2026-09-27T03:11:54.93Z,24.3,0,0
perimetro-bodega-01,2026-09-27T03:10:24.551Z,24.48,0,0
perimetro-bodega-01,2026-09-27T03:08:54.207Z,24.4,0,0
perimetro-bodega-01,2026-09-27T03:07:23.879Z,24.41,0,0
perimetro-bodega-01,2026-09-27T03:05:53.472Z,24.44,0,0
perimetro-bodega-01,2026-09-27T03:04:23.105Z,24.56,0,0
perimetro-bodega-01,2026-09-27T03:02:52.796Z,24.58,0,0
perimetro-bodega-01,2026-09-27T03:01:22.436Z,24.74,0,0
perimetro-bodega-01,2026-09-27T02:59:52.084Z,24.91,0,1
perimetro-bodega-01,2026-09-27T02:58:21.723Z,24.65,0,0
perimetro-bodega-01,2026-09-27T02:56:51.357Z,24.88,0,0
perimetro-bodega-01,2026-09-27T02:55:21.082Z,24.9,0,0
perimetro-bodega-01,2026-09-27T02:53:50.736Z,24.43,0,1
perimetro-bodega-01,2026-09-27T02:52:20.411Z,24.93,0,0
perimetro-bodega-01,2026-09-27T02:50:50.083Z,24.54,0,0
perimetro-bodega-01,2026-09-27T02:49:19.72Z,24.97,1,1
perimetro-bodega-01,2026-09-27T02:47:49.373Z,24.53,0,0
perimetro-bodega-01,2026-09-27T02:46:19.055Z,24.8,0,0
perimetro-bodega-01,2026-09-27T02:44:48.679Z,24.65,0,0
perimetro-bodega-01,2026-09-27T02:43:18.318Z,24.99,0,0
perimetro-bodega-01,2026-09-27T02:41:47.941Z,24.77,0,0
perimetro-bodega-01,2026-09-27T02:40:17.58Z,24.92,0,0
perimetro-bodega-01,2026-09-27T02:38:47.2Z,24.98,0,0
perimetro-bodega-01,2026-09-27T02:37:16.839Z,25.02,0,0
perimetro-bodega-01,2026-09-27T02:35:46.494Z,25.22,0,0
perimetro-bodega-01,2026-09-27T02:34:16.157Z,25.13,0,1
perimetro-bodega-01,2026-09-27T02:32:45.782Z,24.81,0,0
perimetro-bodega-01,2026-09-27T01:56:45.424Z,25.21,0,0
perimetro-bodega-01,2026-09-27T01:55:15.104Z,25.32,0,0
perimetro-bodega-01,2026-09-27T01:53:44.754Z,25.29,0,0
perimetro-bodega-01,2026-09-27T01:52:14.427Z,25.54,0,0
perimetro-bodega-01,2026-09-27T01:50:44.05Z,25.64,0,0
perimetro-bodega-01,2026-09-27T01:49:13.778Z,25.27,0,0
perimetro-bodega-01,2026-09-27T01:47:43.382Z,25.54,0,0
perimetro-bodega-01,2026-09-27T01:46:13.032Z,25.79,0,0
perimetro-bodega-01,2026-09-27T01:44:42.685Z,25.68,1,0
perimetro-bodega-01,2026-09-27T01:43:12.413Z,25.75,1,0
perimetro-bodega-01,2026-09-27T01:41:42.051Z,25.8,0,0
perimetro-bodega-01,2026-09-27T01:40:11.734Z,25.58,0,0
perimetro-bodega-01,2026-09-27T01:38:41.381Z,25.72,0,0
perimetro-bodega-01,2026-09-27T01:37:11.039Z,25.81,0,0
perimetro-bodega-01,2026-09-27T01:35:40.703Z,26.03,0,0
perimetro-bodega-01,2026-09-27T01:34:10.388Z,25.99,0,0
perimetro-bodega-01,2026-09-27T01:32:40.048Z,25.55,0,0
perimetro-bodega-01,2026-09-27T01:31:07.64Z,25.9,0,0
perimetro-bodega-01,2026-09-27T01:29:37.273Z,26.03,0,0
perimetro-bodega-01,2026-09-27T01:28:06.928Z,25.77,0,0
perimetro-bodega-01,2026-09-27T01:26:36.583Z,26.17,0,0
perimetro-bodega-01,2026-09-27T01:25:06.225Z,25.99,0,0
perimetro-bodega-01,2026-09-27T01:23:35.871Z,25.98,0,0
perimetro-bodega-01,2026-09-27T01:22:05.47Z,25.88,0,1
perimetro-bodega-01,2026-09-27T01:20:35.111Z,26.14,0,0
perimetro-bodega-01,2026-09-27T01:19:04.7Z,25.8,0,0
perimetro-bodega-01,2026-09-27T01:17:34.381Z,26.18,0,0
perimetro-bodega-01,2026-09-27T01:16:04.001Z,26.27,0,0
perimetro-bodega-01,2026-09-27T01:14:33.599Z,25.85,0,0
perimetro-bodega-01,2026-09-27T01:13:03.279Z,26.01,0,0
perimetro-bodega-01,2026-09-27T01:11:32.935Z,25.96,0,0
perimetro-bodega-01,2026-09-27T01:10:02.558Z,26.17,0,0
perimetro-bodega-01,2026-09-27T01:08:32.17Z,25.86,0,1
perimetro-bodega-01,2026-09-27T01:07:01.804Z,26.09,0,0
perimetro-bodega-01,2026-09-27T01:05:31.419Z,26.36,0,0
perimetro-bodega-01,2026-09-27T01:04:01.105Z,26.42,0,0
perimetro-bodega-01,2026-09-27T01:02:30.767Z,26.07,0,0
perimetro-bodega-01,2026-09-27T01:01:00.4Z,26.47,0,0
perimetro-bodega-01,2026-09-27T00:59:29.98Z,25.97,0,1
perimetro-bodega-01,2026-09-27T00:57:59.601Z,26.37,0,0
perimetro-bodega-01,2026-09-27T00:56:29.234Z,26.31,0,0
perimetro-bodega-01,2026-09-27T00:54:58.884Z,26.3,0,0
perimetro-bodega-01,2026-09-24T05:23:21.378Z,23.36,0,0
perimetro-bodega-01,2026-09-24T05:21:50.99Z,23.54,0,0
perimetro-bodega-01,2026-09-24T05:20:20.725Z,23.54,0,0
perimetro-bodega-01,2026-09-24T05:18:50.366Z,23.6,0,0
perimetro-bodega-01,2026-09-24T05:17:20.032Z,23.2,0,0
perimetro-bodega-01,2026-09-24T05:15:49.705Z,23.26,0,0
perimetro-bodega-01,2026-09-24T05:14:19.355Z,23.59,0,0
perimetro-bodega-01,2026-09-24T05:12:48.979Z,23.4,0,0
perimetro-bodega-01,2026-09-24T05:11:18.641Z,23.53,0,0
perimetro-bodega-01,2026-09-24T05:09:48.262Z,23.48,0,0
perimetro-bodega-01,2026-09-24T05:08:17.941Z,23.52,0,0
perimetro-bodega-01,2026-09-24T05:06:47.559Z,23.32,0,0
perimetro-bodega-01,2026-09-24T05:05:17.197Z,23.21,0,0
perimetro-bodega-01,2026-09-24T05:03:46.901Z,23.62,0,0
perimetro-bodega-01,2026-09-24T05:02:16.538Z,23.13,0,0
perimetro-bodega-01,2026-09-24T05:00:46.126Z,23.54,0,0
perimetro-bodega-01,2026-09-24T04:59:15.776Z,23.43,0,0
perimetro-bodega-01,2026-09-24T04:57:45.418Z,23.61,0,1
perimetro-bodega-01,2026-09-24T04:56:15.1Z,23.52,0,0
perimetro-bodega-01,2026-09-24T04:54:44.747Z,23.39,0,0
perimetro-bodega-01,2026-09-24T04:53:14.375Z,23.64,0,0
perimetro-bodega-01,2026-09-24T04:51:44.045Z,23.37,0,0
perimetro-bodega-01,2026-09-24T04:50:13.779Z,23.8,0,0
perimetro-bodega-01,2026-09-24T04:48:43.429Z,23.62,0,0
perimetro-bodega-01,2026-09-24T04:47:13.096Z,23.65,0,0
perimetro-bodega-01,2026-09-24T04:45:42.762Z,23.53,0,0
perimetro-bodega-01,2026-09-24T04:44:12.414Z,23.8,0,0
perimetro-bodega-01,2026-09-24T04:42:41.995Z,23.75,0,0
perimetro-bodega-01,2026-09-24T04:41:11.601Z,23.62,0,0
perimetro-bodega-01,2026-09-24T04:39:41.214Z,23.73,0,0
perimetro-bodega-01,2026-09-24T04:38:10.931Z,23.45,0,1
perimetro-bodega-01,2026-09-24T04:36:40.586Z,23.45,0,0
perimetro-bodega-01,2026-09-24T04:35:10.227Z,23.67,0,0
perimetro-bodega-01,2026-09-24T04:33:39.857Z,23.49,0,0
perimetro-bodega-01,2026-09-24T04:32:09.48Z,23.88,0,0
perimetro-bodega-01,2026-09-24T04:30:39.137Z,23.91,0,0
perimetro-bodega-01,2026-09-24T04:29:08.774Z,23.78,0,0
perimetro-bodega-01,2026-09-24T04:27:38.383Z,23.71,0,0
perimetro-bodega-01,2026-09-24T04:26:08.05Z,23.97,0,1
perimetro-bodega-01,2026-09-24T04:24:37.689Z,23.68,0,0
perimetro-bodega-01,2026-09-24T04:23:07.363Z,24.01,0,0
perimetro-bodega-01,2026-09-24T04:21:36.982Z,23.51,0,0
perimetro-bodega-01,2026-09-24T04:20:06.629Z,23.76,0,0
perimetro-bodega-01,2026-09-24T04:18:36.27Z,23.75,0,0
perimetro-bodega-01,2026-09-24T04:17:05.937Z,23.65,0,0
perimetro-bodega-01,2026-09-24T04:15:35.607Z,23.53,0,1
perimetro-bodega-01,2026-09-24T04:14:05.272Z,23.89,0,0
perimetro-bodega-01,2026-09-24T04:12:34.93Z,24.06,0,1
perimetro-bodega-01,2026-09-24T04:11:04.567Z,23.61,0,0
perimetro-bodega-01,2026-09-24T04:09:34.253Z,23.73,0,0
perimetro-bodega-01,2026-09-24T04:08:03.872Z,23.8,0,0
perimetro-bodega-01,2026-09-24T04:06:33.549Z,23.62,0,0
perimetro-bodega-01,2026-09-24T04:05:03.2Z,23.95,0,0
perimetro-bodega-01,2026-09-24T04:03:32.858Z,23.84,0,0
perimetro-bodega-01,2026-09-24T04:02:02.535Z,24.19,0,0
perimetro-bodega-01,2026-09-24T04:00:32.189Z,24.06,0,0
perimetro-bodega-01,2026-09-24T03:59:01.827Z,24.12,0,0
perimetro-bodega-01,2026-09-24T03:57:31.487Z,24.07,0,0
perimetro-bodega-01,2026-09-24T03:56:01.125Z,24.2,0,0
perimetro-bodega-01,2026-09-24T03:54:30.777Z,23.88,0,0
perimetro-bodega-01,2026-09-24T03:53:00.467Z,24.07,0,0
perimetro-bodega-01,2026-09-24T03:51:30.077Z,23.8,0,0
perimetro-bodega-01,2026-09-24T03:49:59.713Z,24.2,0,0
perimetro-bodega-01,2026-09-24T03:48:29.311Z,24.13,0,0
perimetro-bodega-01,2026-09-24T03:46:58.997Z,23.8,0,0
perimetro-bodega-01,2026-09-24T03:45:28.635Z,24.28,0,0
perimetro-bodega-01,2026-09-24T03:43:58.251Z,24.2,0,1
perimetro-bodega-01,2026-09-24T03:42:27.905Z,24.2,0,1
perimetro-bodega-01,2026-09-24T03:40:57.566Z,23.9,0,1
perimetro-bodega-01,2026-09-24T03:39:27.255Z,24.24,0,0
perimetro-bodega-01,2026-09-24T03:37:56.88Z,24.34,0,0
perimetro-bodega-01,2026-09-24T03:36:26.474Z,24.18,0,0
perimetro-bodega-01,2026-09-24T03:34:56.097Z,24.22,0,1
perimetro-bodega-01,2026-09-24T03:33:25.757Z,24.29,0,1
perimetro-bodega-01,2026-09-24T03:31:55.34Z,23.99,0,0
perimetro-bodega-01,2026-09-24T03:30:25.002Z,24.43,0,0
perimetro-bodega-01,2026-09-24T03:28:54.641Z,23.99,0,0
perimetro-bodega-01,2026-09-24T03:27:24.319Z,24.02,0,0
perimetro-bodega-01,2026-09-24T03:25:53.935Z,24.45,0,1
perimetro-bodega-01,2026-09-24T03:24:23.615Z,24.54,0,0
perimetro-bodega-01,2026-09-24T03:22:53.252Z,24.13,0,1
perimetro-bodega-01,2026-09-24T03:21:22.864Z,24.61,0,0
perimetro-bodega-01,2026-09-24T03:19:52.532Z,24.67,0,0
perimetro-bodega-01,2026-09-24T03:18:22.18Z,24.53,0,0
perimetro-bodega-01,2026-09-24T03:16:51.775Z,24.28,0,0
perimetro-bodega-01,2026-09-24T03:15:21.393Z,24.24,0,0
perimetro-bodega-01,2026-09-24T03:13:51.123Z,24.49,1,0
perimetro-bodega-01,2026-09-24T03:12:20.745Z,24.69,0,0
perimetro-bodega-01,2026-09-24T03:10:50.44Z,24.56,0,0
perimetro-bodega-01,2026-09-24T03:09:20.039Z,24.61,0,0
perimetro-bodega-01,2026-09-24T03:07:49.71Z,24.55,0,0
perimetro-bodega-01,2026-09-24T03:06:19.364Z,24.45,0,0
perimetro-bodega-01,2026-09-24T03:04:49.04Z,24.67,0,0
perimetro-bodega-01,2026-09-24T03:03:18.679Z,24.59,0,0
perimetro-bodega-01,2026-09-24T03:01:48.326Z,24.64,1,0
perimetro-bodega-01,2026-09-24T03:00:17.946Z,24.6,0,0
perimetro-bodega-01,2026-09-24T02:58:47.614Z,24.88,0,0
perimetro-bodega-01,2026-09-24T02:57:17.257Z,24.37,0,0
perimetro-bodega-01,2026-09-24T02:55:46.929Z,24.7,0,0
perimetro-bodega-01,2026-09-24T02:54:16.517Z,24.5,0,0
perimetro-bodega-01,2026-09-24T02:52:46.163Z,24.73,0,0
perimetro-bodega-01,2026-09-24T02:16:45.863Z,25.26,0,0
perimetro-bodega-01,2026-09-24T02:15:15.408Z,25.21,0,0
perimetro-bodega-01,2026-09-24T02:13:45.094Z,25.5,0,0
perimetro-bodega-01,2026-09-24T02:12:14.738Z,25.23,1,0
perimetro-bodega-01,2026-09-24T02:10:44.375Z,25.54,0,1
perimetro-bodega-01,2026-09-24T02:09:13.998Z,25.3,0,0
perimetro-bodega-01,2026-09-24T02:07:43.654Z,25.47,0,0
perimetro-bodega-01,2026-09-24T02:06:13.322Z,25.34,0,1
perimetro-bodega-01,2026-09-24T02:04:42.939Z,25.63,0,0
perimetro-bodega-01,2026-09-24T02:03:12.592Z,25.39,0,0
perimetro-bodega-01,2026-09-24T02:01:42.238Z,25.43,0,0
perimetro-bodega-01,2026-09-24T02:00:11.92Z,25.46,0,0
perimetro-bodega-01,2026-09-24T01:58:41.536Z,25.63,0,1
perimetro-bodega-01,2026-09-24T01:57:11.115Z,25.22,0,0
perimetro-bodega-01,2026-09-24T01:55:40.76Z,25.47,0,0
perimetro-bodega-01,2026-09-24T01:54:10.418Z,25.78,0,0
perimetro-bodega-01,2026-09-24T01:52:40.096Z,25.63,0,0
perimetro-bodega-01,2026-09-24T01:51:09.705Z,25.26,0,0
perimetro-bodega-01,2026-09-24T01:49:39.379Z,25.76,0,1
perimetro-bodega-01,2026-09-24T01:48:09.004Z,25.44,0,0
perimetro-bodega-01,2026-09-24T01:46:38.732Z,25.49,0,0
perimetro-bodega-01,2026-09-24T01:45:08.397Z,25.61,0,0
perimetro-bodega-01,2026-09-24T01:43:38.046Z,25.6,0,0
perimetro-bodega-01,2026-09-24T01:42:07.593Z,25.89,0,0
perimetro-bodega-01,2026-09-24T01:40:37.259Z,25.5,0,0
perimetro-bodega-01,2026-09-24T01:39:06.942Z,25.64,0,0
perimetro-bodega-01,2026-09-24T01:37:36.582Z,25.84,0,0
perimetro-bodega-01,2026-09-24T01:36:06.233Z,25.66,0,0
perimetro-bodega-01,2026-09-24T01:34:35.89Z,25.6,0,1
perimetro-bodega-01,2026-09-24T01:33:05.486Z,25.69,0,0
perimetro-bodega-01,2026-09-24T01:31:35.127Z,25.61,0,0
perimetro-bodega-01,2026-09-24T01:30:04.699Z,26.05,0,0
perimetro-bodega-01,2026-09-24T01:28:34.418Z,25.66,0,0
perimetro-bodega-01,2026-09-24T01:27:04.073Z,25.81,0,0
perimetro-bodega-01,2026-09-24T01:25:33.712Z,25.95,1,0
perimetro-bodega-01,2026-09-24T01:24:03.437Z,26.15,0,0
perimetro-bodega-01,2026-09-24T01:22:33.094Z,25.98,0,0
perimetro-bodega-01,2026-09-24T01:21:02.729Z,25.82,0,0
perimetro-bodega-01,2026-09-24T01:19:32.343Z,25.87,1,0
perimetro-bodega-01,2026-09-24T01:18:01.976Z,26.29,0,0
perimetro-bodega-01,2026-09-24T01:16:31.645Z,25.73,0,0
perimetro-bodega-01,2026-09-24T01:15:01.254Z,26.26,0,0
perimetro-bodega-01,2026-09-24T01:13:30.912Z,26.15,0,0
perimetro-bodega-01,2026-09-24T01:12:00.521Z,26.13,0,1
perimetro-bodega-01,2026-09-24T01:10:30.185Z,26.35,0,0
perimetro-bodega-01,2026-09-24T01:08:59.806Z,25.94,0,0
perimetro-bodega-01,2026-09-24T01:07:29.451Z,26.35,0,0
perimetro-bodega-01,2026-09-24T01:05:59.071Z,26.26,0,0
perimetro-bodega-01,2026-09-24T01:04:28.696Z,26.2,1,0
perimetro-bodega-01,2026-09-24T01:02:58.384Z,26.07,0,0
perimetro-bodega-01,2026-09-24T01:01:28.024Z,26.14,0,0
perimetro-bodega-01,2026-09-24T00:59:57.635Z,26.41,0,0
perimetro-bodega-01,2026-09-24T00:58:27.269Z,26.23,0,0
perimetro-bodega-01,2026-09-24T00:56:56.893Z,26.21,1,0
perimetro-bodega-01,2026-09-24T00:55:26.545Z,26.27,0,0
perimetro-bodega-01,2026-09-24T00:53:56.153Z,26.58,0,0
perimetro-bodega-01,2026-09-24T00:52:25.797Z,26.18,0,0
perimetro-bodega-01,2026-09-24T00:50:55.452Z,26.43,0,0
perimetro-bodega-01,2026-09-24T00:49:25.028Z,26.14,0,0
perimetro-bodega-01,2026-09-24T00:47:54.646Z,26.68,0,0
perimetro-bodega-01,2026-09-24T00:46:24.324Z,26.65,0,0
perimetro-bodega-01,2026-09-24T00:44:53.904Z,26.64,0,0
perimetro-bodega-01,2026-09-24T00:43:23.513Z,26.43,0,1
perimetro-bodega-01,2026-09-24T00:41:53.172Z,26.7,0,1
perimetro-bodega-01,2026-09-24T00:40:22.838Z,26.52,0,1
perimetro-bodega-01,2026-09-24T00:38:52.456Z,26.7,0,0
perimetro-bodega-01,2026-09-29T00:09:16.168Z,26.97,0,0
perimetro-bodega-01,2026-09-29T00:07:45.838Z,27.14,0,0
perimetro-bodega-01,2026-09-29T00:06:15.479Z,26.84,0,0
perimetro-bodega-01,2026-09-29T00:04:45.068Z,27.21,0,0
perimetro-bodega-01,2026-09-29T00:03:14.734Z,27.03,0,0
perimetro-bodega-01,2026-09-29T00:01:44.38Z,27.2,0,0
perimetro-bodega-01,2026-09-29T00:00:13.999Z,26.99,0,0
perimetro-bodega-01,2026-09-28T23:58:43.648Z,27.16,0,0
perimetro-bodega-01,2026-09-28T23:57:13.32Z,26.93,0,1
perimetro-bodega-01,2026-09-28T23:55:42.947Z,26.94,0,0
perimetro-bodega-01,2026-09-28T23:54:12.579Z,27.28,0,0
perimetro-bodega-01,2026-09-28T23:52:42.259Z,27.13,0,0
perimetro-bodega-01,2026-09-28T23:51:11.898Z,27.3,0,1
perimetro-bodega-01,2026-09-28T23:49:41.503Z,27.01,0,0
perimetro-bodega-01,2026-09-28T23:48:11.123Z,27.17,0,0
perimetro-bodega-01,2026-09-28T23:46:40.746Z,27.29,0,1
perimetro-bodega-01,2026-09-28T23:45:10.377Z,27.5,0,0
perimetro-bodega-01,2026-09-28T23:43:40.001Z,27.29,0,0
perimetro-bodega-01,2026-09-28T23:42:09.66Z,27.12,0,0
perimetro-bodega-01,2026-09-28T23:40:39.338Z,27.23,0,0
perimetro-bodega-01,2026-09-28T23:39:08.945Z,27.53,0,0
perimetro-bodega-01,2026-09-28T23:37:38.602Z,27.46,0,0
perimetro-bodega-01,2026-09-28T23:36:08.251Z,27.35,0,0
perimetro-bodega-01,2026-09-28T23:34:37.913Z,27.65,0,0
perimetro-bodega-01,2026-09-28T23:33:07.575Z,27.7,0,0
perimetro-bodega-01,2026-09-28T23:31:37.212Z,27.75,0,0
perimetro-bodega-01,2026-09-28T23:30:06.846Z,27.7,0,0
perimetro-bodega-01,2026-09-28T23:28:36.49Z,27.45,0,0
perimetro-bodega-01,2026-09-28T23:27:06.14Z,27.59,0,0
perimetro-bodega-01,2026-09-28T23:25:35.805Z,27.71,0,0
perimetro-bodega-01,2026-09-28T23:24:05.445Z,27.46,0,0
perimetro-bodega-01,2026-09-28T23:22:35.131Z,27.87,0,1
perimetro-bodega-01,2026-09-28T23:21:04.779Z,27.8,0,0
perimetro-bodega-01,2026-09-28T23:19:34.456Z,27.57,0,0
perimetro-bodega-01,2026-09-28T23:18:04.139Z,27.51,0,0
perimetro-bodega-01,2026-09-28T23:16:33.808Z,27.49,0,0
perimetro-bodega-01,2026-09-28T23:15:03.445Z,27.55,0,0
perimetro-bodega-01,2026-09-28T23:13:33.084Z,27.67,0,0
perimetro-bodega-01,2026-09-28T23:12:02.754Z,27.87,0,0
perimetro-bodega-01,2026-09-28T23:10:32.372Z,27.96,0,0
perimetro-bodega-01,2026-09-28T23:09:01.977Z,27.47,0,0
perimetro-bodega-01,2026-09-28T23:07:31.615Z,27.79,0,0
perimetro-bodega-01,2026-09-28T23:06:01.227Z,27.83,1,0
perimetro-bodega-01,2026-09-28T23:04:30.844Z,27.69,0,0
perimetro-bodega-01,2026-09-28T23:03:00.535Z,27.69,0,0
perimetro-bodega-01,2026-09-28T23:01:30.229Z,27.67,0,0
perimetro-bodega-01,2026-09-28T22:59:59.895Z,28.1,0,0
perimetro-bodega-01,2026-09-28T22:58:29.547Z,28,0,0
perimetro-bodega-01,2026-09-28T22:56:54.192Z,27.7,0,0
perimetro-bodega-01,2026-09-28T22:55:23.814Z,27.87,0,0
perimetro-bodega-01,2026-09-28T22:53:53.477Z,27.7,0,0
perimetro-bodega-01,2026-09-28T22:52:23.104Z,27.96,0,0
perimetro-bodega-01,2026-09-28T22:50:52.83Z,28.01,0,0
perimetro-bodega-01,2026-09-28T22:49:22.46Z,28.24,0,0
perimetro-bodega-01,2026-09-28T22:47:52.11Z,27.99,0,0
perimetro-bodega-01,2026-09-28T22:46:21.843Z,28.14,0,0
perimetro-bodega-01,2026-09-28T22:44:51.518Z,28.14,0,0
perimetro-bodega-01,2026-09-28T22:43:21.11Z,28.11,0,0
perimetro-bodega-01,2026-09-28T22:41:50.756Z,28.36,0,0
perimetro-bodega-01,2026-09-28T22:40:20.397Z,27.91,0,0
perimetro-bodega-01,2026-09-28T22:38:50.062Z,27.9,0,0
perimetro-bodega-01,2026-09-28T22:37:19.683Z,28.27,0,0
perimetro-bodega-01,2026-09-28T22:35:49.344Z,28.31,1,0
perimetro-bodega-01,2026-09-28T22:34:19.07Z,27.94,0,0
perimetro-bodega-01,2026-09-28T22:32:48.711Z,28.01,0,1
perimetro-bodega-01,2026-09-28T22:31:18.339Z,28.44,0,0
perimetro-bodega-01,2026-09-28T22:29:48.009Z,28.38,0,0
perimetro-bodega-01,2026-09-28T22:28:17.648Z,27.97,0,0
perimetro-bodega-01,2026-09-28T22:26:47.248Z,28,0,0
perimetro-bodega-01,2026-09-28T22:25:16.891Z,28.01,0,0
perimetro-bodega-01,2026-09-28T22:23:46.541Z,28.25,0,1
perimetro-bodega-01,2026-09-28T22:22:16.16Z,28.11,0,0
perimetro-bodega-01,2026-09-28T22:20:45.775Z,28.56,0,0
perimetro-bodega-01,2026-09-28T22:19:15.412Z,28.17,0,0
perimetro-bodega-01,2026-09-28T22:17:45.049Z,28.33,0,0
perimetro-bodega-01,2026-09-28T22:16:14.711Z,28.58,0,0
perimetro-bodega-01,2026-09-28T22:14:44.302Z,28.58,0,0
perimetro-bodega-01,2026-09-28T22:13:13.924Z,28.18,0,0
perimetro-bodega-01,2026-09-28T22:11:43.494Z,28.35,0,0
perimetro-bodega-01,2026-09-28T22:10:13.166Z,28.37,0,0
perimetro-bodega-01,2026-09-28T22:08:42.808Z,28.27,0,0
perimetro-bodega-01,2026-09-28T22:07:12.488Z,28.32,0,0
perimetro-bodega-01,2026-09-28T22:05:42.123Z,28.25,0,0
perimetro-bodega-01,2026-09-28T22:04:11.741Z,28.5,0,0
perimetro-bodega-01,2026-09-28T22:02:41.351Z,28.5,0,1
perimetro-bodega-01,2026-09-28T22:01:10.963Z,28.5,0,1
perimetro-bodega-01,2026-09-28T21:59:40.606Z,28.56,0,0
perimetro-bodega-01,2026-09-28T21:58:10.221Z,28.85,0,0
perimetro-bodega-01,2026-09-28T21:56:39.873Z,28.66,0,0
perimetro-bodega-01,2026-09-28T21:55:09.559Z,28.89,0,0
perimetro-bodega-01,2026-09-28T21:53:39.172Z,28.9,0,0
perimetro-bodega-01,2026-09-28T21:52:08.793Z,28.81,0,0
perimetro-bodega-01,2026-09-28T21:50:38.462Z,28.83,1,0
perimetro-bodega-01,2026-09-28T21:49:08.101Z,28.62,0,0
perimetro-bodega-01,2026-09-28T21:47:37.731Z,28.77,0,0
perimetro-bodega-01,2026-09-28T21:46:07.352Z,28.93,1,0
perimetro-bodega-01,2026-09-28T21:44:36.973Z,28.45,0,0
perimetro-bodega-01,2026-09-28T21:43:06.676Z,28.89,0,0
perimetro-bodega-01,2026-09-28T21:41:36.339Z,28.73,0,0
perimetro-bodega-01,2026-09-28T21:40:05.973Z,28.67,0,0
perimetro-bodega-01,2026-09-28T21:38:35.655Z,28.52,0,0
perimetro-bodega-01,2026-09-28T21:37:05.327Z,28.5,0,1
perimetro-bodega-01,2026-09-28T21:35:34.95Z,28.81,0,0
perimetro-bodega-01,2026-09-28T21:34:04.587Z,28.63,0,0
perimetro-bodega-01,2026-09-28T21:32:34.221Z,28.75,0,0
perimetro-bodega-01,2026-09-24T00:37:22.069Z,26.68,0,0
perimetro-bodega-01,2026-09-24T00:35:51.691Z,26.75,0,0
perimetro-bodega-01,2026-09-24T00:34:21.313Z,26.72,0,0
perimetro-bodega-01,2026-09-24T00:32:50.906Z,26.91,0,0
perimetro-bodega-01,2026-09-24T00:31:20.541Z,26.91,0,0
perimetro-bodega-01,2026-09-24T00:29:50.128Z,26.82,0,0
perimetro-bodega-01,2026-09-24T00:28:19.798Z,26.45,1,0
perimetro-bodega-01,2026-09-24T00:26:49.48Z,26.87,1,0
perimetro-bodega-01,2026-09-24T00:25:19.074Z,26.9,0,0
perimetro-bodega-01,2026-09-24T00:23:48.7Z,26.73,0,0
perimetro-bodega-01,2026-09-24T00:22:18.334Z,26.79,0,0
perimetro-bodega-01,2026-09-24T00:20:47.955Z,26.6,0,0
perimetro-bodega-01,2026-09-24T00:19:17.619Z,26.8,0,0
perimetro-bodega-01,2026-09-24T00:17:47.277Z,27.09,0,0
perimetro-bodega-01,2026-09-24T00:16:16.911Z,27.06,0,0
perimetro-bodega-01,2026-09-24T00:14:46.582Z,26.62,0,0
perimetro-bodega-01,2026-09-24T00:13:16.217Z,26.92,0,0
perimetro-bodega-01,2026-09-24T00:11:45.852Z,27,0,0
perimetro-bodega-01,2026-09-24T00:10:15.528Z,26.68,0,0
perimetro-bodega-01,2026-09-24T00:08:45.24Z,27.23,0,0
perimetro-bodega-01,2026-09-24T00:07:14.907Z,26.87,0,0
perimetro-bodega-01,2026-09-24T00:05:44.57Z,26.94,0,0
perimetro-bodega-01,2026-09-24T00:04:14.231Z,27.24,1,0
perimetro-bodega-01,2026-09-24T00:02:43.874Z,27.36,0,0
perimetro-bodega-01,2026-09-24T00:01:13.464Z,27.21,0,1
perimetro-bodega-01,2026-09-23T23:59:43.055Z,27.2,0,1
perimetro-bodega-01,2026-09-23T23:58:12.745Z,27.09,0,0
perimetro-bodega-01,2026-09-23T23:56:42.388Z,26.89,0,0
perimetro-bodega-01,2026-09-23T23:55:11.985Z,27.26,1,0
perimetro-bodega-01,2026-09-23T23:53:41.637Z,27.09,0,0
perimetro-bodega-01,2026-09-23T23:52:11.285Z,26.92,0,0
perimetro-bodega-01,2026-09-23T23:50:40.903Z,27.16,0,0
perimetro-bodega-01,2026-09-23T23:49:10.541Z,27.28,0,0
perimetro-bodega-01,2026-09-23T23:47:40.2Z,27.48,1,1
perimetro-bodega-01,2026-09-23T23:46:09.839Z,27.46,1,1
perimetro-bodega-01,2026-09-23T23:44:39.481Z,27.53,0,0
perimetro-bodega-01,2026-09-23T23:43:09.101Z,27.54,0,0
perimetro-bodega-01,2026-09-23T23:41:38.775Z,27.26,0,0
perimetro-bodega-01,2026-09-23T23:40:08.384Z,27.3,1,0
perimetro-bodega-01,2026-09-23T23:38:38.018Z,27.52,0,1
perimetro-bodega-01,2026-09-23T23:37:07.653Z,27.58,0,0
perimetro-bodega-01,2026-09-23T23:35:37.318Z,27.2,0,0
perimetro-bodega-01,2026-09-23T23:34:06.989Z,27.68,0,0
perimetro-bodega-01,2026-09-23T23:32:36.626Z,27.39,0,0
perimetro-bodega-01,2026-09-23T23:31:06.309Z,27.59,0,0
perimetro-bodega-01,2026-09-23T23:29:35.979Z,27.31,0,1
perimetro-bodega-01,2026-09-23T23:28:05.59Z,27.67,0,0
perimetro-bodega-01,2026-09-23T23:26:35.227Z,27.27,0,0
perimetro-bodega-01,2026-09-23T23:25:04.958Z,27.5,0,0
perimetro-bodega-01,2026-09-23T23:23:34.626Z,27.34,0,0
perimetro-bodega-01,2026-09-23T23:22:04.25Z,27.8,0,0
perimetro-bodega-01,2026-09-23T23:20:33.881Z,27.77,0,0
perimetro-bodega-01,2026-09-23T23:19:03.536Z,27.35,0,0
perimetro-bodega-01,2026-09-23T23:17:33.18Z,27.61,0,0
perimetro-bodega-01,2026-09-23T22:41:32.816Z,28.16,0,0
perimetro-bodega-01,2026-09-23T22:40:02.5Z,27.95,0,0
perimetro-bodega-01,2026-09-23T22:38:32.169Z,28.2,0,0
perimetro-bodega-01,2026-09-23T22:37:01.806Z,28.2,0,1
perimetro-bodega-01,2026-09-23T22:35:31.45Z,28.13,0,0
perimetro-bodega-01,2026-09-23T22:34:01.123Z,27.91,1,0
perimetro-bodega-01,2026-09-23T22:32:30.78Z,28.14,0,0
perimetro-bodega-01,2026-09-23T22:31:00.406Z,28.49,0,0
perimetro-bodega-01,2026-09-23T22:29:30.04Z,27.95,0,0
perimetro-bodega-01,2026-09-23T22:27:59.634Z,28.31,0,0
perimetro-bodega-01,2026-09-23T22:26:29.303Z,28.06,0,0
perimetro-bodega-01,2026-09-23T22:24:58.868Z,28.03,0,0
perimetro-bodega-01,2026-09-23T22:23:28.484Z,28.54,0,0
perimetro-bodega-01,2026-09-23T22:21:58.137Z,28.41,0,0
perimetro-bodega-01,2026-09-23T22:20:27.79Z,28.57,0,0
perimetro-bodega-01,2026-09-23T22:18:57.443Z,28.15,0,0
perimetro-bodega-01,2026-09-23T22:17:27.096Z,28.58,1,0
perimetro-bodega-01,2026-09-23T22:15:56.761Z,28.48,0,0
perimetro-bodega-01,2026-09-23T22:14:26.431Z,28.21,0,1
perimetro-bodega-01,2026-09-23T22:12:56.1Z,28.36,0,0
perimetro-bodega-01,2026-09-23T22:11:25.758Z,28.41,0,0
perimetro-bodega-01,2026-09-23T22:09:55.425Z,28.5,1,1
perimetro-bodega-01,2026-09-23T22:08:25.087Z,28.38,0,0
perimetro-bodega-01,2026-09-23T22:06:54.804Z,28.33,1,0
perimetro-bodega-01,2026-09-23T22:05:24.458Z,28.69,0,1
perimetro-bodega-01,2026-09-23T22:03:54.099Z,28.33,0,0
perimetro-bodega-01,2026-09-23T22:02:23.749Z,28.43,0,1
perimetro-bodega-01,2026-09-23T22:00:53.385Z,28.46,0,0
perimetro-bodega-01,2026-09-23T21:59:23.044Z,28.3,1,0
perimetro-bodega-01,2026-09-23T21:57:52.67Z,28.7,0,0
perimetro-bodega-01,2026-09-23T21:56:22.312Z,28.58,0,0
perimetro-bodega-01,2026-09-23T21:54:51.936Z,28.48,0,0
perimetro-bodega-01,2026-09-23T21:53:21.56Z,28.75,0,0
perimetro-bodega-01,2026-09-23T21:51:51.305Z,28.56,0,0
perimetro-bodega-01,2026-09-23T21:50:21.036Z,28.6,0,0
perimetro-bodega-01,2026-09-23T21:48:50.687Z,28.94,0,0
perimetro-bodega-01,2026-09-23T21:47:20.278Z,28.6,0,0
perimetro-bodega-01,2026-09-23T21:45:49.913Z,28.65,0,0
perimetro-bodega-01,2026-09-23T21:44:19.56Z,28.92,0,0
perimetro-bodega-01,2026-09-23T21:42:49.221Z,28.88,0,0
perimetro-bodega-01,2026-09-23T21:41:18.851Z,28.46,0,0
perimetro-bodega-01,2026-09-23T21:39:48.488Z,28.6,0,0
perimetro-bodega-01,2026-09-23T21:38:18.161Z,28.78,0,0
perimetro-bodega-01,2026-09-23T21:36:47.822Z,28.99,0,0
perimetro-bodega-01,2026-09-23T21:35:17.455Z,28.93,1,0
perimetro-bodega-01,2026-09-23T21:33:47.088Z,28.89,0,0
perimetro-bodega-01,2026-09-23T21:32:16.696Z,28.77,0,0
perimetro-bodega-01,2026-09-23T21:30:46.332Z,28.68,0,0
perimetro-bodega-01,2026-09-23T21:29:15.905Z,29.04,0,0
perimetro-bodega-01,2026-09-23T21:27:45.546Z,29.09,0,0
perimetro-bodega-01,2026-09-23T21:26:15.214Z,28.89,0,0
perimetro-bodega-01,2026-09-23T21:24:44.809Z,29.13,0,0
perimetro-bodega-01,2026-09-23T21:23:14.418Z,28.71,0,0
perimetro-bodega-01,2026-09-23T21:21:44.065Z,28.75,0,0
perimetro-bodega-01,2026-09-23T21:20:13.718Z,28.78,0,0
perimetro-bodega-01,2026-09-23T21:18:43.387Z,29.1,0,0
perimetro-bodega-01,2026-09-23T21:17:13.041Z,28.88,0,0
perimetro-bodega-01,2026-09-23T21:15:42.725Z,29.21,0,0
perimetro-bodega-01,2026-09-23T21:14:12.415Z,28.8,0,0
perimetro-bodega-01,2026-09-23T21:12:42.032Z,29.18,0,0
perimetro-bodega-01,2026-09-23T21:11:11.686Z,28.8,0,0
perimetro-bodega-01,2026-09-23T21:09:41.339Z,29.23,0,0
perimetro-bodega-01,2026-09-23T21:08:10.998Z,29.14,0,0
perimetro-bodega-01,2026-09-23T21:06:40.634Z,29.13,0,1
perimetro-bodega-01,2026-09-23T21:05:10.204Z,28.86,0,0
perimetro-bodega-01,2026-09-23T21:03:39.839Z,28.76,1,1
perimetro-bodega-01,2026-09-23T21:02:09.48Z,29.31,1,0
perimetro-bodega-01,2026-09-23T21:00:39.117Z,29.31,0,0
perimetro-bodega-01,2026-09-23T20:59:08.742Z,29.36,0,0
perimetro-bodega-01,2026-09-23T20:57:38.369Z,29.14,0,1
perimetro-bodega-01,2026-09-23T20:56:08.011Z,29.38,0,0
perimetro-bodega-01,2026-09-23T20:54:37.587Z,29.24,0,0
perimetro-bodega-01,2026-09-23T20:53:07.165Z,29.38,0,0
perimetro-bodega-01,2026-09-23T20:51:36.812Z,28.85,0,1
perimetro-bodega-01,2026-09-23T20:50:06.438Z,29.38,0,0
perimetro-bodega-01,2026-09-23T20:48:36.091Z,29.1,0,0
perimetro-bodega-01,2026-09-23T20:47:05.771Z,29.19,0,0
perimetro-bodega-01,2026-09-23T20:45:35.44Z,28.87,1,0
perimetro-bodega-01,2026-09-23T20:44:05.125Z,29.05,0,0
perimetro-bodega-01,2026-09-23T20:42:34.655Z,29.19,1,0
perimetro-bodega-01,2026-09-23T20:41:04.295Z,29.11,0,0
perimetro-bodega-01,2026-09-23T20:39:33.916Z,28.9,0,0
perimetro-bodega-01,2026-09-23T20:38:03.614Z,29.4,1,0
perimetro-bodega-01,2026-09-23T20:36:33.292Z,29.22,0,0
perimetro-bodega-01,2026-09-23T20:35:02.923Z,29.13,0,0
perimetro-bodega-01,2026-09-23T20:33:32.564Z,29.08,0,1
perimetro-bodega-01,2026-09-23T20:32:02.235Z,29.03,0,0
perimetro-bodega-01,2026-09-23T20:30:31.883Z,29.05,0,0
perimetro-bodega-01,2026-09-23T20:29:01.525Z,29.19,0,0
perimetro-bodega-01,2026-09-23T20:27:31.194Z,29.2,0,0
perimetro-bodega-01,2026-09-23T20:26:00.851Z,29.32,0,0
perimetro-bodega-01,2026-09-23T20:24:30.466Z,29.3,0,0
perimetro-bodega-01,2026-09-23T20:23:00.097Z,29.38,0,0
perimetro-bodega-01,2026-09-23T20:21:29.677Z,29.23,0,0
perimetro-bodega-01,2026-09-23T20:19:59.347Z,29.16,0,0
perimetro-bodega-01,2026-09-23T20:18:29.006Z,29.36,1,1
perimetro-bodega-01,2026-09-23T20:16:58.655Z,29.13,1,0
perimetro-bodega-01,2026-09-23T20:15:28.301Z,29.51,0,0
perimetro-bodega-01,2026-09-23T20:13:57.983Z,29.13,0,1
perimetro-bodega-01,2026-09-23T20:12:27.644Z,29.52,0,0
perimetro-bodega-01,2026-09-23T20:10:57.33Z,29.18,0,0
perimetro-bodega-01,2026-09-23T20:09:26.903Z,29.33,0,0
perimetro-bodega-01,2026-09-23T20:07:56.501Z,29.1,0,1
perimetro-bodega-01,2026-09-23T20:06:26.104Z,29.35,0,0
perimetro-bodega-01,2026-09-23T20:04:55.786Z,29.6,0,0
perimetro-bodega-01,2026-09-23T20:03:25.367Z,29.25,0,0
perimetro-bodega-01,2026-09-23T20:01:55.101Z,29.23,0,0
perimetro-bodega-01,2026-09-23T20:00:24.741Z,29.3,0,0
perimetro-bodega-01,2026-09-23T19:58:54.369Z,29.42,0,0
perimetro-bodega-01,2026-09-23T19:57:24.018Z,29.24,0,0
perimetro-bodega-01,2026-09-23T19:55:53.638Z,29.7,0,0
perimetro-bodega-01,2026-09-23T19:54:23.259Z,29.37,0,0
perimetro-bodega-01,2026-09-23T19:52:52.917Z,29.15,0,0
perimetro-bodega-01,2026-09-23T19:51:22.505Z,29.22,0,0
perimetro-bodega-01,2026-09-23T19:49:52.116Z,29.48,0,0
perimetro-bodega-01,2026-09-23T19:48:21.76Z,29.52,0,0
perimetro-bodega-01,2026-09-23T19:46:51.405Z,29.47,0,1
perimetro-bodega-01,2026-09-23T19:45:21.093Z,29.51,0,0
perimetro-bodega-01,2026-09-23T19:43:50.714Z,29.44,0,0
perimetro-bodega-01,2026-09-23T19:42:20.333Z,29.68,0,0
perimetro-bodega-01,2026-09-27T22:52:04.691Z,28.11,1,0
perimetro-bodega-01,2026-09-27T22:50:34.288Z,27.95,0,0
perimetro-bodega-01,2026-09-27T22:49:03.939Z,27.77,0,0
perimetro-bodega-01,2026-09-27T22:47:33.589Z,28.3,0,0
perimetro-bodega-01,2026-09-27T22:46:03.235Z,28.3,0,1
perimetro-bodega-01,2026-09-27T22:44:32.892Z,28.04,0,0
perimetro-bodega-01,2026-09-27T22:43:02.599Z,28.32,0,0
perimetro-bodega-01,2026-09-27T22:41:32.263Z,27.85,0,0
perimetro-bodega-01,2026-09-27T22:40:01.949Z,28.09,0,0
perimetro-bodega-01,2026-09-27T22:38:31.602Z,28.01,0,0
perimetro-bodega-01,2026-09-27T22:37:01.267Z,28.24,1,0
perimetro-bodega-01,2026-09-27T22:35:30.9Z,27.89,0,0
perimetro-bodega-01,2026-09-27T22:34:00.538Z,27.92,0,0
perimetro-bodega-01,2026-09-27T22:32:30.197Z,28.14,0,0
perimetro-bodega-01,2026-09-27T22:30:59.845Z,28.44,0,0
perimetro-bodega-01,2026-09-27T22:29:29.482Z,28.2,0,0
perimetro-bodega-01,2026-09-27T22:27:59.114Z,28.06,0,0
perimetro-bodega-01,2026-09-27T22:26:28.855Z,28.15,0,1
perimetro-bodega-01,2026-09-27T22:24:58.575Z,28.06,0,0
perimetro-bodega-01,2026-09-27T22:23:28.269Z,28.3,0,0
perimetro-bodega-01,2026-09-27T22:21:57.897Z,28.24,0,0
perimetro-bodega-01,2026-09-27T22:20:27.564Z,28.53,1,0
perimetro-bodega-01,2026-09-27T22:18:57.206Z,28.62,1,0
perimetro-bodega-01,2026-09-27T22:17:26.83Z,28.64,0,0
perimetro-bodega-01,2026-09-27T22:15:56.468Z,28.61,0,0
perimetro-bodega-01,2026-09-27T22:14:26.099Z,28.57,0,0
perimetro-bodega-01,2026-09-27T22:12:55.783Z,28.38,0,0
perimetro-bodega-01,2026-09-27T22:11:25.419Z,28.34,0,0
perimetro-bodega-01,2026-09-27T22:09:55.038Z,28.3,0,0
perimetro-bodega-01,2026-09-27T22:08:24.69Z,28.48,0,1
perimetro-bodega-01,2026-09-27T22:06:54.421Z,28.52,0,0
perimetro-bodega-01,2026-09-27T22:05:24.09Z,28.2,0,0
perimetro-bodega-01,2026-09-27T22:03:53.68Z,28.62,0,0
perimetro-bodega-01,2026-09-27T22:02:23.312Z,28.5,0,0
perimetro-bodega-01,2026-09-27T22:00:52.951Z,28.84,0,0
perimetro-bodega-01,2026-09-27T21:59:22.588Z,28.32,0,1
perimetro-bodega-01,2026-09-27T21:57:52.265Z,28.41,0,0
perimetro-bodega-01,2026-09-27T21:56:21.949Z,28.44,0,0
perimetro-bodega-01,2026-09-27T21:54:51.572Z,28.49,1,0
perimetro-bodega-01,2026-09-27T21:53:21.245Z,28.54,0,0
perimetro-bodega-01,2026-09-27T21:51:50.897Z,28.52,0,0
perimetro-bodega-01,2026-09-27T21:50:20.553Z,28.91,0,0
perimetro-bodega-01,2026-09-27T21:48:50.242Z,28.52,0,0
perimetro-bodega-01,2026-09-27T21:47:19.876Z,28.66,0,1
perimetro-bodega-01,2026-09-27T21:45:49.529Z,28.66,0,1
perimetro-bodega-01,2026-09-27T21:44:19.199Z,28.9,0,0
perimetro-bodega-01,2026-09-27T21:42:48.834Z,28.86,0,0
perimetro-bodega-01,2026-09-27T21:41:18.482Z,28.89,0,0
perimetro-bodega-01,2026-09-27T21:39:48.123Z,28.65,0,1
perimetro-bodega-01,2026-09-27T21:38:17.759Z,28.48,0,0
perimetro-bodega-01,2026-09-27T21:36:47.423Z,28.72,0,0
perimetro-bodega-01,2026-09-27T21:35:17.043Z,29.04,0,0
perimetro-bodega-01,2026-09-27T21:33:46.712Z,28.75,0,0
perimetro-bodega-01,2026-09-27T21:32:16.329Z,28.67,0,0
perimetro-bodega-01,2026-09-27T21:30:45.954Z,28.83,0,1
perimetro-bodega-01,2026-09-27T21:29:15.569Z,29.11,0,0
perimetro-bodega-01,2026-09-27T21:27:45.305Z,28.58,0,0
perimetro-bodega-01,2026-09-27T21:26:14.968Z,28.56,0,0
perimetro-bodega-01,2026-09-27T21:24:44.604Z,28.8,0,0
perimetro-bodega-01,2026-09-27T21:23:14.229Z,29.1,1,0
perimetro-bodega-01,2026-09-27T21:21:43.851Z,28.75,0,0
perimetro-bodega-01,2026-09-27T21:20:13.5Z,29.2,0,0
perimetro-bodega-01,2026-09-27T21:18:43.182Z,28.65,0,0
perimetro-bodega-01,2026-09-27T21:17:12.794Z,29.04,0,0
perimetro-bodega-01,2026-09-27T21:15:42.461Z,28.76,0,0
perimetro-bodega-01,2026-09-27T21:14:12.101Z,28.81,0,0
perimetro-bodega-01,2026-09-27T21:12:41.751Z,28.92,0,0
perimetro-bodega-01,2026-09-27T21:11:11.352Z,28.89,0,0
perimetro-bodega-01,2026-09-27T21:09:40.988Z,29,0,1
perimetro-bodega-01,2026-09-27T21:08:10.624Z,28.74,0,0
perimetro-bodega-01,2026-09-27T21:06:40.249Z,29.29,1,0
perimetro-bodega-01,2026-09-27T21:05:09.93Z,28.84,0,0
perimetro-bodega-01,2026-09-27T21:03:39.538Z,29.26,0,0
perimetro-bodega-01,2026-09-27T21:02:09.18Z,29.14,0,0
perimetro-bodega-01,2026-09-27T21:00:38.88Z,28.81,0,0
perimetro-bodega-01,2026-09-27T20:59:08.543Z,29.11,0,0
perimetro-bodega-01,2026-09-27T20:57:38.191Z,29.25,0,0
perimetro-bodega-01,2026-09-27T20:56:07.872Z,29.2,0,0
perimetro-bodega-01,2026-09-27T20:54:37.534Z,28.84,0,1
perimetro-bodega-01,2026-09-27T20:53:07.131Z,28.87,0,1
perimetro-bodega-01,2026-09-27T20:51:36.783Z,29.24,0,0
perimetro-bodega-01,2026-09-27T20:50:06.41Z,28.84,0,0
perimetro-bodega-01,2026-09-27T20:48:36.039Z,29.01,0,0
perimetro-bodega-01,2026-09-27T20:47:05.659Z,29.01,0,0
perimetro-bodega-01,2026-09-27T20:45:35.33Z,29.2,0,0
perimetro-bodega-01,2026-09-27T20:44:04.999Z,29.12,0,0
perimetro-bodega-01,2026-09-27T20:42:34.641Z,29.17,0,0
perimetro-bodega-01,2026-09-27T20:41:04.296Z,29.35,1,0
perimetro-bodega-01,2026-09-27T20:39:33.936Z,29.27,0,1
perimetro-bodega-01,2026-09-27T20:38:03.574Z,28.94,0,0
perimetro-bodega-01,2026-09-27T20:36:33.238Z,29.01,0,0
perimetro-bodega-01,2026-09-27T20:35:02.889Z,29.23,0,0
perimetro-bodega-01,2026-09-27T20:33:32.545Z,29.41,0,0
perimetro-bodega-01,2026-09-27T20:32:02.218Z,29.17,0,0
perimetro-bodega-01,2026-09-27T20:30:31.901Z,29.05,0,0
perimetro-bodega-01,2026-09-27T20:29:01.567Z,29.12,0,0
perimetro-bodega-01,2026-09-27T20:27:31.185Z,29.32,0,0
perimetro-bodega-01,2026-09-27T19:52:00.797Z,29.2,0,0
perimetro-bodega-01,2026-09-27T19:50:30.473Z,29.64,0,0
perimetro-bodega-01,2026-09-27T19:49:00.204Z,29.42,0,0
perimetro-bodega-01,2026-09-27T19:47:29.9Z,29.42,0,0
perimetro-bodega-01,2026-09-27T19:45:59.554Z,29.67,0,0
perimetro-bodega-01,2026-09-27T19:44:29.217Z,29.45,0,0
perimetro-bodega-01,2026-09-27T19:42:58.889Z,29.5,0,0
perimetro-bodega-01,2026-09-27T19:41:28.511Z,29.36,0,0
perimetro-bodega-01,2026-09-27T19:39:58.162Z,29.45,0,0
perimetro-bodega-01,2026-09-27T19:38:27.821Z,29.44,0,0
perimetro-bodega-01,2026-09-27T19:36:57.438Z,29.32,1,0
perimetro-bodega-01,2026-09-27T19:35:27.051Z,29.45,0,0
perimetro-bodega-01,2026-09-27T19:33:56.696Z,29.22,0,0
perimetro-bodega-01,2026-09-27T19:32:26.335Z,29.35,1,0
perimetro-bodega-01,2026-09-27T19:30:55.96Z,29.73,1,0
perimetro-bodega-01,2026-09-27T19:29:25.547Z,29.44,0,0
perimetro-bodega-01,2026-09-27T19:27:55.233Z,29.47,0,0
perimetro-bodega-01,2026-09-27T19:26:24.886Z,29.64,0,1
perimetro-bodega-01,2026-09-27T19:24:54.57Z,29.22,0,0
perimetro-bodega-01,2026-09-27T19:23:24.211Z,29.62,0,0
perimetro-bodega-01,2026-09-27T19:21:53.725Z,29.75,0,0
perimetro-bodega-01,2026-09-27T19:20:23.384Z,29.49,0,0
perimetro-bodega-01,2026-09-27T19:18:53.004Z,29.74,0,0
perimetro-bodega-01,2026-09-27T19:17:22.652Z,29.69,0,0
perimetro-bodega-01,2026-09-27T19:15:52.293Z,29.33,0,0
perimetro-bodega-01,2026-09-27T19:14:21.943Z,29.78,0,0
perimetro-bodega-01,2026-09-27T19:12:51.597Z,29.35,0,0
perimetro-bodega-01,2026-09-27T19:11:21.25Z,29.4,0,0
perimetro-bodega-01,2026-09-27T19:09:50.91Z,29.79,0,0
perimetro-bodega-01,2026-09-27T19:08:20.461Z,29.63,0,0
perimetro-bodega-01,2026-09-27T19:06:50.074Z,29.76,0,0
perimetro-bodega-01,2026-09-27T19:05:19.707Z,29.63,0,0
perimetro-bodega-01,2026-09-27T19:03:49.403Z,29.29,0,0
perimetro-bodega-01,2026-09-27T19:02:19.075Z,29.5,0,0
perimetro-bodega-01,2026-09-27T19:00:48.745Z,29.22,0,0
perimetro-bodega-01,2026-09-27T18:59:18.396Z,29.68,0,1
perimetro-bodega-01,2026-09-27T18:57:48.034Z,29.63,0,0
perimetro-bodega-01,2026-09-27T18:56:17.675Z,29.75,0,0
perimetro-bodega-01,2026-09-27T18:54:47.226Z,29.4,0,0
perimetro-bodega-01,2026-09-27T18:53:16.838Z,29.67,0,0
perimetro-bodega-01,2026-09-27T18:51:46.479Z,29.36,0,1
perimetro-bodega-01,2026-09-27T18:50:16.137Z,29.61,0,1
perimetro-bodega-01,2026-09-27T18:48:45.823Z,29.36,0,0
perimetro-bodega-01,2026-09-27T18:47:15.485Z,29.63,0,0
perimetro-bodega-01,2026-09-27T18:45:45.137Z,29.43,0,0
perimetro-bodega-01,2026-09-27T18:44:14.742Z,29.21,0,0
perimetro-bodega-01,2026-09-27T00:53:28.497Z,26.29,0,0
perimetro-bodega-01,2026-09-27T00:51:58.092Z,26.47,0,0
perimetro-bodega-01,2026-09-27T00:50:27.743Z,26.4,0,0
perimetro-bodega-01,2026-09-27T00:48:57.384Z,26.48,0,0
perimetro-bodega-01,2026-09-27T00:47:27.043Z,26.69,0,0
perimetro-bodega-01,2026-09-27T00:45:55.288Z,26.62,0,1
perimetro-bodega-01,2026-09-27T00:44:24.919Z,26.35,1,1
perimetro-bodega-01,2026-09-27T00:42:54.523Z,26.51,0,0
perimetro-bodega-01,2026-09-27T00:41:24.196Z,26.69,0,0
perimetro-bodega-01,2026-09-27T00:39:53.84Z,26.48,0,0
perimetro-bodega-01,2026-09-27T00:38:23.471Z,26.72,0,0
perimetro-bodega-01,2026-09-27T00:36:53.07Z,26.49,0,0
perimetro-bodega-01,2026-09-27T00:35:22.754Z,26.65,0,0
perimetro-bodega-01,2026-09-27T00:33:52.441Z,26.8,0,0
perimetro-bodega-01,2026-09-27T00:32:22.081Z,26.8,0,0
perimetro-bodega-01,2026-09-27T00:30:51.688Z,26.46,0,0
perimetro-bodega-01,2026-09-27T00:29:21.406Z,26.66,0,0
perimetro-bodega-01,2026-09-27T00:27:51.048Z,26.47,0,0
perimetro-bodega-01,2026-09-27T00:26:20.708Z,26.98,0,1
perimetro-bodega-01,2026-09-27T00:24:50.409Z,26.79,0,0
perimetro-bodega-01,2026-09-27T00:23:20.05Z,26.72,0,0
perimetro-bodega-01,2026-09-27T00:21:49.698Z,27.07,0,0
perimetro-bodega-01,2026-09-27T00:20:19.351Z,26.98,0,0
perimetro-bodega-01,2026-09-27T00:18:49.012Z,26.99,0,0
perimetro-bodega-01,2026-09-27T00:17:18.68Z,26.6,0,0
perimetro-bodega-01,2026-09-27T00:15:48.339Z,26.7,0,0
perimetro-bodega-01,2026-09-27T00:14:17.968Z,26.72,0,0
perimetro-bodega-01,2026-09-27T00:12:47.61Z,26.65,0,0
perimetro-bodega-01,2026-09-27T00:11:17.2Z,26.85,0,0
perimetro-bodega-01,2026-09-27T00:09:46.785Z,27.07,0,0
perimetro-bodega-01,2026-09-27T00:08:16.362Z,26.8,0,0
perimetro-bodega-01,2026-09-27T00:06:46.086Z,27.11,0,0
perimetro-bodega-01,2026-09-27T00:05:15.737Z,26.79,0,0
perimetro-bodega-01,2026-09-27T00:03:45.355Z,26.75,1,0
perimetro-bodega-01,2026-09-27T00:02:14.971Z,27.11,1,0
perimetro-bodega-01,2026-09-27T00:00:44.62Z,26.8,0,0
perimetro-bodega-01,2026-09-26T23:59:14.228Z,27.12,0,0
perimetro-bodega-01,2026-09-26T23:57:43.89Z,26.87,0,0
perimetro-bodega-01,2026-09-26T23:56:13.488Z,27.21,0,0
perimetro-bodega-01,2026-09-26T23:54:43.218Z,26.98,0,0
perimetro-bodega-01,2026-09-26T23:53:12.868Z,27.04,0,1
perimetro-bodega-01,2026-09-26T23:51:42.519Z,26.93,0,0
perimetro-bodega-01,2026-09-26T23:50:12.184Z,26.96,0,0
perimetro-bodega-01,2026-09-26T23:48:41.809Z,27.09,0,0
perimetro-bodega-01,2026-09-26T23:47:11.479Z,27.46,0,0
perimetro-bodega-01,2026-09-26T23:45:41.1Z,27.47,0,0
perimetro-bodega-01,2026-09-26T23:44:10.752Z,27.51,0,0
perimetro-bodega-01,2026-09-26T23:42:40.389Z,27.14,0,0
perimetro-bodega-01,2026-09-26T23:41:10.046Z,27.42,0,0
perimetro-bodega-01,2026-09-26T23:39:39.638Z,27.41,0,0
perimetro-bodega-01,2026-09-26T23:38:09.259Z,27.22,0,0
perimetro-bodega-01,2026-09-26T23:36:38.846Z,27.43,0,0
perimetro-bodega-01,2026-09-26T23:35:08.509Z,27.38,0,0
perimetro-bodega-01,2026-09-26T23:33:38.165Z,27.23,0,0
perimetro-bodega-01,2026-09-26T23:32:07.837Z,27.48,0,0
perimetro-bodega-01,2026-09-26T23:30:37.472Z,27.75,0,0
perimetro-bodega-01,2026-09-26T23:29:07.114Z,27.55,0,0
perimetro-bodega-01,2026-09-26T23:27:36.725Z,27.52,1,1
perimetro-bodega-01,2026-09-26T23:26:06.445Z,27.3,0,0
perimetro-bodega-01,2026-09-26T23:24:35.084Z,27.28,0,0
perimetro-bodega-01,2026-09-26T23:23:04.733Z,27.4,0,0
perimetro-bodega-01,2026-09-26T23:21:34.381Z,27.53,1,0
perimetro-bodega-01,2026-09-26T23:20:04.058Z,27.72,0,0
perimetro-bodega-01,2026-09-26T23:18:33.65Z,27.86,0,0
perimetro-bodega-01,2026-09-26T23:17:03.299Z,27.59,1,0
perimetro-bodega-01,2026-09-26T23:15:32.937Z,27.39,1,0
perimetro-bodega-01,2026-09-26T23:14:02.56Z,27.68,1,0
perimetro-bodega-01,2026-09-26T23:12:32.178Z,27.46,0,0
perimetro-bodega-01,2026-09-26T23:11:01.839Z,28.03,0,0
perimetro-bodega-01,2026-09-26T23:09:31.481Z,27.68,0,0
perimetro-bodega-01,2026-09-26T23:08:01.125Z,28.05,0,0
perimetro-bodega-01,2026-09-26T23:06:30.713Z,27.51,0,0
perimetro-bodega-01,2026-09-26T23:05:00.433Z,27.89,0,0
perimetro-bodega-01,2026-09-26T23:03:30.081Z,27.89,0,1
perimetro-bodega-01,2026-09-26T23:01:59.809Z,27.93,0,1
perimetro-bodega-01,2026-09-26T23:00:29.507Z,27.72,1,0
perimetro-bodega-01,2026-09-26T22:58:59.188Z,27.82,0,0
perimetro-bodega-01,2026-09-26T22:57:28.797Z,27.7,0,0
perimetro-bodega-01,2026-09-26T22:21:58.411Z,28.6,0,0
perimetro-bodega-01,2026-09-26T22:20:28.009Z,28.42,0,0
perimetro-bodega-01,2026-09-26T22:18:57.64Z,28.2,0,0
perimetro-bodega-01,2026-09-26T22:17:27.323Z,28.34,1,0
perimetro-bodega-01,2026-09-26T22:15:56.974Z,28.37,0,0
perimetro-bodega-01,2026-09-26T22:14:26.599Z,28.7,0,0
perimetro-bodega-01,2026-09-26T22:12:56.235Z,28.32,0,0
perimetro-bodega-01,2026-09-26T22:11:25.85Z,28.18,0,0
perimetro-bodega-01,2026-09-26T22:09:55.457Z,28.62,0,0
perimetro-bodega-01,2026-09-26T22:08:25.123Z,28.38,0,0
perimetro-bodega-01,2026-09-26T22:06:54.745Z,28.44,0,1
perimetro-bodega-01,2026-09-26T22:05:24.376Z,28.7,0,0
perimetro-bodega-01,2026-09-26T22:03:54.089Z,28.41,0,0
perimetro-bodega-01,2026-09-26T22:02:23.731Z,28.27,0,0
perimetro-bodega-01,2026-09-26T22:00:53.362Z,28.55,0,0
perimetro-bodega-01,2026-09-26T21:59:23.002Z,28.81,0,0
perimetro-bodega-01,2026-09-26T21:57:52.64Z,28.68,0,0
perimetro-bodega-01,2026-09-26T21:56:22.26Z,28.55,0,0
perimetro-bodega-01,2026-09-26T21:54:51.905Z,28.88,0,0
perimetro-bodega-01,2026-09-26T21:53:21.579Z,28.6,0,0
perimetro-bodega-01,2026-09-26T21:51:51.183Z,28.83,0,0
perimetro-bodega-01,2026-09-26T21:50:20.804Z,28.47,0,0
perimetro-bodega-01,2026-09-26T21:48:50.431Z,28.71,0,0
perimetro-bodega-01,2026-09-26T21:47:20.056Z,28.96,0,0
perimetro-bodega-01,2026-09-26T21:45:49.677Z,28.45,1,0
perimetro-bodega-01,2026-09-26T21:44:19.337Z,28.83,0,0
perimetro-bodega-01,2026-09-26T21:42:48.974Z,28.46,1,1
perimetro-bodega-01,2026-09-26T21:41:18.637Z,28.49,0,0
perimetro-bodega-01,2026-09-26T21:39:48.256Z,28.98,0,0
perimetro-bodega-01,2026-09-26T21:38:17.911Z,28.54,0,0
perimetro-bodega-01,2026-09-26T21:36:47.533Z,29.03,0,0
perimetro-bodega-01,2026-09-26T21:35:17.175Z,28.82,0,0
perimetro-bodega-01,2026-09-26T21:33:46.809Z,28.58,1,0
perimetro-bodega-01,2026-09-26T21:32:16.481Z,28.54,0,0
perimetro-bodega-01,2026-09-26T21:30:46.12Z,28.69,0,0
perimetro-bodega-01,2026-09-26T21:29:15.78Z,28.54,0,0
perimetro-bodega-01,2026-09-26T21:27:45.395Z,28.63,0,0
perimetro-bodega-01,2026-09-26T21:26:15.044Z,29.01,0,0
perimetro-bodega-01,2026-09-26T21:24:44.695Z,28.61,0,0
perimetro-bodega-01,2026-09-26T21:23:14.417Z,28.63,0,0
perimetro-bodega-01,2026-09-26T21:21:44.06Z,28.99,0,0
perimetro-bodega-01,2026-09-26T21:20:13.735Z,28.99,0,1
perimetro-bodega-01,2026-09-26T21:18:43.36Z,29.17,0,0
perimetro-bodega-01,2026-09-26T21:17:13.008Z,29.12,0,0
perimetro-bodega-01,2026-09-26T21:15:42.67Z,28.72,0,0
perimetro-bodega-01,2026-09-26T21:14:12.288Z,29.17,0,0
perimetro-bodega-01,2026-09-26T21:12:41.924Z,29.08,0,0
perimetro-bodega-01,2026-09-26T21:11:11.539Z,29.2,0,1
perimetro-bodega-01,2026-09-26T21:09:41.186Z,28.77,0,0
perimetro-bodega-01,2026-09-26T21:08:10.822Z,28.74,0,0
perimetro-bodega-01,2026-09-26T21:06:40.473Z,29.22,0,1
perimetro-bodega-01,2026-09-26T21:05:10.147Z,29.21,0,0
perimetro-bodega-01,2026-09-26T21:03:39.8Z,29.23,0,0
perimetro-bodega-01,2026-09-26T21:02:09.427Z,29.06,0,1
perimetro-bodega-01,2026-09-26T21:00:39.018Z,29.08,0,0
perimetro-bodega-01,2026-09-26T20:59:08.62Z,28.91,0,0
perimetro-bodega-01,2026-09-26T20:57:38.26Z,28.93,0,0
perimetro-bodega-01,2026-09-26T20:56:07.914Z,29.35,0,0
perimetro-bodega-01,2026-09-26T20:54:37.56Z,28.89,0,0
perimetro-bodega-01,2026-09-26T20:53:07.155Z,29.38,0,0
perimetro-bodega-01,2026-09-26T20:51:36.782Z,29.23,0,0
perimetro-bodega-01,2026-09-26T20:50:06.47Z,29.38,0,1
perimetro-bodega-01,2026-09-26T20:48:36.125Z,29.19,0,1
perimetro-bodega-01,2026-09-26T20:47:05.772Z,29.13,0,0
perimetro-bodega-01,2026-09-26T20:45:35.453Z,29.37,0,1
perimetro-bodega-01,2026-09-26T20:44:05.09Z,29.32,0,0
perimetro-bodega-01,2026-09-26T20:42:34.727Z,29.34,0,0
perimetro-bodega-01,2026-09-26T20:41:04.319Z,29.02,0,0
perimetro-bodega-01,2026-09-26T20:39:33.923Z,29.16,0,0
perimetro-bodega-01,2026-09-26T20:38:03.541Z,29.33,0,0
perimetro-bodega-01,2026-09-26T20:36:33.169Z,29.18,0,0
perimetro-bodega-01,2026-09-26T20:35:02.81Z,29.29,0,0
perimetro-bodega-01,2026-09-26T20:33:32.443Z,29.29,1,0
perimetro-bodega-01,2026-09-26T20:32:02.034Z,29.03,1,0
perimetro-bodega-01,2026-09-26T20:30:31.713Z,28.99,1,0
perimetro-bodega-01,2026-09-26T20:29:01.379Z,29.04,0,1
perimetro-bodega-01,2026-09-26T20:27:31.087Z,29.32,0,0
perimetro-bodega-01,2026-09-26T20:26:00.676Z,29.4,0,1
perimetro-bodega-01,2026-09-26T20:24:30.349Z,29.1,0,0
perimetro-bodega-01,2026-09-26T20:22:59.973Z,29.14,0,0
perimetro-bodega-01,2026-09-26T20:21:29.614Z,29.5,0,1
perimetro-bodega-01,2026-09-26T20:19:59.268Z,29.08,0,0
perimetro-bodega-01,2026-09-26T20:18:28.908Z,29.39,0,0
perimetro-bodega-01,2026-09-26T20:16:58.628Z,29.23,0,0
perimetro-bodega-01,2026-09-26T20:15:28.289Z,29.07,0,0
perimetro-bodega-01,2026-09-26T20:13:57.894Z,29.29,0,0
perimetro-bodega-01,2026-09-26T20:12:27.549Z,29.55,0,0
perimetro-bodega-01,2026-09-26T20:10:57.184Z,29.09,0,0
perimetro-bodega-01,2026-09-26T20:09:26.815Z,29.32,0,0
perimetro-bodega-01,2026-09-26T20:07:56.445Z,29.15,0,0
perimetro-bodega-01,2026-09-26T20:06:26.083Z,29.47,0,0
perimetro-bodega-01,2026-09-26T20:04:55.736Z,29.55,0,0
perimetro-bodega-01,2026-09-26T20:03:25.445Z,29.32,0,0
perimetro-bodega-01,2026-09-26T20:01:55.108Z,29.43,0,0
perimetro-bodega-01,2026-09-26T20:00:24.692Z,29.44,0,0
perimetro-bodega-01,2026-09-26T19:58:54.349Z,29.39,0,1
perimetro-bodega-01,2026-09-26T19:57:23.98Z,29.37,0,0
perimetro-bodega-01,2026-09-26T19:55:53.631Z,29.36,0,0
perimetro-bodega-01,2026-09-26T19:54:23.256Z,29.64,0,0
perimetro-bodega-01,2026-09-26T19:52:52.879Z,29.19,0,0
perimetro-bodega-01,2026-09-26T19:51:22.527Z,29.49,0,0
perimetro-bodega-01,2026-09-26T19:49:52.162Z,29.62,0,0
perimetro-bodega-01,2026-09-26T19:48:21.828Z,29.56,0,1
perimetro-bodega-01,2026-09-26T19:46:51.483Z,29.57,0,1
perimetro-bodega-01,2026-09-26T19:45:21.133Z,29.63,0,0
perimetro-bodega-01,2026-09-26T19:43:50.82Z,29.39,0,1
perimetro-bodega-01,2026-09-26T19:42:20.488Z,29.23,0,0
perimetro-bodega-01,2026-09-26T19:40:50.068Z,29.36,0,0
perimetro-bodega-01,2026-09-26T19:39:19.679Z,29.52,0,0
perimetro-bodega-01,2026-09-26T19:37:49.298Z,29.56,0,0
perimetro-bodega-01,2026-09-26T19:36:18.923Z,29.29,0,0
perimetro-bodega-01,2026-09-26T19:34:48.56Z,29.57,0,0
perimetro-bodega-01,2026-09-26T19:33:18.158Z,29.41,0,0
perimetro-bodega-01,2026-09-26T19:31:47.875Z,29.51,0,0
perimetro-bodega-01,2026-09-26T19:30:17.533Z,29.74,0,0
perimetro-bodega-01,2026-09-26T19:28:47.155Z,29.47,0,0
perimetro-bodega-01,2026-09-26T19:27:16.783Z,29.24,0,0
perimetro-bodega-01,2026-09-26T19:25:46.438Z,29.39,0,1
perimetro-bodega-01,2026-09-26T19:24:16.072Z,29.25,0,0
perimetro-bodega-01,2026-09-26T19:22:45.71Z,29.54,0,0
perimetro-bodega-01,2026-09-26T18:46:45.308Z,29.69,0,0
perimetro-bodega-01,2026-09-26T18:45:14.966Z,29.68,0,0
perimetro-bodega-01,2026-09-26T18:43:44.636Z,29.47,1,0
perimetro-bodega-01,2026-09-26T18:42:14.236Z,29.52,0,0
perimetro-bodega-01,2026-09-26T18:40:43.902Z,29.45,0,0
perimetro-bodega-01,2026-09-26T18:39:13.539Z,29.41,0,0
perimetro-bodega-01,2026-09-26T18:37:43.186Z,29.69,0,0
perimetro-bodega-01,2026-09-26T18:36:12.807Z,29.5,0,0
perimetro-bodega-01,2026-09-26T18:34:42.459Z,29.61,0,0
perimetro-bodega-01,2026-09-26T18:33:12.088Z,29.43,0,0
perimetro-bodega-01,2026-09-26T18:31:41.695Z,29.56,1,0
perimetro-bodega-01,2026-09-26T18:30:11.395Z,29.52,0,0
perimetro-bodega-01,2026-09-26T18:28:41.012Z,29.24,0,0
perimetro-bodega-01,2026-09-26T18:27:10.654Z,29.49,0,0
perimetro-bodega-01,2026-09-26T18:25:40.301Z,29.36,0,0
perimetro-bodega-01,2026-09-26T18:24:09.968Z,29.63,0,0
perimetro-bodega-01,2026-09-26T18:22:39.619Z,29.3,0,0
perimetro-bodega-01,2026-09-26T18:21:09.242Z,29.21,0,0
perimetro-bodega-01,2026-09-26T18:19:38.91Z,29.71,0,0
perimetro-bodega-01,2026-09-26T18:18:08.561Z,29.28,0,0
perimetro-bodega-01,2026-09-23T19:06:49.964Z,29.65,0,0
perimetro-bodega-01,2026-09-23T19:05:19.616Z,29.54,0,0
perimetro-bodega-01,2026-09-23T19:03:49.257Z,29.71,1,0
perimetro-bodega-01,2026-09-23T19:02:18.892Z,29.62,0,0
perimetro-bodega-01,2026-09-23T19:00:48.543Z,29.39,0,1
perimetro-bodega-01,2026-09-23T18:59:18.149Z,29.73,0,0
perimetro-bodega-01,2026-09-23T18:57:47.802Z,29.79,0,0
perimetro-bodega-01,2026-09-23T18:56:17.415Z,29.25,0,0
perimetro-bodega-01,2026-09-23T18:54:47.007Z,29.68,0,1
perimetro-bodega-01,2026-09-23T18:53:16.62Z,29.27,0,0
perimetro-bodega-01,2026-09-23T18:51:46.276Z,29.74,0,0
perimetro-bodega-01,2026-09-23T18:50:15.92Z,29.28,0,0
perimetro-bodega-01,2026-09-23T18:48:45.522Z,29.41,0,0
perimetro-bodega-01,2026-09-23T18:47:15.13Z,29.29,0,0
perimetro-bodega-01,2026-09-23T18:45:44.766Z,29.61,0,0
perimetro-bodega-01,2026-09-23T18:44:14.408Z,29.76,0,0
perimetro-bodega-01,2026-09-23T18:42:44.051Z,29.72,0,0
perimetro-bodega-01,2026-09-23T18:41:13.689Z,29.24,1,0
perimetro-bodega-01,2026-09-23T18:39:43.335Z,29.31,0,0
perimetro-bodega-01,2026-09-23T18:38:13.007Z,29.23,0,0
perimetro-bodega-01,2026-09-23T18:36:42.662Z,29.63,0,0
perimetro-bodega-01,2026-09-23T18:35:12.255Z,29.4,0,1
perimetro-bodega-01,2026-09-23T18:33:41.899Z,29.29,0,0
perimetro-bodega-01,2026-09-23T18:32:11.571Z,29.47,0,0
perimetro-bodega-01,2026-09-23T18:30:41.209Z,29.63,0,0
perimetro-bodega-01,2026-09-23T18:29:10.848Z,29.45,0,0
perimetro-bodega-01,2026-09-23T18:27:40.491Z,29.2,0,0
perimetro-bodega-01,2026-09-23T18:26:10.16Z,29.25,0,0
perimetro-bodega-01,2026-09-23T18:24:39.788Z,29.69,0,1
perimetro-bodega-01,2026-09-23T18:23:09.489Z,29.75,0,0
perimetro-bodega-01,2026-09-23T18:21:39.138Z,29.72,0,0
perimetro-bodega-01,2026-09-23T18:20:08.794Z,29.44,0,0
perimetro-bodega-01,2026-09-23T18:18:38.456Z,29.4,0,0
perimetro-bodega-01,2026-09-23T18:17:08.116Z,29.21,0,1
perimetro-bodega-01,2026-09-23T18:15:37.787Z,29.38,0,0
perimetro-bodega-01,2026-09-23T18:14:07.45Z,29.61,0,0
perimetro-bodega-01,2026-09-23T18:12:37.079Z,29.39,0,0
perimetro-bodega-01,2026-09-23T18:11:06.706Z,29.61,0,0
perimetro-bodega-01,2026-09-23T18:09:36.397Z,29.51,0,0
perimetro-bodega-01,2026-09-23T18:08:06.027Z,29.37,0,0
perimetro-bodega-01,2026-09-23T18:06:35.708Z,29.31,0,0
perimetro-bodega-01,2026-09-23T18:05:05.402Z,29.62,0,0
perimetro-bodega-01,2026-09-23T18:03:34.972Z,29.28,1,0
perimetro-bodega-01,2026-09-23T18:02:04.588Z,29.62,0,0
perimetro-bodega-01,2026-09-23T18:00:34.22Z,29.19,0,0
perimetro-bodega-01,2026-09-23T17:59:03.811Z,29.12,0,0
perimetro-bodega-01,2026-09-23T17:57:33.5Z,29.32,0,0
perimetro-bodega-01,2026-09-23T17:56:03.138Z,29.65,0,0
perimetro-bodega-01,2026-09-23T17:54:32.825Z,29.47,0,0
perimetro-bodega-01,2026-09-23T17:53:02.468Z,29.11,0,0
perimetro-bodega-01,2026-09-23T17:51:32.198Z,29.23,0,0
perimetro-bodega-01,2026-09-23T17:50:01.876Z,29.34,0,0
perimetro-bodega-01,2026-09-23T17:48:31.538Z,29.27,0,0
perimetro-bodega-01,2026-09-23T17:47:01.145Z,29.17,0,0
perimetro-bodega-01,2026-09-23T17:45:30.815Z,29.24,0,0
perimetro-bodega-01,2026-09-23T17:44:00.465Z,29.12,0,0
perimetro-bodega-01,2026-09-23T17:42:30.153Z,29.3,0,0
perimetro-bodega-01,2026-09-23T17:40:59.764Z,29.27,0,0
perimetro-bodega-01,2026-09-23T17:39:29.355Z,29.33,0,0
perimetro-bodega-01,2026-09-23T17:37:58.999Z,29.43,0,0
perimetro-bodega-01,2026-09-23T17:36:28.643Z,29.47,0,0
perimetro-bodega-01,2026-09-23T17:34:58.3Z,29.39,0,1
perimetro-bodega-01,2026-09-23T17:33:27.942Z,29.2,0,0
perimetro-bodega-01,2026-09-23T17:31:57.584Z,29.21,0,0
perimetro-bodega-01,2026-09-23T17:30:27.21Z,29,0,0
perimetro-bodega-01,2026-09-23T17:28:56.862Z,29.05,0,0
perimetro-bodega-01,2026-09-23T17:27:26.523Z,29.36,1,0
perimetro-bodega-01,2026-09-23T17:25:56.116Z,29.23,1,0
perimetro-bodega-01,2026-09-23T17:24:25.74Z,29.01,0,0
perimetro-bodega-01,2026-09-23T17:22:55.402Z,29.3,0,0
perimetro-bodega-01,2026-09-23T17:21:25.01Z,29.03,0,0
perimetro-bodega-01,2026-09-23T17:19:54.614Z,29.37,0,0
perimetro-bodega-01,2026-09-23T17:18:24.266Z,28.95,0,1
perimetro-bodega-01,2026-09-23T17:16:53.914Z,29.3,1,0
perimetro-bodega-01,2026-09-23T17:15:23.53Z,29.24,0,0
perimetro-bodega-01,2026-09-23T17:13:53.173Z,29.31,0,1
perimetro-bodega-01,2026-09-23T17:12:22.768Z,29.41,0,0
perimetro-bodega-01,2026-09-23T17:10:52.392Z,29.32,0,0
perimetro-bodega-01,2026-09-23T17:09:22.045Z,29.22,0,0
perimetro-bodega-01,2026-09-23T17:07:51.655Z,29.23,0,0
perimetro-bodega-01,2026-09-23T17:06:21.197Z,29.24,0,0
perimetro-bodega-01,2026-09-23T17:04:50.863Z,28.94,0,0
perimetro-bodega-01,2026-09-23T17:03:20.505Z,29.21,0,0
perimetro-bodega-01,2026-09-23T17:01:50.108Z,29.04,0,0
perimetro-bodega-01,2026-09-23T17:00:19.71Z,28.94,0,0
perimetro-bodega-01,2026-09-23T16:58:49.282Z,29.04,0,0
perimetro-bodega-01,2026-09-23T16:57:18.92Z,29.1,0,0
perimetro-bodega-01,2026-09-23T16:55:48.559Z,28.99,0,0
perimetro-bodega-01,2026-09-23T16:54:18.166Z,28.75,0,0
perimetro-bodega-01,2026-09-23T16:52:47.789Z,29.09,0,0
perimetro-bodega-01,2026-09-23T16:51:17.384Z,28.95,0,0
perimetro-bodega-01,2026-09-23T16:49:47.031Z,28.86,0,0
perimetro-bodega-01,2026-09-23T16:48:16.634Z,28.98,0,0
perimetro-bodega-01,2026-09-23T16:46:46.278Z,29.09,0,0
perimetro-bodega-01,2026-09-23T16:45:15.95Z,28.76,0,0
perimetro-bodega-01,2026-09-23T16:43:45.604Z,29.21,0,1
perimetro-bodega-01,2026-09-23T16:42:15.333Z,28.69,1,0
perimetro-bodega-01,2026-09-23T16:40:44.968Z,28.81,0,0
perimetro-bodega-01,2026-09-23T16:39:14.587Z,29.02,0,0
perimetro-bodega-01,2026-09-23T16:37:44.214Z,29.14,1,0
perimetro-bodega-01,2026-09-23T16:36:13.837Z,28.61,0,0
perimetro-bodega-01,2026-09-23T16:34:43.553Z,28.78,0,0
perimetro-bodega-01,2026-09-23T16:33:13.178Z,29.13,0,0
perimetro-bodega-01,2026-09-23T16:31:42.827Z,28.99,0,0
perimetro-bodega-01,2026-09-23T16:30:12.467Z,28.67,0,0
perimetro-bodega-01,2026-09-23T16:28:42.092Z,28.84,0,0
perimetro-bodega-01,2026-09-23T16:27:11.725Z,28.73,,
perimetro-bodega-01,2026-09-23T16:25:41.383Z,29.05,,
perimetro-bodega-01,2026-09-23T16:25:19.795Z,28.55,,
perimetro-bodega-01,2026-09-23T16:23:33.025Z,28.53,,
perimetro-bodega-01,2026-09-26T18:16:38.223Z,29.74,0,0
perimetro-bodega-01,2026-09-26T18:15:07.869Z,29.57,0,0
perimetro-bodega-01,2026-09-26T18:13:37.54Z,29.31,0,1
perimetro-bodega-01,2026-09-26T18:12:07.152Z,29.6,0,0
perimetro-bodega-01,2026-09-26T18:10:36.798Z,29.23,0,0
perimetro-bodega-01,2026-09-26T18:09:06.328Z,29.15,0,0
perimetro-bodega-01,2026-09-26T18:07:35.96Z,29.65,0,0
perimetro-bodega-01,2026-09-26T18:06:05.582Z,29.37,0,0
perimetro-bodega-01,2026-09-26T18:04:35.257Z,29.54,0,0
perimetro-bodega-01,2026-09-26T18:03:04.892Z,29.17,0,0
perimetro-bodega-01,2026-09-26T18:01:34.527Z,29.22,0,0
perimetro-bodega-01,2026-09-26T18:00:04.148Z,29.3,0,0
perimetro-bodega-01,2026-09-26T17:58:33.811Z,29.64,0,1
perimetro-bodega-01,2026-09-26T17:57:03.388Z,29.31,0,0
perimetro-bodega-01,2026-09-26T17:55:33.036Z,29.13,0,0
perimetro-bodega-01,2026-09-26T17:54:02.643Z,29.09,0,0
perimetro-bodega-01,2026-09-26T17:52:32.282Z,29.64,0,0
perimetro-bodega-01,2026-09-26T17:51:01.904Z,29.62,0,0
perimetro-bodega-01,2026-09-26T17:49:31.539Z,29.13,0,0
perimetro-bodega-01,2026-09-26T17:48:01.16Z,29.52,0,0
perimetro-bodega-01,2026-09-26T17:46:30.85Z,29.62,0,0
perimetro-bodega-01,2026-09-26T17:45:00.474Z,29.31,1,1
perimetro-bodega-01,2026-09-26T17:43:30.098Z,29.41,0,0
perimetro-bodega-01,2026-09-26T17:41:59.761Z,29.17,0,0
perimetro-bodega-01,2026-09-26T17:40:29.376Z,29.07,0,0
perimetro-bodega-01,2026-09-26T17:38:59.028Z,29.35,0,0
perimetro-bodega-01,2026-09-26T17:37:28.653Z,29.37,0,0
perimetro-bodega-01,2026-09-26T17:35:58.301Z,29.2,0,0
perimetro-bodega-01,2026-09-26T17:34:27.937Z,29.51,0,0
perimetro-bodega-01,2026-09-26T17:32:57.654Z,29.3,0,1
perimetro-bodega-01,2026-09-26T17:31:27.291Z,29.08,0,0
perimetro-bodega-01,2026-09-26T17:29:56.923Z,29.02,1,0
perimetro-bodega-01,2026-09-26T17:28:26.614Z,29.4,0,0
perimetro-bodega-01,2026-09-26T17:26:56.255Z,29.03,0,0
perimetro-bodega-01,2026-09-26T17:25:25.899Z,28.99,0,0
perimetro-bodega-01,2026-09-26T17:23:55.578Z,29.01,0,0
perimetro-bodega-01,2026-09-26T17:22:25.205Z,28.93,0,0
perimetro-bodega-01,2026-09-26T17:20:54.893Z,29.47,1,0
perimetro-bodega-01,2026-09-26T17:19:24.517Z,29.08,0,0
perimetro-bodega-01,2026-09-26T17:17:54.14Z,29.35,0,0
perimetro-bodega-01,2026-09-26T17:16:23.769Z,28.92,1,0
perimetro-bodega-01,2026-09-26T17:14:53.431Z,29.05,0,0
perimetro-bodega-01,2026-09-26T17:13:23.091Z,29.27,0,0
perimetro-bodega-01,2026-09-26T17:11:52.714Z,29.3,0,0
perimetro-bodega-01,2026-09-26T17:10:22.352Z,28.87,0,0
perimetro-bodega-01,2026-09-26T17:08:51.971Z,29.35,0,0
perimetro-bodega-01,2026-09-26T17:07:21.645Z,28.96,0,0
perimetro-bodega-01,2026-09-26T17:05:51.264Z,29.07,0,0
perimetro-bodega-01,2026-09-26T17:04:20.916Z,28.86,0,0
perimetro-bodega-01,2026-09-26T17:02:50.553Z,29.3,0,0
perimetro-bodega-01,2026-09-26T17:01:20.261Z,29.22,0,0
perimetro-bodega-01,2026-09-26T16:59:49.893Z,29.08,0,1
perimetro-bodega-01,2026-09-26T16:58:19.518Z,29.05,0,0
perimetro-bodega-01,2026-09-26T16:56:49.182Z,28.85,0,0
perimetro-bodega-01,2026-09-26T16:55:18.856Z,29.05,0,0
perimetro-bodega-01,2026-09-26T16:53:48.511Z,28.79,0,0
perimetro-bodega-01,2026-09-26T16:52:18.121Z,29.21,0,0
perimetro-bodega-01,2026-09-26T16:50:47.727Z,28.79,0,0
perimetro-bodega-01,2026-09-26T16:49:17.375Z,28.96,0,0
perimetro-bodega-01,2026-09-26T16:47:47.015Z,28.79,0,0
perimetro-bodega-01,2026-09-26T16:46:16.626Z,28.87,0,0
perimetro-bodega-01,2026-09-26T16:44:46.328Z,29.11,0,0
perimetro-bodega-01,2026-09-26T16:43:16.002Z,28.75,0,1
perimetro-bodega-01,2026-09-26T16:41:45.716Z,29.03,0,0
perimetro-bodega-01,2026-09-26T16:40:15.35Z,28.82,0,1
perimetro-bodega-01,2026-09-26T16:38:44.975Z,28.88,0,0
perimetro-bodega-01,2026-09-26T16:37:14.654Z,28.81,0,0
perimetro-bodega-01,2026-09-26T16:35:44.293Z,28.74,0,0
perimetro-bodega-01,2026-09-26T16:34:13.899Z,29.11,0,0
perimetro-bodega-01,2026-09-26T16:32:43.559Z,28.99,0,0
perimetro-bodega-01,2026-09-26T16:31:13.199Z,28.94,0,0
perimetro-bodega-01,2026-09-26T16:29:42.839Z,28.93,0,0
perimetro-bodega-01,2026-09-26T16:28:12.485Z,28.61,0,0
perimetro-bodega-01,2026-09-26T16:26:42.109Z,28.5,0,0
perimetro-bodega-01,2026-09-26T16:25:11.725Z,28.81,0,0
perimetro-bodega-01,2026-09-26T16:23:41.407Z,28.72,0,0
perimetro-bodega-01,2026-09-26T16:22:11.056Z,28.87,0,0
perimetro-bodega-01,2026-09-26T16:20:40.721Z,28.52,0,1
perimetro-bodega-01,2026-09-26T16:19:10.364Z,28.94,0,0
perimetro-bodega-01,2026-09-26T16:17:40.08Z,28.89,0,0
perimetro-bodega-01,2026-09-26T16:16:09.697Z,28.56,0,0
perimetro-bodega-01,2026-09-26T16:14:39.421Z,28.94,1,0
perimetro-bodega-01,2026-09-26T16:13:09.079Z,28.53,0,0
perimetro-bodega-01,2026-09-26T16:11:38.701Z,28.45,0,0
perimetro-bodega-01,2026-09-26T16:10:08.347Z,28.47,0,0
perimetro-bodega-01,2026-09-26T16:08:37.998Z,28.72,0,0
perimetro-bodega-01,2026-09-26T16:07:07.66Z,28.67,0,0
perimetro-bodega-01,2026-09-26T16:05:37.277Z,28.68,0,0
perimetro-bodega-01,2026-09-26T16:04:06.894Z,28.57,0,1
perimetro-bodega-01,2026-09-26T16:02:36.569Z,28.68,0,0
perimetro-bodega-01,2026-09-26T16:01:06.187Z,28.46,0,0
perimetro-bodega-01,2026-09-26T15:59:35.873Z,28.61,0,1
perimetro-bodega-01,2026-09-26T15:58:05.494Z,28.24,0,1
perimetro-bodega-01,2026-09-26T15:56:35.139Z,28.77,0,0
perimetro-bodega-01,2026-09-26T15:55:04.835Z,28.43,0,0
perimetro-bodega-01,2026-09-26T15:53:34.489Z,28.45,0,0
perimetro-bodega-01,2026-09-26T15:52:04.098Z,28.55,0,0
perimetro-bodega-01,2026-09-26T15:50:33.757Z,28.36,0,0
perimetro-bodega-01,2026-09-26T15:49:03.415Z,28.17,0,1
perimetro-bodega-01,2026-09-26T15:47:33.07Z,28.37,0,0
perimetro-bodega-01,2026-09-26T15:11:32.582Z,28.29,0,1
perimetro-bodega-01,2026-09-26T15:10:02.205Z,28.17,0,0
perimetro-bodega-01,2026-09-26T15:08:31.854Z,28.03,0,0
perimetro-bodega-01,2026-09-26T15:07:01.526Z,28.11,0,0
perimetro-bodega-01,2026-09-26T15:05:31.17Z,28.01,0,0
perimetro-bodega-01,2026-09-26T15:04:00.805Z,27.88,0,0
perimetro-bodega-01,2026-09-26T15:02:30.448Z,28.04,0,0
perimetro-bodega-01,2026-09-26T15:01:00.093Z,28.04,0,0
perimetro-bodega-01,2026-09-26T14:59:29.751Z,27.6,0,0
perimetro-bodega-01,2026-09-26T14:57:59.38Z,27.7,0,0
perimetro-bodega-01,2026-09-26T14:56:29.022Z,28.07,0,0
perimetro-bodega-01,2026-09-26T14:54:58.679Z,27.76,0,0
perimetro-bodega-01,2026-09-26T14:53:28.283Z,27.71,1,0
perimetro-bodega-01,2026-09-26T14:51:57.997Z,27.53,0,0
perimetro-bodega-01,2026-09-26T14:50:27.717Z,27.67,0,0
perimetro-bodega-01,2026-09-26T14:48:57.303Z,27.63,0,0
perimetro-bodega-01,2026-09-26T14:47:26.91Z,27.62,0,1
perimetro-bodega-01,2026-09-26T14:45:56.558Z,27.83,0,0
perimetro-bodega-01,2026-09-26T14:44:26.259Z,27.73,1,1
perimetro-bodega-01,2026-09-26T14:42:55.86Z,27.76,0,0
perimetro-bodega-01,2026-09-26T14:41:25.42Z,27.83,0,0
perimetro-bodega-01,2026-09-26T14:39:55.043Z,27.44,0,0
perimetro-bodega-01,2026-09-26T14:38:24.634Z,27.81,0,0
perimetro-bodega-01,2026-09-26T14:36:54.313Z,27.38,0,0
perimetro-bodega-01,2026-09-26T14:35:23.955Z,27.32,0,0
perimetro-bodega-01,2026-09-26T14:33:53.588Z,27.36,0,0
perimetro-bodega-01,2026-09-26T14:32:23.189Z,27.65,1,1
perimetro-bodega-01,2026-09-26T14:30:52.783Z,27.56,0,0
perimetro-bodega-01,2026-09-26T14:29:22.45Z,27.32,0,0
perimetro-bodega-01,2026-09-26T14:27:52.066Z,27.2,0,1
perimetro-bodega-01,2026-09-26T14:26:21.64Z,27.49,0,0
perimetro-bodega-01,2026-09-26T14:24:51.271Z,27.56,0,0
perimetro-bodega-01,2026-09-26T14:23:20.911Z,27.17,0,0
perimetro-bodega-01,2026-09-26T14:21:50.532Z,27.37,0,0
perimetro-bodega-01,2026-09-26T14:20:20.189Z,27.62,0,0
perimetro-bodega-01,2026-09-26T14:18:49.852Z,27.34,0,0
perimetro-bodega-01,2026-09-26T14:17:19.565Z,27.55,0,0
perimetro-bodega-01,2026-09-26T14:15:49.233Z,26.99,0,0
perimetro-bodega-01,2026-09-26T14:14:18.911Z,27.21,0,0
perimetro-bodega-01,2026-09-26T14:12:48.597Z,27.15,0,0
perimetro-bodega-01,2026-09-26T14:11:18.244Z,27.39,0,0
perimetro-bodega-01,2026-09-26T14:09:47.866Z,27.06,0,0
perimetro-bodega-01,2026-09-26T14:08:17.568Z,27.02,0,0
perimetro-bodega-01,2026-09-26T14:06:47.288Z,26.94,0,0
perimetro-bodega-01,2026-09-26T14:05:16.904Z,27.38,0,0
perimetro-bodega-01,2026-09-26T14:03:46.584Z,27.04,0,0
perimetro-bodega-01,2026-09-26T14:02:16.258Z,27.07,0,0
perimetro-bodega-01,2026-09-26T14:00:45.892Z,26.95,1,0
perimetro-bodega-01,2026-09-26T13:59:15.548Z,27.28,0,0
perimetro-bodega-01,2026-09-26T13:57:45.21Z,27.27,0,0
perimetro-bodega-01,2026-09-26T13:56:14.857Z,27.33,0,0
perimetro-bodega-01,2026-09-26T13:54:44.481Z,27.22,0,0
perimetro-bodega-01,2026-09-26T13:53:14.098Z,27.16,1,0
perimetro-bodega-01,2026-09-26T13:51:43.756Z,26.69,0,0
perimetro-bodega-01,2026-09-26T13:50:13.425Z,27.11,0,0
perimetro-bodega-01,2026-09-26T13:48:43.058Z,27.19,0,0
perimetro-bodega-01,2026-09-26T13:47:12.697Z,27.2,0,0
perimetro-bodega-01,2026-09-26T13:45:42.35Z,26.73,1,0
perimetro-bodega-01,2026-09-26T13:44:12.023Z,26.6,0,1
perimetro-bodega-01,2026-09-24T19:41:46.095Z,29.55,0,0
perimetro-bodega-01,2026-09-24T19:40:15.726Z,29.7,0,1
perimetro-bodega-01,2026-09-24T19:38:45.395Z,29.17,0,0
perimetro-bodega-01,2026-09-24T19:37:15.031Z,29.64,0,0
perimetro-bodega-01,2026-09-24T19:35:44.731Z,29.62,0,0
perimetro-bodega-01,2026-09-24T19:34:14.363Z,29.28,0,0
perimetro-bodega-01,2026-09-24T19:32:43.92Z,29.76,0,0
perimetro-bodega-01,2026-09-24T19:31:13.596Z,29.53,0,0
perimetro-bodega-01,2026-09-24T19:29:43.28Z,29.35,1,0
perimetro-bodega-01,2026-09-24T19:28:12.918Z,29.56,0,0
perimetro-bodega-01,2026-09-24T19:26:42.536Z,29.53,0,0
perimetro-bodega-01,2026-09-24T19:25:12.194Z,29.48,0,0
perimetro-bodega-01,2026-09-24T19:23:41.831Z,29.44,0,0
perimetro-bodega-01,2026-09-24T19:22:11.454Z,29.78,0,1
perimetro-bodega-01,2026-09-24T19:20:41.084Z,29.2,0,0
perimetro-bodega-01,2026-09-24T19:19:10.692Z,29.68,0,0
perimetro-bodega-01,2026-09-24T19:17:40.366Z,29.34,0,0
perimetro-bodega-01,2026-09-24T19:16:09.99Z,29.34,1,0
perimetro-bodega-01,2026-09-24T19:14:39.659Z,29.39,0,0
perimetro-bodega-01,2026-09-24T19:13:09.281Z,29.76,0,0
perimetro-bodega-01,2026-09-24T19:11:38.892Z,29.73,0,0
perimetro-bodega-01,2026-09-24T19:10:08.513Z,29.37,0,0
perimetro-bodega-01,2026-09-24T19:08:38.171Z,29.23,0,0
perimetro-bodega-01,2026-09-24T19:07:07.806Z,29.44,0,0
perimetro-bodega-01,2026-09-24T19:05:37.481Z,29.62,0,0
perimetro-bodega-01,2026-09-24T19:04:07.122Z,29.32,0,0
perimetro-bodega-01,2026-09-24T19:02:36.797Z,29.69,0,0
perimetro-bodega-01,2026-09-24T19:01:06.499Z,29.54,0,0
perimetro-bodega-01,2026-09-24T18:59:36.125Z,29.7,0,0
perimetro-bodega-01,2026-09-24T18:58:05.752Z,29.29,0,0
perimetro-bodega-01,2026-09-24T18:56:35.37Z,29.58,0,0
perimetro-bodega-01,2026-09-24T18:55:04.997Z,29.64,0,0
perimetro-bodega-01,2026-09-24T18:53:34.646Z,29.21,0,0
perimetro-bodega-01,2026-09-24T18:52:04.204Z,29.53,0,0
perimetro-bodega-01,2026-09-24T18:50:33.811Z,29.28,0,0
perimetro-bodega-01,2026-09-24T18:49:03.501Z,29.5,0,0
perimetro-bodega-01,2026-09-24T18:47:33.204Z,29.22,0,0
perimetro-bodega-01,2026-09-24T18:46:02.904Z,29.75,0,0
perimetro-bodega-01,2026-09-24T18:44:32.515Z,29.21,0,0
perimetro-bodega-01,2026-09-24T18:43:02.145Z,29.62,0,0
perimetro-bodega-01,2026-09-24T18:41:31.786Z,29.56,0,0
perimetro-bodega-01,2026-09-24T18:40:01.395Z,29.6,0,0
perimetro-bodega-01,2026-09-24T18:38:31.025Z,29.21,0,0
perimetro-bodega-01,2026-09-24T18:37:00.679Z,29.7,0,0
perimetro-bodega-01,2026-09-24T18:35:30.295Z,29.61,0,0
perimetro-bodega-01,2026-09-24T18:33:59.919Z,29.64,0,0
perimetro-bodega-01,2026-09-24T18:32:29.552Z,29.75,0,0
perimetro-bodega-01,2026-09-24T18:30:59.142Z,29.63,1,0
perimetro-bodega-01,2026-09-24T18:29:28.794Z,29.25,0,0
perimetro-bodega-01,2026-09-24T18:27:58.417Z,29.25,0,0
perimetro-bodega-01,2026-09-24T18:26:28.041Z,29.62,0,0
perimetro-bodega-01,2026-09-24T18:24:57.69Z,29.59,0,0
perimetro-bodega-01,2026-09-24T18:23:27.372Z,29.25,0,0
perimetro-bodega-01,2026-09-24T18:21:57.024Z,29.49,0,0
perimetro-bodega-01,2026-09-24T18:20:26.666Z,29.29,0,0
perimetro-bodega-01,2026-09-24T18:18:56.322Z,29.46,0,0
perimetro-bodega-01,2026-09-24T18:17:25.93Z,29.18,0,0
perimetro-bodega-01,2026-09-24T18:15:55.6Z,29.23,0,0
perimetro-bodega-01,2026-09-24T18:14:25.243Z,29.39,0,0
perimetro-bodega-01,2026-09-24T18:12:54.916Z,29.44,0,0
perimetro-bodega-01,2026-09-24T18:11:24.534Z,29.5,0,0
perimetro-bodega-01,2026-09-24T18:09:54.169Z,29.2,0,0
perimetro-bodega-01,2026-09-24T18:08:23.814Z,29.7,1,1
perimetro-bodega-01,2026-09-24T18:06:53.465Z,29.35,0,0
perimetro-bodega-01,2026-09-24T18:05:23.094Z,29.47,0,1
perimetro-bodega-01,2026-09-24T18:03:52.766Z,29.44,0,0
perimetro-bodega-01,2026-09-24T18:02:22.435Z,29.69,0,0
perimetro-bodega-01,2026-09-24T18:00:52.103Z,29.11,0,0
perimetro-bodega-01,2026-09-24T17:59:21.727Z,29.57,0,0
perimetro-bodega-01,2026-09-24T17:57:51.448Z,29.44,0,0
perimetro-bodega-01,2026-09-24T17:56:21.12Z,29.17,0,0
perimetro-bodega-01,2026-09-24T17:54:50.788Z,29.38,0,0
perimetro-bodega-01,2026-09-24T17:53:20.428Z,29.39,0,0
perimetro-bodega-01,2026-09-24T17:51:50.045Z,29.37,0,0
perimetro-bodega-01,2026-09-24T17:50:19.712Z,29.5,0,0
perimetro-bodega-01,2026-09-24T17:48:49.303Z,29.06,0,0
perimetro-bodega-01,2026-09-24T17:47:18.956Z,29.39,0,1
perimetro-bodega-01,2026-09-24T17:45:48.577Z,29.5,0,0
perimetro-bodega-01,2026-09-24T17:44:18.244Z,29.33,0,0
perimetro-bodega-01,2026-09-24T17:42:47.904Z,29.1,0,0
perimetro-bodega-01,2026-09-24T17:41:17.588Z,29.12,0,0
perimetro-bodega-01,2026-09-24T17:39:47.225Z,29.1,0,0
perimetro-bodega-01,2026-09-24T17:38:16.853Z,29.06,0,1
perimetro-bodega-01,2026-09-24T17:36:46.504Z,29.32,0,1
perimetro-bodega-01,2026-09-24T17:35:16.18Z,29.08,0,0
perimetro-bodega-01,2026-09-24T17:33:45.786Z,29.1,0,1
perimetro-bodega-01,2026-09-24T17:32:15.442Z,29.07,0,0
perimetro-bodega-01,2026-09-24T17:30:45.045Z,29.47,0,0
perimetro-bodega-01,2026-09-24T17:29:14.639Z,29.03,0,0
perimetro-bodega-01,2026-09-24T17:27:44.259Z,29.42,0,0
perimetro-bodega-01,2026-09-24T17:26:13.897Z,29.27,0,0
perimetro-bodega-01,2026-09-24T17:24:43.601Z,29.19,0,0
perimetro-bodega-01,2026-09-24T17:23:13.264Z,29.28,0,0
perimetro-bodega-01,2026-09-24T17:21:42.886Z,29.38,0,0
perimetro-bodega-01,2026-09-24T17:20:12.462Z,28.98,0,0
perimetro-bodega-01,2026-09-24T17:18:42.07Z,28.95,0,0
perimetro-bodega-01,2026-09-24T17:17:11.732Z,29.45,0,0
perimetro-bodega-01,2026-09-24T17:15:41.378Z,29.14,1,0
perimetro-bodega-01,2026-09-24T17:14:11.039Z,28.99,0,0
perimetro-bodega-01,2026-09-24T17:12:40.698Z,29.42,0,0
perimetro-bodega-01,2026-09-27T18:42:44.381Z,29.34,0,0
perimetro-bodega-01,2026-09-27T18:41:14.027Z,29.24,0,0
perimetro-bodega-01,2026-09-27T18:39:43.66Z,29.46,0,0
perimetro-bodega-01,2026-09-27T18:38:13.281Z,29.2,0,0
perimetro-bodega-01,2026-09-27T18:36:42.948Z,29.18,1,0
perimetro-bodega-01,2026-09-27T18:35:12.549Z,29.29,0,0
perimetro-bodega-01,2026-09-27T18:33:42.137Z,29.68,0,0
perimetro-bodega-01,2026-09-27T18:32:11.789Z,29.54,0,0
perimetro-bodega-01,2026-09-27T18:30:41.484Z,29.44,0,0
perimetro-bodega-01,2026-09-27T18:29:11.093Z,29.4,0,0
perimetro-bodega-01,2026-09-27T18:27:40.739Z,29.25,0,0
perimetro-bodega-01,2026-09-27T18:26:10.339Z,29.48,0,0
perimetro-bodega-01,2026-09-27T18:24:39.993Z,29.63,0,0
perimetro-bodega-01,2026-09-27T18:23:09.584Z,29.53,0,0
perimetro-bodega-01,2026-09-27T18:21:39.217Z,29.48,0,0
perimetro-bodega-01,2026-09-27T18:20:08.872Z,29.33,0,0
perimetro-bodega-01,2026-09-27T18:18:38.531Z,29.5,0,0
perimetro-bodega-01,2026-09-27T18:17:08.166Z,29.61,0,0
perimetro-bodega-01,2026-09-27T18:15:37.786Z,29.6,0,0
perimetro-bodega-01,2026-09-27T18:14:07.462Z,29.36,0,0
perimetro-bodega-01,2026-09-27T18:12:37.088Z,29.48,0,0
perimetro-bodega-01,2026-09-27T18:11:06.749Z,29.68,0,0
perimetro-bodega-01,2026-09-27T18:09:36.385Z,29.47,0,0
perimetro-bodega-01,2026-09-27T18:08:06.065Z,29.4,0,0
perimetro-bodega-01,2026-09-27T18:06:35.712Z,29.55,0,0
perimetro-bodega-01,2026-09-27T18:05:05.335Z,29.27,0,0
perimetro-bodega-01,2026-09-27T18:03:34.989Z,29.37,0,0
perimetro-bodega-01,2026-09-27T18:02:04.668Z,29.55,0,0
perimetro-bodega-01,2026-09-27T18:00:34.33Z,29.51,0,0
perimetro-bodega-01,2026-09-27T17:59:03.979Z,29.11,0,0
perimetro-bodega-01,2026-09-27T17:57:33.581Z,29.55,0,0
perimetro-bodega-01,2026-09-27T17:56:03.324Z,29.22,0,0
perimetro-bodega-01,2026-09-27T17:54:32.961Z,29.51,0,0
perimetro-bodega-01,2026-09-27T17:53:02.576Z,29.41,0,0
perimetro-bodega-01,2026-09-27T17:51:32.201Z,29.26,0,0
perimetro-bodega-01,2026-09-27T17:50:01.838Z,29.58,0,0
perimetro-bodega-01,2026-09-27T17:48:31.463Z,29.51,0,0
perimetro-bodega-01,2026-09-27T17:47:01.12Z,29.42,0,0
perimetro-bodega-01,2026-09-27T17:45:30.796Z,29.51,0,0
perimetro-bodega-01,2026-09-27T17:44:00.418Z,29.54,0,0
perimetro-bodega-01,2026-09-27T17:42:30.148Z,29.61,0,0
perimetro-bodega-01,2026-09-27T17:40:59.814Z,29.24,0,0
perimetro-bodega-01,2026-09-27T17:39:29.442Z,29.45,0,0
perimetro-bodega-01,2026-09-27T17:37:59.063Z,29.3,0,0
perimetro-bodega-01,2026-09-27T17:36:28.719Z,29.5,0,0
perimetro-bodega-01,2026-09-27T17:34:58.391Z,29.18,0,0
perimetro-bodega-01,2026-09-27T17:33:28.028Z,29.43,0,0
perimetro-bodega-01,2026-09-27T17:31:57.682Z,29.11,1,0
perimetro-bodega-01,2026-09-27T17:30:27.291Z,28.98,0,0
perimetro-bodega-01,2026-09-27T17:28:56.951Z,29.08,0,0
perimetro-bodega-01,2026-09-27T17:27:26.593Z,29.13,0,0
perimetro-bodega-01,2026-09-27T17:25:56.234Z,29.41,0,0
perimetro-bodega-01,2026-09-27T17:24:25.886Z,29.52,0,0
perimetro-bodega-01,2026-09-27T17:22:55.55Z,29.46,0,0
perimetro-bodega-01,2026-09-27T17:21:25.204Z,29.21,0,0
perimetro-bodega-01,2026-09-27T17:19:54.772Z,29.1,0,0
perimetro-bodega-01,2026-09-27T17:18:24.406Z,28.89,0,0
perimetro-bodega-01,2026-09-27T17:16:54.047Z,29.43,0,0
perimetro-bodega-01,2026-09-27T17:15:23.678Z,29.17,0,0
perimetro-bodega-01,2026-09-27T17:13:53.382Z,29,0,0
perimetro-bodega-01,2026-09-27T17:12:23.036Z,29.22,1,0
perimetro-bodega-01,2026-09-27T17:10:52.695Z,29.2,0,0
perimetro-bodega-01,2026-09-27T17:09:22.319Z,29.21,0,0
perimetro-bodega-01,2026-09-27T17:07:51.955Z,28.82,0,0
perimetro-bodega-01,2026-09-27T17:06:21.598Z,29.4,0,0
perimetro-bodega-01,2026-09-27T17:04:51.275Z,28.91,0,0
perimetro-bodega-01,2026-09-27T17:03:20.924Z,29.07,0,0
perimetro-bodega-01,2026-09-27T17:01:50.57Z,29.29,0,0
perimetro-bodega-01,2026-09-27T17:00:20.201Z,28.82,0,0
perimetro-bodega-01,2026-09-27T16:58:49.829Z,29.34,0,0
perimetro-bodega-01,2026-09-27T16:57:19.47Z,28.81,0,0
perimetro-bodega-01,2026-09-27T16:55:49.123Z,28.76,0,0
perimetro-bodega-01,2026-09-27T16:54:18.729Z,29.29,0,0
perimetro-bodega-01,2026-09-27T16:52:48.366Z,29.15,0,0
perimetro-bodega-01,2026-09-27T16:16:47.974Z,28.93,1,0
perimetro-bodega-01,2026-09-27T16:15:17.597Z,28.84,0,0
perimetro-bodega-01,2026-09-27T16:13:47.252Z,28.42,0,0
perimetro-bodega-01,2026-09-27T16:12:16.912Z,28.56,0,0
perimetro-bodega-01,2026-09-27T16:10:46.525Z,28.43,0,0
perimetro-bodega-01,2026-09-27T16:09:16.144Z,28.34,0,0
perimetro-bodega-01,2026-09-27T16:07:45.856Z,28.63,0,0
perimetro-bodega-01,2026-09-27T16:06:15.497Z,28.62,0,0
perimetro-bodega-01,2026-09-27T16:04:45.168Z,28.65,0,0
perimetro-bodega-01,2026-09-27T16:03:14.8Z,28.64,0,0
perimetro-bodega-01,2026-09-27T16:01:44.442Z,28.63,0,0
perimetro-bodega-01,2026-09-27T16:00:14.095Z,28.53,0,0
perimetro-bodega-01,2026-09-27T15:58:43.708Z,28.43,0,0
perimetro-bodega-01,2026-09-27T15:57:13.338Z,28.73,1,1
perimetro-bodega-01,2026-09-27T15:55:43.017Z,28.49,0,0
perimetro-bodega-01,2026-09-27T15:54:12.655Z,28.53,0,0
perimetro-bodega-01,2026-09-27T15:52:42.293Z,28.18,0,0
perimetro-bodega-01,2026-09-27T15:51:11.955Z,28.35,0,1
perimetro-bodega-01,2026-09-27T15:49:41.593Z,28.23,0,0
perimetro-bodega-01,2026-09-27T15:48:11.252Z,28.53,0,0
perimetro-bodega-01,2026-09-27T15:46:40.919Z,28.48,1,0
perimetro-bodega-01,2026-09-27T15:45:10.573Z,28.69,0,0
perimetro-bodega-01,2026-09-27T15:43:40.228Z,28.19,0,0
perimetro-bodega-01,2026-09-27T15:42:09.866Z,28.12,0,0
perimetro-bodega-01,2026-09-27T15:40:39.529Z,28.63,0,0
perimetro-bodega-01,2026-09-27T15:39:09.212Z,28.56,0,0
perimetro-bodega-01,2026-09-27T15:37:38.88Z,28.53,0,0
perimetro-bodega-01,2026-09-27T15:36:08.489Z,28.39,0,0
perimetro-bodega-01,2026-09-27T15:34:37.949Z,28.15,0,0
perimetro-bodega-01,2026-09-27T15:33:07.588Z,28,0,0
perimetro-bodega-01,2026-09-27T15:31:37.261Z,28.14,0,0
perimetro-bodega-01,2026-09-27T15:30:06.837Z,27.95,0,0
perimetro-bodega-01,2026-09-27T15:28:36.52Z,27.94,0,1
perimetro-bodega-01,2026-09-27T15:27:06.153Z,28.08,0,0
perimetro-bodega-01,2026-09-27T15:25:35.814Z,28.32,0,0
perimetro-bodega-01,2026-09-27T15:24:05.433Z,28.12,0,0
perimetro-bodega-01,2026-09-27T15:22:35.061Z,28.41,0,0
perimetro-bodega-01,2026-09-27T15:21:04.701Z,28.42,0,0
perimetro-bodega-01,2026-09-27T15:19:34.302Z,27.98,0,0
perimetro-bodega-01,2026-09-27T15:18:03.958Z,28.29,0,0
perimetro-bodega-01,2026-09-27T15:16:33.654Z,28.3,0,0
perimetro-bodega-01,2026-09-27T15:15:03.384Z,27.94,0,0
perimetro-bodega-01,2026-09-27T15:13:33.025Z,27.96,0,0
perimetro-bodega-01,2026-09-27T15:12:02.689Z,28.17,0,0
perimetro-bodega-01,2026-09-27T15:10:32.332Z,28.29,0,0
perimetro-bodega-01,2026-09-27T15:09:01.972Z,27.75,0,0
perimetro-bodega-01,2026-09-27T15:07:31.608Z,27.77,0,1
perimetro-bodega-01,2026-09-27T15:06:01.287Z,27.67,0,0
perimetro-bodega-01,2026-09-27T15:04:30.877Z,27.81,0,0
perimetro-bodega-01,2026-09-27T15:03:00.529Z,27.74,0,0
perimetro-bodega-01,2026-09-27T15:01:30.194Z,28.13,0,0
perimetro-bodega-01,2026-09-27T14:59:59.84Z,27.74,0,0
perimetro-bodega-01,2026-09-27T14:58:29.495Z,28,0,0
perimetro-bodega-01,2026-09-27T14:56:59.163Z,27.75,0,0
perimetro-bodega-01,2026-09-27T14:55:28.895Z,27.54,0,1
perimetro-bodega-01,2026-09-27T14:53:58.546Z,27.61,0,0
perimetro-bodega-01,2026-09-27T14:52:28.19Z,27.8,0,0
perimetro-bodega-01,2026-09-27T14:50:57.825Z,27.61,0,0
perimetro-bodega-01,2026-09-27T14:49:27.436Z,27.57,0,1
perimetro-bodega-01,2026-09-28T20:57:03.867Z,29.11,0,0
perimetro-bodega-01,2026-09-28T20:55:33.484Z,28.88,0,1
perimetro-bodega-01,2026-09-28T20:54:03.137Z,28.85,0,0
perimetro-bodega-01,2026-09-28T20:52:32.872Z,29.16,0,0
perimetro-bodega-01,2026-09-28T20:51:02.545Z,29.27,0,0
perimetro-bodega-01,2026-09-28T20:49:32.213Z,28.87,0,0
perimetro-bodega-01,2026-09-28T20:48:01.824Z,29.01,0,0
perimetro-bodega-01,2026-09-28T20:46:31.474Z,29.27,0,0
perimetro-bodega-01,2026-09-28T20:45:01.092Z,29.32,0,0
perimetro-bodega-01,2026-09-28T20:43:30.705Z,28.94,0,0
perimetro-bodega-01,2026-09-28T20:42:00.357Z,29.2,0,0
perimetro-bodega-01,2026-09-28T20:40:29.979Z,28.9,0,0
perimetro-bodega-01,2026-09-28T20:38:59.613Z,29.17,0,0
perimetro-bodega-01,2026-09-28T20:37:29.28Z,29.25,0,0
perimetro-bodega-01,2026-09-28T20:35:58.914Z,29.31,0,0
perimetro-bodega-01,2026-09-28T20:34:28.546Z,29.23,0,0
perimetro-bodega-01,2026-09-28T20:32:58.119Z,29.14,0,0
perimetro-bodega-01,2026-09-28T20:31:27.753Z,29.07,0,0
perimetro-bodega-01,2026-09-28T20:29:57.46Z,29.12,0,1
perimetro-bodega-01,2026-09-28T20:28:27.081Z,29.18,0,0
perimetro-bodega-01,2026-09-28T20:26:56.731Z,29.35,0,0
perimetro-bodega-01,2026-09-28T20:25:26.366Z,29.02,1,0
perimetro-bodega-01,2026-09-28T20:23:56.01Z,29.23,0,1
perimetro-bodega-01,2026-09-28T20:22:25.68Z,29.06,0,0
perimetro-bodega-01,2026-09-28T20:20:55.301Z,29.19,0,1
perimetro-bodega-01,2026-09-28T20:19:24.885Z,29.18,0,0
perimetro-bodega-01,2026-09-28T20:17:54.516Z,29.37,0,0
perimetro-bodega-01,2026-09-28T20:16:24.221Z,29.08,0,1
perimetro-bodega-01,2026-09-28T20:14:53.888Z,29.13,0,0
perimetro-bodega-01,2026-09-28T20:13:23.528Z,29.6,0,0
perimetro-bodega-01,2026-09-28T20:11:53.13Z,29.46,0,0
perimetro-bodega-01,2026-09-28T20:10:22.757Z,29.13,0,0
perimetro-bodega-01,2026-09-28T20:08:52.396Z,29.61,0,0
perimetro-bodega-01,2026-09-28T20:07:22.001Z,29.58,0,0
perimetro-bodega-01,2026-09-28T20:05:51.675Z,29.41,0,0
perimetro-bodega-01,2026-09-28T20:04:21.297Z,29.42,0,0
perimetro-bodega-01,2026-09-28T20:02:50.94Z,29.67,0,0
perimetro-bodega-01,2026-09-28T20:01:20.561Z,29.65,0,0
perimetro-bodega-01,2026-09-28T19:59:50.154Z,29.54,0,0
perimetro-bodega-01,2026-09-28T19:58:19.686Z,29.12,0,0
perimetro-bodega-01,2026-09-28T19:56:49.307Z,29.29,0,0
perimetro-bodega-01,2026-09-28T19:55:18.959Z,29.37,0,0
perimetro-bodega-01,2026-09-28T19:53:48.609Z,29.42,0,0
perimetro-bodega-01,2026-09-28T19:52:18.24Z,29.45,0,0
perimetro-bodega-01,2026-09-28T19:50:47.881Z,29.52,0,0
perimetro-bodega-01,2026-09-28T19:49:17.511Z,29.31,0,0
perimetro-bodega-01,2026-09-28T19:47:47.139Z,29.43,0,0
perimetro-bodega-01,2026-09-28T19:46:16.784Z,29.46,0,0
perimetro-bodega-01,2026-09-28T19:44:46.472Z,29.69,0,0
perimetro-bodega-01,2026-09-28T19:43:16.094Z,29.25,0,0
perimetro-bodega-01,2026-09-28T19:41:45.731Z,29.48,0,0
perimetro-bodega-01,2026-09-28T19:40:15.348Z,29.5,0,1
perimetro-bodega-01,2026-09-28T19:38:44.989Z,29.4,0,0
perimetro-bodega-01,2026-09-28T19:37:14.669Z,29.2,0,0
perimetro-bodega-01,2026-09-28T19:35:44.293Z,29.57,0,0
perimetro-bodega-01,2026-09-28T19:34:13.961Z,29.43,0,0
perimetro-bodega-01,2026-09-28T19:32:43.617Z,29.66,0,0
perimetro-bodega-01,2026-09-28T19:31:13.25Z,29.24,0,0
perimetro-bodega-01,2026-09-28T19:29:42.862Z,29.75,0,0
perimetro-bodega-01,2026-09-28T19:28:12.483Z,29.31,0,0
perimetro-bodega-01,2026-09-28T19:26:42.099Z,29.34,0,0
perimetro-bodega-01,2026-09-28T19:25:11.76Z,29.23,0,0
perimetro-bodega-01,2026-09-28T19:23:41.439Z,29.39,0,0
perimetro-bodega-01,2026-09-28T19:22:11.032Z,29.43,0,0
perimetro-bodega-01,2026-09-28T19:20:40.651Z,29.24,0,0
perimetro-bodega-01,2026-09-28T19:19:10.304Z,29.68,0,0
perimetro-bodega-01,2026-09-28T19:17:39.949Z,29.54,0,0
perimetro-bodega-01,2026-09-28T19:16:09.605Z,29.5,0,0
perimetro-bodega-01,2026-09-28T19:14:39.246Z,29.62,0,0
perimetro-bodega-01,2026-09-28T19:13:08.898Z,29.64,0,0
perimetro-bodega-01,2026-09-28T19:11:38.49Z,29.74,0,1
perimetro-bodega-01,2026-09-28T19:10:08.208Z,29.25,0,0
perimetro-bodega-01,2026-09-28T19:08:37.859Z,29.46,0,0
perimetro-bodega-01,2026-09-28T19:07:07.571Z,29.41,0,0
perimetro-bodega-01,2026-09-28T19:05:37.193Z,29.58,0,0
perimetro-bodega-01,2026-09-28T19:04:06.828Z,29.77,0,0
perimetro-bodega-01,2026-09-28T19:02:36.485Z,29.63,0,1
perimetro-bodega-01,2026-09-28T19:01:06.088Z,29.25,0,0
perimetro-bodega-01,2026-09-28T18:59:35.645Z,29.21,0,0
perimetro-bodega-01,2026-09-28T18:58:05.369Z,29.59,0,0
perimetro-bodega-01,2026-09-28T18:56:35.005Z,29.25,0,0
perimetro-bodega-01,2026-09-28T18:55:04.68Z,29.25,0,0
perimetro-bodega-01,2026-09-28T18:53:34.296Z,29.3,0,0
perimetro-bodega-01,2026-09-28T18:52:03.899Z,29.67,0,0
perimetro-bodega-01,2026-09-28T18:50:33.628Z,29.27,0,0
perimetro-bodega-01,2026-09-28T18:49:03.296Z,29.48,0,0
perimetro-bodega-01,2026-09-28T18:47:32.944Z,29.73,0,1
perimetro-bodega-01,2026-09-28T18:46:02.601Z,29.49,0,0
perimetro-bodega-01,2026-09-28T18:44:32.21Z,29.24,0,0
perimetro-bodega-01,2026-09-28T18:43:01.831Z,29.5,0,0
perimetro-bodega-01,2026-09-28T18:41:31.476Z,29.65,0,0
perimetro-bodega-01,2026-09-28T18:40:01.115Z,29.27,1,0
perimetro-bodega-01,2026-09-28T18:38:30.832Z,29.35,1,0
perimetro-bodega-01,2026-09-28T18:37:00.56Z,29.65,0,0
perimetro-bodega-01,2026-09-28T18:35:30.243Z,29.73,0,0
perimetro-bodega-01,2026-09-28T18:33:59.861Z,29.29,0,0
perimetro-bodega-01,2026-09-28T18:32:29.461Z,29.31,0,1
perimetro-bodega-01,2026-09-28T18:30:59.132Z,29.18,0,0
perimetro-bodega-01,2026-09-28T18:29:28.806Z,29.42,0,0
perimetro-bodega-01,2026-09-28T18:27:58.464Z,29.53,0,0
perimetro-bodega-01,2026-09-28T18:26:28.095Z,29.64,0,0
perimetro-bodega-01,2026-09-28T18:24:57.775Z,29.25,0,0
perimetro-bodega-01,2026-09-28T18:23:27.444Z,29.39,0,0
perimetro-bodega-01,2026-09-28T18:21:57.065Z,29.21,0,0
perimetro-bodega-01,2026-09-28T18:20:26.761Z,29.75,0,0
perimetro-bodega-01,2026-09-28T18:18:56.352Z,29.56,0,0
perimetro-bodega-01,2026-09-28T18:17:26.046Z,29.17,0,0
perimetro-bodega-01,2026-09-28T18:15:55.725Z,29.37,0,0
perimetro-bodega-01,2026-09-28T18:14:25.385Z,29.6,0,0
perimetro-bodega-01,2026-09-28T18:12:55.083Z,29.55,0,0
perimetro-bodega-01,2026-09-28T18:11:24.702Z,29.44,1,0
perimetro-bodega-01,2026-09-28T18:09:54.383Z,29.42,0,0
perimetro-bodega-01,2026-09-28T18:08:24.003Z,29.49,0,0
perimetro-bodega-01,2026-09-28T18:06:53.628Z,29.12,0,0
perimetro-bodega-01,2026-09-28T18:05:20.145Z,29.42,0,0
perimetro-bodega-01,2026-09-28T18:03:49.765Z,29.31,0,0
perimetro-bodega-01,2026-09-28T18:02:19.418Z,29.24,0,0
perimetro-bodega-01,2026-09-28T18:00:49.085Z,29.46,0,0
perimetro-bodega-01,2026-09-28T17:59:18.728Z,29.09,1,0
perimetro-bodega-01,2026-09-28T17:57:48.326Z,29.31,0,1
perimetro-bodega-01,2026-09-28T17:21:47.969Z,29.49,0,0
perimetro-bodega-01,2026-09-28T17:20:17.696Z,29.37,0,0
perimetro-bodega-01,2026-09-28T17:18:47.349Z,29.26,0,0
perimetro-bodega-01,2026-09-28T17:17:17.015Z,28.97,0,0
perimetro-bodega-01,2026-09-28T17:15:46.668Z,29.36,0,0
perimetro-bodega-01,2026-09-28T17:14:16.305Z,29.07,0,1
perimetro-bodega-01,2026-09-28T17:12:45.954Z,29.19,0,0
perimetro-bodega-01,2026-09-28T17:11:15.621Z,29.11,0,1
perimetro-bodega-01,2026-09-28T17:09:45.245Z,29.4,0,0
perimetro-bodega-01,2026-09-28T17:08:14.877Z,29.2,0,0
perimetro-bodega-01,2026-09-28T17:06:44.541Z,29.27,0,0
perimetro-bodega-01,2026-09-28T17:05:14.207Z,28.86,0,0
perimetro-bodega-01,2026-09-28T17:03:43.84Z,29.13,0,0
perimetro-bodega-01,2026-09-28T17:02:13.49Z,29.37,0,0
perimetro-bodega-01,2026-09-28T17:00:43.108Z,29,0,0
perimetro-bodega-01,2026-09-28T16:59:12.77Z,28.97,0,0
perimetro-bodega-01,2026-09-28T16:57:42.436Z,29.26,0,0
perimetro-bodega-01,2026-09-28T16:56:12.152Z,29.24,0,0
perimetro-bodega-01,2026-09-28T16:54:41.807Z,28.88,0,0
perimetro-bodega-01,2026-09-28T16:53:11.426Z,28.84,0,0
perimetro-bodega-01,2026-09-28T16:51:41.047Z,29.16,0,0
perimetro-bodega-01,2026-09-28T16:50:10.722Z,28.88,0,1
perimetro-bodega-01,2026-09-27T14:47:57.068Z,28.01,0,0
perimetro-bodega-01,2026-09-27T14:46:26.708Z,27.56,0,0
perimetro-bodega-01,2026-09-27T14:44:56.367Z,27.96,0,0
perimetro-bodega-01,2026-09-27T14:43:25.982Z,27.72,0,0
perimetro-bodega-01,2026-09-27T14:41:55.641Z,27.71,0,0
perimetro-bodega-01,2026-09-27T14:40:25.285Z,27.78,0,0
perimetro-bodega-01,2026-09-27T14:38:54.863Z,27.65,0,0
perimetro-bodega-01,2026-09-27T14:37:24.491Z,27.38,0,0
perimetro-bodega-01,2026-09-27T14:35:54.171Z,27.81,0,1
perimetro-bodega-01,2026-09-27T14:34:23.796Z,27.82,1,0
perimetro-bodega-01,2026-09-27T14:32:53.414Z,27.6,0,0
perimetro-bodega-01,2026-09-27T14:31:23.044Z,27.3,0,0
perimetro-bodega-01,2026-09-27T14:29:52.682Z,27.45,0,0
perimetro-bodega-01,2026-09-27T14:28:22.294Z,27.45,1,0
perimetro-bodega-01,2026-09-27T14:26:51.919Z,27.4,0,0
perimetro-bodega-01,2026-09-27T14:25:21.587Z,27.35,0,1
perimetro-bodega-01,2026-09-27T14:23:51.246Z,27.68,0,0
perimetro-bodega-01,2026-09-27T14:22:20.908Z,27.54,0,0
perimetro-bodega-01,2026-09-27T14:20:50.562Z,27.4,0,0
perimetro-bodega-01,2026-09-27T14:19:20.178Z,27.51,0,0
perimetro-bodega-01,2026-09-27T14:17:49.768Z,27.56,0,0
perimetro-bodega-01,2026-09-27T14:16:19.441Z,27.3,0,0
perimetro-bodega-01,2026-09-27T14:14:49.081Z,27.51,0,0
perimetro-bodega-01,2026-09-27T14:13:18.736Z,27,0,0
perimetro-bodega-01,2026-09-27T14:11:48.372Z,26.97,0,0
perimetro-bodega-01,2026-09-27T14:10:18.043Z,27.38,0,0
perimetro-bodega-01,2026-09-27T14:08:47.648Z,27.04,0,0
perimetro-bodega-01,2026-09-27T14:07:17.251Z,27.17,0,0
perimetro-bodega-01,2026-09-27T14:05:46.891Z,27.12,0,0
perimetro-bodega-01,2026-09-27T14:04:16.517Z,27.22,1,0
perimetro-bodega-01,2026-09-27T14:02:46.188Z,26.94,0,0
perimetro-bodega-01,2026-09-27T14:01:15.822Z,27.24,0,0
perimetro-bodega-01,2026-09-27T13:59:45.448Z,27.04,0,0
perimetro-bodega-01,2026-09-27T13:58:15.066Z,27,0,0
perimetro-bodega-01,2026-09-27T13:56:44.662Z,27.19,0,0
perimetro-bodega-01,2026-09-27T13:55:14.292Z,27.09,0,0
perimetro-bodega-01,2026-09-27T13:53:43.895Z,26.72,0,0
perimetro-bodega-01,2026-09-27T13:52:13.534Z,27.15,0,0
perimetro-bodega-01,2026-09-27T13:50:43.262Z,26.88,0,0
perimetro-bodega-01,2026-09-27T13:49:12.918Z,26.67,0,0
perimetro-bodega-01,2026-09-27T13:47:42.552Z,27.16,0,1
perimetro-bodega-01,2026-09-27T13:46:12.173Z,26.88,0,0
perimetro-bodega-01,2026-09-24T16:36:40.357Z,29.12,0,0
perimetro-bodega-01,2026-09-24T16:35:09.982Z,28.97,0,0
perimetro-bodega-01,2026-09-24T16:33:39.651Z,28.99,0,0
perimetro-bodega-01,2026-09-24T16:32:09.32Z,28.91,0,1
perimetro-bodega-01,2026-09-24T16:30:38.959Z,29.03,1,1
perimetro-bodega-01,2026-09-24T16:29:08.618Z,29.11,0,0
perimetro-bodega-01,2026-09-24T16:27:38.308Z,28.54,0,0
perimetro-bodega-01,2026-09-24T16:26:07.95Z,28.76,0,0
perimetro-bodega-01,2026-09-24T16:24:37.605Z,28.83,0,0
perimetro-bodega-01,2026-09-24T16:23:07.287Z,28.83,0,0
perimetro-bodega-01,2026-09-24T16:21:36.896Z,28.5,1,0
perimetro-bodega-01,2026-09-24T16:20:06.576Z,28.74,0,0
perimetro-bodega-01,2026-09-24T16:18:36.198Z,28.97,0,0
perimetro-bodega-01,2026-09-24T16:17:05.869Z,28.78,0,0
perimetro-bodega-01,2026-09-24T16:15:35.516Z,28.68,0,0
perimetro-bodega-01,2026-09-24T16:14:05.141Z,28.54,0,0
perimetro-bodega-01,2026-09-24T16:12:34.78Z,28.68,0,0
perimetro-bodega-01,2026-09-24T16:11:04.434Z,28.82,0,0
perimetro-bodega-01,2026-09-24T16:09:34.1Z,28.54,0,0
perimetro-bodega-01,2026-09-24T16:08:03.742Z,28.54,0,0
perimetro-bodega-01,2026-09-24T16:06:33.379Z,28.33,0,1
perimetro-bodega-01,2026-09-24T16:05:03.017Z,28.48,0,0
perimetro-bodega-01,2026-09-24T16:03:32.612Z,28.62,0,0
perimetro-bodega-01,2026-09-24T16:02:02.271Z,28.38,0,0
perimetro-bodega-01,2026-09-24T16:00:31.911Z,28.73,0,0
perimetro-bodega-01,2026-09-24T15:59:01.535Z,28.6,0,0
perimetro-bodega-01,2026-09-24T15:57:31.178Z,28.5,0,0
perimetro-bodega-01,2026-09-24T15:56:00.849Z,28.7,0,0
perimetro-bodega-01,2026-09-24T15:54:30.523Z,28.38,0,0
perimetro-bodega-01,2026-09-24T15:53:00.179Z,28.2,0,0
perimetro-bodega-01,2026-09-24T15:51:29.818Z,28.55,0,1
perimetro-bodega-01,2026-09-24T15:49:59.454Z,28.47,0,0
perimetro-bodega-01,2026-09-24T15:48:29.101Z,28.52,0,0
perimetro-bodega-01,2026-09-24T15:46:58.753Z,28.31,0,0
perimetro-bodega-01,2026-09-24T15:45:28.371Z,28.19,0,0
perimetro-bodega-01,2026-09-24T15:43:57.998Z,28.61,0,0
perimetro-bodega-01,2026-09-24T15:42:27.607Z,28.13,0,0
perimetro-bodega-01,2026-09-24T15:40:57.273Z,28.49,0,0
perimetro-bodega-01,2026-09-24T15:39:26.869Z,28.48,0,0
perimetro-bodega-01,2026-09-24T15:37:56.5Z,28.05,0,0
perimetro-bodega-01,2026-09-24T15:36:26.18Z,28.05,0,1
perimetro-bodega-01,2026-09-24T15:34:55.803Z,28.39,0,0
perimetro-bodega-01,2026-09-24T15:33:25.446Z,28.22,0,1
perimetro-bodega-01,2026-09-24T15:31:55.096Z,28.21,0,1
perimetro-bodega-01,2026-09-24T15:30:24.738Z,28.17,0,0
perimetro-bodega-01,2026-09-24T15:28:54.378Z,28.37,1,0
perimetro-bodega-01,2026-09-24T15:27:24.017Z,28.33,0,0
perimetro-bodega-01,2026-09-24T15:25:53.665Z,27.92,0,0
perimetro-bodega-01,2026-09-24T15:24:23.317Z,27.95,0,0
perimetro-bodega-01,2026-09-24T15:22:52.953Z,28.4,0,0
perimetro-bodega-01,2026-09-24T15:21:22.568Z,28.1,0,0
perimetro-bodega-01,2026-09-24T15:19:52.191Z,28.34,0,0
perimetro-bodega-01,2026-09-24T15:18:21.864Z,27.96,0,0
perimetro-bodega-01,2026-09-24T15:16:51.493Z,27.78,0,0
perimetro-bodega-01,2026-09-24T15:15:21.095Z,28.28,0,0
perimetro-bodega-01,2026-09-24T15:13:50.739Z,28.03,0,0
perimetro-bodega-01,2026-09-24T15:12:20.399Z,27.91,0,0
perimetro-bodega-01,2026-09-24T15:10:50.08Z,27.71,0,0
perimetro-bodega-01,2026-09-24T15:09:19.719Z,27.87,0,0
perimetro-bodega-01,2026-09-24T15:07:49.3Z,28.1,0,0
perimetro-bodega-01,2026-09-24T15:06:18.953Z,27.81,0,0
perimetro-bodega-01,2026-09-24T15:04:48.602Z,27.77,0,0
perimetro-bodega-01,2026-09-24T15:03:18.273Z,27.99,0,0
perimetro-bodega-01,2026-09-24T15:01:47.857Z,28.17,0,0
perimetro-bodega-01,2026-09-24T15:00:17.479Z,27.88,0,1
perimetro-bodega-01,2026-09-24T14:58:47.145Z,27.87,1,0
perimetro-bodega-01,2026-09-24T14:57:16.743Z,27.75,0,0
perimetro-bodega-01,2026-09-24T14:55:46.426Z,27.71,0,0
perimetro-bodega-01,2026-09-24T14:54:16.068Z,27.91,0,0
perimetro-bodega-01,2026-09-24T14:52:45.704Z,27.54,0,0
perimetro-bodega-01,2026-09-24T14:51:15.365Z,27.93,1,0
perimetro-bodega-01,2026-09-24T14:49:44.971Z,27.95,0,0
perimetro-bodega-01,2026-09-24T14:48:14.593Z,27.89,1,0
perimetro-bodega-01,2026-09-24T14:46:44.168Z,27.81,0,0
perimetro-bodega-01,2026-09-24T14:45:13.835Z,27.8,0,1
perimetro-bodega-01,2026-09-24T14:43:43.477Z,27.57,0,0
perimetro-bodega-01,2026-09-24T14:42:13.164Z,27.89,0,0
perimetro-bodega-01,2026-09-24T14:40:42.805Z,27.69,0,0
perimetro-bodega-01,2026-09-24T14:39:12.535Z,27.54,0,0
perimetro-bodega-01,2026-09-24T14:37:42.209Z,27.87,0,0
perimetro-bodega-01,2026-09-24T14:36:11.84Z,27.64,0,0
perimetro-bodega-01,2026-09-24T14:34:41.478Z,27.68,0,0
perimetro-bodega-01,2026-09-24T14:33:11.104Z,27.25,0,0
perimetro-bodega-01,2026-09-24T14:31:40.753Z,27.64,0,0
perimetro-bodega-01,2026-09-24T14:30:10.392Z,27.58,0,0
perimetro-bodega-01,2026-09-24T14:28:39.992Z,27.57,0,0
perimetro-bodega-01,2026-09-24T14:27:09.616Z,27.41,0,0
perimetro-bodega-01,2026-09-24T14:25:39.237Z,27.38,0,0
perimetro-bodega-01,2026-09-24T14:24:08.919Z,27.48,0,0
perimetro-bodega-01,2026-09-24T14:22:38.576Z,27.36,0,0
perimetro-bodega-01,2026-09-24T14:21:08.244Z,27.12,0,0
perimetro-bodega-01,2026-09-24T14:19:37.839Z,27.55,0,0
perimetro-bodega-01,2026-09-24T14:18:07.527Z,27.36,0,0
perimetro-bodega-01,2026-09-24T14:16:37.139Z,27.57,0,0
perimetro-bodega-01,2026-09-24T14:15:06.798Z,27.35,1,1
perimetro-bodega-01,2026-09-24T14:13:36.453Z,27.22,0,0
perimetro-bodega-01,2026-09-24T14:12:06.188Z,27.14,0,1
perimetro-bodega-01,2026-09-24T14:10:35.871Z,27.11,0,0
perimetro-bodega-01,2026-09-24T14:09:05.484Z,27.1,0,0
perimetro-bodega-01,2026-09-24T14:07:35.116Z,27.16,1,0
perimetro-bodega-01,2026-09-24T14:06:04.786Z,27.02,0,0
perimetro-bodega-01,2026-09-24T14:04:34.429Z,26.94,0,0
perimetro-bodega-01,2026-09-24T14:03:04.03Z,26.9,0,1
perimetro-bodega-01,2026-09-24T14:01:33.672Z,27.36,0,0
perimetro-bodega-01,2026-09-24T14:00:02.062Z,26.89,0,1
perimetro-bodega-01,2026-09-24T13:58:31.738Z,27.03,0,0
perimetro-bodega-01,2026-09-24T13:57:01.39Z,27.17,0,0
perimetro-bodega-01,2026-09-24T13:55:31.02Z,27.04,0,0
perimetro-bodega-01,2026-09-24T13:54:00.674Z,27.03,0,0
perimetro-bodega-01,2026-09-24T13:52:30.354Z,27.2,1,0
perimetro-bodega-01,2026-09-24T13:50:59.985Z,26.9,0,0
perimetro-bodega-01,2026-09-24T13:49:29.607Z,26.79,0,0
perimetro-bodega-01,2026-09-24T13:47:59.258Z,26.84,0,0
perimetro-bodega-01,2026-09-24T13:46:28.937Z,26.63,0,0
perimetro-bodega-01,2026-09-24T13:44:58.616Z,26.8,0,0
perimetro-bodega-01,2026-09-24T13:43:28.217Z,26.67,0,0
perimetro-bodega-01,2026-09-24T13:41:57.823Z,26.79,0,0
perimetro-bodega-01,2026-09-24T13:40:27.466Z,27.05,0,0
perimetro-bodega-01,2026-09-28T16:48:40.392Z,29.2,0,0
perimetro-bodega-01,2026-09-28T16:47:10.048Z,28.69,0,0
perimetro-bodega-01,2026-09-28T16:45:39.712Z,29.1,0,0
perimetro-bodega-01,2026-09-28T16:44:09.335Z,28.77,0,0
perimetro-bodega-01,2026-09-28T16:42:39.005Z,29.16,0,1
perimetro-bodega-01,2026-09-28T16:41:08.629Z,29.21,0,0
perimetro-bodega-01,2026-09-28T16:39:38.357Z,29.18,0,0
perimetro-bodega-01,2026-09-28T16:38:08.015Z,29.17,0,0
perimetro-bodega-01,2026-09-28T16:36:37.633Z,29.01,0,0
perimetro-bodega-01,2026-09-28T16:35:07.226Z,28.71,1,0
perimetro-bodega-01,2026-09-28T16:33:36.817Z,28.6,0,0
perimetro-bodega-01,2026-09-28T16:32:06.48Z,28.81,0,0
perimetro-bodega-01,2026-09-28T16:30:36.136Z,28.55,0,0
perimetro-bodega-01,2026-09-28T16:29:05.789Z,28.98,0,1
perimetro-bodega-01,2026-09-28T16:27:35.416Z,29.1,0,0
perimetro-bodega-01,2026-09-28T16:26:05.08Z,28.99,1,0
perimetro-bodega-01,2026-09-28T16:24:34.759Z,28.54,0,0
perimetro-bodega-01,2026-09-28T16:23:04.443Z,28.89,0,1
perimetro-bodega-01,2026-09-28T16:21:34.037Z,29.01,0,0
perimetro-bodega-01,2026-09-28T16:20:03.679Z,29,0,0
perimetro-bodega-01,2026-09-28T16:18:33.338Z,28.53,0,0
perimetro-bodega-01,2026-09-28T16:17:02.96Z,28.93,0,0
perimetro-bodega-01,2026-09-28T16:15:32.631Z,28.86,0,0
perimetro-bodega-01,2026-09-28T16:14:02.304Z,28.39,0,0
perimetro-bodega-01,2026-09-28T16:12:31.888Z,28.89,1,0
perimetro-bodega-01,2026-09-28T16:11:01.533Z,28.63,0,0
perimetro-bodega-01,2026-09-28T16:09:31.185Z,28.82,0,0
perimetro-bodega-01,2026-09-28T16:08:00.865Z,28.84,0,1
perimetro-bodega-01,2026-09-28T16:06:30.509Z,28.36,0,0
perimetro-bodega-01,2026-09-28T16:05:00.146Z,28.46,0,0
perimetro-bodega-01,2026-09-28T16:03:29.82Z,28.7,0,0
perimetro-bodega-01,2026-09-28T16:01:59.456Z,28.48,0,0
perimetro-bodega-01,2026-09-28T16:00:29.085Z,28.36,0,0
perimetro-bodega-01,2026-09-28T15:58:58.724Z,28.81,0,1
perimetro-bodega-01,2026-09-28T15:57:28.406Z,28.46,0,0
perimetro-bodega-01,2026-09-28T15:55:58.04Z,28.59,1,0
perimetro-bodega-01,2026-09-28T15:54:27.675Z,28.28,0,0
perimetro-bodega-01,2026-09-28T15:52:57.313Z,28.71,0,0
perimetro-bodega-01,2026-09-28T15:51:26.911Z,28.54,0,0
perimetro-bodega-01,2026-09-28T15:49:56.512Z,28.58,0,0
perimetro-bodega-01,2026-09-28T15:48:26.139Z,28.33,0,0
perimetro-bodega-01,2026-09-28T15:46:55.792Z,28.23,0,0
perimetro-bodega-01,2026-09-28T15:45:25.426Z,28.48,0,0
perimetro-bodega-01,2026-09-28T15:43:55.034Z,28.5,0,0
perimetro-bodega-01,2026-09-28T15:42:24.633Z,28.3,0,0
perimetro-bodega-01,2026-09-28T15:40:54.205Z,28.13,0,0
perimetro-bodega-01,2026-09-28T15:39:23.876Z,28.15,0,0
perimetro-bodega-01,2026-09-28T15:37:53.557Z,28.36,0,1
perimetro-bodega-01,2026-09-28T15:36:23.189Z,28.19,0,0
perimetro-bodega-01,2026-09-28T15:34:52.829Z,28,0,0
perimetro-bodega-01,2026-09-28T15:33:22.398Z,28.44,0,0
perimetro-bodega-01,2026-09-28T15:31:52.045Z,28.1,0,0
perimetro-bodega-01,2026-09-28T15:30:21.744Z,28.41,0,0
perimetro-bodega-01,2026-09-28T15:28:51.416Z,28.39,0,0
perimetro-bodega-01,2026-09-28T15:27:21.066Z,28.19,0,1
perimetro-bodega-01,2026-09-28T15:25:50.678Z,28.26,0,0
perimetro-bodega-01,2026-09-28T15:24:20.363Z,27.97,0,1
perimetro-bodega-01,2026-09-28T15:22:50.035Z,28.43,0,0
perimetro-bodega-01,2026-09-28T15:21:19.688Z,28.4,0,0
perimetro-bodega-01,2026-09-28T15:19:49.379Z,28.15,0,0
perimetro-bodega-01,2026-09-28T15:18:19.003Z,27.97,0,0
perimetro-bodega-01,2026-09-28T15:16:48.644Z,28.15,0,0
perimetro-bodega-01,2026-09-28T15:15:18.294Z,28.06,0,0
perimetro-bodega-01,2026-09-28T15:13:48.032Z,28.13,0,0
perimetro-bodega-01,2026-09-28T15:12:17.671Z,28.14,0,0
perimetro-bodega-01,2026-09-28T15:10:47.331Z,28.01,0,0
perimetro-bodega-01,2026-09-28T15:09:16.985Z,28.13,0,0
perimetro-bodega-01,2026-09-28T15:07:46.625Z,28.12,0,0
perimetro-bodega-01,2026-09-28T15:06:16.247Z,28.24,1,0
perimetro-bodega-01,2026-09-28T15:04:45.88Z,27.89,0,0
perimetro-bodega-01,2026-09-28T15:03:15.508Z,27.82,0,0
perimetro-bodega-01,2026-09-28T15:01:45.174Z,27.6,1,0
perimetro-bodega-01,2026-09-28T15:00:14.807Z,27.91,0,0
perimetro-bodega-01,2026-09-28T14:58:44.475Z,28,0,0
perimetro-bodega-01,2026-09-28T14:57:14.127Z,27.65,0,0
perimetro-bodega-01,2026-09-28T14:55:43.757Z,27.94,0,0
perimetro-bodega-01,2026-09-28T14:54:13.393Z,27.74,0,1
perimetro-bodega-01,2026-09-28T14:52:43.021Z,28.04,0,1
perimetro-bodega-01,2026-09-28T14:51:12.635Z,27.5,0,0
perimetro-bodega-01,2026-09-28T14:49:42.302Z,27.97,0,0
perimetro-bodega-01,2026-09-28T14:48:11.926Z,27.61,0,0
perimetro-bodega-01,2026-09-28T14:46:41.57Z,27.51,0,0
perimetro-bodega-01,2026-09-28T14:45:11.219Z,27.66,0,0
perimetro-bodega-01,2026-09-28T14:43:40.854Z,27.93,0,0
perimetro-bodega-01,2026-09-28T14:42:10.487Z,27.76,0,0
perimetro-bodega-01,2026-09-28T14:40:40.107Z,27.51,0,0
perimetro-bodega-01,2026-09-28T14:39:09.776Z,27.68,1,0
perimetro-bodega-01,2026-09-28T14:37:39.432Z,27.44,0,1
perimetro-bodega-01,2026-09-28T14:36:09.048Z,27.69,0,0
perimetro-bodega-01,2026-09-28T14:34:38.687Z,27.78,0,0
perimetro-bodega-01,2026-09-28T14:33:08.317Z,27.39,0,0
perimetro-bodega-01,2026-09-28T14:31:38.047Z,27.33,0,0
perimetro-bodega-01,2026-09-28T14:30:07.742Z,27.63,0,0
perimetro-bodega-01,2026-09-28T14:28:37.379Z,27.62,0,1
perimetro-bodega-01,2026-09-28T14:27:06.965Z,27.41,0,0
perimetro-bodega-01,2026-09-28T14:25:36.572Z,27.67,0,0
perimetro-bodega-01,2026-09-28T14:24:06.219Z,27.58,0,0
perimetro-bodega-01,2026-09-28T14:22:35.873Z,27.23,0,0
