id,ts,temperaturaCaja,humedadRelativa,masaEstimada
secado-fermentacion-01,2026-09-27T13:57:25.433Z,34.34,76.8,174.82
secado-fermentacion-01,2026-09-27T14:49:29.086Z,33.87,74.5,174.71
secado-fermentacion-01,2026-09-27T14:51:29.232Z,34.34,76.4,174.3
secado-fermentacion-01,2026-09-27T15:17:31.075Z,34.32,78.2,174.77
secado-fermentacion-01,2026-09-27T13:47:24.691Z,33.72,76.3,174.97
secado-fermentacion-01,2026-09-27T15:03:30.083Z,34.81,77.6,174.48
secado-fermentacion-01,2026-09-27T15:09:30.501Z,33.88,83.3,174.58
secado-fermentacion-01,2026-09-27T14:39:28.385Z,34.62,86,174.47
secado-fermentacion-01,2026-09-27T15:05:30.216Z,34.53,79.4,174.7
secado-fermentacion-01,2026-09-27T14:07:26.13Z,34.27,79.1,174.54
secado-fermentacion-01,2026-09-27T14:41:28.518Z,34.66,78.6,174.57
secado-fermentacion-01,2026-09-27T15:11:30.644Z,34.19,78.4,174.5
secado-fermentacion-01,2026-09-27T15:29:31.902Z,34.03,77.3,174.41
secado-fermentacion-01,2026-09-27T15:31:32.036Z,34.63,79.5,174.4
secado-fermentacion-01,2026-09-27T13:53:25.155Z,33.84,78.2,174.71
secado-fermentacion-01,2026-09-27T13:55:25.296Z,34.02,78.2,174.95
secado-fermentacion-01,2026-09-27T14:59:29.789Z,34.93,81.6,174.84
secado-fermentacion-01,2026-09-27T15:01:29.934Z,33.97,83.3,174.69
secado-fermentacion-01,2026-09-26T13:17:32.256Z,31.87,83.4,179.08
secado-fermentacion-01,2026-09-26T13:15:32.102Z,31.97,77,178.61
secado-fermentacion-01,2026-09-26T13:13:31.967Z,31.43,75.3,178.81
secado-fermentacion-01,2026-09-26T13:11:31.813Z,31.91,79.7,178.99
secado-fermentacion-01,2026-09-26T13:09:31.685Z,32.3,79.7,178.67
secado-fermentacion-01,2026-09-26T13:07:31.527Z,31.17,75.9,178.72
secado-fermentacion-01,2026-09-26T13:05:31.38Z,31.22,76.2,178.72
secado-fermentacion-01,2026-09-26T13:03:31.254Z,32.07,85.5,178.87
secado-fermentacion-01,2026-09-26T13:01:31.121Z,31.64,77.7,178.87
secado-fermentacion-01,2026-09-26T12:59:30.97Z,31.52,82.8,179.15
secado-fermentacion-01,2026-09-26T12:57:30.83Z,31.67,84.9,179.18
secado-fermentacion-01,2026-09-26T12:55:30.688Z,32.04,82.4,178.9
secado-fermentacion-01,2026-09-26T12:53:30.553Z,31.11,74.7,178.78
secado-fermentacion-01,2026-09-26T12:51:30.403Z,31.37,83.1,178.97
secado-fermentacion-01,2026-09-26T12:49:30.265Z,31.96,85.7,178.95
secado-fermentacion-01,2026-09-26T12:47:30.131Z,31.84,85.6,179.15
secado-fermentacion-01,2026-09-26T12:45:29.976Z,31.87,78.2,178.71
secado-fermentacion-01,2026-09-26T12:43:29.613Z,31.4,84.6,178.7
secado-fermentacion-01,2026-09-26T12:41:29.464Z,31.29,82.7,178.76
secado-fermentacion-01,2026-09-26T12:39:29.327Z,31.28,76,178.68
secado-fermentacion-01,2026-09-26T12:37:29.178Z,32.15,75.5,178.73
secado-fermentacion-01,2026-09-26T12:35:29.031Z,31.21,80.4,178.78
secado-fermentacion-01,2026-09-26T12:33:28.899Z,31.46,80.2,179.1
secado-fermentacion-01,2026-09-26T12:31:28.764Z,31.18,74.9,178.66
secado-fermentacion-01,2026-09-26T12:29:28.61Z,32.05,78.7,178.9
secado-fermentacion-01,2026-09-26T12:27:28.455Z,31.52,81.8,178.92
secado-fermentacion-01,2026-09-26T12:25:28.31Z,32.03,82.7,179.12
secado-fermentacion-01,2026-09-26T12:23:28.164Z,32.07,76.9,178.94
secado-fermentacion-01,2026-09-26T12:21:28.022Z,31.06,82.3,179.11
secado-fermentacion-01,2026-09-26T12:19:27.883Z,31.06,78.6,178.78
secado-fermentacion-01,2026-09-26T12:17:27.696Z,31.33,84.6,178.83
secado-fermentacion-01,2026-09-26T12:15:27.569Z,32.02,75.7,179.14
secado-fermentacion-01,2026-09-26T12:13:27.431Z,31.15,75.2,178.94
secado-fermentacion-01,2026-09-26T12:11:27.289Z,31.43,74.5,179.13
secado-fermentacion-01,2026-09-26T12:09:27.137Z,31.31,74.9,179
secado-fermentacion-01,2026-09-26T12:07:27.003Z,31.42,85.5,179.22
secado-fermentacion-01,2026-09-26T12:05:26.861Z,31.89,82.4,178.75
secado-fermentacion-01,2026-09-26T12:03:26.666Z,31.47,80.1,178.96
secado-fermentacion-01,2026-09-26T12:01:26.524Z,31.39,75.9,179.27
secado-fermentacion-01,2026-09-26T11:59:26.396Z,31.02,78.5,179.07
secado-fermentacion-01,2026-09-26T11:57:26.256Z,31.98,76.8,178.99
secado-fermentacion-01,2026-09-26T11:55:26.107Z,31.99,78.4,178.84
secado-fermentacion-01,2026-09-26T11:53:25.979Z,31.09,83.1,178.84
secado-fermentacion-01,2026-09-26T11:51:25.824Z,31.94,82.5,178.84
secado-fermentacion-01,2026-09-26T11:49:25.679Z,31.78,78.6,179.2
secado-fermentacion-01,2026-09-26T11:47:25.548Z,31.1,84.4,179.29
secado-fermentacion-01,2026-09-26T11:45:25.406Z,31.06,76.8,179.36
secado-fermentacion-01,2026-09-26T11:43:25.274Z,31.37,81.5,179.13
secado-fermentacion-01,2026-09-26T11:41:25.15Z,31.43,84.8,179.11
secado-fermentacion-01,2026-09-26T11:39:24.997Z,32.11,79.4,178.86
secado-fermentacion-01,2026-09-26T11:37:24.856Z,31.33,79,178.87
secado-fermentacion-01,2026-09-26T11:35:24.708Z,32.08,74.9,179.06
secado-fermentacion-01,2026-09-26T11:33:24.575Z,31.93,84.8,179.34
secado-fermentacion-01,2026-09-26T11:31:24.423Z,31.8,74.8,179.04
secado-fermentacion-01,2026-09-26T11:29:24.282Z,31.98,75.3,179.15
secado-fermentacion-01,2026-09-26T11:27:24.136Z,31.21,79.2,179.19
secado-fermentacion-01,2026-09-26T11:25:24.011Z,31.43,82.5,178.84
secado-fermentacion-01,2026-09-26T11:23:23.862Z,30.99,76.2,179.35
secado-fermentacion-01,2026-09-26T11:21:23.723Z,31.46,78.7,179.38
secado-fermentacion-01,2026-09-26T11:19:23.575Z,31.81,79.4,178.89
secado-fermentacion-01,2026-09-26T11:17:23.44Z,31.43,81.3,179.02
secado-fermentacion-01,2026-09-26T11:15:23.301Z,30.96,79.5,179.07
secado-fermentacion-01,2026-09-26T11:13:23.154Z,30.97,76.4,179.25
secado-fermentacion-01,2026-09-26T11:11:23.02Z,31.84,77.6,179.31
secado-fermentacion-01,2026-09-26T11:09:22.872Z,31.39,78.9,179.05
secado-fermentacion-01,2026-09-26T11:07:22.721Z,31.04,81.5,179.33
secado-fermentacion-01,2026-09-26T11:05:22.588Z,30.95,82.3,179.16
secado-fermentacion-01,2026-09-26T11:03:22.453Z,31.24,75.5,179.06
secado-fermentacion-01,2026-09-26T11:01:22.307Z,31.27,75.1,179.47
secado-fermentacion-01,2026-09-26T10:59:22.169Z,31.51,84.6,179.28
secado-fermentacion-01,2026-09-26T10:57:22.034Z,31.58,81.1,179.18
secado-fermentacion-01,2026-09-26T10:55:21.896Z,30.93,85.1,179.49
secado-fermentacion-01,2026-09-26T10:53:21.776Z,30.92,84.2,179.53
secado-fermentacion-01,2026-09-26T10:51:21.62Z,31.42,81.5,178.94
secado-fermentacion-01,2026-09-26T10:49:21.488Z,31.98,74.8,179.47
secado-fermentacion-01,2026-09-26T10:47:21.354Z,31.56,78.2,179.44
secado-fermentacion-01,2026-09-26T10:45:21.197Z,31.98,76,179.01
secado-fermentacion-01,2026-09-26T10:43:21.061Z,31.73,77.6,179.21
secado-fermentacion-01,2026-09-26T10:41:20.933Z,31,79.2,179.22
secado-fermentacion-01,2026-09-26T10:39:20.796Z,31.34,76.5,179.05
secado-fermentacion-01,2026-09-26T10:37:20.653Z,31.23,85.3,179.05
secado-fermentacion-01,2026-09-26T10:35:20.5Z,31.85,78.9,179.41
secado-fermentacion-01,2026-09-26T10:33:20.357Z,31.82,77.9,179.05
secado-fermentacion-01,2026-09-26T10:31:20.213Z,31.73,77.8,179.08
secado-fermentacion-01,2026-09-26T10:29:20.068Z,30.99,82.8,179.09
secado-fermentacion-01,2026-09-26T10:27:19.924Z,31.96,74.9,179.59
secado-fermentacion-01,2026-09-26T10:25:19.786Z,31.15,82.9,179.19
secado-fermentacion-01,2026-09-26T10:23:19.653Z,31.04,81.4,179.02
secado-fermentacion-01,2026-09-26T10:21:19.513Z,31.44,75.7,179.15
secado-fermentacion-01,2026-09-26T10:19:19.371Z,30.92,75.3,179.26
secado-fermentacion-01,2026-09-26T10:17:19.234Z,31.6,82.6,179.11
secado-fermentacion-01,2026-09-26T10:15:19.111Z,30.93,81.3,179.56
secado-fermentacion-01,2026-09-26T10:13:18.964Z,31.26,82.9,179.44
secado-fermentacion-01,2026-09-26T10:11:18.826Z,31.65,75.2,179.43
secado-fermentacion-01,2026-09-26T10:09:18.685Z,30.9,74.5,179.64
secado-fermentacion-01,2026-09-26T10:07:18.563Z,30.98,76.3,179.6
secado-fermentacion-01,2026-09-26T10:05:18.422Z,31.88,74.4,179.52
secado-fermentacion-01,2026-09-26T10:03:18.282Z,30.83,75.5,179.08
secado-fermentacion-01,2026-09-26T10:01:18.136Z,30.8,78.3,179.38
secado-fermentacion-01,2026-09-26T09:59:17.924Z,31.33,84.7,179.15
secado-fermentacion-01,2026-09-26T09:28:57.42Z,31.85,77.3,179.65
secado-fermentacion-01,2026-09-26T09:26:57.283Z,31.51,82.1,179.68
secado-fermentacion-01,2026-09-26T09:24:57.133Z,31.3,83.6,179.23
secado-fermentacion-01,2026-09-26T09:22:57.008Z,31.05,82.9,179.27
secado-fermentacion-01,2026-09-26T09:20:56.867Z,31.3,80.4,179.4
secado-fermentacion-01,2026-09-26T09:18:56.713Z,31.79,81.5,179.29
secado-fermentacion-01,2026-09-26T09:16:56.567Z,31.22,78.6,179.56
secado-fermentacion-01,2026-09-26T09:14:56.43Z,31.02,77.4,179.67
secado-fermentacion-01,2026-09-26T09:12:56.284Z,30.82,75.3,179.43
secado-fermentacion-01,2026-09-26T09:10:56.143Z,31.9,83.5,179.27
secado-fermentacion-01,2026-09-26T09:08:56.002Z,31.18,84.6,179.8
secado-fermentacion-01,2026-09-26T09:06:55.857Z,31.43,77.9,179.77
secado-fermentacion-01,2026-09-26T09:04:55.713Z,31.5,76.9,179.78
secado-fermentacion-01,2026-09-26T09:02:55.561Z,31.38,78.8,179.71
secado-fermentacion-01,2026-09-26T09:00:55.438Z,31.66,79.9,179.5
secado-fermentacion-01,2026-09-26T08:58:55.29Z,31.65,79.3,179.4
secado-fermentacion-01,2026-09-26T08:56:55.143Z,31.19,84.6,179.73
secado-fermentacion-01,2026-09-26T08:54:55.009Z,30.72,76.4,179.67
secado-fermentacion-01,2026-09-26T08:52:54.876Z,31.61,83.4,179.64
secado-fermentacion-01,2026-09-26T08:50:54.725Z,30.85,75.7,179.62
secado-fermentacion-01,2026-09-26T08:48:54.586Z,31.48,76.7,179.36
secado-fermentacion-01,2026-09-26T08:46:54.45Z,31.68,80,179.75
secado-fermentacion-01,2026-09-26T08:44:54.311Z,30.72,83.4,179.68
secado-fermentacion-01,2026-09-26T08:42:54.171Z,31.01,84.4,179.45
secado-fermentacion-01,2026-09-26T08:40:54.016Z,31.33,76.1,179.53
secado-fermentacion-01,2026-09-26T08:38:53.897Z,31.42,75.5,179.56
secado-fermentacion-01,2026-09-26T08:36:53.765Z,30.89,83,179.37
secado-fermentacion-01,2026-09-26T08:34:53.62Z,30.96,78.3,179.4
secado-fermentacion-01,2026-09-26T08:32:53.468Z,31.57,75.4,179.68
secado-fermentacion-01,2026-09-26T08:30:53.323Z,31.32,75.5,179.33
secado-fermentacion-01,2026-09-26T08:28:53.187Z,31.47,78.2,179.72
secado-fermentacion-01,2026-09-26T08:26:53.04Z,31.54,82.7,179.9
secado-fermentacion-01,2026-09-26T08:24:52.9Z,30.88,76.8,179.9
secado-fermentacion-01,2026-09-26T08:22:52.751Z,31.45,85.5,179.6
secado-fermentacion-01,2026-09-26T08:20:52.621Z,31.73,78.7,179.91
secado-fermentacion-01,2026-09-26T08:18:52.474Z,31.48,78.5,179.76
secado-fermentacion-01,2026-09-26T08:16:52.335Z,31.62,74.9,179.67
secado-fermentacion-01,2026-09-26T08:14:52.16Z,31.5,84.5,179.88
secado-fermentacion-01,2026-09-26T08:12:52.022Z,30.82,76.6,179.85
secado-fermentacion-01,2026-09-26T08:10:51.87Z,31.31,83.7,179.91
secado-fermentacion-01,2026-09-26T08:08:51.722Z,31.33,74.1,179.67
secado-fermentacion-01,2026-09-26T08:06:51.588Z,30.89,74.5,179.97
secado-fermentacion-01,2026-09-26T08:04:51.444Z,30.59,77.7,179.44
secado-fermentacion-01,2026-09-26T08:02:51.306Z,30.73,79.9,179.43
secado-fermentacion-01,2026-09-26T08:00:51.17Z,30.69,74.3,179.57
secado-fermentacion-01,2026-09-26T07:58:51.026Z,31.2,74.1,179.63
secado-fermentacion-01,2026-09-26T07:56:50.885Z,31.46,84.9,179.73
secado-fermentacion-01,2026-09-26T07:54:50.747Z,31.6,85.3,179.97
secado-fermentacion-01,2026-09-26T07:52:50.608Z,30.64,81.5,179.98
secado-fermentacion-01,2026-09-26T07:50:50.471Z,30.75,80.8,179.6
secado-fermentacion-01,2026-09-26T07:48:50.329Z,31.51,76.1,179.69
secado-fermentacion-01,2026-09-26T07:46:50.197Z,31.65,81.6,179.63
secado-fermentacion-01,2026-09-26T07:44:50.039Z,30.99,85.6,180.05
secado-fermentacion-01,2026-09-26T07:42:49.909Z,31.1,83.9,179.83
secado-fermentacion-01,2026-09-26T07:40:49.752Z,31.44,81.1,179.65
secado-fermentacion-01,2026-09-26T07:38:49.625Z,30.57,83.6,179.64
secado-fermentacion-01,2026-09-26T07:36:49.48Z,30.83,81.5,179.92
secado-fermentacion-01,2026-09-26T07:34:49.34Z,31.59,74.8,179.98
secado-fermentacion-01,2026-09-26T07:32:49.207Z,30.76,81.7,179.89
secado-fermentacion-01,2026-09-26T07:30:49.038Z,30.81,81.1,180.08
secado-fermentacion-01,2026-09-26T07:28:48.906Z,31.21,78.3,179.95
secado-fermentacion-01,2026-09-26T07:26:48.756Z,30.89,81.8,180
secado-fermentacion-01,2026-09-26T07:24:48.619Z,30.61,80.5,179.85
secado-fermentacion-01,2026-09-26T07:22:48.479Z,31.25,77.7,179.52
secado-fermentacion-01,2026-09-26T07:20:48.329Z,30.83,84.5,179.83
secado-fermentacion-01,2026-09-26T07:18:48.188Z,31.02,76,179.88
secado-fermentacion-01,2026-09-26T07:16:48.037Z,31.54,83.8,179.64
secado-fermentacion-01,2026-09-26T07:14:47.905Z,30.55,84.9,179.69
secado-fermentacion-01,2026-09-26T07:12:47.769Z,31.23,82.7,180.02
secado-fermentacion-01,2026-09-26T07:10:47.634Z,30.56,81.3,179.86
secado-fermentacion-01,2026-09-26T07:08:47.497Z,31.24,76.8,180.07
secado-fermentacion-01,2026-09-26T07:06:47.344Z,31.05,76.5,179.86
secado-fermentacion-01,2026-09-26T07:04:47.217Z,31.38,82.9,179.72
secado-fermentacion-01,2026-09-26T07:02:47.075Z,30.89,81.2,179.65
secado-fermentacion-01,2026-09-26T07:00:46.941Z,30.64,82.3,180.15
secado-fermentacion-01,2026-09-26T06:58:46.806Z,31.23,78.5,180.14
secado-fermentacion-01,2026-09-26T06:56:46.654Z,31.39,75.9,179.69
secado-fermentacion-01,2026-09-26T06:54:46.523Z,31.1,79.7,179.68
secado-fermentacion-01,2026-09-26T06:52:46.382Z,31.6,81.1,179.89
secado-fermentacion-01,2026-09-26T06:50:46.245Z,30.92,80.9,179.73
secado-fermentacion-01,2026-09-26T06:48:46.092Z,30.49,79.8,179.7
secado-fermentacion-01,2026-09-26T06:46:45.952Z,30.74,85.1,179.97
secado-fermentacion-01,2026-09-26T06:44:45.811Z,30.54,77.6,179.69
secado-fermentacion-01,2026-09-26T06:42:45.674Z,31.39,82.9,179.74
secado-fermentacion-01,2026-09-26T06:40:45.518Z,31.46,83.7,180.11
secado-fermentacion-01,2026-09-26T06:38:45.389Z,30.65,79.7,180.1
secado-fermentacion-01,2026-09-26T06:36:45.255Z,30.92,84.5,179.74
secado-fermentacion-01,2026-09-26T06:34:45.106Z,30.45,84,180.15
secado-fermentacion-01,2026-09-26T06:32:44.973Z,30.57,79.4,180.13
secado-fermentacion-01,2026-09-26T06:30:44.818Z,31.51,76.2,180.18
secado-fermentacion-01,2026-09-26T06:28:44.672Z,31.44,78.9,179.88
secado-fermentacion-01,2026-09-26T06:26:44.542Z,30.63,77,180.05
secado-fermentacion-01,2026-09-26T06:24:44.392Z,31.39,79.2,180.27
secado-fermentacion-01,2026-09-26T06:22:44.25Z,30.73,79.8,179.74
secado-fermentacion-01,2026-09-26T06:20:44.123Z,30.51,78.2,180.17
secado-fermentacion-01,2026-09-26T06:18:43.975Z,31.4,74.1,179.73
secado-fermentacion-01,2026-09-26T06:16:43.825Z,31.2,81.5,180.11
secado-fermentacion-01,2026-09-26T06:15:19.28Z,37.49,75.9,169.69
secado-fermentacion-01,2026-09-26T06:13:19.142Z,37.89,85.5,169.86
secado-fermentacion-01,2026-09-26T06:11:19.006Z,36.88,82.7,169.49
secado-fermentacion-01,2026-09-26T06:09:18.873Z,37.74,75.5,169.9
secado-fermentacion-01,2026-09-26T05:37:38.367Z,36.8,86,169.92
secado-fermentacion-01,2026-09-26T05:35:38.219Z,37.97,85.5,169.84
secado-fermentacion-01,2026-09-26T05:33:38.067Z,37.26,83.2,169.84
secado-fermentacion-01,2026-09-26T05:31:37.935Z,37.92,82.4,169.8
secado-fermentacion-01,2026-09-26T05:29:37.79Z,37.02,83.8,169.89
secado-fermentacion-01,2026-09-26T05:27:37.655Z,37.81,82.8,170.11
secado-fermentacion-01,2026-09-26T05:25:37.517Z,36.76,74.1,169.76
secado-fermentacion-01,2026-09-26T05:23:37.387Z,37.15,77.3,170.01
secado-fermentacion-01,2026-09-26T05:21:37.235Z,37.38,81.1,169.7
secado-fermentacion-01,2026-09-26T05:19:37.098Z,37.59,80.7,169.83
secado-fermentacion-01,2026-09-26T05:17:36.951Z,36.87,81,169.59
secado-fermentacion-01,2026-09-26T05:15:36.825Z,37.78,75.8,169.61
secado-fermentacion-01,2026-09-26T05:13:36.672Z,37.33,78.9,170.08
secado-fermentacion-01,2026-09-26T05:11:36.535Z,37.43,85.1,169.62
secado-fermentacion-01,2026-09-26T05:09:36.342Z,37.43,75.1,169.82
secado-fermentacion-01,2026-09-26T05:07:36.207Z,37.59,80.3,170.08
secado-fermentacion-01,2026-09-26T05:05:36.062Z,36.79,84.7,170.12
secado-fermentacion-01,2026-09-26T05:03:35.928Z,37.65,78.1,169.89
secado-fermentacion-01,2026-09-26T05:01:35.788Z,37.78,78.4,169.85
secado-fermentacion-01,2026-09-26T04:59:35.647Z,37.87,84.8,169.94
secado-fermentacion-01,2026-09-26T04:57:35.497Z,37.31,77.7,169.66
secado-fermentacion-01,2026-09-26T04:55:35.36Z,37.39,81.4,169.8
secado-fermentacion-01,2026-09-26T04:53:35.221Z,36.83,84.5,169.76
secado-fermentacion-01,2026-09-26T04:51:35.093Z,36.8,75.3,170.11
secado-fermentacion-01,2026-09-26T04:49:34.94Z,36.75,80.6,169.63
secado-fermentacion-01,2026-09-26T04:47:34.801Z,36.89,81.7,170.01
secado-fermentacion-01,2026-09-26T04:45:34.651Z,37.68,76.5,170.16
secado-fermentacion-01,2026-09-26T04:43:34.512Z,37.19,80.5,169.69
secado-fermentacion-01,2026-09-26T04:41:34.367Z,37.86,76.2,169.73
secado-fermentacion-01,2026-09-26T04:39:34.211Z,37.09,76.8,169.82
secado-fermentacion-01,2026-09-26T04:37:34.075Z,36.93,84.8,170.01
secado-fermentacion-01,2026-09-26T04:35:33.93Z,37.72,80.9,170.16
secado-fermentacion-01,2026-09-26T04:33:33.782Z,36.94,78.9,169.99
secado-fermentacion-01,2026-09-26T04:31:33.639Z,37.75,77.6,169.71
secado-fermentacion-01,2026-09-26T04:29:33.509Z,37.73,78.2,169.71
secado-fermentacion-01,2026-09-26T04:27:33.377Z,37.35,82.3,169.83
secado-fermentacion-01,2026-09-26T04:25:33.234Z,36.98,82.7,170.04
secado-fermentacion-01,2026-09-26T04:23:33.083Z,37.73,83.3,169.8
secado-fermentacion-01,2026-09-26T04:21:32.951Z,37.8,79.3,170.23
secado-fermentacion-01,2026-09-26T04:19:32.824Z,37.37,75.5,169.83
secado-fermentacion-01,2026-09-26T04:17:32.679Z,36.7,85.5,170.04
secado-fermentacion-01,2026-09-26T04:15:32.551Z,37.51,81.4,169.93
secado-fermentacion-01,2026-09-26T04:13:32.401Z,37.19,84.9,169.86
secado-fermentacion-01,2026-09-26T04:11:32.263Z,37.1,85,170.23
secado-fermentacion-01,2026-09-26T04:09:32.113Z,37.27,81,170.13
secado-fermentacion-01,2026-09-26T04:07:31.979Z,36.91,83.7,169.91
secado-fermentacion-01,2026-09-26T04:05:31.839Z,37.09,77,170.07
secado-fermentacion-01,2026-09-26T04:03:31.701Z,37.62,74.7,170.22
secado-fermentacion-01,2026-09-26T04:01:31.531Z,36.78,81.3,170.25
secado-fermentacion-01,2026-09-26T03:59:31.399Z,36.69,84.4,170.1
secado-fermentacion-01,2026-09-26T03:57:31.249Z,36.97,83.4,170.18
secado-fermentacion-01,2026-09-26T03:55:31.114Z,37.53,74.9,169.86
secado-fermentacion-01,2026-09-26T03:53:30.965Z,37.5,82.4,169.98
secado-fermentacion-01,2026-09-26T03:51:30.833Z,36.62,85.2,170.36
secado-fermentacion-01,2026-09-26T03:49:30.676Z,37.78,80.2,170.29
secado-fermentacion-01,2026-09-26T03:47:30.543Z,37.31,84.5,169.99
secado-fermentacion-01,2026-09-26T03:45:30.392Z,37.06,79.9,169.98
secado-fermentacion-01,2026-09-26T03:43:30.252Z,36.88,75.7,170.41
secado-fermentacion-01,2026-09-26T03:41:30.118Z,37.08,85.2,169.89
secado-fermentacion-01,2026-09-26T03:39:29.967Z,36.76,81.7,169.86
secado-fermentacion-01,2026-09-26T03:37:29.831Z,36.67,76.3,170.42
secado-fermentacion-01,2026-09-26T03:35:29.69Z,37.7,77.4,169.9
secado-fermentacion-01,2026-09-26T03:33:29.551Z,37.34,77.3,170.25
secado-fermentacion-01,2026-09-26T03:31:29.422Z,36.65,85.5,169.89
secado-fermentacion-01,2026-09-26T03:29:29.272Z,37.55,79.5,170.33
secado-fermentacion-01,2026-09-26T03:27:29.134Z,37.65,81.7,170.31
secado-fermentacion-01,2026-09-26T03:25:28.999Z,36.8,85.5,170.19
secado-fermentacion-01,2026-09-26T03:23:28.853Z,36.78,83.1,170.44
secado-fermentacion-01,2026-09-26T03:21:28.724Z,36.95,79.5,170.43
secado-fermentacion-01,2026-09-26T03:19:28.582Z,37.31,75.2,170.47
secado-fermentacion-01,2026-09-26T03:17:28.441Z,37.16,75.2,170.13
secado-fermentacion-01,2026-09-26T03:15:28.313Z,37.03,83.8,170.23
secado-fermentacion-01,2026-09-26T03:13:28.163Z,36.81,74.9,170.48
secado-fermentacion-01,2026-09-26T03:11:28.01Z,36.99,76.6,169.97
secado-fermentacion-01,2026-09-26T03:09:27.872Z,36.63,75,170.27
secado-fermentacion-01,2026-09-26T03:07:27.734Z,36.85,79.6,170.16
secado-fermentacion-01,2026-09-26T03:05:27.584Z,36.83,81.3,169.95
secado-fermentacion-01,2026-09-26T03:03:27.441Z,37.12,80.3,170.42
secado-fermentacion-01,2026-09-26T03:01:27.289Z,36.52,84,170.29
secado-fermentacion-01,2026-09-26T02:59:27.156Z,37.38,78.3,169.96
secado-fermentacion-01,2026-09-26T02:57:27.019Z,37.26,74.4,170.21
secado-fermentacion-01,2026-09-26T02:55:26.874Z,37.22,74.2,170.3
secado-fermentacion-01,2026-09-26T02:53:26.725Z,37.51,77.1,170.49
secado-fermentacion-01,2026-09-26T02:51:26.573Z,37.23,80.9,170.35
secado-fermentacion-01,2026-09-26T02:49:26.451Z,37.23,81,170.39
secado-fermentacion-01,2026-09-26T02:47:26.305Z,37.67,82.1,170.55
secado-fermentacion-01,2026-09-26T02:45:26.159Z,37.56,78.5,170.33
secado-fermentacion-01,2026-09-26T02:43:26.015Z,37.66,81.4,170.04
secado-fermentacion-01,2026-09-26T02:41:25.829Z,37.61,85.5,170.48
secado-fermentacion-01,2026-09-26T02:39:25.699Z,36.89,83.7,170.43
secado-fermentacion-01,2026-09-26T02:37:25.549Z,36.62,80.6,170.01
secado-fermentacion-01,2026-09-26T02:35:25.422Z,36.66,79.5,170.36
secado-fermentacion-01,2026-09-26T02:33:25.277Z,37.08,85.9,170.34
secado-fermentacion-01,2026-09-26T02:31:25.152Z,36.57,78.2,170.6
secado-fermentacion-01,2026-09-26T02:29:25.014Z,36.79,78.9,170.11
secado-fermentacion-01,2026-09-26T02:27:24.875Z,37.26,84.2,170.29
secado-fermentacion-01,2026-09-26T02:25:24.73Z,37.48,77,170.03
secado-fermentacion-01,2026-09-26T02:23:24.587Z,37.32,81.4,170.17
secado-fermentacion-01,2026-09-26T02:21:24.453Z,36.6,84.6,170.29
secado-fermentacion-01,2026-09-26T02:19:24.329Z,36.76,82.2,170.1
secado-fermentacion-01,2026-09-26T01:47:43.769Z,37.15,84.5,170.42
secado-fermentacion-01,2026-09-26T01:45:43.635Z,36.68,79.6,170.41
secado-fermentacion-01,2026-09-26T01:43:43.498Z,36.6,75.2,170.38
secado-fermentacion-01,2026-09-26T01:41:43.354Z,36.64,85.4,170.3
secado-fermentacion-01,2026-09-26T01:39:43.225Z,37.53,78.3,170.69
secado-fermentacion-01,2026-09-26T01:37:43.078Z,36.53,84.1,170.21
secado-fermentacion-01,2026-09-26T01:35:42.951Z,36.57,75,170.72
secado-fermentacion-01,2026-09-26T01:33:42.804Z,36.82,82.1,170.46
secado-fermentacion-01,2026-09-26T01:31:42.674Z,37.19,76.2,170.59
secado-fermentacion-01,2026-09-26T01:29:42.533Z,37.43,81.5,170.21
secado-fermentacion-01,2026-09-26T01:27:42.395Z,36.45,75.5,170.72
secado-fermentacion-01,2026-09-26T01:25:42.263Z,36.54,85.6,170.8
secado-fermentacion-01,2026-09-26T01:23:42.128Z,36.57,84.7,170.8
secado-fermentacion-01,2026-09-26T01:21:41.996Z,36.8,79,170.32
secado-fermentacion-01,2026-09-26T01:19:41.857Z,37.11,84.7,170.52
secado-fermentacion-01,2026-09-26T01:17:41.723Z,36.96,83.8,170.28
secado-fermentacion-01,2026-09-26T01:15:41.595Z,36.91,85.1,170.68
secado-fermentacion-01,2026-09-26T01:13:41.442Z,37.5,83.8,170.37
secado-fermentacion-01,2026-09-26T01:11:41.296Z,36.57,79.3,170.35
secado-fermentacion-01,2026-09-26T01:09:41.174Z,36.71,84.7,170.62
secado-fermentacion-01,2026-09-26T01:07:41.023Z,37.18,77.7,170.77
secado-fermentacion-01,2026-09-26T01:05:40.884Z,36.43,84.6,170.53
secado-fermentacion-01,2026-09-26T01:03:40.74Z,37.28,86,170.59
secado-fermentacion-01,2026-09-26T01:01:40.601Z,37.2,76.5,170.73
secado-fermentacion-01,2026-09-26T00:59:40.469Z,37.17,80.4,170.74
secado-fermentacion-01,2026-09-26T00:57:40.325Z,37.04,85.4,170.48
secado-fermentacion-01,2026-09-26T00:55:40.178Z,36.63,82.3,170.68
secado-fermentacion-01,2026-09-26T00:53:40.031Z,36.57,83.7,170.44
secado-fermentacion-01,2026-09-26T00:51:39.889Z,37.29,77.9,170.88
secado-fermentacion-01,2026-09-26T00:49:39.751Z,37.24,84.4,170.87
secado-fermentacion-01,2026-09-26T00:47:39.612Z,37.17,75.9,170.45
secado-fermentacion-01,2026-09-26T00:45:39.471Z,37.3,76.8,170.79
secado-fermentacion-01,2026-09-26T00:43:39.336Z,37.22,74.4,170.5
secado-fermentacion-01,2026-09-26T00:41:39.068Z,37.43,79.2,170.62
secado-fermentacion-01,2026-09-26T00:39:38.94Z,37.29,83.6,170.89
secado-fermentacion-01,2026-09-26T00:37:38.797Z,36.53,77.5,170.46
secado-fermentacion-01,2026-09-26T00:35:38.666Z,36.32,85.6,170.72
secado-fermentacion-01,2026-09-26T00:33:38.53Z,37.03,77.5,170.61
secado-fermentacion-01,2026-09-26T00:31:38.387Z,36.5,78.5,170.53
secado-fermentacion-01,2026-09-26T00:29:38.244Z,36.59,83.8,170.92
secado-fermentacion-01,2026-09-26T00:27:38.104Z,37.19,81.5,170.39
secado-fermentacion-01,2026-09-26T00:25:37.969Z,37.32,82.5,170.8
secado-fermentacion-01,2026-09-26T00:23:37.826Z,36.87,81.2,170.89
secado-fermentacion-01,2026-09-26T00:21:37.699Z,36.79,78.1,170.97
secado-fermentacion-01,2026-09-26T00:19:37.552Z,36.81,74.3,170.78
secado-fermentacion-01,2026-09-26T00:17:37.407Z,36.3,75.2,170.69
secado-fermentacion-01,2026-09-26T00:15:37.268Z,37.3,77.2,170.77
secado-fermentacion-01,2026-09-26T00:13:37.134Z,36.4,82.8,170.81
secado-fermentacion-01,2026-09-26T00:11:36.992Z,36.63,76.9,170.89
secado-fermentacion-01,2026-09-26T00:09:36.839Z,36.52,81.4,170.51
secado-fermentacion-01,2026-09-26T00:07:36.706Z,36.47,74.2,170.81
secado-fermentacion-01,2026-09-26T00:05:36.567Z,36.32,85.8,170.63
secado-fermentacion-01,2026-09-26T00:03:36.437Z,37.29,76,170.56
secado-fermentacion-01,2026-09-26T00:01:36.295Z,36.45,81.1,170.65
secado-fermentacion-01,2026-09-25T23:59:36.166Z,36.21,75.7,170.91
secado-fermentacion-01,2026-09-25T23:57:36.028Z,37.06,84,170.76
secado-fermentacion-01,2026-09-25T23:55:35.88Z,36.81,83.5,170.71
secado-fermentacion-01,2026-09-25T23:53:35.741Z,36.48,83.7,170.8
secado-fermentacion-01,2026-09-25T23:51:35.601Z,36.3,84.7,170.79
secado-fermentacion-01,2026-09-25T23:49:35.459Z,36.33,80.3,170.64
secado-fermentacion-01,2026-09-25T23:47:35.333Z,36.86,79.4,170.94
secado-fermentacion-01,2026-09-25T23:45:35.196Z,36.94,84.9,170.84
secado-fermentacion-01,2026-09-25T23:43:35.055Z,37.33,79.7,170.65
secado-fermentacion-01,2026-09-25T23:41:34.915Z,36.72,74.1,170.7
secado-fermentacion-01,2026-09-25T23:39:34.786Z,37.12,81.8,170.54
secado-fermentacion-01,2026-09-25T23:37:34.648Z,36.8,81.4,170.89
secado-fermentacion-01,2026-09-25T23:35:34.495Z,36.63,85.1,170.91
secado-fermentacion-01,2026-09-25T23:33:34.356Z,37.32,85.9,171.05
secado-fermentacion-01,2026-09-25T23:31:34.217Z,37.17,82.7,171.06
secado-fermentacion-01,2026-09-25T23:29:34.078Z,36.88,76.4,170.67
secado-fermentacion-01,2026-09-25T23:27:33.948Z,36.72,82.4,170.82
secado-fermentacion-01,2026-09-25T23:25:33.825Z,36.52,85.3,171.01
secado-fermentacion-01,2026-09-25T23:23:33.688Z,37.2,79,170.57
secado-fermentacion-01,2026-09-25T23:21:33.554Z,36.34,83.1,170.86
secado-fermentacion-01,2026-09-25T23:19:33.403Z,37.2,79.4,171.08
secado-fermentacion-01,2026-09-25T23:17:33.255Z,36.36,83.3,171.13
secado-fermentacion-01,2026-09-25T23:15:33.127Z,36.74,77.9,170.77
secado-fermentacion-01,2026-09-25T23:13:32.989Z,36.69,85.7,171.06
secado-fermentacion-01,2026-09-25T23:11:32.854Z,37.18,79.8,170.82
secado-fermentacion-01,2026-09-25T23:09:32.691Z,36.77,81.1,170.95
secado-fermentacion-01,2026-09-25T23:07:32.542Z,36.95,83.9,170.73
secado-fermentacion-01,2026-09-25T23:05:32.416Z,37.26,79.1,171.16
secado-fermentacion-01,2026-09-25T23:03:32.271Z,36.5,80.4,170.88
secado-fermentacion-01,2026-09-25T23:01:32.127Z,36.66,76.7,170.91
secado-fermentacion-01,2026-09-25T22:59:31.99Z,37.19,83,170.7
secado-fermentacion-01,2026-09-25T22:57:31.84Z,36.17,75.6,170.62
secado-fermentacion-01,2026-09-25T22:55:31.693Z,36.32,77.5,171.02
secado-fermentacion-01,2026-09-25T22:53:31.553Z,36.2,77.5,171.01
secado-fermentacion-01,2026-09-25T22:51:31.41Z,36.87,79.6,170.65
secado-fermentacion-01,2026-09-25T22:49:31.274Z,36.86,84.6,170.91
secado-fermentacion-01,2026-09-25T22:47:31.14Z,36.08,76.9,171.07
secado-fermentacion-01,2026-09-25T22:45:31.005Z,37.02,82.2,170.73
secado-fermentacion-01,2026-09-25T22:43:30.86Z,36.18,85,170.77
secado-fermentacion-01,2026-09-25T22:41:30.713Z,37.07,82.1,171.06
secado-fermentacion-01,2026-09-25T22:39:30.573Z,36.56,80.2,171.05
secado-fermentacion-01,2026-09-25T22:37:30.44Z,36.45,78.5,170.73
secado-fermentacion-01,2026-09-25T22:35:30.294Z,36.55,76.9,171
secado-fermentacion-01,2026-09-25T22:33:30.139Z,36.32,83.9,170.95
secado-fermentacion-01,2026-09-25T22:31:29.992Z,36.89,79.7,170.81
secado-fermentacion-01,2026-09-25T22:29:29.818Z,36.11,79.7,170.97
secado-fermentacion-01,2026-09-25T21:57:49.187Z,36.17,83.6,171.13
secado-fermentacion-01,2026-09-25T21:55:49.056Z,36.96,86,171.23
secado-fermentacion-01,2026-09-25T21:53:48.914Z,36.28,80.8,171.32
secado-fermentacion-01,2026-09-25T21:51:48.771Z,36.85,84,171.07
secado-fermentacion-01,2026-09-25T21:49:48.644Z,37.03,77.3,171.16
secado-fermentacion-01,2026-09-25T21:47:48.513Z,36.54,82.5,171.18
secado-fermentacion-01,2026-09-25T21:45:48.369Z,37.08,77,171.16
secado-fermentacion-01,2026-09-25T21:43:48.237Z,36.23,83.8,170.84
secado-fermentacion-01,2026-09-25T21:41:48.088Z,36.71,75,171.17
secado-fermentacion-01,2026-09-25T21:39:47.964Z,36.55,84.6,171.02
secado-fermentacion-01,2026-09-25T21:37:47.822Z,36.4,78,170.85
secado-fermentacion-01,2026-09-25T21:35:47.681Z,36.87,82.1,171.04
secado-fermentacion-01,2026-09-25T21:33:47.539Z,36.94,82,171.24
secado-fermentacion-01,2026-09-25T21:31:47.397Z,36.93,78.5,171.32
secado-fermentacion-01,2026-09-25T21:29:47.267Z,36.19,85.1,170.98
secado-fermentacion-01,2026-09-25T21:27:47.107Z,36.17,85.1,171.24
secado-fermentacion-01,2026-09-25T21:25:46.978Z,36.5,85.6,171.25
secado-fermentacion-01,2026-09-25T21:23:46.827Z,35.98,84.1,171.46
secado-fermentacion-01,2026-09-25T21:21:46.689Z,36.92,83,171.4
secado-fermentacion-01,2026-09-25T21:19:46.555Z,36.63,80.9,170.92
secado-fermentacion-01,2026-09-25T21:17:46.417Z,35.99,75.5,171.26
secado-fermentacion-01,2026-09-25T21:15:46.285Z,36.98,81.5,170.95
secado-fermentacion-01,2026-09-25T21:13:46.141Z,36.14,75.9,171.29
secado-fermentacion-01,2026-09-25T21:11:45.992Z,36.16,79,171.38
secado-fermentacion-01,2026-09-25T21:09:45.87Z,36.52,75.3,171.09
secado-fermentacion-01,2026-09-25T21:07:45.728Z,37.05,80.5,171.51
secado-fermentacion-01,2026-09-25T21:05:45.594Z,36.1,80.8,171.47
secado-fermentacion-01,2026-09-25T21:03:45.436Z,36.73,74.1,171.16
secado-fermentacion-01,2026-09-25T21:01:45.306Z,37.05,80.9,170.95
secado-fermentacion-01,2026-09-25T20:59:45.161Z,36.32,74.5,171.29
secado-fermentacion-01,2026-09-25T20:57:45.028Z,36.68,77.9,171.12
secado-fermentacion-01,2026-09-25T20:55:44.894Z,35.9,83.6,171.53
secado-fermentacion-01,2026-09-25T20:53:44.733Z,36.55,78.7,171.53
secado-fermentacion-01,2026-09-25T20:51:44.596Z,35.91,78.9,171.12
secado-fermentacion-01,2026-09-25T20:49:44.435Z,36.04,81.7,171.26
secado-fermentacion-01,2026-09-25T20:47:44.311Z,36.76,82.8,171.39
secado-fermentacion-01,2026-09-25T20:45:44.167Z,36.59,84.8,171.23
secado-fermentacion-01,2026-09-25T20:43:44.023Z,35.91,78,171.27
secado-fermentacion-01,2026-09-25T20:41:43.879Z,36.27,84.6,171.36
secado-fermentacion-01,2026-09-25T20:39:43.742Z,35.87,84.3,171.43
secado-fermentacion-01,2026-09-25T20:37:43.608Z,36.05,84.4,171.6
secado-fermentacion-01,2026-09-25T20:35:43.459Z,36.81,76.2,171.09
secado-fermentacion-01,2026-09-25T20:33:43.331Z,36.96,83.4,171.17
secado-fermentacion-01,2026-09-25T20:31:43.169Z,37.02,85.2,171.39
secado-fermentacion-01,2026-09-25T20:29:43.018Z,36.27,80.7,171.21
secado-fermentacion-01,2026-09-25T20:27:42.882Z,36.49,85.9,171.39
secado-fermentacion-01,2026-09-25T20:25:42.752Z,35.96,78,171.5
secado-fermentacion-01,2026-09-25T20:23:42.612Z,36.3,82.4,171.21
secado-fermentacion-01,2026-09-25T20:21:42.48Z,36.66,83.2,171.5
secado-fermentacion-01,2026-09-25T20:19:42.273Z,36.43,76.6,171.12
secado-fermentacion-01,2026-09-25T20:17:42.147Z,36.11,77.4,171.38
secado-fermentacion-01,2026-09-25T20:15:41.997Z,36.75,75.1,171.45
secado-fermentacion-01,2026-09-25T20:13:41.872Z,36,80.8,171.09
secado-fermentacion-01,2026-09-25T20:11:41.728Z,36.06,79.8,171.38
secado-fermentacion-01,2026-09-25T20:09:41.58Z,36.49,85,171.56
secado-fermentacion-01,2026-09-25T20:07:41.451Z,36.63,79,171.26
secado-fermentacion-01,2026-09-25T20:05:41.299Z,35.88,81.5,171.44
secado-fermentacion-01,2026-09-25T20:03:41.16Z,35.92,83.6,171.57
secado-fermentacion-01,2026-09-25T20:01:41.015Z,36.9,85.3,171.31
secado-fermentacion-01,2026-09-25T19:59:40.884Z,36.56,76.2,171.7
secado-fermentacion-01,2026-09-25T19:57:40.739Z,35.96,83.8,171.26
secado-fermentacion-01,2026-09-25T19:55:40.602Z,36.63,81.1,171.48
secado-fermentacion-01,2026-09-25T19:53:40.461Z,36.1,84.4,171.57
secado-fermentacion-01,2026-09-25T19:51:40.321Z,35.78,78.4,171.31
secado-fermentacion-01,2026-09-25T19:49:40.183Z,36.39,81,171.37
secado-fermentacion-01,2026-09-25T19:47:40.028Z,36.7,85,171.36
secado-fermentacion-01,2026-09-25T19:45:39.903Z,36.21,79.1,171.49
secado-fermentacion-01,2026-09-25T19:43:39.745Z,36.81,76.8,171.43
secado-fermentacion-01,2026-09-25T19:41:39.615Z,36.53,85.7,171.57
secado-fermentacion-01,2026-09-25T19:39:39.48Z,36.85,83.5,171.16
secado-fermentacion-01,2026-09-25T19:37:39.337Z,36.78,81.9,171.58
secado-fermentacion-01,2026-09-25T19:35:39.2Z,36.19,74.7,171.73
secado-fermentacion-01,2026-09-25T19:33:39.058Z,36.7,77.1,171.64
secado-fermentacion-01,2026-09-25T19:31:38.922Z,36.56,83.2,171.77
secado-fermentacion-01,2026-09-25T19:29:38.787Z,35.9,84.8,171.79
secado-fermentacion-01,2026-09-25T19:27:38.655Z,35.91,80.3,171.61
secado-fermentacion-01,2026-09-25T19:25:38.517Z,35.9,74.8,171.64
secado-fermentacion-01,2026-09-25T19:23:38.385Z,36.68,77.9,171.77
secado-fermentacion-01,2026-09-25T19:21:38.235Z,36.15,80.8,171.68
secado-fermentacion-01,2026-09-25T19:19:38.095Z,36.83,81.4,171.61
secado-fermentacion-01,2026-09-25T19:17:37.942Z,36.45,74.5,171.81
secado-fermentacion-01,2026-09-25T19:15:37.816Z,36.5,85.3,171.33
secado-fermentacion-01,2026-09-25T19:13:37.67Z,36.3,80.7,171.83
secado-fermentacion-01,2026-09-25T19:11:37.447Z,36.54,75.8,171.39
secado-fermentacion-01,2026-09-25T19:09:37.31Z,36.31,83.5,171.33
secado-fermentacion-01,2026-09-25T19:07:37.168Z,36.87,77.2,171.34
secado-fermentacion-01,2026-09-25T19:05:37.04Z,36.76,75.6,171.34
secado-fermentacion-01,2026-09-25T19:03:36.902Z,36.3,85.5,171.81
secado-fermentacion-01,2026-09-25T19:01:36.775Z,35.8,75.4,171.43
secado-fermentacion-01,2026-09-25T18:59:36.623Z,35.98,85,171.59
secado-fermentacion-01,2026-09-25T18:57:36.493Z,35.78,80.9,171.79
secado-fermentacion-01,2026-09-25T18:55:36.338Z,36.33,82.7,171.51
secado-fermentacion-01,2026-09-25T18:53:36.197Z,35.88,81.7,171.38
secado-fermentacion-01,2026-09-25T18:51:36.073Z,36.63,85.2,171.73
secado-fermentacion-01,2026-09-25T18:49:35.946Z,36.22,83.4,171.72
secado-fermentacion-01,2026-09-25T18:47:35.796Z,36.77,82.4,171.39
secado-fermentacion-01,2026-09-25T18:45:35.649Z,35.85,85.8,171.76
secado-fermentacion-01,2026-09-25T18:43:35.524Z,36.17,86,171.68
secado-fermentacion-01,2026-09-25T18:41:35.379Z,36.15,79.6,171.55
secado-fermentacion-01,2026-09-25T18:39:35.253Z,35.65,80.3,171.82
secado-fermentacion-01,2026-09-25T18:07:34.735Z,35.61,74.7,171.84
secado-fermentacion-01,2026-09-25T18:05:34.598Z,36.16,85.9,171.43
secado-fermentacion-01,2026-09-25T18:03:34.457Z,35.61,77.6,171.75
secado-fermentacion-01,2026-09-25T18:01:34.316Z,36.6,82.9,171.87
secado-fermentacion-01,2026-09-25T17:59:34.178Z,35.91,77.4,171.7
secado-fermentacion-01,2026-09-25T17:57:34.053Z,35.84,81.3,172.01
secado-fermentacion-01,2026-09-25T17:55:33.92Z,36.29,78.3,171.74
secado-fermentacion-01,2026-09-25T17:53:33.785Z,35.59,76.7,171.87
secado-fermentacion-01,2026-09-25T17:51:33.652Z,36.19,77.8,171.79
secado-fermentacion-01,2026-09-25T17:49:33.514Z,36.59,74.9,171.59
secado-fermentacion-01,2026-09-25T17:47:33.364Z,36.27,79.3,171.77
secado-fermentacion-01,2026-09-25T17:45:33.231Z,36.54,78.1,171.71
secado-fermentacion-01,2026-09-25T17:43:33.092Z,35.75,83,172.01
secado-fermentacion-01,2026-09-25T17:41:32.937Z,36.48,76,171.82
secado-fermentacion-01,2026-09-25T17:39:32.801Z,36.08,81.8,171.62
secado-fermentacion-01,2026-09-25T17:37:32.659Z,35.53,77.8,172.02
secado-fermentacion-01,2026-09-25T17:35:32.521Z,36.28,79.5,171.99
secado-fermentacion-01,2026-09-25T17:33:32.389Z,36.45,80.2,171.81
secado-fermentacion-01,2026-09-25T17:31:32.242Z,35.94,82.6,172.07
secado-fermentacion-01,2026-09-25T17:29:32.096Z,35.91,75.6,171.77
secado-fermentacion-01,2026-09-25T17:27:31.947Z,36.29,76,171.83
secado-fermentacion-01,2026-09-25T17:25:31.816Z,36.14,85.9,171.84
secado-fermentacion-01,2026-09-25T17:23:31.678Z,35.85,75.7,172.05
secado-fermentacion-01,2026-09-25T17:21:31.542Z,36.68,74.2,171.67
secado-fermentacion-01,2026-09-25T17:19:31.397Z,36.67,80.3,172.11
secado-fermentacion-01,2026-09-25T17:17:31.248Z,36.04,76.5,171.95
secado-fermentacion-01,2026-09-25T17:15:31.101Z,36.65,81,172.14
secado-fermentacion-01,2026-09-25T17:13:30.958Z,35.89,85.7,171.63
secado-fermentacion-01,2026-09-25T17:11:30.816Z,35.58,78.6,171.61
secado-fermentacion-01,2026-09-25T17:09:30.676Z,36.64,79.1,171.99
secado-fermentacion-01,2026-09-25T17:07:30.533Z,35.89,77.4,171.92
secado-fermentacion-01,2026-09-25T17:05:30.394Z,36.07,76.5,171.68
secado-fermentacion-01,2026-09-25T17:03:30.269Z,35.71,77.4,171.9
secado-fermentacion-01,2026-09-25T17:01:30.122Z,35.48,74,172.02
secado-fermentacion-01,2026-09-25T16:59:29.992Z,36.22,84.1,171.74
secado-fermentacion-01,2026-09-25T16:57:29.847Z,35.56,84.3,172.13
secado-fermentacion-01,2026-09-25T16:55:29.716Z,35.8,76.1,172.07
secado-fermentacion-01,2026-09-25T16:53:29.561Z,36.56,74.1,171.9
secado-fermentacion-01,2026-09-25T16:51:29.44Z,36.25,83.8,171.72
secado-fermentacion-01,2026-09-25T16:49:29.289Z,36.33,76.4,171.68
secado-fermentacion-01,2026-09-25T16:47:29.153Z,36.2,77.1,171.69
secado-fermentacion-01,2026-09-25T16:45:29.013Z,36.44,75.1,171.94
secado-fermentacion-01,2026-09-25T16:43:28.877Z,36.61,83.2,171.8
secado-fermentacion-01,2026-09-25T16:41:28.723Z,36.04,82.2,171.9
secado-fermentacion-01,2026-09-25T16:39:28.503Z,36.02,84.5,171.74
secado-fermentacion-01,2026-09-25T16:37:28.369Z,35.49,74.6,172.09
secado-fermentacion-01,2026-09-25T16:35:28.216Z,36.32,83.5,171.83
secado-fermentacion-01,2026-09-25T16:33:28.088Z,36,75.3,172.21
secado-fermentacion-01,2026-09-25T16:31:27.946Z,36.31,75.2,172.05
secado-fermentacion-01,2026-09-25T16:29:27.806Z,35.99,77.2,172.02
secado-fermentacion-01,2026-09-25T16:27:27.667Z,35.47,75,172.01
secado-fermentacion-01,2026-09-25T16:25:27.531Z,35.92,82.4,172.01
secado-fermentacion-01,2026-09-25T16:23:27.405Z,36.22,75.6,172.02
secado-fermentacion-01,2026-09-25T16:21:27.26Z,36.55,75.2,171.92
secado-fermentacion-01,2026-09-25T16:19:27.107Z,36.28,83.1,172.1
secado-fermentacion-01,2026-09-25T16:17:26.975Z,36.34,85.2,172.24
secado-fermentacion-01,2026-09-25T16:15:26.842Z,36.19,82.8,172.14
secado-fermentacion-01,2026-09-25T16:13:26.689Z,35.53,84.9,172.22
secado-fermentacion-01,2026-09-25T16:11:26.542Z,36.13,85.6,171.91
secado-fermentacion-01,2026-09-25T16:09:26.409Z,36.32,78.4,172.09
secado-fermentacion-01,2026-09-25T16:07:26.268Z,36.05,84.7,172.29
secado-fermentacion-01,2026-09-25T16:05:26.142Z,36.3,74.5,171.84
secado-fermentacion-01,2026-09-25T16:03:25.989Z,36.35,80.8,172.34
secado-fermentacion-01,2026-09-25T16:01:25.843Z,36,84.6,172.28
secado-fermentacion-01,2026-09-25T15:59:25.707Z,35.86,74.2,171.81
secado-fermentacion-01,2026-09-25T15:57:25.572Z,36.29,82.1,172.24
secado-fermentacion-01,2026-09-25T15:55:25.443Z,35.98,81.1,171.82
secado-fermentacion-01,2026-09-25T15:53:25.31Z,35.44,78.6,172.24
secado-fermentacion-01,2026-09-25T15:51:25.151Z,35.9,83,171.91
secado-fermentacion-01,2026-09-25T15:49:25.026Z,36.33,84.1,172.4
secado-fermentacion-01,2026-09-25T15:47:24.882Z,35.88,79,172.18
secado-fermentacion-01,2026-09-25T15:45:24.75Z,35.56,81.9,171.9
secado-fermentacion-01,2026-09-25T15:43:24.601Z,36.2,75.3,172.22
secado-fermentacion-01,2026-09-25T15:41:24.459Z,36.07,83.8,171.92
secado-fermentacion-01,2026-09-25T15:39:24.325Z,35.79,84.9,172.4
secado-fermentacion-01,2026-09-25T15:37:24.164Z,36.45,74.3,172.24
secado-fermentacion-01,2026-09-25T15:35:24.027Z,35.41,84.6,172.11
secado-fermentacion-01,2026-09-25T15:33:23.886Z,35.53,76,172.2
secado-fermentacion-01,2026-09-25T15:31:23.753Z,35.95,83.4,172.4
secado-fermentacion-01,2026-09-25T15:29:23.599Z,36.41,78.6,172.07
secado-fermentacion-01,2026-09-25T15:27:23.472Z,36.34,83.3,172.18
secado-fermentacion-01,2026-09-25T15:25:23.323Z,35.35,79.6,172.3
secado-fermentacion-01,2026-09-25T15:23:23.176Z,36.23,82.4,172.42
secado-fermentacion-01,2026-09-25T15:21:23.04Z,35.99,82.5,171.91
secado-fermentacion-01,2026-09-25T15:19:22.908Z,35.67,83.5,172.21
secado-fermentacion-01,2026-09-25T15:17:22.768Z,35.72,77.2,172.39
secado-fermentacion-01,2026-09-25T15:15:22.617Z,35.81,83.4,172.39
secado-fermentacion-01,2026-09-25T15:13:22.482Z,35.99,74.1,171.91
secado-fermentacion-01,2026-09-25T15:11:22.321Z,35.76,82.7,172.28
secado-fermentacion-01,2026-09-25T15:09:22.187Z,35.3,79.1,172.1
secado-fermentacion-01,2026-09-25T15:07:22.046Z,35.32,78.1,172.04
secado-fermentacion-01,2026-09-25T15:05:21.909Z,36.25,85.1,172.37
secado-fermentacion-01,2026-09-25T15:03:21.773Z,35.93,75.9,172.37
secado-fermentacion-01,2026-09-25T15:01:21.607Z,35.67,78.3,172.53
secado-fermentacion-01,2026-09-25T14:59:21.483Z,35.26,82.2,172.36
secado-fermentacion-01,2026-09-25T14:57:21.328Z,36.12,74.7,172.45
secado-fermentacion-01,2026-09-25T14:55:21.204Z,35.65,83.3,172.38
secado-fermentacion-01,2026-09-25T14:53:20.943Z,36.08,82.8,172.43
secado-fermentacion-01,2026-09-25T14:51:20.809Z,35.69,85.3,172.01
secado-fermentacion-01,2026-09-25T14:49:20.67Z,35.29,74.1,172.29
secado-fermentacion-01,2026-09-25T14:17:40.1Z,35.39,80.9,172.35
secado-fermentacion-01,2026-09-25T14:15:39.95Z,35.84,82.2,172.07
secado-fermentacion-01,2026-09-25T14:13:39.816Z,36.23,81.3,172.27
secado-fermentacion-01,2026-09-25T14:11:39.668Z,35.59,83.4,172.24
secado-fermentacion-01,2026-09-25T14:09:39.525Z,35.42,76.6,172.56
secado-fermentacion-01,2026-09-25T14:07:39.379Z,35.31,81.5,172.52
secado-fermentacion-01,2026-09-25T14:05:39.227Z,36.29,80,172.42
secado-fermentacion-01,2026-09-25T14:03:39.084Z,36.34,78.6,172.65
secado-fermentacion-01,2026-09-25T14:01:38.932Z,35.2,77.7,172.55
secado-fermentacion-01,2026-09-25T13:59:38.801Z,35.96,79.5,172.61
secado-fermentacion-01,2026-09-25T13:57:38.647Z,35.98,84.2,172.55
secado-fermentacion-01,2026-09-25T13:55:38.515Z,35.78,84.4,172.53
secado-fermentacion-01,2026-09-25T13:53:38.38Z,36.02,74,172.21
secado-fermentacion-01,2026-09-25T13:51:38.229Z,35.82,78.4,172.67
secado-fermentacion-01,2026-09-25T13:49:38.09Z,35.3,78.6,172.65
secado-fermentacion-01,2026-09-25T13:47:37.957Z,35.32,83.9,172.49
secado-fermentacion-01,2026-09-25T13:45:37.809Z,35.36,78.7,172.26
secado-fermentacion-01,2026-09-25T13:43:37.669Z,36.17,84.5,172.36
secado-fermentacion-01,2026-09-25T13:41:37.531Z,35.58,82.7,172.75
secado-fermentacion-01,2026-09-27T14:05:25.991Z,33.74,76.6,174.84
secado-fermentacion-01,2026-09-27T14:09:26.279Z,34.55,77.6,174.5
secado-fermentacion-01,2026-09-27T14:11:26.425Z,34.89,82.5,174.75
secado-fermentacion-01,2026-09-27T14:13:26.569Z,33.9,80.2,174.72
secado-fermentacion-01,2026-09-27T14:19:26.999Z,34.14,80.5,174.86
secado-fermentacion-01,2026-09-27T14:21:27.137Z,34.77,84.1,174.61
secado-fermentacion-01,2026-09-27T15:13:30.788Z,34.04,77.5,174.77
secado-fermentacion-01,2026-09-27T14:33:27.971Z,33.82,82.4,174.54
secado-fermentacion-01,2026-09-27T15:15:30.934Z,34.45,85.4,174.6
secado-fermentacion-01,2026-09-27T14:53:29.368Z,34.14,75.2,174.73
secado-fermentacion-01,2026-09-27T14:55:29.505Z,33.93,76.1,174.48
secado-fermentacion-01,2026-09-27T14:57:29.644Z,34.65,77.6,174.6
secado-fermentacion-01,2026-09-27T14:35:28.098Z,34.94,85,174.55
secado-fermentacion-01,2026-09-27T14:37:28.252Z,34.7,77.8,174.57
secado-fermentacion-01,2026-09-27T15:27:31.761Z,34.01,80.3,174.36
secado-fermentacion-01,2026-09-27T15:33:32.168Z,34.95,75.5,174.69
secado-fermentacion-01,2026-09-27T15:35:32.316Z,34.24,83,174.55
secado-fermentacion-01,2026-09-27T13:49:24.869Z,34.69,74.4,174.88
secado-fermentacion-01,2026-09-27T13:51:25.006Z,34.54,75.9,174.98
secado-fermentacion-01,2026-09-27T14:29:27.69Z,34.14,79.7,174.38
secado-fermentacion-01,2026-09-27T14:31:27.828Z,34.38,75.4,174.33
secado-fermentacion-01,2026-09-27T14:47:28.96Z,34.33,79.4,174.43
secado-fermentacion-01,2026-09-27T13:45:24.535Z,34.3,79.4,174.65
secado-fermentacion-01,2026-09-27T14:03:25.849Z,34.85,82.8,174.87
secado-fermentacion-01,2026-09-27T14:15:26.721Z,34.8,83.7,174.86
secado-fermentacion-01,2026-09-27T15:23:31.481Z,34.54,76.4,174.39
secado-fermentacion-01,2026-09-27T15:25:31.619Z,34.06,85.6,174.77
secado-fermentacion-01,2026-09-27T13:59:25.577Z,34.02,75.3,174.44
secado-fermentacion-01,2026-09-27T14:17:26.853Z,34.39,80.7,174.8
secado-fermentacion-01,2026-09-27T14:43:28.662Z,34.79,77.9,174.31
secado-fermentacion-01,2026-09-27T14:45:28.813Z,34.79,77.1,174.38
secado-fermentacion-01,2026-09-27T15:07:30.36Z,34.03,77.7,174.25
secado-fermentacion-01,2026-09-25T13:39:37.396Z,36.1,85.8,172.59
secado-fermentacion-01,2026-09-25T13:37:37.254Z,35.7,78,172.38
secado-fermentacion-01,2026-09-25T13:35:37.11Z,35.65,75,172.35
secado-fermentacion-01,2026-09-25T13:33:36.972Z,35.97,78.1,172.69
secado-fermentacion-01,2026-09-25T13:31:36.837Z,35.54,80.4,172.35
secado-fermentacion-01,2026-09-25T13:29:36.677Z,35.35,79.4,172.47
secado-fermentacion-01,2026-09-25T13:27:36.537Z,35.33,80.3,172.39
secado-fermentacion-01,2026-09-25T13:25:36.409Z,35.25,83,172.5
secado-fermentacion-01,2026-09-25T13:23:36.264Z,35.36,85.3,172.61
secado-fermentacion-01,2026-09-25T13:21:36.134Z,35.97,82.4,172.41
secado-fermentacion-01,2026-09-25T13:19:35.981Z,35.26,85.5,172.22
secado-fermentacion-01,2026-09-25T13:17:35.851Z,35.68,76.3,172.68
secado-fermentacion-01,2026-09-25T13:15:35.702Z,36.07,81,172.59
secado-fermentacion-01,2026-09-25T13:13:35.578Z,35.37,81.5,172.7
secado-fermentacion-01,2026-09-25T13:11:35.431Z,35.45,74.9,172.77
secado-fermentacion-01,2026-09-25T13:09:35.295Z,35.36,79.9,172.45
secado-fermentacion-01,2026-09-25T13:07:35.144Z,36.18,75.4,172.31
secado-fermentacion-01,2026-09-25T13:05:35.009Z,35.56,84.9,172.51
secado-fermentacion-01,2026-09-25T13:03:34.88Z,35.79,79.2,172.59
secado-fermentacion-01,2026-09-25T13:01:34.74Z,36.07,77.3,172.46
secado-fermentacion-01,2026-09-25T12:59:34.614Z,35.23,78.2,172.79
secado-fermentacion-01,2026-09-25T12:57:34.411Z,36.17,74.6,172.29
secado-fermentacion-01,2026-09-25T12:55:34.267Z,35.76,84.7,172.59
secado-fermentacion-01,2026-09-25T12:53:34.14Z,35.76,82.8,172.51
secado-fermentacion-01,2026-09-25T12:51:34.001Z,35.09,79.9,172.59
secado-fermentacion-01,2026-09-25T12:49:33.866Z,36.03,84.9,172.73
secado-fermentacion-01,2026-09-25T12:47:33.727Z,35.73,74.9,172.48
secado-fermentacion-01,2026-09-25T12:45:33.58Z,35.18,75.3,172.63
secado-fermentacion-01,2026-09-25T12:43:33.445Z,35.13,84.6,172.46
secado-fermentacion-01,2026-09-25T12:41:33.302Z,35.63,78.3,172.58
secado-fermentacion-01,2026-09-25T12:39:33.151Z,35.67,76.3,172.65
secado-fermentacion-01,2026-09-25T12:37:33.02Z,35.85,82.3,172.84
secado-fermentacion-01,2026-09-25T12:35:32.889Z,35.97,80.1,172.58
secado-fermentacion-01,2026-09-25T12:33:32.743Z,35.96,76.4,172.46
secado-fermentacion-01,2026-09-25T12:31:32.608Z,35.89,84.4,172.87
secado-fermentacion-01,2026-09-25T12:29:32.471Z,35.11,77.6,172.87
secado-fermentacion-01,2026-09-25T12:27:32.333Z,35.51,85.3,172.82
secado-fermentacion-01,2026-09-25T12:25:32.181Z,35.45,79.9,172.39
secado-fermentacion-01,2026-09-25T12:23:32.05Z,35.79,74.1,172.88
secado-fermentacion-01,2026-09-25T12:21:31.908Z,35.75,75.5,172.9
secado-fermentacion-01,2026-09-25T12:19:31.765Z,35.1,80.2,172.69
secado-fermentacion-01,2026-09-25T12:17:31.631Z,35.16,78.9,172.45
secado-fermentacion-01,2026-09-25T12:15:31.489Z,35.61,79.8,172.92
secado-fermentacion-01,2026-09-25T12:13:31.35Z,35.09,79.3,172.72
secado-fermentacion-01,2026-09-25T12:11:31.204Z,36.12,82,172.95
secado-fermentacion-01,2026-09-25T12:09:31.066Z,35.36,80.8,172.82
secado-fermentacion-01,2026-09-25T12:07:30.932Z,35.37,79.1,172.7
secado-fermentacion-01,2026-09-25T12:05:30.79Z,35.17,76.4,172.6
secado-fermentacion-01,2026-09-25T12:03:30.657Z,35.27,79.1,172.51
secado-fermentacion-01,2026-09-25T12:01:30.512Z,35.88,83.1,172.86
secado-fermentacion-01,2026-09-25T11:59:30.374Z,35.64,79.9,172.67
secado-fermentacion-01,2026-09-25T11:57:30.25Z,35.57,85.4,172.74
secado-fermentacion-01,2026-09-25T11:55:30.107Z,35.01,83.2,172.83
secado-fermentacion-01,2026-09-25T11:53:29.956Z,34.94,79.6,172.83
secado-fermentacion-01,2026-09-25T11:51:29.822Z,35.24,75,173.04
secado-fermentacion-01,2026-09-25T11:49:29.676Z,35.64,85.3,172.96
secado-fermentacion-01,2026-09-25T11:47:29.542Z,35.41,74.7,172.9
secado-fermentacion-01,2026-09-25T11:45:29.394Z,35.03,85.6,172.97
secado-fermentacion-01,2026-09-25T11:43:29.26Z,35.33,76.1,172.7
secado-fermentacion-01,2026-09-25T11:41:29.117Z,35.88,76.8,172.77
secado-fermentacion-01,2026-09-25T11:39:28.965Z,35.49,81.8,172.55
secado-fermentacion-01,2026-09-25T11:37:28.833Z,35.1,84.5,172.97
secado-fermentacion-01,2026-09-25T11:35:28.691Z,34.96,84.4,172.6
secado-fermentacion-01,2026-09-25T11:33:28.551Z,35.81,82.4,172.87
secado-fermentacion-01,2026-09-25T11:31:28.408Z,35.18,85.9,172.8
secado-fermentacion-01,2026-09-25T11:29:28.289Z,35.52,85.5,173.11
secado-fermentacion-01,2026-09-25T11:27:28.135Z,35.33,78.8,173.11
secado-fermentacion-01,2026-09-25T11:25:27.999Z,35.61,80.9,172.55
secado-fermentacion-01,2026-09-25T11:23:27.859Z,36.07,84.8,172.93
secado-fermentacion-01,2026-09-25T11:21:27.715Z,35.19,81.6,173.11
secado-fermentacion-01,2026-09-25T11:19:27.571Z,35.76,83.1,172.75
secado-fermentacion-01,2026-09-25T11:17:27.432Z,35.38,79.9,173.05
secado-fermentacion-01,2026-09-25T11:15:27.291Z,35.87,80.8,173.13
secado-fermentacion-01,2026-09-25T11:13:27.16Z,35.08,83.1,173.05
secado-fermentacion-01,2026-09-25T11:11:27.037Z,35.03,78.8,172.73
secado-fermentacion-01,2026-09-25T11:09:26.91Z,35.51,84,172.95
secado-fermentacion-01,2026-09-25T11:07:26.779Z,35.81,78.3,172.98
secado-fermentacion-01,2026-09-25T11:05:26.629Z,34.98,83,172.88
secado-fermentacion-01,2026-09-25T11:03:26.494Z,35.11,83.3,172.6
secado-fermentacion-01,2026-09-25T11:01:26.357Z,35.56,75.4,172.6
secado-fermentacion-01,2026-09-25T10:59:26.199Z,35.95,81.6,173.16
secado-fermentacion-01,2026-09-25T10:27:45.645Z,35.28,76.9,173.08
secado-fermentacion-01,2026-09-25T10:25:45.51Z,35.32,85.5,172.87
secado-fermentacion-01,2026-09-25T10:23:45.371Z,35.27,84.5,173.01
secado-fermentacion-01,2026-09-25T10:21:45.238Z,35.65,75.8,172.97
secado-fermentacion-01,2026-09-25T10:19:45.093Z,35.48,79,172.96
secado-fermentacion-01,2026-09-25T10:17:44.956Z,34.91,82.1,172.87
secado-fermentacion-01,2026-09-25T10:15:44.81Z,35.68,80.2,172.78
secado-fermentacion-01,2026-09-25T10:13:44.695Z,35.54,83.8,173.29
secado-fermentacion-01,2026-09-25T10:11:44.548Z,34.93,79.7,173.18
secado-fermentacion-01,2026-09-25T10:09:44.411Z,35.02,74.8,173.1
secado-fermentacion-01,2026-09-25T10:07:44.258Z,35.45,79.3,173.13
secado-fermentacion-01,2026-09-25T10:05:44.138Z,34.87,79.5,173.05
secado-fermentacion-01,2026-09-25T10:03:43.994Z,35.75,78.1,173.2
secado-fermentacion-01,2026-09-25T10:01:43.856Z,35.56,76.2,173.33
secado-fermentacion-01,2026-09-25T09:59:43.725Z,35.78,76.3,173.34
secado-fermentacion-01,2026-09-25T09:57:43.572Z,35.09,85.9,173.02
secado-fermentacion-01,2026-09-25T09:55:43.435Z,35.62,81.1,172.94
secado-fermentacion-01,2026-09-25T09:53:43.3Z,35.3,77.1,172.99
secado-fermentacion-01,2026-09-25T09:51:43.169Z,35.46,79.6,173.03
secado-fermentacion-01,2026-09-25T09:49:43.041Z,35.66,81.6,173.09
secado-fermentacion-01,2026-09-25T09:47:42.897Z,35.29,75.2,173.11
secado-fermentacion-01,2026-09-25T09:45:42.745Z,35.35,80.3,172.96
secado-fermentacion-01,2026-09-25T09:43:42.61Z,35.61,84.6,173.26
secado-fermentacion-01,2026-09-25T09:41:42.477Z,35.62,85.1,173.33
secado-fermentacion-01,2026-09-25T09:39:42.333Z,34.72,79.1,172.84
secado-fermentacion-01,2026-09-25T09:37:42.185Z,35.66,78.3,173.37
secado-fermentacion-01,2026-09-25T09:35:42.052Z,35.17,74.2,173.24
secado-fermentacion-01,2026-09-25T09:33:41.918Z,35.15,79.1,172.92
secado-fermentacion-01,2026-09-25T09:31:41.776Z,35.32,74.2,173.38
secado-fermentacion-01,2026-09-25T09:29:41.64Z,35.35,74.1,173.07
secado-fermentacion-01,2026-09-25T09:27:41.489Z,35.78,85.6,173.41
secado-fermentacion-01,2026-09-25T09:25:41.344Z,35.45,75.9,173.28
secado-fermentacion-01,2026-09-25T09:23:41.199Z,35.1,84.2,173.05
secado-fermentacion-01,2026-09-25T09:21:41.059Z,34.7,79.8,173.14
secado-fermentacion-01,2026-09-25T09:19:40.93Z,35.78,84.5,173.44
secado-fermentacion-01,2026-09-25T09:17:40.77Z,35.05,82.3,173.15
secado-fermentacion-01,2026-09-25T09:15:40.624Z,35.4,82.4,173.15
secado-fermentacion-01,2026-09-25T09:13:40.489Z,34.68,82.9,173.29
secado-fermentacion-01,2026-09-25T09:11:40.351Z,35.42,82.9,172.91
secado-fermentacion-01,2026-09-25T09:09:40.218Z,34.86,85.7,173.19
secado-fermentacion-01,2026-09-25T09:07:40.083Z,35.75,85.9,173.35
secado-fermentacion-01,2026-09-25T09:05:39.952Z,35.35,79.7,173.22
secado-fermentacion-01,2026-09-25T09:03:39.807Z,35.26,84.5,172.95
secado-fermentacion-01,2026-09-25T09:01:39.664Z,34.64,85.4,173.2
secado-fermentacion-01,2026-09-25T08:59:39.529Z,35.82,83.4,172.96
secado-fermentacion-01,2026-09-25T08:57:39.382Z,35.69,76.6,173.09
secado-fermentacion-01,2026-09-25T08:55:39.239Z,35.8,82.7,173.04
secado-fermentacion-01,2026-09-25T08:53:39.108Z,35.49,84.1,173.2
secado-fermentacion-01,2026-09-25T08:51:38.95Z,35.08,79.4,173.15
secado-fermentacion-01,2026-09-25T08:49:38.724Z,34.95,78.3,173.55
secado-fermentacion-01,2026-09-25T08:47:38.585Z,34.85,81.4,172.99
secado-fermentacion-01,2026-09-25T08:45:38.434Z,35.02,84.5,173.36
secado-fermentacion-01,2026-09-25T08:43:38.296Z,34.73,82.7,173.22
secado-fermentacion-01,2026-09-25T08:41:38.145Z,35.4,84.5,173.25
secado-fermentacion-01,2026-09-25T08:39:37.996Z,35.55,83.5,173.01
secado-fermentacion-01,2026-09-25T08:37:37.85Z,35.18,78.5,173.47
secado-fermentacion-01,2026-09-25T08:35:37.714Z,35.74,75.1,173.15
secado-fermentacion-01,2026-09-25T08:33:37.574Z,35.32,84.5,173.48
secado-fermentacion-01,2026-09-25T08:31:37.434Z,34.86,83.2,173.22
secado-fermentacion-01,2026-09-25T08:29:37.305Z,35.28,85.9,173.13
secado-fermentacion-01,2026-09-25T08:27:37.15Z,34.75,85,173.59
secado-fermentacion-01,2026-09-25T08:25:37.02Z,34.84,77.7,173.04
secado-fermentacion-01,2026-09-25T08:23:36.864Z,35.23,76,173.41
secado-fermentacion-01,2026-09-25T08:21:36.746Z,35.15,80.6,173.62
secado-fermentacion-01,2026-09-25T08:19:36.597Z,34.96,78.5,173.59
secado-fermentacion-01,2026-09-25T08:17:36.458Z,34.72,83.5,173.36
secado-fermentacion-01,2026-09-25T08:15:36.323Z,35.15,79.2,173.56
secado-fermentacion-01,2026-09-25T08:13:36.181Z,34.95,85.8,173.54
secado-fermentacion-01,2026-09-25T08:11:36.036Z,35.07,77.3,173.44
secado-fermentacion-01,2026-09-25T08:09:35.905Z,35.32,85.4,173.19
secado-fermentacion-01,2026-09-25T08:07:35.771Z,35.05,76.6,173.68
secado-fermentacion-01,2026-09-25T08:05:35.63Z,35.55,79,173.26
secado-fermentacion-01,2026-09-25T08:03:35.501Z,35.42,77.2,173.18
secado-fermentacion-01,2026-09-25T08:01:35.358Z,35.41,84.7,173.61
secado-fermentacion-01,2026-09-25T07:59:35.217Z,35.46,80.6,173.34
secado-fermentacion-01,2026-09-25T07:57:35.091Z,35.27,76.7,173.35
secado-fermentacion-01,2026-09-25T07:55:34.947Z,35.33,85.3,173.55
secado-fermentacion-01,2026-09-25T07:53:34.801Z,34.71,82.2,173.42
secado-fermentacion-01,2026-09-25T07:51:34.672Z,34.94,74.1,173.68
secado-fermentacion-01,2026-09-25T07:49:34.525Z,35.15,81.3,173.3
secado-fermentacion-01,2026-09-25T07:47:34.383Z,34.7,75.7,173.18
secado-fermentacion-01,2026-09-25T07:45:34.248Z,35.09,80,173.54
secado-fermentacion-01,2026-09-25T07:43:34.098Z,34.91,74.9,173.36
secado-fermentacion-01,2026-09-25T07:41:33.971Z,34.75,83.5,173.72
secado-fermentacion-01,2026-09-25T07:39:33.823Z,35.61,79.2,173.48
secado-fermentacion-01,2026-09-25T07:37:33.689Z,34.76,81.6,173.72
secado-fermentacion-01,2026-09-25T07:35:33.563Z,34.58,81.8,173.72
secado-fermentacion-01,2026-09-25T07:33:33.434Z,34.6,79,173.37
secado-fermentacion-01,2026-09-25T07:31:33.297Z,34.58,78.7,173.37
secado-fermentacion-01,2026-09-25T07:29:33.148Z,35.41,78.2,173.36
secado-fermentacion-01,2026-09-25T07:27:33.009Z,35.01,80.1,173.52
secado-fermentacion-01,2026-09-25T07:25:32.87Z,35.64,77,173.46
secado-fermentacion-01,2026-09-25T07:23:32.726Z,34.84,80.1,173.21
secado-fermentacion-01,2026-09-25T07:21:32.586Z,34.92,83.8,173.72
secado-fermentacion-01,2026-09-25T07:19:32.465Z,35.62,77.6,173.4
secado-fermentacion-01,2026-09-25T07:17:32.307Z,34.59,76.9,173.67
secado-fermentacion-01,2026-09-25T07:15:32.174Z,35.6,84.5,173.52
secado-fermentacion-01,2026-09-25T07:13:32.038Z,35.11,78.1,173.43
secado-fermentacion-01,2026-09-25T07:11:31.892Z,35.61,76.3,173.69
secado-fermentacion-01,2026-09-25T07:09:31.738Z,34.78,75.3,173.82
secado-fermentacion-01,2026-09-25T06:37:31.219Z,34.54,76.9,173.43
secado-fermentacion-01,2026-09-25T06:35:31.074Z,34.93,75.8,173.65
secado-fermentacion-01,2026-09-25T06:33:30.941Z,35.53,74.2,173.51
secado-fermentacion-01,2026-09-25T06:31:30.8Z,35.04,83,173.38
secado-fermentacion-01,2026-09-25T06:29:30.649Z,35.56,84.9,173.89
secado-fermentacion-01,2026-09-25T06:27:30.525Z,34.76,79.5,173.89
secado-fermentacion-01,2026-09-25T06:25:30.376Z,34.92,76.6,173.65
secado-fermentacion-01,2026-09-25T06:23:30.236Z,35.48,79.3,173.53
secado-fermentacion-01,2026-09-25T06:21:30.099Z,35.34,78.9,173.48
secado-fermentacion-01,2026-09-25T06:19:29.951Z,35.17,81.6,173.75
secado-fermentacion-01,2026-09-25T06:17:29.819Z,35.44,75.3,173.94
secado-fermentacion-01,2026-09-25T06:15:29.676Z,34.85,81.1,173.92
secado-fermentacion-01,2026-09-25T06:13:29.544Z,34.68,76.6,173.94
secado-fermentacion-01,2026-09-25T06:11:29.404Z,34.81,79.9,173.94
secado-fermentacion-01,2026-09-25T06:09:29.255Z,35.45,79.2,173.54
secado-fermentacion-01,2026-09-25T06:07:29.052Z,34.48,80.2,173.73
secado-fermentacion-01,2026-09-25T06:05:28.912Z,34.41,76.8,174.02
secado-fermentacion-01,2026-09-25T06:03:28.769Z,35.03,78,173.63
secado-fermentacion-01,2026-09-25T06:01:28.627Z,35.05,74.3,173.71
secado-fermentacion-01,2026-09-25T05:59:28.481Z,34.38,77,173.6
secado-fermentacion-01,2026-09-25T05:57:28.343Z,35.47,85.9,173.79
secado-fermentacion-01,2026-09-25T05:55:28.192Z,34.56,80,173.95
secado-fermentacion-01,2026-09-25T05:53:28.06Z,34.32,83,174.05
secado-fermentacion-01,2026-09-25T05:51:27.919Z,34.59,79,173.65
secado-fermentacion-01,2026-09-25T05:49:27.789Z,34.91,85.7,173.49
secado-fermentacion-01,2026-09-25T05:47:27.644Z,34.41,83.1,173.48
secado-fermentacion-01,2026-09-24T13:37:25.93Z,33.67,75.9,176.44
secado-fermentacion-01,2026-09-24T13:35:25.792Z,32.73,86,176.77
secado-fermentacion-01,2026-09-24T13:33:25.649Z,33.72,85.6,176.26
secado-fermentacion-01,2026-09-24T13:31:25.507Z,33.78,74.6,176.47
secado-fermentacion-01,2026-09-24T13:29:25.364Z,32.71,75.4,176.43
secado-fermentacion-01,2026-09-24T13:27:25.236Z,33.72,83.4,176.74
secado-fermentacion-01,2026-09-24T13:25:25.084Z,33.5,78.1,176.59
secado-fermentacion-01,2026-09-24T13:23:24.941Z,33.23,75.5,176.77
secado-fermentacion-01,2026-09-24T13:21:24.796Z,33.34,82.3,176.44
secado-fermentacion-01,2026-09-24T13:19:24.655Z,33.05,79.8,176.55
secado-fermentacion-01,2026-09-24T13:17:24.527Z,32.8,76.3,176.24
secado-fermentacion-01,2026-09-24T13:15:24.384Z,33.23,81,176.29
secado-fermentacion-01,2026-09-24T13:13:24.239Z,33.45,84.4,176.75
secado-fermentacion-01,2026-09-24T13:11:24.103Z,33.7,82.7,176.72
secado-fermentacion-01,2026-09-24T13:09:23.966Z,32.88,84.9,176.8
secado-fermentacion-01,2026-09-24T13:07:23.841Z,33.05,75.3,176.47
secado-fermentacion-01,2026-09-24T13:05:23.682Z,33.08,76.4,176.73
secado-fermentacion-01,2026-09-24T13:03:23.554Z,32.87,79,176.44
secado-fermentacion-01,2026-09-24T13:01:23.419Z,33.13,75.6,176.78
secado-fermentacion-01,2026-09-24T12:59:23.26Z,32.99,85,176.28
secado-fermentacion-01,2026-09-24T12:57:23.117Z,33.31,78.7,176.85
secado-fermentacion-01,2026-09-24T12:55:22.991Z,33.53,76.2,176.81
secado-fermentacion-01,2026-09-24T12:53:22.85Z,32.6,83.1,176.42
secado-fermentacion-01,2026-09-24T12:51:22.706Z,33.4,85.7,176.4
secado-fermentacion-01,2026-09-24T12:49:22.561Z,32.87,81.7,176.72
secado-fermentacion-01,2026-09-24T12:47:22.433Z,33.21,84,176.31
secado-fermentacion-01,2026-09-24T12:45:22.288Z,33.19,85.2,176.9
secado-fermentacion-01,2026-09-24T12:43:22.153Z,33.25,79.5,176.54
secado-fermentacion-01,2026-09-24T12:41:22.016Z,33.67,80.7,176.79
secado-fermentacion-01,2026-09-24T12:39:21.88Z,33.54,82.1,176.58
secado-fermentacion-01,2026-09-24T12:37:21.737Z,33.15,81.3,176.51
secado-fermentacion-01,2026-09-24T12:35:21.611Z,33.39,79.8,176.47
secado-fermentacion-01,2026-09-24T12:33:21.461Z,33.19,77.9,176.87
secado-fermentacion-01,2026-09-24T12:31:21.326Z,33,76.6,176.57
secado-fermentacion-01,2026-09-24T12:29:21.199Z,33.15,84,176.65
secado-fermentacion-01,2026-09-24T12:27:20.997Z,32.65,80.6,176.58
secado-fermentacion-01,2026-09-24T12:25:20.864Z,33.54,84.7,176.82
secado-fermentacion-01,2026-09-24T12:23:20.729Z,33.37,79.5,176.5
secado-fermentacion-01,2026-09-24T12:21:20.586Z,32.9,77.9,176.48
secado-fermentacion-01,2026-09-24T12:19:20.444Z,32.82,75.1,176.69
secado-fermentacion-01,2026-09-24T12:17:20.309Z,32.76,75.1,176.98
secado-fermentacion-01,2026-09-24T12:15:20.172Z,33.37,79.3,176.45
secado-fermentacion-01,2026-09-24T12:13:20.027Z,32.6,74.9,176.51
secado-fermentacion-01,2026-09-24T12:11:19.89Z,33.37,85.7,176.61
secado-fermentacion-01,2026-09-24T12:09:19.754Z,33.61,81.4,176.66
secado-fermentacion-01,2026-09-24T12:07:19.61Z,32.6,78.6,176.9
secado-fermentacion-01,2026-09-24T12:05:19.48Z,33.62,79.2,177.01
secado-fermentacion-01,2026-09-24T12:03:19.343Z,33.07,83.9,176.57
secado-fermentacion-01,2026-09-24T12:01:19.194Z,32.75,74.4,176.7
secado-fermentacion-01,2026-09-24T11:59:19.061Z,32.95,75.9,176.83
secado-fermentacion-01,2026-09-24T11:27:38.549Z,32.98,77,176.72
secado-fermentacion-01,2026-09-24T11:25:38.398Z,33,75.6,176.99
secado-fermentacion-01,2026-09-24T11:23:38.261Z,33.04,74.6,176.77
secado-fermentacion-01,2026-09-24T11:21:38.123Z,32.42,85.6,176.75
secado-fermentacion-01,2026-09-24T11:19:37.98Z,32.8,84.3,177
secado-fermentacion-01,2026-09-24T11:17:37.832Z,32.82,82.9,177.13
secado-fermentacion-01,2026-09-24T11:15:37.687Z,32.96,85.5,176.66
secado-fermentacion-01,2026-09-24T11:13:37.546Z,32.42,75.6,176.79
secado-fermentacion-01,2026-09-24T11:11:37.413Z,33.38,83.8,176.87
secado-fermentacion-01,2026-09-24T11:09:37.277Z,33.46,85.1,176.88
secado-fermentacion-01,2026-09-24T11:07:37.142Z,33.24,82.8,176.62
secado-fermentacion-01,2026-09-24T11:05:37.003Z,33.16,80.1,176.75
secado-fermentacion-01,2026-09-24T11:03:36.863Z,33.08,81.1,177.07
secado-fermentacion-01,2026-09-24T11:01:36.714Z,32.75,74.8,177.13
secado-fermentacion-01,2026-09-24T10:59:36.575Z,32.8,78.2,177.15
secado-fermentacion-01,2026-09-24T10:57:36.44Z,32.45,80.7,176.84
secado-fermentacion-01,2026-09-24T10:55:36.316Z,33.29,81.1,176.85
secado-fermentacion-01,2026-09-24T10:53:36.172Z,33.33,74.8,176.65
secado-fermentacion-01,2026-09-24T10:51:36.04Z,32.85,77.8,176.79
secado-fermentacion-01,2026-09-24T10:49:35.884Z,32.5,82.5,176.76
secado-fermentacion-01,2026-09-24T10:47:35.744Z,32.71,75.3,176.89
secado-fermentacion-01,2026-09-24T10:45:35.609Z,33.1,75.4,176.91
secado-fermentacion-01,2026-09-24T10:43:35.485Z,32.51,83.1,177.22
secado-fermentacion-01,2026-09-24T10:41:35.272Z,32.9,81.7,177.21
secado-fermentacion-01,2026-09-24T10:39:35.137Z,33.09,74.8,177.05
secado-fermentacion-01,2026-09-24T10:37:34.994Z,32.93,76.4,177.26
secado-fermentacion-01,2026-09-24T10:35:34.846Z,33.12,76.2,176.86
secado-fermentacion-01,2026-09-24T10:33:34.721Z,33.15,76,176.78
secado-fermentacion-01,2026-09-24T10:31:34.565Z,32.71,78,177.03
secado-fermentacion-01,2026-09-24T10:29:34.438Z,33.36,80.3,176.9
secado-fermentacion-01,2026-09-24T10:27:34.296Z,33.23,80.5,176.72
secado-fermentacion-01,2026-09-24T10:25:34.161Z,33.1,79.9,177.26
secado-fermentacion-01,2026-09-24T10:23:34.011Z,32.82,83.4,176.95
secado-fermentacion-01,2026-09-24T10:21:33.871Z,32.32,81.3,177.3
secado-fermentacion-01,2026-09-24T10:19:33.728Z,33.16,76.2,176.8
secado-fermentacion-01,2026-09-24T10:17:33.579Z,33.25,84,177.22
secado-fermentacion-01,2026-09-24T10:15:33.445Z,33.41,78.7,176.93
secado-fermentacion-01,2026-09-24T10:13:33.306Z,33.14,80.8,177.16
secado-fermentacion-01,2026-09-24T10:11:33.165Z,32.37,85.6,177.03
secado-fermentacion-01,2026-09-24T10:09:33.022Z,32.81,79.6,176.84
secado-fermentacion-01,2026-09-24T10:07:32.874Z,32.69,81.3,177.08
secado-fermentacion-01,2026-09-24T10:05:32.738Z,32.42,76.5,177.21
secado-fermentacion-01,2026-09-24T10:03:32.591Z,32.72,79.2,177.19
secado-fermentacion-01,2026-09-24T10:01:32.45Z,32.43,80.9,177.03
secado-fermentacion-01,2026-09-24T09:59:32.297Z,32.31,79.8,177.07
secado-fermentacion-01,2026-09-24T09:57:32.164Z,32.31,79.9,176.88
secado-fermentacion-01,2026-09-24T09:55:32.016Z,33.35,79.4,176.89
secado-fermentacion-01,2026-09-24T09:53:31.889Z,32.94,74.9,177.06
secado-fermentacion-01,2026-09-24T09:51:31.746Z,33.11,81.4,177.2
secado-fermentacion-01,2026-09-24T09:49:31.596Z,32.39,85,176.99
secado-fermentacion-01,2026-09-24T09:47:31.457Z,32.69,79.3,177.14
secado-fermentacion-01,2026-09-24T09:45:31.327Z,32.22,80.2,176.87
secado-fermentacion-01,2026-09-24T09:43:31.184Z,33.25,79.2,177.24
secado-fermentacion-01,2026-09-24T09:41:31.039Z,33.19,74.2,177.09
secado-fermentacion-01,2026-09-24T09:39:30.896Z,32.68,82.5,177.41
secado-fermentacion-01,2026-09-24T09:37:30.749Z,32.27,74.4,177
secado-fermentacion-01,2026-09-24T09:35:30.616Z,33.03,82.8,176.98
secado-fermentacion-01,2026-09-24T09:33:30.467Z,32.26,76.6,177.04
secado-fermentacion-01,2026-09-24T09:31:30.334Z,32.86,83.9,177.31
secado-fermentacion-01,2026-09-27T14:01:25.719Z,34.55,78.5,174.45
secado-fermentacion-01,2026-09-27T14:23:27.276Z,34.71,74.4,174.44
secado-fermentacion-01,2026-09-27T14:25:27.415Z,34.38,82.7,174.52
secado-fermentacion-01,2026-09-27T14:27:27.56Z,34.88,74,174.73
secado-fermentacion-01,2026-09-27T15:19:31.213Z,34.55,77.5,174.27
secado-fermentacion-01,2026-09-27T15:21:31.354Z,34.23,74.8,174.32
secado-fermentacion-01,2026-09-24T09:29:30.179Z,32.37,76.5,177.43
secado-fermentacion-01,2026-09-24T09:27:30.051Z,32.26,77.7,177.04
secado-fermentacion-01,2026-09-24T09:25:29.91Z,32.26,83,176.94
secado-fermentacion-01,2026-09-24T09:23:29.767Z,32.86,83.8,177.21
secado-fermentacion-01,2026-09-24T09:21:29.636Z,32.61,84.5,177.45
secado-fermentacion-01,2026-09-24T09:19:29.506Z,32.42,83.2,177.2
secado-fermentacion-01,2026-09-24T09:17:29.359Z,32.23,81.9,177.01
secado-fermentacion-01,2026-09-24T09:15:29.213Z,32.73,83.4,177.31
secado-fermentacion-01,2026-09-24T09:13:29.072Z,32.96,77.6,176.96
secado-fermentacion-01,2026-09-24T09:11:28.939Z,32.44,84.4,176.93
secado-fermentacion-01,2026-09-24T09:09:28.808Z,32.52,80.5,177.03
secado-fermentacion-01,2026-09-24T09:07:28.663Z,33.33,85.5,177.33
secado-fermentacion-01,2026-09-24T09:05:28.516Z,32.66,78.2,177.25
secado-fermentacion-01,2026-09-24T09:03:28.388Z,32.54,76.7,177.48
secado-fermentacion-01,2026-09-24T09:01:28.253Z,32.65,75.8,177.05
secado-fermentacion-01,2026-09-24T08:59:28.121Z,32.77,80.9,177.37
secado-fermentacion-01,2026-09-24T08:57:27.967Z,32.61,76.3,177.04
secado-fermentacion-01,2026-09-24T08:55:27.825Z,32.49,79.3,177.49
secado-fermentacion-01,2026-09-24T08:53:27.686Z,32.37,79.4,177.07
secado-fermentacion-01,2026-09-24T08:51:27.55Z,32.69,78.1,177.05
secado-fermentacion-01,2026-09-24T08:49:27.413Z,32.56,75.5,177.23
secado-fermentacion-01,2026-09-24T08:47:27.282Z,32.27,76.1,177
secado-fermentacion-01,2026-09-24T08:45:27.134Z,32.36,84.1,177.22
secado-fermentacion-01,2026-09-24T08:43:26.988Z,32.77,83.7,177.28
secado-fermentacion-01,2026-09-24T08:41:26.784Z,32.19,82,177.53
secado-fermentacion-01,2026-09-24T08:39:26.648Z,32.61,78.2,177.56
secado-fermentacion-01,2026-09-24T08:37:26.495Z,32.67,78.5,177.35
secado-fermentacion-01,2026-09-24T08:35:26.345Z,32.74,79.3,177.09
secado-fermentacion-01,2026-09-24T08:33:26.213Z,32.5,81.3,177.46
secado-fermentacion-01,2026-09-24T08:31:26.065Z,33.12,82.7,177.53
secado-fermentacion-01,2026-09-24T08:29:25.936Z,32.6,78.1,177.59
secado-fermentacion-01,2026-09-24T08:27:25.792Z,33.07,82.4,177.11
secado-fermentacion-01,2026-09-24T08:25:25.663Z,32.27,81.5,177.14
secado-fermentacion-01,2026-09-24T08:23:25.519Z,32.23,77,177.19
secado-fermentacion-01,2026-09-24T08:21:25.376Z,32.45,77,177.29
secado-fermentacion-01,2026-09-24T08:19:25.247Z,33.2,79,177.19
secado-fermentacion-01,2026-09-24T08:17:25.097Z,32.26,74.4,177.6
secado-fermentacion-01,2026-09-24T08:15:24.958Z,32.35,79.1,177.54
secado-fermentacion-01,2026-09-24T08:13:24.803Z,32.05,85.8,177.12
secado-fermentacion-01,2026-09-24T08:11:24.661Z,32.06,79.5,177.07
secado-fermentacion-01,2026-09-24T08:09:24.528Z,32.89,79.2,177.58
secado-fermentacion-01,2026-09-24T07:37:43.969Z,32.34,75.6,177.31
secado-fermentacion-01,2026-09-24T07:35:43.818Z,32.98,77.3,177.34
secado-fermentacion-01,2026-09-24T07:33:43.676Z,32.75,74.4,177.32
secado-fermentacion-01,2026-09-24T07:31:43.549Z,32.75,84.4,177.26
secado-fermentacion-01,2026-09-24T07:29:43.418Z,32.08,77.8,177.61
secado-fermentacion-01,2026-09-24T07:27:43.27Z,32.49,85.8,177.7
secado-fermentacion-01,2026-09-24T07:25:43.136Z,32.4,82.1,177.45
secado-fermentacion-01,2026-09-24T07:23:43.003Z,32.63,75.7,177.4
secado-fermentacion-01,2026-09-24T07:21:42.841Z,31.98,79.1,177.43
secado-fermentacion-01,2026-09-24T07:19:42.687Z,32.45,82.9,177.58
secado-fermentacion-01,2026-09-24T07:17:42.554Z,32.72,84.6,177.69
secado-fermentacion-01,2026-09-24T07:15:42.411Z,32.39,84.8,177.47
secado-fermentacion-01,2026-09-24T07:13:42.275Z,32.23,84.1,177.77
secado-fermentacion-01,2026-09-24T07:11:42.148Z,32.85,77.4,177.63
secado-fermentacion-01,2026-09-24T07:09:41.991Z,32.66,75,177.52
secado-fermentacion-01,2026-09-24T07:07:41.859Z,32.56,75.6,177.76
secado-fermentacion-01,2026-09-24T07:05:41.729Z,32.97,83.2,177.75
secado-fermentacion-01,2026-09-24T07:03:41.605Z,32.47,74.4,177.31
secado-fermentacion-01,2026-09-24T07:01:41.455Z,32.24,78,177.8
secado-fermentacion-01,2026-09-24T06:59:41.309Z,31.99,75.5,177.56
secado-fermentacion-01,2026-09-24T06:57:41.172Z,31.93,85.5,177.54
secado-fermentacion-01,2026-09-24T06:55:41.041Z,33.05,82.6,177.35
secado-fermentacion-01,2026-09-24T06:53:40.903Z,32.02,81.9,177.51
secado-fermentacion-01,2026-09-24T06:51:40.767Z,31.98,75.8,177.71
secado-fermentacion-01,2026-09-24T06:49:40.62Z,32.75,81,177.56
secado-fermentacion-01,2026-09-24T06:47:40.472Z,32.31,75.4,177.84
secado-fermentacion-01,2026-09-24T06:45:40.328Z,32.59,78.9,177.5
secado-fermentacion-01,2026-09-24T06:43:40.194Z,32.96,81.3,177.77
secado-fermentacion-01,2026-09-24T06:41:40.054Z,31.97,75.9,177.66
secado-fermentacion-01,2026-09-24T06:39:39.911Z,33.08,84.6,177.61
secado-fermentacion-01,2026-09-24T06:37:39.783Z,32.4,83.9,177.66
secado-fermentacion-01,2026-09-24T06:35:39.657Z,31.99,75.5,177.89
secado-fermentacion-01,2026-09-24T06:33:39.509Z,33.04,80.7,177.94
secado-fermentacion-01,2026-09-24T06:31:39.373Z,32.64,76.6,177.88
secado-fermentacion-01,2026-09-24T06:29:39.24Z,32,81,177.54
secado-fermentacion-01,2026-09-24T06:27:39.109Z,32.39,81.3,177.51
secado-fermentacion-01,2026-09-24T06:25:38.98Z,32.78,80.4,177.46
secado-fermentacion-01,2026-09-24T06:23:38.845Z,32.58,76.3,177.39
secado-fermentacion-01,2026-09-24T06:21:38.685Z,32.21,76,177.48
secado-fermentacion-01,2026-09-24T06:19:38.551Z,32.31,79.2,177.4
secado-fermentacion-01,2026-09-24T06:17:38.405Z,32.51,78.2,177.66
secado-fermentacion-01,2026-09-24T06:15:38.273Z,32.16,74.8,177.99
secado-fermentacion-01,2026-09-24T06:13:38.135Z,31.97,78.2,177.49
secado-fermentacion-01,2026-09-24T06:11:37.981Z,32.68,77.6,177.71
secado-fermentacion-01,2026-09-24T06:09:37.854Z,32.67,75.8,177.51
secado-fermentacion-01,2026-09-24T06:07:37.635Z,32.19,80,177.98
secado-fermentacion-01,2026-09-24T06:05:37.498Z,32.97,84.2,177.83
secado-fermentacion-01,2026-09-24T06:03:37.359Z,32.34,83.1,177.85
secado-fermentacion-01,2026-09-24T06:01:37.211Z,32.65,74.3,177.99
secado-fermentacion-01,2026-09-24T05:59:37.075Z,32.8,86,177.77
secado-fermentacion-01,2026-09-24T05:57:36.939Z,31.95,80.7,177.86
secado-fermentacion-01,2026-09-24T05:55:36.788Z,32.33,75.2,177.84
secado-fermentacion-01,2026-09-24T05:53:36.645Z,32.58,81.7,177.47
secado-fermentacion-01,2026-09-24T05:51:36.512Z,32.6,83.4,177.89
secado-fermentacion-01,2026-09-24T05:49:36.374Z,32.24,75.7,177.99
secado-fermentacion-01,2026-09-24T05:47:36.185Z,32.76,84.6,177.89
secado-fermentacion-01,2026-09-24T05:45:36.054Z,32.93,83,177.98
secado-fermentacion-01,2026-09-24T05:43:35.916Z,31.84,76.6,177.77
secado-fermentacion-01,2026-09-24T05:41:35.77Z,32.13,84,177.96
secado-fermentacion-01,2026-09-24T05:39:35.642Z,32.36,83.5,178.06
secado-fermentacion-01,2026-09-24T05:37:35.489Z,31.98,85.2,177.76
secado-fermentacion-01,2026-09-24T05:35:35.345Z,32.19,83.2,177.87
secado-fermentacion-01,2026-09-24T05:33:35.218Z,31.88,84.6,177.76
secado-fermentacion-01,2026-09-24T05:31:35.067Z,32.42,85.4,177.59
secado-fermentacion-01,2026-09-24T05:29:34.929Z,32.21,82.8,178.01
secado-fermentacion-01,2026-09-24T05:27:34.79Z,32.05,80.1,178.01
secado-fermentacion-01,2026-09-24T05:25:34.663Z,32.43,74.4,177.94
secado-fermentacion-01,2026-09-25T05:45:27.497Z,34.53,74.8,173.97
secado-fermentacion-01,2026-09-25T05:43:27.36Z,34.61,81.8,173.79
secado-fermentacion-01,2026-09-25T05:41:27.223Z,34.29,75.5,173.75
secado-fermentacion-01,2026-09-25T05:39:27.097Z,34.4,85.1,173.51
secado-fermentacion-01,2026-09-25T05:37:26.962Z,35.4,82.7,173.92
secado-fermentacion-01,2026-09-25T05:35:26.827Z,34.62,82.8,173.86
secado-fermentacion-01,2026-09-25T05:33:26.684Z,35.18,81.1,173.65
secado-fermentacion-01,2026-09-25T05:31:26.537Z,34.93,81.3,173.69
secado-fermentacion-01,2026-09-25T05:29:26.401Z,34.86,80.5,173.7
secado-fermentacion-01,2026-09-25T05:27:26.268Z,34.47,81.8,174.05
secado-fermentacion-01,2026-09-25T05:25:26.132Z,34.82,83.3,173.94
secado-fermentacion-01,2026-09-25T05:23:25.982Z,35.28,81,173.64
secado-fermentacion-01,2026-09-25T05:21:25.854Z,34.84,80.4,173.89
secado-fermentacion-01,2026-09-25T05:19:25.708Z,35.39,77.1,174.13
secado-fermentacion-01,2026-09-25T05:17:25.576Z,34.92,79.1,174.03
secado-fermentacion-01,2026-09-25T05:15:25.44Z,34.67,78.4,173.84
secado-fermentacion-01,2026-09-25T05:13:25.311Z,34.59,76.8,173.59
secado-fermentacion-01,2026-09-25T05:11:25.162Z,34.32,82,173.93
secado-fermentacion-01,2026-09-25T05:09:25.019Z,35.31,84.3,173.98
secado-fermentacion-01,2026-09-25T05:07:24.88Z,35.09,79.2,174.1
secado-fermentacion-01,2026-09-25T05:05:24.739Z,35.31,77.2,174.09
secado-fermentacion-01,2026-09-25T05:03:24.6Z,35.01,84.1,174.18
secado-fermentacion-01,2026-09-25T05:01:24.469Z,34.21,76.5,173.88
secado-fermentacion-01,2026-09-25T04:59:24.322Z,34.74,76,173.78
secado-fermentacion-01,2026-09-25T04:57:24.168Z,34.21,74.3,173.62
secado-fermentacion-01,2026-09-25T04:55:24.049Z,35.13,74.7,173.98
secado-fermentacion-01,2026-09-25T04:53:23.903Z,34.9,74.2,173.68
secado-fermentacion-01,2026-09-25T04:51:23.754Z,34.89,80.2,174.1
secado-fermentacion-01,2026-09-25T04:49:23.622Z,34.63,77.8,173.68
secado-fermentacion-01,2026-09-25T04:47:23.471Z,35.2,79.2,173.99
secado-fermentacion-01,2026-09-25T04:45:23.323Z,35.23,75.9,174.24
secado-fermentacion-01,2026-09-25T04:43:23.195Z,34.32,85.6,173.79
secado-fermentacion-01,2026-09-25T04:41:23.058Z,34.98,76.8,173.94
secado-fermentacion-01,2026-09-25T04:39:22.918Z,35.03,78.1,173.75
secado-fermentacion-01,2026-09-25T04:37:22.776Z,35.19,85.1,174.09
secado-fermentacion-01,2026-09-25T04:35:22.639Z,34.86,83.3,174.06
secado-fermentacion-01,2026-09-25T04:33:22.482Z,34.82,77.8,174
secado-fermentacion-01,2026-09-25T04:31:22.348Z,34.25,85.1,173.96
secado-fermentacion-01,2026-09-25T04:29:22.193Z,34.17,83.5,173.93
secado-fermentacion-01,2026-09-25T04:27:22.054Z,35.22,84.8,174.12
secado-fermentacion-01,2026-09-25T04:25:21.923Z,35.21,82.7,174.24
secado-fermentacion-01,2026-09-25T04:23:21.788Z,34.46,76.9,174.02
secado-fermentacion-01,2026-09-25T04:21:21.646Z,34.21,83.4,173.99
secado-fermentacion-01,2026-09-25T04:19:21.512Z,34.31,79.5,173.93
secado-fermentacion-01,2026-09-25T04:17:21.371Z,35.24,80.9,173.87
secado-fermentacion-01,2026-09-25T04:15:21.226Z,34.39,75.5,174.01
secado-fermentacion-01,2026-09-25T04:13:21.092Z,34.29,81.4,174.23
secado-fermentacion-01,2026-09-25T04:11:20.941Z,34.58,74.7,173.95
secado-fermentacion-01,2026-09-25T04:09:20.805Z,34.32,85.7,174.01
secado-fermentacion-01,2026-09-25T04:07:20.659Z,34.32,77.8,173.76
secado-fermentacion-01,2026-09-25T04:05:20.526Z,34.5,80.4,174.35
secado-fermentacion-01,2026-09-25T04:03:20.392Z,34.6,77.2,173.77
secado-fermentacion-01,2026-09-25T04:01:20.266Z,34.48,78.8,174.32
secado-fermentacion-01,2026-09-25T03:59:20.121Z,35.15,78.8,173.86
secado-fermentacion-01,2026-09-25T03:57:19.927Z,34.34,77.1,174.2
secado-fermentacion-01,2026-09-25T03:55:19.788Z,35.26,83.5,174.24
secado-fermentacion-01,2026-09-25T03:53:19.654Z,34.18,81.5,174.36
secado-fermentacion-01,2026-09-25T03:51:19.519Z,34.17,83.8,174.02
secado-fermentacion-01,2026-09-25T03:49:19.367Z,35.19,77,173.95
secado-fermentacion-01,2026-09-25T03:47:19.242Z,34.66,81,174.24
secado-fermentacion-01,2026-09-25T03:45:19.104Z,34.19,76.6,173.97
secado-fermentacion-01,2026-09-25T03:43:18.966Z,34.75,74.2,174.18
secado-fermentacion-01,2026-09-25T03:41:18.833Z,35.24,80.6,173.85
secado-fermentacion-01,2026-09-25T03:39:18.681Z,35.27,76.5,173.91
secado-fermentacion-01,2026-09-25T03:37:18.544Z,34.33,79.5,174.07
secado-fermentacion-01,2026-09-25T03:35:18.42Z,34.24,83.9,174.44
secado-fermentacion-01,2026-09-25T03:33:18.271Z,34.92,78.1,174.05
secado-fermentacion-01,2026-09-25T03:31:18.128Z,35.01,75.5,173.92
secado-fermentacion-01,2026-09-25T03:29:17.992Z,34.26,78.9,174.32
secado-fermentacion-01,2026-09-25T03:27:17.858Z,34.5,75,174.21
secado-fermentacion-01,2026-09-25T03:25:17.713Z,34.82,74.5,174.08
secado-fermentacion-01,2026-09-25T03:23:17.574Z,35.07,81.9,174.01
secado-fermentacion-01,2026-09-25T03:21:17.438Z,34.61,77.6,174.44
secado-fermentacion-01,2026-09-25T03:19:17.3Z,34.57,81.8,174.32
secado-fermentacion-01,2026-09-25T02:47:36.715Z,34.52,82.1,174
secado-fermentacion-01,2026-09-25T02:45:36.578Z,35.04,77.8,174.44
secado-fermentacion-01,2026-09-25T02:43:36.436Z,34.69,77.8,174.12
secado-fermentacion-01,2026-09-25T02:41:36.295Z,34.7,84,174.39
secado-fermentacion-01,2026-09-25T02:39:36.152Z,34.16,81.2,174.29
secado-fermentacion-01,2026-09-25T02:37:36.022Z,34.58,83.6,174.07
secado-fermentacion-01,2026-09-25T02:35:35.884Z,34.54,78.1,174.34
secado-fermentacion-01,2026-09-25T02:33:35.747Z,34.09,84.7,174.16
secado-fermentacion-01,2026-09-25T02:31:35.617Z,34.88,79.4,174.14
secado-fermentacion-01,2026-09-25T02:29:35.481Z,34.17,75.3,174.36
secado-fermentacion-01,2026-09-25T02:27:35.326Z,34.6,79.3,174.53
secado-fermentacion-01,2026-09-25T02:25:35.188Z,34.92,81.7,174.23
secado-fermentacion-01,2026-09-25T02:23:35.062Z,34.4,84,174.46
secado-fermentacion-01,2026-09-25T02:21:34.92Z,34.23,82.7,174.57
secado-fermentacion-01,2026-09-25T02:19:34.773Z,34.79,84.3,174.52
secado-fermentacion-01,2026-09-25T02:17:34.634Z,33.95,78.8,174.53
secado-fermentacion-01,2026-09-25T02:15:34.483Z,35.06,80.4,174.18
secado-fermentacion-01,2026-09-25T02:13:34.358Z,34.97,85.3,174.26
secado-fermentacion-01,2026-09-25T02:11:34.219Z,34.89,75.3,174.09
secado-fermentacion-01,2026-09-25T02:09:34.088Z,34.64,82.3,174.11
secado-fermentacion-01,2026-09-25T02:07:33.943Z,34.56,78.8,174.21
secado-fermentacion-01,2026-09-25T02:05:33.811Z,34.49,82.3,174.23
secado-fermentacion-01,2026-09-25T02:03:33.667Z,34.18,82.1,174.53
secado-fermentacion-01,2026-09-25T02:01:33.523Z,34.2,81.8,174.13
secado-fermentacion-01,2026-09-25T01:59:33.381Z,35.05,86,174.65
secado-fermentacion-01,2026-09-25T01:57:33.24Z,34.58,79.8,174.56
secado-fermentacion-01,2026-09-25T01:55:33.077Z,34.13,79.5,174.5
secado-fermentacion-01,2026-09-25T01:53:32.948Z,34.73,80.1,174.13
secado-fermentacion-01,2026-09-25T01:51:32.743Z,34.42,81,174.28
secado-fermentacion-01,2026-09-25T01:49:32.61Z,34.25,83,174.34
secado-fermentacion-01,2026-09-25T01:47:32.467Z,34.03,81,174.37
secado-fermentacion-01,2026-09-25T01:45:32.329Z,34.56,82.6,174.5
secado-fermentacion-01,2026-09-25T01:43:32.186Z,33.92,83.9,174.7
secado-fermentacion-01,2026-09-25T01:41:32.048Z,34.23,80.4,174.67
secado-fermentacion-01,2026-09-25T01:39:31.915Z,33.87,82.9,174.44
secado-fermentacion-01,2026-09-25T01:37:31.776Z,34.12,83.9,174.37
secado-fermentacion-01,2026-09-25T01:35:31.632Z,34.46,82.1,174.73
secado-fermentacion-01,2026-09-25T01:33:31.485Z,34.29,77.6,174.55
secado-fermentacion-01,2026-09-25T01:31:31.349Z,34.66,83.8,174.66
secado-fermentacion-01,2026-09-25T01:29:31.207Z,34.6,75.5,174.51
secado-fermentacion-01,2026-09-25T01:27:31.067Z,33.97,82.3,174.6
secado-fermentacion-01,2026-09-25T01:25:30.93Z,34.64,77.8,174.72
secado-fermentacion-01,2026-09-25T01:23:30.803Z,34.84,75.1,174.36
secado-fermentacion-01,2026-09-25T01:21:30.659Z,34.05,75,174.31
secado-fermentacion-01,2026-09-25T01:19:30.532Z,34.46,80,174.38
secado-fermentacion-01,2026-09-25T01:17:30.39Z,34.92,78.8,174.54
secado-fermentacion-01,2026-09-25T01:15:30.249Z,34.56,81.3,174.41
secado-fermentacion-01,2026-09-25T01:13:30.114Z,34.09,82.1,174.71
secado-fermentacion-01,2026-09-25T01:11:29.966Z,34.45,82.6,174.46
secado-fermentacion-01,2026-09-25T01:09:29.819Z,34.3,75.6,174.25
secado-fermentacion-01,2026-09-25T01:07:29.67Z,34.62,75,174.84
secado-fermentacion-01,2026-09-25T01:05:29.547Z,34.62,75,174.55
secado-fermentacion-01,2026-09-25T01:03:29.41Z,34.42,81.9,174.84
secado-fermentacion-01,2026-09-25T01:01:29.275Z,34.6,78.8,174.39
secado-fermentacion-01,2026-09-25T00:59:29.141Z,34.28,80.6,174.4
secado-fermentacion-01,2026-09-25T00:57:28.982Z,34.03,83,174.79
secado-fermentacion-01,2026-09-25T00:55:28.851Z,34.07,80,174.69
secado-fermentacion-01,2026-09-25T00:53:28.721Z,33.86,81.7,174.3
secado-fermentacion-01,2026-09-25T00:51:28.54Z,34.58,83.6,174.46
secado-fermentacion-01,2026-09-25T00:49:28.398Z,33.92,74.5,174.88
secado-fermentacion-01,2026-09-25T00:47:28.266Z,34.62,76.5,174.45
secado-fermentacion-01,2026-09-25T00:45:28.11Z,34.56,81.8,174.52
secado-fermentacion-01,2026-09-25T00:43:27.985Z,34.88,78.7,174.45
secado-fermentacion-01,2026-09-25T00:41:27.837Z,34.61,79.1,174.8
secado-fermentacion-01,2026-09-25T00:39:27.694Z,33.84,74.6,174.61
secado-fermentacion-01,2026-09-25T00:37:27.556Z,34.78,81.5,174.85
secado-fermentacion-01,2026-09-25T00:35:27.413Z,34.31,77.4,174.85
secado-fermentacion-01,2026-09-25T00:33:27.267Z,34.94,75.6,174.8
secado-fermentacion-01,2026-09-25T00:31:27.126Z,34.86,79.2,174.41
secado-fermentacion-01,2026-09-25T00:29:26.984Z,34.39,85.1,174.43
secado-fermentacion-01,2026-09-25T00:27:26.84Z,34.29,81.6,174.55
secado-fermentacion-01,2026-09-25T00:25:26.689Z,34.56,82.3,174.42
secado-fermentacion-01,2026-09-25T00:23:26.55Z,34.86,76.1,174.79
secado-fermentacion-01,2026-09-25T00:21:26.417Z,34.83,74.9,174.6
secado-fermentacion-01,2026-09-25T00:19:26.283Z,34.37,78.7,174.96
secado-fermentacion-01,2026-09-25T00:17:26.143Z,33.81,81.6,174.43
secado-fermentacion-01,2026-09-25T00:15:26.001Z,34.45,79.4,174.52
secado-fermentacion-01,2026-09-25T00:13:25.867Z,33.82,77.8,174.93
secado-fermentacion-01,2026-09-25T00:11:25.731Z,34.2,78.5,174.61
secado-fermentacion-01,2026-09-25T00:09:25.584Z,34.72,82.8,174.5
secado-fermentacion-01,2026-09-25T00:07:25.442Z,34.56,82,174.48
secado-fermentacion-01,2026-09-25T00:05:25.303Z,34.16,85.9,174.65
secado-fermentacion-01,2026-09-25T00:03:25.16Z,34.54,74.8,174.64
secado-fermentacion-01,2026-09-25T00:01:25.028Z,34.24,83.9,174.89
secado-fermentacion-01,2026-09-24T23:59:24.899Z,34.53,75.6,174.99
secado-fermentacion-01,2026-09-24T23:57:24.758Z,33.73,84.3,174.89
secado-fermentacion-01,2026-09-24T23:55:24.63Z,34.53,80.8,174.98
secado-fermentacion-01,2026-09-24T23:53:24.477Z,34.21,84.8,175.02
secado-fermentacion-01,2026-09-24T23:51:24.337Z,34.2,84,174.76
secado-fermentacion-01,2026-09-24T23:49:24.212Z,34.83,81.9,174.69
secado-fermentacion-01,2026-09-24T23:47:24.059Z,34.54,82.4,174.57
secado-fermentacion-01,2026-09-24T23:45:23.925Z,34.56,74,174.7
secado-fermentacion-01,2026-09-24T23:43:23.764Z,34.23,81.9,174.96
secado-fermentacion-01,2026-09-24T23:41:23.638Z,34.01,79.6,175.01
secado-fermentacion-01,2026-09-24T23:39:23.514Z,34.81,76.9,174.91
secado-fermentacion-01,2026-09-24T23:37:23.355Z,34.41,76.2,174.57
secado-fermentacion-01,2026-09-24T23:35:23.152Z,34.27,84.5,174.94
secado-fermentacion-01,2026-09-24T23:33:23.005Z,34.33,78.8,174.97
secado-fermentacion-01,2026-09-24T23:31:22.849Z,33.81,75.8,175.06
secado-fermentacion-01,2026-09-24T23:29:22.713Z,34.63,75.9,174.63
secado-fermentacion-01,2026-09-24T22:57:42.183Z,33.91,75.7,174.85
secado-fermentacion-01,2026-09-24T22:55:42.035Z,34.76,85.3,175.14
secado-fermentacion-01,2026-09-24T22:53:41.894Z,34.3,78.9,175.17
secado-fermentacion-01,2026-09-24T22:51:41.766Z,34.73,84.7,174.95
secado-fermentacion-01,2026-09-24T22:49:41.629Z,33.76,85,174.81
secado-fermentacion-01,2026-09-24T22:47:41.489Z,34.11,74.7,175.19
secado-fermentacion-01,2026-09-24T22:45:41.334Z,33.72,85.3,174.88
secado-fermentacion-01,2026-09-24T22:43:41.188Z,34.08,83.6,174.76
secado-fermentacion-01,2026-09-24T22:41:41.052Z,34.32,75.3,175.24
secado-fermentacion-01,2026-09-24T22:39:40.904Z,34.61,85.2,174.92
secado-fermentacion-01,2026-09-24T22:37:40.765Z,34.52,76.4,174.86
secado-fermentacion-01,2026-09-24T22:35:40.635Z,33.72,75.1,174.77
secado-fermentacion-01,2026-09-24T22:33:40.489Z,33.6,83.3,174.76
secado-fermentacion-01,2026-09-24T22:31:40.365Z,34.66,83.7,175.21
secado-fermentacion-01,2026-09-24T22:29:40.228Z,34.57,77.3,175.08
secado-fermentacion-01,2026-09-24T22:27:40.088Z,33.99,82,174.88
secado-fermentacion-01,2026-09-24T22:25:39.933Z,34.14,74.1,174.83
secado-fermentacion-01,2026-09-24T22:23:39.793Z,33.89,80.2,175.21
secado-fermentacion-01,2026-09-24T22:21:39.66Z,33.9,78.7,175.21
secado-fermentacion-01,2026-09-24T22:19:39.521Z,33.62,79.5,174.95
secado-fermentacion-01,2026-09-24T22:17:39.379Z,34.53,77.7,175.1
secado-fermentacion-01,2026-09-24T22:15:39.224Z,33.96,83,175.3
secado-fermentacion-01,2026-09-24T22:13:39.094Z,34.42,85.7,174.87
secado-fermentacion-01,2026-09-24T22:11:38.954Z,34.05,83.5,175.3
secado-fermentacion-01,2026-09-24T22:09:38.808Z,34.29,79.2,174.89
secado-fermentacion-01,2026-09-24T22:07:38.674Z,33.76,82.7,174.84
secado-fermentacion-01,2026-09-24T22:05:38.54Z,34.2,84.2,175.02
secado-fermentacion-01,2026-09-24T22:03:38.4Z,33.96,82.7,174.98
secado-fermentacion-01,2026-09-24T22:01:38.248Z,33.69,74.2,175.17
secado-fermentacion-01,2026-09-24T21:59:38.099Z,34.19,76,175.01
secado-fermentacion-01,2026-09-24T21:57:37.969Z,34.31,85.6,175.36
secado-fermentacion-01,2026-09-24T21:55:37.816Z,33.56,80.4,175.26
secado-fermentacion-01,2026-09-24T21:53:37.68Z,33.8,81.1,175.15
secado-fermentacion-01,2026-09-24T21:51:37.543Z,34.55,74.8,175.07
secado-fermentacion-01,2026-09-24T21:49:37.4Z,34.15,82.2,175.01
secado-fermentacion-01,2026-09-24T21:47:37.253Z,33.66,85.4,175.11
secado-fermentacion-01,2026-09-24T21:45:37.102Z,34.15,77.9,175.25
secado-fermentacion-01,2026-09-24T21:43:36.962Z,33.72,80.9,175.1
secado-fermentacion-01,2026-09-24T21:41:36.819Z,34.17,85,174.91
secado-fermentacion-01,2026-09-24T21:39:36.691Z,34.21,83.6,174.92
secado-fermentacion-01,2026-09-24T21:37:36.491Z,33.57,76.2,174.92
secado-fermentacion-01,2026-09-24T21:35:36.34Z,33.49,81.3,175.42
secado-fermentacion-01,2026-09-24T21:33:36.203Z,33.96,77.2,175
secado-fermentacion-01,2026-09-24T21:31:36.064Z,33.68,83.1,175.32
secado-fermentacion-01,2026-09-24T21:29:35.927Z,33.49,76.1,175.02
secado-fermentacion-01,2026-09-24T21:27:35.789Z,34.19,74.5,175.03
secado-fermentacion-01,2026-09-24T21:25:35.649Z,34.38,79,174.88
secado-fermentacion-01,2026-09-24T21:23:35.517Z,33.97,75.1,175.41
secado-fermentacion-01,2026-09-24T21:21:35.393Z,33.51,74.9,175.12
secado-fermentacion-01,2026-09-24T21:19:35.24Z,33.63,78.7,175.44
secado-fermentacion-01,2026-09-24T21:17:35.106Z,34.1,76,175.1
secado-fermentacion-01,2026-09-24T21:15:34.952Z,33.67,84.9,175.44
secado-fermentacion-01,2026-09-24T21:13:34.818Z,34.52,85,175.5
secado-fermentacion-01,2026-09-24T21:11:34.665Z,33.78,85.8,175.13
secado-fermentacion-01,2026-09-24T21:09:34.524Z,34.29,75.9,175.3
secado-fermentacion-01,2026-09-24T21:07:34.378Z,34.25,77.1,175.29
secado-fermentacion-01,2026-09-24T21:05:34.237Z,34.43,75.3,175.36
secado-fermentacion-01,2026-09-24T21:03:34.109Z,33.51,80.5,174.98
secado-fermentacion-01,2026-09-24T21:01:33.975Z,34.38,83.5,175.47
secado-fermentacion-01,2026-09-24T20:59:33.823Z,34.53,81.8,175.07
secado-fermentacion-01,2026-09-24T20:57:33.678Z,34.34,83.9,175.44
secado-fermentacion-01,2026-09-24T20:55:33.541Z,34.31,74.8,175.2
secado-fermentacion-01,2026-09-24T20:53:33.403Z,34.52,74.2,175.45
secado-fermentacion-01,2026-09-24T20:51:33.255Z,34.49,78.6,175.51
secado-fermentacion-01,2026-09-24T20:49:33.106Z,34.48,76,175.41
secado-fermentacion-01,2026-09-24T20:47:32.974Z,33.38,81.9,175.05
secado-fermentacion-01,2026-09-24T20:45:32.827Z,34.4,79.2,175.05
secado-fermentacion-01,2026-09-24T20:43:32.679Z,33.48,80.7,174.99
secado-fermentacion-01,2026-09-24T20:41:32.535Z,34.15,78.7,175.09
secado-fermentacion-01,2026-09-24T20:39:32.403Z,33.5,78.3,175.24
secado-fermentacion-01,2026-09-24T20:37:32.256Z,34.16,82.5,175.41
secado-fermentacion-01,2026-09-24T20:35:32.132Z,33.8,85.5,175.13
secado-fermentacion-01,2026-09-24T20:33:31.986Z,34.47,75.4,175.28
secado-fermentacion-01,2026-09-24T20:31:31.852Z,33.97,82.8,175.54
secado-fermentacion-01,2026-09-24T20:29:31.704Z,33.5,76.7,175.16
secado-fermentacion-01,2026-09-24T20:27:31.554Z,33.76,79.8,175.26
secado-fermentacion-01,2026-09-24T20:25:31.403Z,34.02,77.8,175.1
secado-fermentacion-01,2026-09-24T20:23:31.252Z,34.39,85,175.49
secado-fermentacion-01,2026-09-24T20:21:31.106Z,34.41,80.3,175.45
secado-fermentacion-01,2026-09-24T20:19:30.974Z,33.7,77.9,175.12
secado-fermentacion-01,2026-09-24T20:17:30.835Z,33.93,84,175.07
secado-fermentacion-01,2026-09-24T20:15:30.697Z,33.35,80.3,175.47
secado-fermentacion-01,2026-09-24T20:13:30.556Z,34.36,80.4,175.35
secado-fermentacion-01,2026-09-24T20:11:30.412Z,34.24,74.9,175.66
secado-fermentacion-01,2026-09-24T20:09:30.268Z,33.59,85,175.36
secado-fermentacion-01,2026-09-24T20:07:30.122Z,33.48,82.7,175.17
secado-fermentacion-01,2026-09-24T20:05:29.972Z,34.42,80.4,175.49
secado-fermentacion-01,2026-09-24T20:03:29.828Z,34.21,74.9,175.32
secado-fermentacion-01,2026-09-24T20:01:29.702Z,34.09,83.4,175.21
secado-fermentacion-01,2026-09-24T19:59:29.539Z,33.58,85.3,175.3
secado-fermentacion-01,2026-09-24T19:57:29.4Z,33.72,81.8,175.46
secado-fermentacion-01,2026-09-24T19:55:29.266Z,33.37,78.1,175.26
secado-fermentacion-01,2026-09-24T19:53:29.109Z,34.06,81.3,175.65
secado-fermentacion-01,2026-09-24T19:51:28.975Z,33.73,83.9,175.69
secado-fermentacion-01,2026-09-24T19:49:28.84Z,33.4,77.5,175.66
secado-fermentacion-01,2026-09-24T19:47:28.693Z,34.13,76.4,175.46
secado-fermentacion-01,2026-09-24T19:45:28.555Z,33.27,80.9,175.22
secado-fermentacion-01,2026-09-24T19:43:28.358Z,34.2,85.5,175.4
secado-fermentacion-01,2026-09-24T19:41:28.231Z,33.25,82.4,175.72
secado-fermentacion-01,2026-09-24T19:39:28.071Z,33.87,85.9,175.2
secado-fermentacion-01,2026-09-24T19:07:47.499Z,34.37,74.5,175.34
secado-fermentacion-01,2026-09-24T19:05:47.362Z,33.83,84.7,175.28
secado-fermentacion-01,2026-09-24T19:03:47.218Z,34.36,82.1,175.42
secado-fermentacion-01,2026-09-24T19:01:47.075Z,34.1,84.5,175.48
secado-fermentacion-01,2026-09-24T18:59:46.924Z,33.29,79.4,175.37
secado-fermentacion-01,2026-09-24T18:57:46.786Z,33.66,81.3,175.87
secado-fermentacion-01,2026-09-24T18:55:46.645Z,34.34,84.8,175.76
secado-fermentacion-01,2026-09-24T18:53:46.524Z,33.34,79.6,175.42
secado-fermentacion-01,2026-09-24T18:51:46.381Z,33.44,83.8,175.86
secado-fermentacion-01,2026-09-24T18:49:46.231Z,34.11,85.7,175.72
secado-fermentacion-01,2026-09-24T18:47:46.088Z,33.7,81.6,175.8
secado-fermentacion-01,2026-09-24T18:45:45.954Z,33.94,81.7,175.85
secado-fermentacion-01,2026-09-24T18:43:45.801Z,33.89,77.9,175.51
secado-fermentacion-01,2026-09-24T18:41:45.666Z,34.09,78.2,175.79
secado-fermentacion-01,2026-09-24T18:39:45.525Z,33.61,78.1,175.91
secado-fermentacion-01,2026-09-24T18:37:45.379Z,33.95,84.1,175.55
secado-fermentacion-01,2026-09-24T18:35:45.231Z,33.62,81.4,175.44
secado-fermentacion-01,2026-09-24T18:33:45.106Z,33.87,79.1,175.61
secado-fermentacion-01,2026-09-24T18:31:44.965Z,34.03,77.5,175.76
secado-fermentacion-01,2026-09-24T18:29:44.825Z,33.21,83.5,175.49
secado-fermentacion-01,2026-09-24T18:27:44.695Z,34.24,82.5,175.51
secado-fermentacion-01,2026-09-24T18:25:44.546Z,33.53,85.8,175.57
secado-fermentacion-01,2026-09-24T18:23:44.41Z,33.97,80.6,175.82
secado-fermentacion-01,2026-09-24T18:21:44.261Z,33.32,85.2,175.42
secado-fermentacion-01,2026-09-24T18:19:44.114Z,33.45,78.5,175.62
secado-fermentacion-01,2026-09-24T18:17:43.98Z,33.62,80.9,175.4
secado-fermentacion-01,2026-09-24T18:15:43.842Z,34.17,83.8,175.83
secado-fermentacion-01,2026-09-24T18:13:43.7Z,33.91,80.6,175.54
secado-fermentacion-01,2026-09-24T18:11:43.561Z,33.19,75.8,175.5
secado-fermentacion-01,2026-09-24T18:09:43.434Z,33.94,75.6,175.85
secado-fermentacion-01,2026-09-24T18:07:43.297Z,33.31,82.1,175.57
secado-fermentacion-01,2026-09-24T18:05:43.15Z,34.24,82.4,175.87
secado-fermentacion-01,2026-09-24T18:03:43.021Z,34,84.3,175.96
secado-fermentacion-01,2026-09-24T18:01:42.871Z,33.18,78.3,175.44
secado-fermentacion-01,2026-09-24T17:59:42.743Z,33.47,74.7,175.59
secado-fermentacion-01,2026-09-24T17:57:42.601Z,33.73,81,175.49
secado-fermentacion-01,2026-09-24T17:55:42.462Z,33.24,77.3,176.04
secado-fermentacion-01,2026-09-24T17:53:42.33Z,33.42,75.7,175.88
secado-fermentacion-01,2026-09-24T17:51:42.127Z,33.52,85.1,175.54
secado-fermentacion-01,2026-09-24T17:49:42.002Z,34,83,175.52
secado-fermentacion-01,2026-09-24T17:47:41.866Z,33.39,76,175.64
secado-fermentacion-01,2026-09-24T17:45:41.715Z,33.95,77.7,175.68
secado-fermentacion-01,2026-09-24T17:43:41.577Z,33.46,76.5,176.01
secado-fermentacion-01,2026-09-24T17:41:41.441Z,33.17,81.1,175.96
secado-fermentacion-01,2026-09-24T17:39:41.299Z,33.82,76.1,175.84
secado-fermentacion-01,2026-09-24T17:37:41.155Z,33.18,85.4,175.88
secado-fermentacion-01,2026-09-24T17:35:41.021Z,33.34,74.4,175.73
secado-fermentacion-01,2026-09-24T17:33:40.88Z,33.75,85.9,175.62
secado-fermentacion-01,2026-09-24T17:31:40.734Z,33.94,79.1,175.72
secado-fermentacion-01,2026-09-24T17:29:40.602Z,33.06,83.3,175.91
secado-fermentacion-01,2026-09-24T17:27:40.449Z,33.67,77.2,175.67
secado-fermentacion-01,2026-09-24T17:25:40.312Z,33.89,81.3,175.83
secado-fermentacion-01,2026-09-24T17:23:40.186Z,33.19,81.9,175.54
secado-fermentacion-01,2026-09-24T17:21:40.018Z,33.06,85.2,175.8
secado-fermentacion-01,2026-09-24T17:19:39.883Z,33.24,76.1,176.12
secado-fermentacion-01,2026-09-24T17:17:39.741Z,33.95,76.2,176.07
secado-fermentacion-01,2026-09-24T17:15:39.581Z,34.18,80.2,176.04
secado-fermentacion-01,2026-09-24T17:13:39.444Z,33.83,77.6,175.66
secado-fermentacion-01,2026-09-24T17:11:39.296Z,33.59,74.4,175.63
secado-fermentacion-01,2026-09-24T17:09:39.168Z,34.1,85.9,176.02
secado-fermentacion-01,2026-09-24T17:07:39.045Z,33.68,81.4,175.6
secado-fermentacion-01,2026-09-24T17:05:38.902Z,33.5,79.9,176.02
secado-fermentacion-01,2026-09-24T17:03:38.759Z,33.88,75.6,175.85
secado-fermentacion-01,2026-09-24T17:01:38.624Z,33.01,82.9,175.84
secado-fermentacion-01,2026-09-24T16:59:38.479Z,34.02,85.7,175.66
secado-fermentacion-01,2026-09-24T16:57:38.349Z,34.09,80.4,176.19
secado-fermentacion-01,2026-09-24T16:55:38.213Z,33.17,79.4,175.62
secado-fermentacion-01,2026-09-24T16:53:38.073Z,33.18,85.8,175.99
secado-fermentacion-01,2026-09-24T16:51:37.95Z,33.41,80.2,175.79
secado-fermentacion-01,2026-09-24T16:49:37.801Z,33.12,76.9,176.02
secado-fermentacion-01,2026-09-24T16:47:37.674Z,33.85,80.2,176.2
secado-fermentacion-01,2026-09-24T16:45:37.534Z,34.02,78.9,176.12
secado-fermentacion-01,2026-09-24T16:43:37.404Z,33.17,85.4,176.08
secado-fermentacion-01,2026-09-24T16:41:37.259Z,33.29,82.7,175.78
secado-fermentacion-01,2026-09-24T16:39:37.107Z,33.57,78.8,176.26
secado-fermentacion-01,2026-09-24T16:37:36.958Z,33.49,80.2,175.71
secado-fermentacion-01,2026-09-24T16:35:36.809Z,34.08,78,175.69
secado-fermentacion-01,2026-09-24T16:33:36.668Z,34.02,75.9,176.11
secado-fermentacion-01,2026-09-24T16:31:36.523Z,32.91,84.9,176.09
secado-fermentacion-01,2026-09-24T16:29:36.384Z,33.76,79.7,175.96
secado-fermentacion-01,2026-09-24T16:27:36.244Z,33.32,78.3,176.08
secado-fermentacion-01,2026-09-24T16:25:36.112Z,33.1,77.6,175.78
secado-fermentacion-01,2026-09-24T16:23:35.962Z,34.08,76.2,175.92
secado-fermentacion-01,2026-09-24T16:21:35.836Z,33.61,81.7,176.3
secado-fermentacion-01,2026-09-24T16:19:35.689Z,33.39,85.2,176.1
secado-fermentacion-01,2026-09-24T16:17:35.548Z,33.44,77.2,176.28
secado-fermentacion-01,2026-09-24T16:15:35.411Z,32.91,81.4,176.07
secado-fermentacion-01,2026-09-24T16:13:35.281Z,33.38,84.8,176.1
secado-fermentacion-01,2026-09-24T16:11:35.128Z,33.03,75.9,176.14
secado-fermentacion-01,2026-09-24T16:09:34.977Z,33.02,84.1,175.9
secado-fermentacion-01,2026-09-24T16:07:34.799Z,33.83,79.4,176.14
secado-fermentacion-01,2026-09-24T16:05:34.652Z,33.67,74.6,176.2
secado-fermentacion-01,2026-09-24T16:03:34.519Z,33.4,75.4,175.85
secado-fermentacion-01,2026-09-24T16:01:34.386Z,33.3,84.4,175.96
secado-fermentacion-01,2026-09-24T15:59:34.25Z,33.67,84.3,175.78
secado-fermentacion-01,2026-09-24T15:57:34.094Z,33.72,76.7,176.06
secado-fermentacion-01,2026-09-24T15:55:33.959Z,33.07,85.2,176
secado-fermentacion-01,2026-09-24T15:53:33.84Z,33.23,82,176.33
secado-fermentacion-01,2026-09-24T15:51:33.697Z,33.68,83.5,176.15
secado-fermentacion-01,2026-09-24T15:49:33.561Z,33.96,81.7,175.97
secado-fermentacion-01,2026-09-24T15:17:33Z,33.57,79.1,176.14
secado-fermentacion-01,2026-09-24T15:15:32.845Z,32.86,77.2,176.27
secado-fermentacion-01,2026-09-24T15:13:32.705Z,33.86,84.7,176.06
secado-fermentacion-01,2026-09-24T15:11:32.567Z,33.35,78,176.07
secado-fermentacion-01,2026-09-24T15:09:32.43Z,33.84,78.2,176.07
secado-fermentacion-01,2026-09-24T15:07:32.281Z,33.93,81,176.18
secado-fermentacion-01,2026-09-24T15:05:32.135Z,33.13,83.4,175.99
secado-fermentacion-01,2026-09-24T15:03:31.999Z,33.78,74.8,176.18
secado-fermentacion-01,2026-09-24T15:01:31.865Z,33.11,81.2,176.32
secado-fermentacion-01,2026-09-24T14:59:31.734Z,33,78.2,176.27
secado-fermentacion-01,2026-09-24T14:57:31.592Z,32.79,80.3,176.28
secado-fermentacion-01,2026-09-24T14:55:31.445Z,33.78,80.1,176.52
secado-fermentacion-01,2026-09-24T14:53:31.307Z,33.05,80.3,176.03
secado-fermentacion-01,2026-09-24T14:51:31.179Z,33.74,76.7,176.36
secado-fermentacion-01,2026-09-24T14:49:31.047Z,32.84,76.1,176.43
secado-fermentacion-01,2026-09-24T14:47:30.894Z,33.85,76.2,176.42
secado-fermentacion-01,2026-09-24T14:45:30.755Z,33.52,75.8,176.52
secado-fermentacion-01,2026-09-24T14:43:30.629Z,33.07,81.3,176.2
secado-fermentacion-01,2026-09-24T14:41:30.485Z,32.91,74.4,176.15
secado-fermentacion-01,2026-09-24T14:39:30.338Z,32.94,76.1,176.07
secado-fermentacion-01,2026-09-24T14:37:30.206Z,33.81,77.1,176.29
secado-fermentacion-01,2026-09-24T14:35:30.071Z,33.46,82,176.13
secado-fermentacion-01,2026-09-24T14:33:29.909Z,33.24,79.2,176.35
secado-fermentacion-01,2026-09-24T14:31:29.762Z,33.52,76.8,176.43
secado-fermentacion-01,2026-09-24T14:29:29.637Z,33.8,84.7,176.58
secado-fermentacion-01,2026-09-24T14:27:29.5Z,33.19,80.4,176.08
secado-fermentacion-01,2026-09-24T14:25:29.314Z,33.36,78.9,176.6
secado-fermentacion-01,2026-09-24T14:23:29.181Z,32.87,82.6,176.23
secado-fermentacion-01,2026-09-24T14:21:29.031Z,33.69,85.1,176.57
secado-fermentacion-01,2026-09-24T14:19:28.88Z,33.49,75.4,176.3
secado-fermentacion-01,2026-09-24T14:17:28.739Z,33.1,82,176.11
secado-fermentacion-01,2026-09-24T14:15:28.605Z,33.53,82.3,176.23
secado-fermentacion-01,2026-09-24T14:13:28.46Z,33.04,77.4,176.42
secado-fermentacion-01,2026-09-24T14:11:28.33Z,33.48,80.1,176.11
secado-fermentacion-01,2026-09-24T14:09:28.181Z,32.81,83.5,176.52
secado-fermentacion-01,2026-09-24T14:07:28.048Z,32.96,83.5,176.28
secado-fermentacion-01,2026-09-24T14:05:27.901Z,32.73,83.9,176.16
secado-fermentacion-01,2026-09-24T14:03:27.766Z,32.67,78.8,176.19
secado-fermentacion-01,2026-09-24T14:01:27.618Z,32.71,83.7,176.16
secado-fermentacion-01,2026-09-24T13:59:27.477Z,32.85,76.1,176.39
secado-fermentacion-01,2026-09-24T13:57:27.339Z,33.78,80.4,176.37
secado-fermentacion-01,2026-09-24T13:55:27.191Z,33.67,81.8,176.68
secado-fermentacion-01,2026-09-24T13:53:27.049Z,32.97,75.1,176.21
secado-fermentacion-01,2026-09-24T13:51:26.905Z,32.74,82.3,176.69
secado-fermentacion-01,2026-09-24T13:49:26.765Z,33.46,74.8,176.63
secado-fermentacion-01,2026-09-24T13:47:26.61Z,32.83,76.4,176.32
secado-fermentacion-01,2026-09-24T13:45:26.475Z,33.26,83.7,176.43
secado-fermentacion-01,2026-09-24T13:43:26.337Z,32.88,82.5,176.56
secado-fermentacion-01,2026-09-24T13:41:26.201Z,33.14,82.9,176.75
secado-fermentacion-01,2026-09-24T13:39:26.067Z,33.09,83.4,176.58
secado-fermentacion-01,2026-09-24T05:23:34.432Z,31.83,84.9,177.59
secado-fermentacion-01,2026-09-24T05:21:34.29Z,32.74,82.3,177.56
secado-fermentacion-01,2026-09-24T05:19:34.16Z,32.2,79.1,177.88
secado-fermentacion-01,2026-09-24T05:17:34.016Z,31.94,79.2,178.11
secado-fermentacion-01,2026-09-24T05:15:33.863Z,32.1,78.1,177.76
secado-fermentacion-01,2026-09-24T05:13:33.728Z,32.77,78.7,177.93
secado-fermentacion-01,2026-09-24T05:11:33.574Z,31.86,74.2,177.76
secado-fermentacion-01,2026-09-24T05:09:33.441Z,32.5,77.2,178.02
secado-fermentacion-01,2026-09-24T05:07:33.3Z,32.89,77.2,178
secado-fermentacion-01,2026-09-24T05:05:33.154Z,32.24,83.8,177.84
secado-fermentacion-01,2026-09-24T05:03:33.011Z,32.14,81.3,178.04
secado-fermentacion-01,2026-09-24T05:01:32.886Z,32.28,79.8,177.69
secado-fermentacion-01,2026-09-24T04:59:32.742Z,32.43,77.5,177.89
secado-fermentacion-01,2026-09-24T04:57:32.611Z,32.85,81.1,177.91
secado-fermentacion-01,2026-09-24T04:55:32.466Z,31.73,85.9,178.11
secado-fermentacion-01,2026-09-24T04:53:32.326Z,32,78.7,177.93
secado-fermentacion-01,2026-09-24T04:51:32.184Z,32.62,81.7,177.97
secado-fermentacion-01,2026-09-24T04:49:32.05Z,32.43,82.7,178.13
secado-fermentacion-01,2026-09-24T04:47:31.906Z,32.05,80.3,177.8
secado-fermentacion-01,2026-09-24T04:45:31.759Z,32.66,76.4,177.74
secado-fermentacion-01,2026-09-24T04:43:31.634Z,32.2,79.7,178.09
secado-fermentacion-01,2026-09-24T04:41:31.484Z,32.76,79.9,177.71
secado-fermentacion-01,2026-09-24T04:39:31.348Z,32.32,79.6,178.19
secado-fermentacion-01,2026-09-24T04:37:31.194Z,32.85,79.6,178.11
secado-fermentacion-01,2026-09-24T04:35:31.063Z,32.58,74.6,177.73
secado-fermentacion-01,2026-09-24T04:33:30.931Z,32.05,81.2,178.19
secado-fermentacion-01,2026-09-24T04:31:30.783Z,32,83.3,177.79
secado-fermentacion-01,2026-09-24T04:29:30.644Z,31.97,80.6,178.2
secado-fermentacion-01,2026-09-24T04:27:30.504Z,32.41,83.1,178.29
secado-fermentacion-01,2026-09-24T04:25:30.351Z,32.62,77.8,177.97
secado-fermentacion-01,2026-09-24T04:23:30.205Z,31.99,79.3,177.91
secado-fermentacion-01,2026-09-24T04:21:30.068Z,32.12,78.7,177.82
secado-fermentacion-01,2026-09-24T04:19:29.921Z,32.17,74.5,178.27
secado-fermentacion-01,2026-09-24T03:47:49.306Z,31.99,75,178.05
secado-fermentacion-01,2026-09-24T03:45:49.167Z,31.83,77.9,177.94
secado-fermentacion-01,2026-09-24T03:43:49.034Z,32.63,76.2,178.11
secado-fermentacion-01,2026-09-24T03:41:48.893Z,32.71,81.6,178.11
secado-fermentacion-01,2026-09-24T03:39:48.745Z,31.9,79.5,177.91
secado-fermentacion-01,2026-09-24T03:37:48.592Z,31.74,86,178.31
secado-fermentacion-01,2026-09-24T03:35:48.462Z,31.76,79.5,178.05
secado-fermentacion-01,2026-09-24T03:33:48.331Z,32.67,83.7,178.04
secado-fermentacion-01,2026-09-24T03:31:48.182Z,31.73,75.6,178.18
secado-fermentacion-01,2026-09-24T03:29:48.054Z,32.6,78.4,178.02
secado-fermentacion-01,2026-09-24T03:27:47.915Z,32.7,75.5,178.4
secado-fermentacion-01,2026-09-24T03:25:47.778Z,31.68,75.8,178.19
secado-fermentacion-01,2026-09-24T03:23:47.638Z,32.53,79.3,177.96
secado-fermentacion-01,2026-09-24T03:21:47.51Z,31.77,78.5,177.91
secado-fermentacion-01,2026-09-24T03:19:47.371Z,31.66,78.5,178.34
secado-fermentacion-01,2026-09-24T03:17:47.229Z,32.67,77.7,178.36
secado-fermentacion-01,2026-09-24T03:15:47.073Z,32.59,83.9,178.46
secado-fermentacion-01,2026-09-24T03:13:46.943Z,31.53,85.5,178.22
secado-fermentacion-01,2026-09-24T03:11:46.793Z,32.17,78.8,178.35
secado-fermentacion-01,2026-09-24T03:09:46.647Z,31.87,85.1,178.14
secado-fermentacion-01,2026-09-24T03:07:46.519Z,31.83,84.6,178.51
secado-fermentacion-01,2026-09-24T03:05:46.367Z,31.82,78.9,178.09
secado-fermentacion-01,2026-09-24T03:03:46.228Z,32.22,79.6,178.06
secado-fermentacion-01,2026-09-24T03:01:46.086Z,31.67,81.8,178.25
secado-fermentacion-01,2026-09-24T02:59:45.958Z,31.57,75.1,178.25
secado-fermentacion-01,2026-09-24T02:57:45.808Z,32.25,83.6,178.02
secado-fermentacion-01,2026-09-24T02:55:45.672Z,32.57,82.6,178.34
secado-fermentacion-01,2026-09-24T02:53:45.534Z,32.37,84.7,178.04
secado-fermentacion-01,2026-09-24T02:51:45.39Z,31.66,80.9,178.38
secado-fermentacion-01,2026-09-24T02:49:45.246Z,32.42,85,178.19
secado-fermentacion-01,2026-09-24T02:47:45.099Z,32.46,82.5,177.99
secado-fermentacion-01,2026-09-24T02:45:44.932Z,31.88,78.4,178.31
secado-fermentacion-01,2026-09-24T02:43:44.785Z,31.75,82.5,178.43
secado-fermentacion-01,2026-09-24T02:41:44.645Z,32.55,77.6,178.3
secado-fermentacion-01,2026-09-24T02:39:44.514Z,31.71,78.9,178.56
secado-fermentacion-01,2026-09-24T02:37:44.376Z,31.62,81.2,178.06
secado-fermentacion-01,2026-09-24T02:35:44.224Z,32.66,82.3,178.29
secado-fermentacion-01,2026-09-24T02:33:44.096Z,31.77,76.7,178.59
secado-fermentacion-01,2026-09-24T02:31:43.949Z,31.95,78.1,178.36
secado-fermentacion-01,2026-09-24T02:29:43.804Z,31.77,80.3,178.09
secado-fermentacion-01,2026-09-24T02:27:43.66Z,32.08,77.7,178.62
secado-fermentacion-01,2026-09-24T02:25:43.526Z,32.05,83.1,178.49
secado-fermentacion-01,2026-09-24T02:23:43.38Z,31.67,85.7,178.25
secado-fermentacion-01,2026-09-24T02:21:43.237Z,31.52,82.6,178.53
secado-fermentacion-01,2026-09-24T02:19:43.103Z,31.46,74.1,178.59
secado-fermentacion-01,2026-09-24T02:17:42.958Z,32.31,82.2,178.6
secado-fermentacion-01,2026-09-24T02:15:42.829Z,32.13,78.4,178.55
secado-fermentacion-01,2026-09-24T02:13:42.691Z,31.62,74.3,178.54
secado-fermentacion-01,2026-09-24T02:11:42.556Z,31.54,77.6,178.53
secado-fermentacion-01,2026-09-24T02:09:42.413Z,32.23,75.6,178.39
secado-fermentacion-01,2026-09-24T02:07:42.283Z,32.5,82.5,178.27
secado-fermentacion-01,2026-09-24T02:05:42.148Z,31.9,76.2,178.47
secado-fermentacion-01,2026-09-24T02:03:41.989Z,32.31,85.9,178.18
secado-fermentacion-01,2026-09-24T02:01:41.845Z,31.78,77.3,178.29
secado-fermentacion-01,2026-09-24T01:59:41.7Z,31.72,74.8,178.12
secado-fermentacion-01,2026-09-24T01:57:41.562Z,32.54,74.5,178.28
secado-fermentacion-01,2026-09-24T01:55:41.425Z,32.18,78.6,178.28
secado-fermentacion-01,2026-09-24T01:53:41.283Z,31.84,77.6,178.26
secado-fermentacion-01,2026-09-24T01:51:41.129Z,31.63,77.3,178.52
secado-fermentacion-01,2026-09-24T01:49:40.965Z,31.82,85.3,178.61
secado-fermentacion-01,2026-09-24T01:47:40.827Z,32.36,83.6,178.7
secado-fermentacion-01,2026-09-24T01:45:40.694Z,31.47,84.6,178.28
secado-fermentacion-01,2026-09-24T01:43:40.536Z,32.05,85,178.71
secado-fermentacion-01,2026-09-24T01:41:40.404Z,32.03,82.9,178.49
secado-fermentacion-01,2026-09-24T01:39:40.267Z,32.03,82.6,178.57
secado-fermentacion-01,2026-09-24T01:37:40.065Z,31.45,81.4,178.73
secado-fermentacion-01,2026-09-24T01:35:39.916Z,32.22,82.8,178.77
secado-fermentacion-01,2026-09-24T01:33:39.783Z,32.17,77.9,178.53
secado-fermentacion-01,2026-09-24T01:31:39.631Z,31.63,78.3,178.58
secado-fermentacion-01,2026-09-24T01:29:39.49Z,32.11,81.2,178.46
secado-fermentacion-01,2026-09-24T01:27:39.363Z,32.03,85.4,178.28
secado-fermentacion-01,2026-09-24T01:25:39.212Z,31.65,77.3,178.37
secado-fermentacion-01,2026-09-24T01:23:39.068Z,32.31,74.9,178.43
secado-fermentacion-01,2026-09-24T01:21:38.929Z,32.28,77.8,178.72
secado-fermentacion-01,2026-09-24T01:19:38.791Z,31.84,84.9,178.65
secado-fermentacion-01,2026-09-24T01:17:38.642Z,32.52,76.9,178.41
secado-fermentacion-01,2026-09-24T01:15:38.504Z,32.35,82,178.39
secado-fermentacion-01,2026-09-24T01:13:38.367Z,32.11,83.5,178.69
secado-fermentacion-01,2026-09-24T01:11:38.222Z,32.37,79.5,178.54
secado-fermentacion-01,2026-09-24T01:09:38.088Z,31.98,81.9,178.43
secado-fermentacion-01,2026-09-24T01:07:37.958Z,32.22,74.6,178.61
secado-fermentacion-01,2026-09-24T01:05:37.814Z,31.82,84.5,178.54
secado-fermentacion-01,2026-09-24T01:03:37.675Z,31.57,78.3,178.79
secado-fermentacion-01,2026-09-24T01:01:37.525Z,31.89,80.7,178.44
secado-fermentacion-01,2026-09-24T00:59:37.39Z,32.08,76.5,178.83
secado-fermentacion-01,2026-09-24T00:57:37.261Z,32.39,85.8,178.48
secado-fermentacion-01,2026-09-24T00:55:37.112Z,32.14,81.5,178.48
secado-fermentacion-01,2026-09-24T00:53:36.972Z,31.47,85.7,178.8
secado-fermentacion-01,2026-09-24T00:51:36.836Z,31.94,76.8,178.33
secado-fermentacion-01,2026-09-24T00:49:36.704Z,32.32,82.4,178.76
secado-fermentacion-01,2026-09-24T00:47:36.559Z,32.4,83.4,178.84
secado-fermentacion-01,2026-09-24T00:45:36.416Z,32.1,82,178.54
secado-fermentacion-01,2026-09-24T00:43:36.271Z,32.33,80.1,178.66
secado-fermentacion-01,2026-09-24T00:41:36.128Z,31.56,80.2,178.52
secado-fermentacion-01,2026-09-24T00:39:35.989Z,31.59,84.1,178.44
secado-fermentacion-01,2026-09-24T00:37:35.858Z,32.35,81.4,178.9
secado-fermentacion-01,2026-09-27T13:43:24.391Z,34.38,82.3,174.85
secado-fermentacion-01,2026-09-27T13:41:24.259Z,34.52,83.2,174.57
secado-fermentacion-01,2026-09-27T13:39:24.127Z,33.9,74.5,175
secado-fermentacion-01,2026-09-27T13:37:23.988Z,33.81,80.9,174.5
secado-fermentacion-01,2026-09-27T13:35:23.843Z,34.69,85.9,174.55
secado-fermentacion-01,2026-09-27T13:33:23.707Z,34.3,77.6,174.88
secado-fermentacion-01,2026-09-27T13:31:23.582Z,34.73,78.1,174.5
secado-fermentacion-01,2026-09-27T13:29:23.44Z,34.05,76.8,174.98
secado-fermentacion-01,2026-09-27T13:27:23.304Z,33.9,80.4,174.63
secado-fermentacion-01,2026-09-27T13:25:23.164Z,34.55,84.9,175.1
secado-fermentacion-01,2026-09-27T13:23:23.034Z,34.05,75.3,174.88
secado-fermentacion-01,2026-09-27T13:21:22.902Z,34.65,82.1,174.67
secado-fermentacion-01,2026-09-27T13:19:22.765Z,33.82,77,174.73
secado-fermentacion-01,2026-09-27T13:17:22.623Z,34.47,79.1,175.01
secado-fermentacion-01,2026-09-27T13:15:22.484Z,34.69,80.8,174.74
secado-fermentacion-01,2026-09-27T13:13:22.346Z,34.15,79.4,174.87
secado-fermentacion-01,2026-09-27T13:11:22.207Z,33.87,74.5,175.12
secado-fermentacion-01,2026-09-27T13:09:22.076Z,34.4,79.9,174.59
secado-fermentacion-01,2026-09-27T13:07:21.924Z,34.03,77,174.61
secado-fermentacion-01,2026-09-27T13:05:21.778Z,33.72,76.7,175.07
secado-fermentacion-01,2026-09-27T13:03:21.645Z,34.4,79.5,174.61
secado-fermentacion-01,2026-09-27T13:01:21.503Z,34.65,81.1,174.64
secado-fermentacion-01,2026-09-27T12:59:21.359Z,34.11,85.7,174.66
secado-fermentacion-01,2026-09-27T12:57:21.217Z,34,82.5,174.75
secado-fermentacion-01,2026-09-27T12:55:21.064Z,33.97,77.1,174.93
secado-fermentacion-01,2026-09-27T12:53:20.931Z,33.97,74.5,175.09
secado-fermentacion-01,2026-09-27T12:51:20.79Z,34,84.6,174.77
secado-fermentacion-01,2026-09-27T12:49:20.584Z,34,75.2,175.17
secado-fermentacion-01,2026-09-27T12:17:40.057Z,34.29,84.9,174.8
secado-fermentacion-01,2026-09-27T12:15:39.922Z,33.75,81.2,174.87
secado-fermentacion-01,2026-09-27T12:13:39.78Z,34.28,76.3,175.2
secado-fermentacion-01,2026-09-27T12:11:39.627Z,33.57,74.3,174.81
secado-fermentacion-01,2026-09-27T12:09:39.485Z,33.83,75.2,174.99
secado-fermentacion-01,2026-09-27T12:07:39.359Z,34.04,80.6,175.06
secado-fermentacion-01,2026-09-27T12:05:39.202Z,34.41,74.7,175.25
secado-fermentacion-01,2026-09-27T12:03:39.054Z,33.59,78.1,175.03
secado-fermentacion-01,2026-09-27T12:01:38.917Z,34.66,84.6,175.19
secado-fermentacion-01,2026-09-27T11:59:38.774Z,34.53,82.7,174.82
secado-fermentacion-01,2026-09-27T11:57:38.643Z,34.31,85.4,175.18
secado-fermentacion-01,2026-09-27T11:55:38.505Z,33.85,77.3,174.99
secado-fermentacion-01,2026-09-27T11:53:38.367Z,33.89,75.3,175.2
secado-fermentacion-01,2026-09-27T11:51:38.225Z,33.79,84.7,174.87
secado-fermentacion-01,2026-09-27T11:49:38.086Z,34.26,75.7,175.25
secado-fermentacion-01,2026-09-27T11:47:37.94Z,34.33,76.4,174.99
secado-fermentacion-01,2026-09-27T11:45:37.795Z,34.52,84.5,175.14
secado-fermentacion-01,2026-09-27T11:43:37.66Z,34.26,77.5,175.14
secado-fermentacion-01,2026-09-27T11:41:37.516Z,33.9,78.5,174.87
secado-fermentacion-01,2026-09-27T11:39:37.374Z,33.63,74.4,175.32
secado-fermentacion-01,2026-09-27T11:37:37.24Z,33.87,84.6,175.04
secado-fermentacion-01,2026-09-27T11:35:37.102Z,34.55,83.6,175.05
secado-fermentacion-01,2026-09-27T11:33:36.962Z,33.7,74,175.39
secado-fermentacion-01,2026-09-27T11:31:36.831Z,34.44,83,175.36
secado-fermentacion-01,2026-09-27T11:29:36.693Z,34.33,85.8,174.96
secado-fermentacion-01,2026-09-27T11:27:36.547Z,34.15,78.4,175.41
secado-fermentacion-01,2026-09-27T11:25:36.397Z,33.45,76.5,174.98
secado-fermentacion-01,2026-09-27T11:23:36.266Z,33.78,81.3,175.21
secado-fermentacion-01,2026-09-27T11:21:36.133Z,34.33,83.8,175.44
secado-fermentacion-01,2026-09-27T11:19:35.98Z,33.47,85.7,175.26
secado-fermentacion-01,2026-09-27T11:17:35.856Z,34.25,76,175.18
secado-fermentacion-01,2026-09-27T11:15:35.703Z,34.39,78.3,175.2
secado-fermentacion-01,2026-09-27T11:13:35.56Z,33.81,83.3,175.31
secado-fermentacion-01,2026-09-27T11:11:35.431Z,34.38,84.3,175.48
secado-fermentacion-01,2026-09-27T11:09:35.281Z,33.84,74.2,175.27
secado-fermentacion-01,2026-09-27T11:07:35.148Z,34.35,81.1,175.17
secado-fermentacion-01,2026-09-27T11:05:35Z,34.56,75.4,175.31
secado-fermentacion-01,2026-09-27T11:03:34.853Z,33.86,81.7,174.98
secado-fermentacion-01,2026-09-27T11:01:34.711Z,33.86,75.4,175.18
secado-fermentacion-01,2026-09-27T10:59:34.566Z,34.26,81.7,175.48
secado-fermentacion-01,2026-09-27T10:57:34.429Z,33.69,85.4,175.18
secado-fermentacion-01,2026-09-27T10:55:34.289Z,34.2,75.5,175.27
secado-fermentacion-01,2026-09-27T10:53:34.147Z,34.09,85.2,175.29
secado-fermentacion-01,2026-09-27T10:51:34.001Z,33.54,78.2,175.2
secado-fermentacion-01,2026-09-27T10:49:33.854Z,34.55,84.8,175.18
secado-fermentacion-01,2026-09-27T10:47:33.736Z,33.62,75.1,174.99
secado-fermentacion-01,2026-09-27T10:45:33.588Z,33.84,86,175.43
secado-fermentacion-01,2026-09-27T10:43:33.447Z,34.07,82.7,175.31
secado-fermentacion-01,2026-09-27T10:41:33.316Z,34.32,82.2,175.23
secado-fermentacion-01,2026-09-27T10:39:33.186Z,33.47,74.1,175.42
secado-fermentacion-01,2026-09-27T10:37:33.044Z,34.52,85,175.33
secado-fermentacion-01,2026-09-27T10:35:32.9Z,33.74,81.7,175.27
secado-fermentacion-01,2026-09-27T10:33:32.766Z,34.46,78.9,175.28
secado-fermentacion-01,2026-09-27T10:31:32.633Z,34.19,84,175.36
secado-fermentacion-01,2026-09-27T10:29:32.487Z,33.47,74.6,175.09
secado-fermentacion-01,2026-09-27T10:27:32.359Z,34.01,77.4,175.19
secado-fermentacion-01,2026-09-27T10:25:32.231Z,33.73,75.9,175.24
secado-fermentacion-01,2026-09-27T10:23:32.092Z,34.21,82.9,175.58
secado-fermentacion-01,2026-09-27T10:21:31.944Z,34.35,80.9,175.5
secado-fermentacion-01,2026-09-27T10:19:31.807Z,34.01,76.7,175.15
secado-fermentacion-01,2026-09-27T10:17:31.676Z,34.36,75.5,175.2
secado-fermentacion-01,2026-09-27T10:15:31.538Z,33.42,75.3,175.17
secado-fermentacion-01,2026-09-27T10:13:31.387Z,33.34,77,175.28
secado-fermentacion-01,2026-09-27T10:11:31.245Z,34.02,84.6,175.34
secado-fermentacion-01,2026-09-27T10:09:31.107Z,33.94,79.1,175.65
secado-fermentacion-01,2026-09-27T10:07:30.978Z,33.49,80.3,175.29
secado-fermentacion-01,2026-09-27T10:05:30.844Z,33.92,74.5,175.56
secado-fermentacion-01,2026-09-27T10:03:30.716Z,33.45,81.5,175.09
secado-fermentacion-01,2026-09-27T10:01:30.585Z,33.88,78.3,175.31
secado-fermentacion-01,2026-09-27T09:59:30.442Z,33.69,83,175.55
secado-fermentacion-01,2026-09-27T09:57:30.303Z,33.93,78.8,175.28
secado-fermentacion-01,2026-09-27T09:55:30.161Z,34.2,81,175.67
secado-fermentacion-01,2026-09-27T09:53:30.021Z,34.35,75,175.58
secado-fermentacion-01,2026-09-27T09:51:29.879Z,33.95,74.6,175.16
secado-fermentacion-01,2026-09-27T09:49:29.738Z,33.46,75.2,175.34
secado-fermentacion-01,2026-09-27T09:47:29.587Z,33.27,76.7,175.17
secado-fermentacion-01,2026-09-24T00:35:35.719Z,31.98,75.7,178.75
secado-fermentacion-01,2026-09-24T00:33:35.57Z,32.3,76.9,178.87
secado-fermentacion-01,2026-09-24T00:31:35.423Z,31.36,79.9,178.78
secado-fermentacion-01,2026-09-24T00:29:35.284Z,31.83,86,178.62
secado-fermentacion-01,2026-09-23T23:57:34.782Z,32.29,84.1,178.71
secado-fermentacion-01,2026-09-23T23:55:34.636Z,31.31,76.9,178.46
secado-fermentacion-01,2026-09-23T23:53:34.498Z,31.79,77.9,178.81
secado-fermentacion-01,2026-09-23T23:51:34.365Z,32.26,82,178.59
secado-fermentacion-01,2026-09-23T23:49:34.222Z,32.12,77.9,178.5
secado-fermentacion-01,2026-09-23T23:47:34.074Z,32.27,83.3,178.99
secado-fermentacion-01,2026-09-23T23:45:33.931Z,31.49,77.2,178.95
secado-fermentacion-01,2026-09-23T23:43:33.799Z,31.78,81.5,178.52
secado-fermentacion-01,2026-09-23T23:41:33.653Z,31.38,78.8,179.06
secado-fermentacion-01,2026-09-23T23:39:33.519Z,32.16,74.2,178.7
secado-fermentacion-01,2026-09-23T23:37:33.393Z,31.61,76.1,178.66
secado-fermentacion-01,2026-09-23T23:35:33.248Z,32.31,78.1,179.1
secado-fermentacion-01,2026-09-23T23:33:33.056Z,31.42,81.4,178.61
secado-fermentacion-01,2026-09-23T23:31:32.922Z,31.52,77.4,179.02
secado-fermentacion-01,2026-09-23T23:29:32.767Z,31.71,83.7,178.97
secado-fermentacion-01,2026-09-23T23:27:32.641Z,32.07,77,178.54
secado-fermentacion-01,2026-09-23T23:25:32.49Z,31.94,84.1,178.89
secado-fermentacion-01,2026-09-23T23:23:32.358Z,32.15,79.6,179.13
secado-fermentacion-01,2026-09-23T23:21:32.198Z,31.14,75.6,178.66
secado-fermentacion-01,2026-09-23T23:19:32.047Z,31.76,80.1,178.81
secado-fermentacion-01,2026-09-23T23:17:31.899Z,31.9,83.4,178.81
secado-fermentacion-01,2026-09-23T23:15:31.77Z,31.21,83.8,178.57
secado-fermentacion-01,2026-09-23T23:13:31.627Z,31.12,75.4,178.62
secado-fermentacion-01,2026-09-23T23:11:31.479Z,31.44,79.2,178.85
secado-fermentacion-01,2026-09-23T23:09:31.349Z,31.21,80.9,178.97
secado-fermentacion-01,2026-09-23T23:07:31.197Z,32.09,75.3,178.73
secado-fermentacion-01,2026-09-23T23:05:31.061Z,31.85,77.9,179.16
secado-fermentacion-01,2026-09-23T23:03:30.926Z,31.54,85,179.18
secado-fermentacion-01,2026-09-23T23:01:30.778Z,31.39,81.6,178.84
secado-fermentacion-01,2026-09-23T22:59:30.642Z,31.24,82.2,179.16
secado-fermentacion-01,2026-09-23T22:57:30.51Z,32.04,83.3,178.65
secado-fermentacion-01,2026-09-23T22:55:30.354Z,31.53,84.2,179.2
secado-fermentacion-01,2026-09-23T22:53:30.208Z,31.13,83.8,178.7
secado-fermentacion-01,2026-09-23T22:51:30.075Z,32.17,77.4,179.02
secado-fermentacion-01,2026-09-23T22:49:29.943Z,31.74,74.7,179.09
secado-fermentacion-01,2026-09-23T22:47:29.794Z,31.51,82.2,178.76
secado-fermentacion-01,2026-09-23T22:45:29.668Z,31.87,82.2,178.71
secado-fermentacion-01,2026-09-23T22:43:29.528Z,31.09,81.1,179.23
secado-fermentacion-01,2026-09-23T22:41:29.385Z,31.62,76,178.7
secado-fermentacion-01,2026-09-23T22:39:29.256Z,31.5,85.8,179.17
secado-fermentacion-01,2026-09-23T22:37:29.106Z,31.83,83.7,179.02
secado-fermentacion-01,2026-09-23T22:35:28.963Z,31.06,82.1,178.79
secado-fermentacion-01,2026-09-23T22:33:28.825Z,31.54,78.3,179.02
secado-fermentacion-01,2026-09-23T22:31:28.671Z,31.46,84.2,178.93
secado-fermentacion-01,2026-09-23T22:29:28.539Z,31.12,82,179.27
secado-fermentacion-01,2026-09-23T22:27:28.4Z,31.49,81.4,178.88
secado-fermentacion-01,2026-09-23T22:25:28.271Z,31.09,78,179.07
secado-fermentacion-01,2026-09-23T22:23:28.12Z,32.12,82.6,178.99
secado-fermentacion-01,2026-09-23T22:21:27.995Z,31.91,79.6,178.73
secado-fermentacion-01,2026-09-23T22:19:27.849Z,31.38,78.8,178.89
secado-fermentacion-01,2026-09-23T22:17:27.714Z,31.82,85,178.91
secado-fermentacion-01,2026-09-23T22:15:27.58Z,31.21,74.1,179.03
secado-fermentacion-01,2026-09-23T22:13:27.439Z,31.01,79.5,179.33
secado-fermentacion-01,2026-09-23T22:11:27.286Z,31.13,81.3,178.76
secado-fermentacion-01,2026-09-23T22:09:27.154Z,31.56,74.5,178.96
secado-fermentacion-01,2026-09-23T22:07:27.007Z,32.08,77.3,178.76
secado-fermentacion-01,2026-09-23T22:05:26.875Z,31.01,85.7,178.87
secado-fermentacion-01,2026-09-23T22:03:26.724Z,31.71,84.9,178.88
secado-fermentacion-01,2026-09-23T22:01:26.586Z,31.27,75.3,179.05
secado-fermentacion-01,2026-09-23T21:59:26.446Z,31.16,85.8,179.28
secado-fermentacion-01,2026-09-23T21:57:26.302Z,31.7,75.7,179.06
secado-fermentacion-01,2026-09-23T21:55:26.156Z,31.13,75,179.28
secado-fermentacion-01,2026-09-23T21:53:26.007Z,31.14,76.3,179.21
secado-fermentacion-01,2026-09-23T21:51:25.864Z,31.93,74.7,179.21
secado-fermentacion-01,2026-09-23T21:49:25.73Z,31.21,79.6,179.24
secado-fermentacion-01,2026-09-23T21:47:25.59Z,31.51,84.2,179.23
secado-fermentacion-01,2026-09-23T21:45:25.436Z,31.88,80.3,179.4
secado-fermentacion-01,2026-09-23T21:43:25.301Z,31.31,76.4,179.18
secado-fermentacion-01,2026-09-23T21:41:25.17Z,30.97,76.3,179.01
secado-fermentacion-01,2026-09-23T21:39:25.026Z,31.46,81.1,179.15
secado-fermentacion-01,2026-09-23T21:37:24.794Z,31.48,81.8,178.89
secado-fermentacion-01,2026-09-23T21:35:24.651Z,31.74,83.7,178.86
secado-fermentacion-01,2026-09-23T21:33:24.51Z,31.94,81.9,178.9
secado-fermentacion-01,2026-09-23T21:31:24.366Z,31.23,81.2,179.06
secado-fermentacion-01,2026-09-23T21:29:24.228Z,32.1,77,179.24
secado-fermentacion-01,2026-09-23T21:27:24.082Z,32.01,76,179.05
secado-fermentacion-01,2026-09-23T21:25:23.941Z,31.96,81.6,179.09
secado-fermentacion-01,2026-09-23T21:23:23.802Z,30.97,74.8,179.45
secado-fermentacion-01,2026-09-23T21:21:23.661Z,31.61,74.3,179.05
secado-fermentacion-01,2026-09-23T21:19:23.511Z,31.49,80.6,179.24
secado-fermentacion-01,2026-09-23T21:17:23.366Z,31.95,75.2,179.39
secado-fermentacion-01,2026-09-23T21:15:23.233Z,31.46,76.6,179.14
secado-fermentacion-01,2026-09-23T21:13:23.089Z,31.3,85,179
secado-fermentacion-01,2026-09-23T21:11:22.954Z,30.98,78,179.23
secado-fermentacion-01,2026-09-23T21:09:22.815Z,31.1,78.4,179.1
secado-fermentacion-01,2026-09-23T21:07:22.684Z,32.02,74.9,179.45
secado-fermentacion-01,2026-09-23T21:05:22.537Z,31.76,76,178.99
secado-fermentacion-01,2026-09-23T21:03:22.403Z,31.7,76.6,179.5
secado-fermentacion-01,2026-09-23T21:01:22.263Z,31.49,81.3,179.06
secado-fermentacion-01,2026-09-23T20:59:22.127Z,32.07,81.2,178.99
secado-fermentacion-01,2026-09-23T20:57:21.986Z,31.33,74.3,179.44
secado-fermentacion-01,2026-09-23T20:55:21.85Z,31.08,74.3,178.98
secado-fermentacion-01,2026-09-23T20:53:21.7Z,31.93,78.3,179.31
secado-fermentacion-01,2026-09-23T20:51:21.571Z,31.28,79.6,179.16
secado-fermentacion-01,2026-09-23T20:49:21.428Z,31.29,83.5,179.25
secado-fermentacion-01,2026-09-23T20:47:21.296Z,31.54,83.7,179.43
secado-fermentacion-01,2026-09-23T20:45:21.15Z,31.5,83.6,179.01
secado-fermentacion-01,2026-09-23T20:43:21.01Z,31.36,79.4,179.34
secado-fermentacion-01,2026-09-23T20:41:20.872Z,30.99,80.1,179.55
secado-fermentacion-01,2026-09-23T20:39:20.725Z,31.8,75.1,179.26
secado-fermentacion-01,2026-09-23T20:07:40.186Z,30.94,76.6,179.19
secado-fermentacion-01,2026-09-23T20:05:40.047Z,31.07,85.1,179.57
secado-fermentacion-01,2026-09-23T20:03:39.92Z,31.73,85.5,179.35
secado-fermentacion-01,2026-09-23T20:01:39.78Z,31.87,81.1,179.35
secado-fermentacion-01,2026-09-23T19:59:39.634Z,30.94,84.2,179.53
secado-fermentacion-01,2026-09-23T19:57:39.491Z,31.56,78.9,179.35
secado-fermentacion-01,2026-09-23T19:55:39.348Z,30.88,84.7,179.14
secado-fermentacion-01,2026-09-23T19:53:39.216Z,31.13,81.5,179.49
secado-fermentacion-01,2026-09-23T19:51:39.08Z,30.86,76.4,179.46
secado-fermentacion-01,2026-09-23T19:49:38.845Z,31.95,78.3,179.7
secado-fermentacion-01,2026-09-23T19:47:38.715Z,31.18,79,179.45
secado-fermentacion-01,2026-09-23T19:45:38.567Z,31.48,77.1,179.48
secado-fermentacion-01,2026-09-23T19:43:38.438Z,31.9,76.1,179.21
secado-fermentacion-01,2026-09-23T19:41:38.3Z,30.98,76.4,179.73
secado-fermentacion-01,2026-09-23T19:39:38.157Z,31.92,85,179.64
secado-fermentacion-01,2026-09-23T19:37:38.028Z,31.58,78.1,179.39
secado-fermentacion-01,2026-09-23T19:35:37.881Z,31.22,85.8,179.46
secado-fermentacion-01,2026-09-23T19:33:37.74Z,31.91,80.4,179.51
secado-fermentacion-01,2026-09-23T19:31:37.604Z,30.95,78.1,179.59
secado-fermentacion-01,2026-09-23T19:29:37.466Z,30.93,77.2,179.19
secado-fermentacion-01,2026-09-23T19:27:37.328Z,31.1,84,179.46
secado-fermentacion-01,2026-09-27T09:45:29.386Z,33.39,76,175.3
secado-fermentacion-01,2026-09-27T09:43:29.249Z,33.75,83.6,175.41
secado-fermentacion-01,2026-09-27T09:41:29.1Z,34.37,80.8,175.41
secado-fermentacion-01,2026-09-27T09:39:28.968Z,33.67,77.7,175.31
secado-fermentacion-01,2026-09-27T09:37:28.829Z,34.16,78.3,175.44
secado-fermentacion-01,2026-09-27T09:35:28.677Z,33.61,81.2,175.65
secado-fermentacion-01,2026-09-27T09:33:28.545Z,33.94,85.4,175.72
secado-fermentacion-01,2026-09-27T09:31:28.396Z,33.95,84.1,175.58
secado-fermentacion-01,2026-09-27T09:29:28.268Z,33.56,77.7,175.56
secado-fermentacion-01,2026-09-27T09:27:28.114Z,33.39,75.1,175.37
secado-fermentacion-01,2026-09-27T09:25:27.977Z,33.37,80.8,175.77
secado-fermentacion-01,2026-09-27T09:23:27.846Z,33.33,76.2,175.65
secado-fermentacion-01,2026-09-27T09:21:27.719Z,34.02,83.8,175.28
secado-fermentacion-01,2026-09-27T09:19:27.566Z,33.66,80.2,175.42
secado-fermentacion-01,2026-09-27T09:17:27.424Z,33.57,85.1,175.32
secado-fermentacion-01,2026-09-27T09:15:27.275Z,34.08,81.5,175.44
secado-fermentacion-01,2026-09-27T09:13:27.129Z,33.52,82.3,175.23
secado-fermentacion-01,2026-09-27T09:11:26.995Z,33.5,79.9,175.35
secado-fermentacion-01,2026-09-27T09:09:26.85Z,33.75,79.5,175.67
secado-fermentacion-01,2026-09-27T09:07:26.715Z,34.07,80.7,175.28
secado-fermentacion-01,2026-09-27T09:05:26.572Z,33.39,80,175.73
secado-fermentacion-01,2026-09-27T09:03:26.431Z,33.82,82.1,175.7
secado-fermentacion-01,2026-09-27T09:01:26.304Z,34.22,74.4,175.76
secado-fermentacion-01,2026-09-27T08:59:26.154Z,34.12,84.2,175.32
secado-fermentacion-01,2026-09-27T08:27:45.618Z,33.8,75.2,175.57
secado-fermentacion-01,2026-09-27T08:25:45.478Z,34.01,80,175.88
secado-fermentacion-01,2026-09-27T08:23:45.338Z,33.71,83.4,175.43
secado-fermentacion-01,2026-09-27T08:21:45.2Z,33.42,82.6,175.5
secado-fermentacion-01,2026-09-27T08:19:45.056Z,33.66,80.3,175.45
secado-fermentacion-01,2026-09-27T08:17:44.917Z,34.09,78.5,175.91
secado-fermentacion-01,2026-09-27T08:15:44.774Z,34.19,80.3,175.79
secado-fermentacion-01,2026-09-27T08:13:44.624Z,34.25,82.4,175.41
secado-fermentacion-01,2026-09-27T08:11:44.496Z,33.19,84,175.61
secado-fermentacion-01,2026-09-27T08:09:44.341Z,33.26,76.7,175.86
secado-fermentacion-01,2026-09-27T08:07:44.202Z,33.26,78.4,175.93
secado-fermentacion-01,2026-09-27T08:05:44.055Z,33.38,82.4,175.51
secado-fermentacion-01,2026-09-27T08:03:43.908Z,33.78,76.5,175.87
secado-fermentacion-01,2026-09-27T08:01:43.772Z,33.78,84.2,175.68
secado-fermentacion-01,2026-09-27T07:59:43.62Z,33.87,77.5,175.73
secado-fermentacion-01,2026-09-27T07:57:43.491Z,33.8,78.3,175.57
secado-fermentacion-01,2026-09-27T07:55:43.352Z,33.76,85.2,175.56
secado-fermentacion-01,2026-09-27T07:53:43.218Z,33.13,77.3,175.95
secado-fermentacion-01,2026-09-27T07:51:43.076Z,33.12,75.8,175.81
secado-fermentacion-01,2026-09-27T07:49:42.938Z,33.7,79.6,176.02
secado-fermentacion-01,2026-09-27T07:47:42.79Z,33.24,75,175.78
secado-fermentacion-01,2026-09-27T07:45:42.671Z,33.69,79.6,175.67
secado-fermentacion-01,2026-09-27T07:43:42.512Z,34.15,82.3,175.5
secado-fermentacion-01,2026-09-27T07:41:42.38Z,33.89,76.8,175.83
secado-fermentacion-01,2026-09-27T07:39:42.25Z,34.1,81,175.77
secado-fermentacion-01,2026-09-27T07:37:42.102Z,33.47,82.9,175.9
secado-fermentacion-01,2026-09-27T07:35:41.951Z,33.68,77.4,175.77
secado-fermentacion-01,2026-09-27T07:33:41.82Z,33.35,80.9,176.01
secado-fermentacion-01,2026-09-27T07:31:41.669Z,33.56,80.9,175.65
secado-fermentacion-01,2026-09-27T07:29:41.524Z,34.2,80.9,175.88
secado-fermentacion-01,2026-09-27T07:27:41.378Z,33.65,77.6,175.82
secado-fermentacion-01,2026-09-27T07:25:41.239Z,33.11,75.9,175.52
secado-fermentacion-01,2026-09-27T07:23:41.11Z,33.13,80,175.72
secado-fermentacion-01,2026-09-27T07:21:40.972Z,33.27,81.5,175.6
secado-fermentacion-01,2026-09-27T07:19:40.836Z,33.48,79,175.67
secado-fermentacion-01,2026-09-27T07:17:40.681Z,33.44,83.3,175.95
secado-fermentacion-01,2026-09-27T07:15:40.552Z,34.01,79.5,176.08
secado-fermentacion-01,2026-09-27T07:13:40.4Z,34.03,81.3,175.96
secado-fermentacion-01,2026-09-27T07:11:40.269Z,33.41,75.8,175.76
secado-fermentacion-01,2026-09-27T07:09:40.132Z,33.33,78.1,176.02
secado-fermentacion-01,2026-09-27T07:07:39.985Z,33.63,78.4,175.98
secado-fermentacion-01,2026-09-27T07:05:39.855Z,33.51,84.4,175.86
secado-fermentacion-01,2026-09-27T07:03:39.704Z,33.79,75.6,176.08
secado-fermentacion-01,2026-09-27T07:01:39.574Z,33.46,82.3,176.17
secado-fermentacion-01,2026-09-27T06:59:39.432Z,34.06,85.9,175.81
secado-fermentacion-01,2026-09-27T06:57:39.299Z,33.53,77.1,175.92
secado-fermentacion-01,2026-09-27T06:55:39.143Z,33.93,77.1,175.85
secado-fermentacion-01,2026-09-27T06:53:39.006Z,34.02,79.4,175.69
secado-fermentacion-01,2026-09-27T06:51:38.739Z,34.1,82,175.74
secado-fermentacion-01,2026-09-27T06:49:38.611Z,33.66,76.1,175.75
secado-fermentacion-01,2026-09-27T06:47:38.465Z,32.97,74.7,176.05
secado-fermentacion-01,2026-09-27T06:45:38.323Z,33.83,78.2,175.96
secado-fermentacion-01,2026-09-27T06:43:38.185Z,33.27,84.2,176.03
secado-fermentacion-01,2026-09-27T06:41:38.036Z,33.25,84.2,176.1
secado-fermentacion-01,2026-09-27T06:39:37.903Z,33.35,83.1,175.95
secado-fermentacion-01,2026-09-27T06:37:37.768Z,33.37,79.1,175.74
secado-fermentacion-01,2026-09-27T06:35:37.626Z,33.29,78.7,176.01
secado-fermentacion-01,2026-09-27T06:33:37.502Z,33.03,85,175.85
secado-fermentacion-01,2026-09-27T06:31:37.358Z,32.95,80.4,175.87
secado-fermentacion-01,2026-09-27T06:29:37.216Z,33.36,79.9,175.77
secado-fermentacion-01,2026-09-27T06:27:37.082Z,33.83,77.2,176.12
secado-fermentacion-01,2026-09-27T06:25:36.93Z,33.75,82.2,176.23
secado-fermentacion-01,2026-09-27T06:23:36.801Z,33.16,82.1,175.98
secado-fermentacion-01,2026-09-27T06:21:36.67Z,33.41,75.7,175.9
secado-fermentacion-01,2026-09-27T06:19:36.526Z,33.03,78,175.89
secado-fermentacion-01,2026-09-27T06:17:36.373Z,33.71,78.6,176.25
secado-fermentacion-01,2026-09-27T06:15:36.237Z,33.17,82.9,175.94
secado-fermentacion-01,2026-09-27T06:13:36.094Z,33.32,85.8,176.06
secado-fermentacion-01,2026-09-27T06:11:35.957Z,33.31,80,175.87
secado-fermentacion-01,2026-09-27T06:09:35.821Z,32.89,85.6,176.13
secado-fermentacion-01,2026-09-27T06:07:35.689Z,32.9,75.8,175.88
secado-fermentacion-01,2026-09-27T06:05:35.54Z,33.23,77.1,176.24
secado-fermentacion-01,2026-09-27T06:03:35.408Z,34.04,79.6,176.16
secado-fermentacion-01,2026-09-27T06:01:35.264Z,32.89,83.3,176.1
secado-fermentacion-01,2026-09-27T05:59:35.127Z,33.67,79.4,175.89
secado-fermentacion-01,2026-09-27T05:57:34.986Z,32.94,80.9,176.16
secado-fermentacion-01,2026-09-27T05:55:34.828Z,33.8,82.2,176.28
secado-fermentacion-01,2026-09-27T05:53:34.69Z,33.49,81.2,176.12
secado-fermentacion-01,2026-09-27T05:51:34.554Z,33.61,82.8,175.85
secado-fermentacion-01,2026-09-27T05:49:34.414Z,33.52,75.2,175.93
secado-fermentacion-01,2026-09-27T05:47:34.263Z,33.71,76.9,176.16
secado-fermentacion-01,2026-09-27T05:45:34.129Z,33.8,75.5,176.33
secado-fermentacion-01,2026-09-27T05:43:33.976Z,32.9,82.8,176.19
secado-fermentacion-01,2026-09-27T05:41:33.83Z,33.06,81.6,176.37
secado-fermentacion-01,2026-09-27T05:39:33.682Z,33.92,78.6,176.28
secado-fermentacion-01,2026-09-27T05:37:33.544Z,33.8,80,176.1
secado-fermentacion-01,2026-09-23T19:25:37.204Z,30.79,77.2,179.41
secado-fermentacion-01,2026-09-23T19:23:37.059Z,31.9,81.9,179.34
secado-fermentacion-01,2026-09-23T19:21:36.926Z,31.16,80.3,179.69
secado-fermentacion-01,2026-09-23T19:19:36.789Z,30.95,83.5,179.55
secado-fermentacion-01,2026-09-23T19:17:36.638Z,31.33,81.2,179.69
secado-fermentacion-01,2026-09-23T19:15:36.511Z,31.26,78.8,179.35
secado-fermentacion-01,2026-09-23T19:13:36.362Z,31.04,75,179.64
secado-fermentacion-01,2026-09-23T19:11:36.223Z,30.95,75.3,179.27
secado-fermentacion-01,2026-09-23T19:09:36.084Z,30.94,79.1,179.6
secado-fermentacion-01,2026-09-23T19:07:35.941Z,31.27,80.1,179.82
secado-fermentacion-01,2026-09-23T19:05:35.811Z,31.66,80.8,179.3
secado-fermentacion-01,2026-09-23T19:03:35.666Z,30.87,75.4,179.34
secado-fermentacion-01,2026-09-23T19:01:35.521Z,30.93,81.6,179.38
secado-fermentacion-01,2026-09-23T18:59:35.384Z,31.68,76.9,179.56
secado-fermentacion-01,2026-09-23T18:57:35.248Z,31.81,83.5,179.6
secado-fermentacion-01,2026-09-23T18:55:35.118Z,31.73,76,179.68
secado-fermentacion-01,2026-09-23T18:53:34.972Z,31.83,75.4,179.52
secado-fermentacion-01,2026-09-23T18:51:34.83Z,31.7,85.9,179.5
secado-fermentacion-01,2026-09-23T18:49:34.682Z,30.72,82.2,179.83
secado-fermentacion-01,2026-09-23T18:47:34.545Z,31.84,81.6,179.63
secado-fermentacion-01,2026-09-23T18:45:34.391Z,31.45,77,179.45
secado-fermentacion-01,2026-09-23T18:43:34.255Z,31.44,81.3,179.5
secado-fermentacion-01,2026-09-23T18:41:34.114Z,31.46,81.5,179.44
secado-fermentacion-01,2026-09-23T18:39:33.975Z,30.94,75.8,179.92
secado-fermentacion-01,2026-09-23T18:37:33.827Z,31.82,75.8,179.9
secado-fermentacion-01,2026-09-23T18:35:33.692Z,31.68,81.5,179.45
secado-fermentacion-01,2026-09-23T18:33:33.546Z,30.74,77.6,179.94
secado-fermentacion-01,2026-09-23T18:31:33.408Z,31.04,80.6,179.81
secado-fermentacion-01,2026-09-23T18:29:33.272Z,31.33,83.6,179.91
secado-fermentacion-01,2026-09-23T18:27:33.148Z,31.24,76.2,179.88
secado-fermentacion-01,2026-09-23T18:25:32.998Z,31.3,79.7,179.45
secado-fermentacion-01,2026-09-23T18:23:32.844Z,30.68,76.1,179.5
secado-fermentacion-01,2026-09-23T18:21:32.713Z,30.9,83.5,179.74
secado-fermentacion-01,2026-09-23T18:19:32.551Z,31.56,82.8,179.74
secado-fermentacion-01,2026-09-23T18:17:32.419Z,31.13,77.6,179.91
secado-fermentacion-01,2026-09-23T18:15:32.285Z,31.34,81.4,179.79
secado-fermentacion-01,2026-09-23T18:13:32.138Z,31.59,84.8,179.95
secado-fermentacion-01,2026-09-23T18:11:31.997Z,30.94,74,179.86
secado-fermentacion-01,2026-09-23T18:09:31.857Z,30.86,81.5,179.78
secado-fermentacion-01,2026-09-23T18:07:31.654Z,31.03,75.6,179.94
secado-fermentacion-01,2026-09-23T18:05:31.517Z,30.92,77.8,179.73
secado-fermentacion-01,2026-09-23T18:03:31.393Z,31.74,79.1,179.57
secado-fermentacion-01,2026-09-23T18:01:31.248Z,30.99,81.3,179.99
secado-fermentacion-01,2026-09-23T17:59:31.096Z,30.88,78.3,179.69
secado-fermentacion-01,2026-09-23T17:57:30.955Z,31.24,83.4,179.8
secado-fermentacion-01,2026-09-23T17:55:30.813Z,30.8,74.4,180.05
secado-fermentacion-01,2026-09-23T17:53:30.681Z,30.82,77.7,179.71
secado-fermentacion-01,2026-09-23T17:51:30.548Z,31.37,78.9,179.71
secado-fermentacion-01,2026-09-23T17:49:30.409Z,31.44,85.4,179.76
secado-fermentacion-01,2026-09-23T17:47:30.257Z,31.19,80,179.87
secado-fermentacion-01,2026-09-23T17:45:30.116Z,31.66,82,179.56
secado-fermentacion-01,2026-09-23T17:43:29.98Z,30.87,83,179.78
secado-fermentacion-01,2026-09-23T17:41:29.842Z,30.59,79.6,180.08
secado-fermentacion-01,2026-09-23T17:39:29.691Z,30.66,80.6,179.62
secado-fermentacion-01,2026-09-23T17:37:29.543Z,30.77,82.4,179.62
secado-fermentacion-01,2026-09-23T17:35:29.413Z,31.33,84,179.51
secado-fermentacion-01,2026-09-23T17:33:29.278Z,31.38,76.3,179.58
secado-fermentacion-01,2026-09-23T17:31:29.133Z,31.23,82.6,180.02
secado-fermentacion-01,2026-09-23T17:29:29Z,31.29,81.9,179.61
secado-fermentacion-01,2026-09-23T17:27:28.849Z,31.3,85.9,180.02
secado-fermentacion-01,2026-09-23T17:25:28.707Z,30.62,81.1,180.02
secado-fermentacion-01,2026-09-23T17:23:28.58Z,31.45,81.9,180.05
secado-fermentacion-01,2026-09-23T17:21:28.439Z,30.62,83.7,179.99
secado-fermentacion-01,2026-09-23T17:19:28.299Z,30.54,74.7,179.87
secado-fermentacion-01,2026-09-23T17:17:28.161Z,31.36,78.4,179.86
secado-fermentacion-01,2026-09-23T17:15:28.032Z,30.92,85.3,180.12
secado-fermentacion-01,2026-09-23T17:13:27.889Z,31.24,79.2,179.93
secado-fermentacion-01,2026-09-23T17:11:27.762Z,31.24,82.6,180.01
secado-fermentacion-01,2026-09-23T17:09:27.61Z,31.49,80.9,180.15
secado-fermentacion-01,2026-09-23T17:07:27.479Z,30.99,75.7,179.86
secado-fermentacion-01,2026-09-23T17:05:27.336Z,30.61,81.1,179.65
secado-fermentacion-01,2026-09-23T17:03:27.202Z,31.19,81.2,180.05
secado-fermentacion-01,2026-09-23T17:01:27.049Z,31.25,78.2,179.7
secado-fermentacion-01,2026-09-23T16:59:26.916Z,30.81,85.9,180.13
secado-fermentacion-01,2026-09-23T16:57:23.361Z,30.78,78.9,179.9
secado-fermentacion-01,2026-09-23T16:55:23.223Z,30.88,84.7,180.03
secado-fermentacion-01,2026-09-23T16:53:23.1Z,31.5,80.3,179.69
secado-fermentacion-01,2026-09-23T16:51:22.952Z,31.42,85.8,180.13
secado-fermentacion-01,2026-09-23T16:49:22.82Z,30.51,84,179.83
secado-fermentacion-01,2026-09-27T05:35:33.408Z,33.64,79.7,175.95
secado-fermentacion-01,2026-09-27T05:33:33.259Z,33.52,79.3,176.37
secado-fermentacion-01,2026-09-27T05:31:33.115Z,32.91,84.8,176.27
secado-fermentacion-01,2026-09-27T05:29:32.976Z,32.94,85.6,176.41
secado-fermentacion-01,2026-09-27T05:27:32.824Z,32.91,81.2,176.08
secado-fermentacion-01,2026-09-27T05:25:32.687Z,32.86,75.4,176.24
secado-fermentacion-01,2026-09-27T05:23:32.553Z,33.07,81.6,176.18
secado-fermentacion-01,2026-09-27T05:21:32.417Z,33.94,83.6,175.96
secado-fermentacion-01,2026-09-27T05:19:32.277Z,32.99,80.1,176.32
secado-fermentacion-01,2026-09-27T05:17:32.128Z,33.76,76.4,176.39
secado-fermentacion-01,2026-09-27T05:15:31.988Z,32.99,84.5,176.22
secado-fermentacion-01,2026-09-27T05:13:31.839Z,33.69,83.8,176.31
secado-fermentacion-01,2026-09-27T05:11:31.707Z,33.73,74.5,176.06
secado-fermentacion-01,2026-09-27T05:09:31.558Z,33.8,75.2,175.93
secado-fermentacion-01,2026-09-27T04:37:31.024Z,33.79,84.5,176.42
secado-fermentacion-01,2026-09-27T04:35:30.898Z,33.05,79.1,176.43
secado-fermentacion-01,2026-09-27T04:33:30.749Z,33.82,82.8,176.03
secado-fermentacion-01,2026-09-27T04:31:30.625Z,33.69,81.2,176.38
secado-fermentacion-01,2026-09-27T04:29:30.483Z,33.42,75.9,176.54
secado-fermentacion-01,2026-09-27T04:27:30.349Z,33.65,80.2,176.25
secado-fermentacion-01,2026-09-27T04:25:30.199Z,33.2,81,176.53
secado-fermentacion-01,2026-09-27T04:23:30.058Z,33.26,78.2,176.31
secado-fermentacion-01,2026-09-27T04:21:29.884Z,33.79,76.5,176.13
secado-fermentacion-01,2026-09-27T04:19:29.735Z,33.27,78.5,176.05
secado-fermentacion-01,2026-09-27T04:17:29.596Z,32.96,76.7,176.31
secado-fermentacion-01,2026-09-27T04:15:29.467Z,33.13,80.9,176.24
secado-fermentacion-01,2026-09-27T04:13:29.321Z,32.98,80.9,176.47
secado-fermentacion-01,2026-09-27T04:11:29.168Z,33.34,79.7,176.5
secado-fermentacion-01,2026-09-27T04:09:29.022Z,33.23,83.2,176.42
secado-fermentacion-01,2026-09-27T04:07:28.887Z,33.44,83.1,176.47
secado-fermentacion-01,2026-09-27T04:05:28.742Z,33.49,85.7,176.55
secado-fermentacion-01,2026-09-27T04:03:28.591Z,33.26,80.9,176.58
secado-fermentacion-01,2026-09-27T04:01:28.446Z,33.52,84.3,176.56
secado-fermentacion-01,2026-09-27T03:59:28.318Z,33.27,81.5,176.26
secado-fermentacion-01,2026-09-27T03:57:28.164Z,33.53,81.5,176.54
secado-fermentacion-01,2026-09-27T03:55:28.028Z,33.63,75.8,176.65
secado-fermentacion-01,2026-09-27T03:53:27.884Z,33.13,85.4,176.22
secado-fermentacion-01,2026-09-27T03:51:27.741Z,33.72,76.6,176.13
secado-fermentacion-01,2026-09-27T03:49:27.594Z,33.07,82.9,176.65
secado-fermentacion-01,2026-09-27T03:47:27.452Z,33.52,82.6,176.56
secado-fermentacion-01,2026-09-27T03:45:27.296Z,33.33,80.1,176.57
secado-fermentacion-01,2026-09-27T03:43:27.166Z,32.94,83.6,176.28
secado-fermentacion-01,2026-09-27T03:41:27.019Z,32.89,76.9,176.43
secado-fermentacion-01,2026-09-27T03:39:26.896Z,33.77,76.6,176.67
secado-fermentacion-01,2026-09-27T03:37:26.737Z,33.04,85.3,176.5
secado-fermentacion-01,2026-09-27T03:35:26.614Z,33.29,79.7,176.29
secado-fermentacion-01,2026-09-27T03:33:26.464Z,33.58,75.2,176.55
secado-fermentacion-01,2026-09-27T03:31:26.326Z,33.44,79.8,176.31
secado-fermentacion-01,2026-09-27T03:29:26.182Z,33.22,78,176.73
secado-fermentacion-01,2026-09-27T03:27:26.031Z,32.82,83.4,176.34
secado-fermentacion-01,2026-09-27T03:25:25.897Z,32.98,77.9,176.2
secado-fermentacion-01,2026-09-27T03:23:25.772Z,33.26,77,176.75
secado-fermentacion-01,2026-09-27T03:21:25.631Z,33.19,77,176.54
secado-fermentacion-01,2026-09-27T03:19:25.495Z,33.68,76,176.46
secado-fermentacion-01,2026-09-27T03:17:25.358Z,32.63,81.2,176.62
secado-fermentacion-01,2026-09-27T03:15:25.207Z,32.8,77.9,176.59
secado-fermentacion-01,2026-09-27T03:13:25.075Z,33.47,83.7,176.68
secado-fermentacion-01,2026-09-27T03:11:24.935Z,33.69,75.6,176.33
secado-fermentacion-01,2026-09-27T03:09:24.791Z,32.7,79.7,176.55
secado-fermentacion-01,2026-09-27T03:07:24.654Z,33.13,76.8,176.65
secado-fermentacion-01,2026-09-27T03:05:24.517Z,32.86,81.9,176.65
secado-fermentacion-01,2026-09-27T03:03:24.372Z,33.49,77.7,176.29
secado-fermentacion-01,2026-09-27T03:01:24.254Z,33.74,85.3,176.25
secado-fermentacion-01,2026-09-27T02:59:24.106Z,33.11,78.7,176.63
secado-fermentacion-01,2026-09-27T02:57:23.976Z,33.3,74.5,176.35
secado-fermentacion-01,2026-09-27T02:55:23.836Z,32.9,75.5,176.81
secado-fermentacion-01,2026-09-27T02:53:23.703Z,33.04,76.1,176.54
secado-fermentacion-01,2026-09-27T02:51:23.555Z,33.25,78.2,176.7
secado-fermentacion-01,2026-09-27T02:49:23.415Z,32.57,82.8,176.61
secado-fermentacion-01,2026-09-27T02:47:23.283Z,32.82,82.4,176.84
secado-fermentacion-01,2026-09-27T02:45:23.145Z,33.54,77.7,176.55
secado-fermentacion-01,2026-09-27T02:43:23.004Z,33.02,84.5,176.88
secado-fermentacion-01,2026-09-27T02:41:22.864Z,33.35,84.2,176.55
secado-fermentacion-01,2026-09-27T02:39:22.728Z,32.72,79.5,176.32
secado-fermentacion-01,2026-09-27T02:37:22.594Z,33.43,74.5,176.41
secado-fermentacion-01,2026-09-27T02:35:22.455Z,33.71,85.7,176.65
secado-fermentacion-01,2026-09-27T02:33:22.319Z,33.17,77,176.79
secado-fermentacion-01,2026-09-27T02:31:22.177Z,33.22,74,176.78
secado-fermentacion-01,2026-09-27T02:29:22.044Z,33.55,83.3,176.5
secado-fermentacion-01,2026-09-27T02:27:21.904Z,33.48,85.6,176.37
secado-fermentacion-01,2026-09-27T02:25:21.771Z,32.71,79.4,176.51
secado-fermentacion-01,2026-09-27T02:23:21.637Z,33.09,80.6,176.41
secado-fermentacion-01,2026-09-27T02:21:21.493Z,33.67,77.2,176.78
secado-fermentacion-01,2026-09-27T02:19:21.351Z,32.59,75.4,176.56
secado-fermentacion-01,2026-09-27T02:17:21.211Z,33.07,78.1,176.78
secado-fermentacion-01,2026-09-27T02:15:21.079Z,33.21,76.6,176.92
secado-fermentacion-01,2026-09-27T02:13:20.937Z,33.56,85.3,176.87
secado-fermentacion-01,2026-09-27T02:11:20.79Z,32.73,83.6,176.94
secado-fermentacion-01,2026-09-27T02:09:20.638Z,33.53,75.8,176.45
secado-fermentacion-01,2026-09-27T02:07:20.499Z,33.46,80.1,176.88
secado-fermentacion-01,2026-09-27T02:05:20.355Z,33.13,79.6,176.48
secado-fermentacion-01,2026-09-27T02:03:20.223Z,33.55,79,176.54
secado-fermentacion-01,2026-09-27T02:01:20.078Z,33.18,84.4,176.81
secado-fermentacion-01,2026-09-27T01:59:19.946Z,33.28,75.9,176.48
secado-fermentacion-01,2026-09-27T01:57:19.805Z,33.54,81.7,176.62
secado-fermentacion-01,2026-09-27T01:55:19.666Z,33.3,78.2,176.84
secado-fermentacion-01,2026-09-27T01:53:19.526Z,33.56,76,176.72
secado-fermentacion-01,2026-09-27T01:51:19.373Z,32.94,75.1,176.76
secado-fermentacion-01,2026-09-27T01:49:19.246Z,32.62,80.4,176.69
secado-fermentacion-01,2026-09-27T01:47:19.104Z,33.57,85.8,176.51
secado-fermentacion-01,2026-09-27T01:45:18.961Z,33.43,81.4,176.61
secado-fermentacion-01,2026-09-27T01:43:18.831Z,32.99,82.8,176.83
secado-fermentacion-01,2026-09-27T01:41:18.699Z,32.77,82.2,176.79
secado-fermentacion-01,2026-09-27T01:39:18.574Z,32.66,84.5,176.57
secado-fermentacion-01,2026-09-27T01:37:18.43Z,32.57,76.3,176.82
secado-fermentacion-01,2026-09-27T01:35:18.291Z,33.08,82.8,176.63
secado-fermentacion-01,2026-09-27T01:33:18.128Z,32.81,84.9,177.05
secado-fermentacion-01,2026-09-27T01:31:17.994Z,33.18,78.6,176.96
secado-fermentacion-01,2026-09-27T01:29:17.86Z,33.55,79.9,176.69
secado-fermentacion-01,2026-09-27T01:27:17.712Z,33.07,75.2,176.91
secado-fermentacion-01,2026-09-27T01:25:17.574Z,33.32,75.3,176.62
secado-fermentacion-01,2026-09-27T01:23:17.421Z,33.17,83,176.88
secado-fermentacion-01,2026-09-27T01:21:17.295Z,32.77,77.2,176.69
secado-fermentacion-01,2026-09-27T01:19:17.088Z,32.47,80.2,176.85
secado-fermentacion-01,2026-09-27T00:47:36.541Z,33.39,78.9,177.08
secado-fermentacion-01,2026-09-27T00:45:36.406Z,32.63,78.2,177.16
secado-fermentacion-01,2026-09-27T00:43:36.28Z,33.46,85.4,176.64
secado-fermentacion-01,2026-09-27T00:41:36.128Z,33.1,85.9,176.91
secado-fermentacion-01,2026-09-27T00:39:35.989Z,33.11,74.5,177.16
secado-fermentacion-01,2026-09-27T00:37:35.834Z,32.55,83.8,177.21
secado-fermentacion-01,2026-09-27T00:35:35.704Z,33.21,76,177.14
secado-fermentacion-01,2026-09-27T00:33:35.548Z,33.29,80.7,177.04
secado-fermentacion-01,2026-09-27T00:31:35.404Z,33,75.8,176.85
secado-fermentacion-01,2026-09-27T00:29:35.257Z,32.87,78.5,176.79
secado-fermentacion-01,2026-09-27T00:27:35.11Z,33.26,85.6,176.97
secado-fermentacion-01,2026-09-27T00:25:34.972Z,33.41,75,176.91
secado-fermentacion-01,2026-09-27T00:23:34.829Z,33.2,85.8,177.24
secado-fermentacion-01,2026-09-27T00:21:34.675Z,33.31,74.5,177.1
secado-fermentacion-01,2026-09-27T00:19:34.533Z,32.87,79.2,177.25
secado-fermentacion-01,2026-09-27T00:17:34.382Z,32.63,76.4,177.02
secado-fermentacion-01,2026-09-27T00:15:34.246Z,32.36,79.8,177.11
secado-fermentacion-01,2026-09-27T00:13:34.106Z,32.48,83,176.93
secado-fermentacion-01,2026-09-27T00:11:33.971Z,33.11,77.6,177.22
secado-fermentacion-01,2026-09-27T00:09:33.827Z,32.6,79.6,177.23
secado-fermentacion-01,2026-09-27T00:07:33.69Z,33,83.6,176.92
secado-fermentacion-01,2026-09-27T00:05:33.552Z,32.49,85.9,177.04
secado-fermentacion-01,2026-09-27T00:03:33.399Z,33.33,83.1,177.3
secado-fermentacion-01,2026-09-27T00:01:33.261Z,32.94,84.5,176.99
secado-fermentacion-01,2026-09-26T23:59:33.105Z,33.06,82.1,177.15
secado-fermentacion-01,2026-09-26T23:57:32.967Z,33.13,74,177.27
secado-fermentacion-01,2026-09-26T23:55:32.811Z,33.4,74.1,177.05
secado-fermentacion-01,2026-09-26T23:53:32.675Z,33.13,79.4,177.35
secado-fermentacion-01,2026-09-26T23:51:32.525Z,33.26,80.6,176.82
secado-fermentacion-01,2026-09-26T23:49:32.375Z,33.03,85.1,177.37
secado-fermentacion-01,2026-09-26T23:47:32.242Z,33.06,81.3,176.96
secado-fermentacion-01,2026-09-26T23:45:32.097Z,32.76,77.5,176.99
secado-fermentacion-01,2026-09-26T23:43:31.946Z,32.43,78.9,177.11
secado-fermentacion-01,2026-09-26T23:41:31.805Z,33.01,76.9,177.28
secado-fermentacion-01,2026-09-26T23:39:31.664Z,32.71,75.8,177.4
secado-fermentacion-01,2026-09-26T23:37:31.508Z,32.3,77.5,177.35
secado-fermentacion-01,2026-09-26T23:35:31.378Z,32.48,84.7,176.95
secado-fermentacion-01,2026-09-26T23:33:31.244Z,32.69,85.2,177.4
secado-fermentacion-01,2026-09-26T23:31:31.087Z,32.44,82.6,177.16
secado-fermentacion-01,2026-09-26T23:29:30.938Z,32.47,83.2,177.21
secado-fermentacion-01,2026-09-26T23:27:30.793Z,32.77,81.9,177.11
secado-fermentacion-01,2026-09-26T23:25:30.653Z,32.56,85.5,177.4
secado-fermentacion-01,2026-09-26T23:23:30.509Z,32.44,75.8,176.85
secado-fermentacion-01,2026-09-26T23:21:30.356Z,32.65,83.2,177.12
secado-fermentacion-01,2026-09-26T23:19:30.214Z,33.27,78.2,177.09
secado-fermentacion-01,2026-09-26T23:17:30.072Z,32.67,79.3,177.34
secado-fermentacion-01,2026-09-26T23:15:29.938Z,32.73,81,177.38
secado-fermentacion-01,2026-09-26T23:13:29.788Z,32.69,80.3,176.98
secado-fermentacion-01,2026-09-26T23:11:29.64Z,32.28,81.3,177.3
secado-fermentacion-01,2026-09-26T23:09:29.496Z,32.47,78.7,177.34
secado-fermentacion-01,2026-09-26T23:07:29.36Z,32.5,78.7,177
secado-fermentacion-01,2026-09-26T23:05:29.213Z,32.83,74.5,177.13
secado-fermentacion-01,2026-09-26T23:03:29.07Z,32.83,75.2,177.11
secado-fermentacion-01,2026-09-26T23:01:28.925Z,33.23,84,177.48
secado-fermentacion-01,2026-09-26T22:59:28.788Z,32.98,76,177.06
secado-fermentacion-01,2026-09-26T22:57:28.647Z,32.89,82.1,177.04
secado-fermentacion-01,2026-09-26T22:55:28.501Z,32.57,78.2,177.22
secado-fermentacion-01,2026-09-26T22:53:28.37Z,32.36,78.4,177.11
secado-fermentacion-01,2026-09-26T22:51:28.217Z,32.65,85.7,177.44
secado-fermentacion-01,2026-09-26T22:49:28.071Z,32.95,82.6,177.35
secado-fermentacion-01,2026-09-26T22:47:27.938Z,32.73,81.7,177.35
secado-fermentacion-01,2026-09-26T22:45:27.79Z,32.42,83.7,177.44
secado-fermentacion-01,2026-09-26T22:43:27.649Z,32.23,76.1,177.43
secado-fermentacion-01,2026-09-26T22:41:27.508Z,33.16,75,177.33
secado-fermentacion-01,2026-09-26T22:39:27.349Z,32.65,82.5,177.4
secado-fermentacion-01,2026-09-26T22:37:27.219Z,32.27,75.2,176.98
secado-fermentacion-01,2026-09-26T22:35:27.066Z,33.12,75.3,177.52
secado-fermentacion-01,2026-09-26T22:33:26.935Z,33.28,84.9,177.24
secado-fermentacion-01,2026-09-26T22:31:26.793Z,32.9,85.7,177.35
secado-fermentacion-01,2026-09-26T22:29:26.65Z,33.07,74.3,177.36
secado-fermentacion-01,2026-09-26T22:27:26.504Z,32.26,85.7,177.19
secado-fermentacion-01,2026-09-26T22:25:26.353Z,33.1,83.7,177.3
secado-fermentacion-01,2026-09-26T22:23:26.227Z,33.24,83.5,177.13
secado-fermentacion-01,2026-09-26T22:21:26.079Z,32.6,77.1,177.36
secado-fermentacion-01,2026-09-26T22:19:25.946Z,32.81,82.7,177.49
secado-fermentacion-01,2026-09-26T22:17:25.804Z,33.2,83.7,177.43
secado-fermentacion-01,2026-09-26T22:15:25.666Z,33.05,82.1,177.52
secado-fermentacion-01,2026-09-26T22:13:25.522Z,32.33,81,177.6
secado-fermentacion-01,2026-09-26T22:11:25.382Z,33.18,80.9,177.53
secado-fermentacion-01,2026-09-26T22:09:25.236Z,32.14,79.8,177.22
secado-fermentacion-01,2026-09-26T22:07:25.11Z,33.17,76.1,177.62
secado-fermentacion-01,2026-09-26T22:05:24.969Z,32.51,83.2,177.64
secado-fermentacion-01,2026-09-26T22:03:24.816Z,32.68,77.4,177.18
secado-fermentacion-01,2026-09-26T22:01:24.661Z,32.6,85.4,177.34
secado-fermentacion-01,2026-09-26T21:59:24.475Z,32.99,77,177.34
secado-fermentacion-01,2026-09-26T21:57:24.328Z,32.06,78.6,177.41
secado-fermentacion-01,2026-09-26T21:55:24.195Z,32.8,81.3,177.56
secado-fermentacion-01,2026-09-26T21:53:24.049Z,32.2,82.6,177.48
secado-fermentacion-01,2026-09-26T21:51:23.892Z,32.33,79.2,177.49
secado-fermentacion-01,2026-09-26T21:49:23.753Z,32.16,83.8,177.12
secado-fermentacion-01,2026-09-26T21:47:23.602Z,33.13,80.1,177.47
secado-fermentacion-01,2026-09-26T21:45:23.464Z,32.67,85.6,177.47
secado-fermentacion-01,2026-09-26T21:43:23.323Z,32.8,78.4,177.46
secado-fermentacion-01,2026-09-26T21:41:23.186Z,32.27,82.4,177.18
secado-fermentacion-01,2026-09-26T21:39:23.05Z,32.56,78.8,177.38
secado-fermentacion-01,2026-09-26T21:37:22.9Z,32.3,84.2,177.29
secado-fermentacion-01,2026-09-26T21:35:22.783Z,32.22,84.1,177.3
secado-fermentacion-01,2026-09-26T21:33:22.645Z,33.11,84.6,177.36
secado-fermentacion-01,2026-09-26T21:31:22.502Z,33.11,79.7,177.23
secado-fermentacion-01,2026-09-26T21:29:22.361Z,33.1,77.7,177.51
secado-fermentacion-01,2026-09-26T20:57:41.758Z,32.22,74.2,177.51
secado-fermentacion-01,2026-09-26T20:55:41.625Z,32.59,77.2,177.59
secado-fermentacion-01,2026-09-26T20:53:41.485Z,32.25,82.5,177.37
secado-fermentacion-01,2026-09-26T20:51:41.349Z,31.94,81.6,177.49
secado-fermentacion-01,2026-09-26T20:49:41.195Z,32.66,74.5,177.79
secado-fermentacion-01,2026-09-26T20:47:41.051Z,32.64,79.3,177.74
secado-fermentacion-01,2026-09-26T20:45:40.922Z,32.48,85.2,177.67
secado-fermentacion-01,2026-09-26T20:43:40.79Z,32.44,77.9,177.47
secado-fermentacion-01,2026-09-26T20:41:40.645Z,32.88,76.3,177.76
secado-fermentacion-01,2026-09-26T20:39:40.505Z,32.34,79.3,177.62
secado-fermentacion-01,2026-09-26T20:37:40.367Z,32.35,79.4,177.68
secado-fermentacion-01,2026-09-26T20:35:40.219Z,32.57,76.9,177.83
secado-fermentacion-01,2026-09-26T20:33:40.068Z,33.09,78.5,177.47
secado-fermentacion-01,2026-09-26T20:31:39.86Z,32.54,81,177.81
secado-fermentacion-01,2026-09-26T20:29:39.714Z,32.51,74.6,177.75
secado-fermentacion-01,2026-09-26T20:27:39.57Z,31.93,85.9,177.43
secado-fermentacion-01,2026-09-26T20:25:39.418Z,32.58,78.9,177.93
secado-fermentacion-01,2026-09-26T20:23:39.277Z,32.89,76.7,177.63
secado-fermentacion-01,2026-09-26T20:21:39.142Z,32.39,77.1,177.79
secado-fermentacion-01,2026-09-26T20:19:38.993Z,32.49,80.2,177.84
secado-fermentacion-01,2026-09-26T20:17:38.839Z,32.51,75.8,177.49
secado-fermentacion-01,2026-09-26T20:15:38.7Z,32.68,74.7,177.44
secado-fermentacion-01,2026-09-26T20:13:38.556Z,32.99,83.9,177.9
secado-fermentacion-01,2026-09-26T20:11:38.405Z,31.86,85.8,177.81
secado-fermentacion-01,2026-09-26T20:09:38.26Z,31.89,75.8,177.52
secado-fermentacion-01,2026-09-26T20:07:38.113Z,32.85,85.1,177.76
secado-fermentacion-01,2026-09-26T20:05:37.959Z,31.91,78.2,177.95
secado-fermentacion-01,2026-09-26T20:03:37.827Z,32.47,77.7,177.93
secado-fermentacion-01,2026-09-26T20:01:37.681Z,32.47,79.5,177.42
secado-fermentacion-01,2026-09-26T19:59:37.544Z,32.76,76.4,177.51
secado-fermentacion-01,2026-09-26T19:57:37.399Z,32.76,81.9,177.53
secado-fermentacion-01,2026-09-26T19:55:37.262Z,31.99,83,177.73
secado-fermentacion-01,2026-09-26T19:53:37.118Z,32.48,82.3,177.85
secado-fermentacion-01,2026-09-26T19:51:36.98Z,32.02,85.9,177.7
secado-fermentacion-01,2026-09-26T19:49:36.829Z,31.98,83,177.66
secado-fermentacion-01,2026-09-26T19:47:36.693Z,32.23,84.9,178.02
secado-fermentacion-01,2026-09-26T19:45:36.554Z,32.18,81.2,178.01
secado-fermentacion-01,2026-09-26T19:43:36.408Z,32.92,84.9,177.71
secado-fermentacion-01,2026-09-26T19:41:36.254Z,32.99,86,177.64
secado-fermentacion-01,2026-09-26T19:39:36.111Z,32.64,82.8,177.74
secado-fermentacion-01,2026-09-26T19:37:35.962Z,32.21,83.5,177.84
secado-fermentacion-01,2026-09-26T19:35:35.824Z,32.06,84.5,178.03
secado-fermentacion-01,2026-09-26T19:33:35.671Z,32.31,76.6,177.5
secado-fermentacion-01,2026-09-26T19:31:35.537Z,32.06,82.1,177.79
secado-fermentacion-01,2026-09-26T19:29:35.407Z,32.2,75.5,177.53
secado-fermentacion-01,2026-09-26T19:27:35.267Z,32.31,85.9,177.52
secado-fermentacion-01,2026-09-26T19:25:35.127Z,31.82,82.7,177.54
secado-fermentacion-01,2026-09-26T19:23:34.983Z,32.21,80.2,177.92
secado-fermentacion-01,2026-09-26T19:21:34.835Z,31.85,74.1,177.57
secado-fermentacion-01,2026-09-26T19:19:34.698Z,32.13,84.7,177.73
secado-fermentacion-01,2026-09-26T19:17:34.42Z,32.54,78.5,177.83
secado-fermentacion-01,2026-09-26T19:15:34.289Z,32.83,84.5,177.71
secado-fermentacion-01,2026-09-26T19:13:34.148Z,32.19,80,177.55
secado-fermentacion-01,2026-09-26T19:11:34.005Z,32.04,74.4,177.83
secado-fermentacion-01,2026-09-26T19:09:33.86Z,32.49,75,178.05
secado-fermentacion-01,2026-09-26T19:07:33.706Z,32.11,77.9,177.58
secado-fermentacion-01,2026-09-26T19:05:33.566Z,32.41,83.8,177.75
secado-fermentacion-01,2026-09-26T19:03:33.413Z,31.92,74.1,177.86
secado-fermentacion-01,2026-09-26T19:01:33.269Z,32.61,77.8,177.86
secado-fermentacion-01,2026-09-26T18:59:33.127Z,32.38,75.4,177.84
secado-fermentacion-01,2026-09-26T18:57:32.992Z,32.56,83.1,178.03
secado-fermentacion-01,2026-09-26T18:55:32.83Z,31.77,85.7,177.99
secado-fermentacion-01,2026-09-26T18:53:32.693Z,31.93,84.5,177.98
secado-fermentacion-01,2026-09-26T18:51:32.562Z,32.68,85.2,178.19
secado-fermentacion-01,2026-09-26T18:49:32.429Z,32.13,85.1,177.7
secado-fermentacion-01,2026-09-26T18:47:32.277Z,32.8,77.7,178.15
secado-fermentacion-01,2026-09-26T18:45:32.133Z,32.01,82.6,178.05
secado-fermentacion-01,2026-09-26T18:43:31.986Z,32.42,78,177.82
secado-fermentacion-01,2026-09-26T18:41:31.853Z,32.49,82.8,178.12
secado-fermentacion-01,2026-09-26T18:39:31.708Z,32.03,77.3,177.93
secado-fermentacion-01,2026-09-26T18:37:31.569Z,32.15,81.7,177.68
secado-fermentacion-01,2026-09-26T18:35:31.431Z,32,79.8,177.82
secado-fermentacion-01,2026-09-26T18:33:31.281Z,32.88,81.3,177.81
secado-fermentacion-01,2026-09-26T18:31:31.142Z,32.14,79.4,178.07
secado-fermentacion-01,2026-09-26T18:29:30.991Z,31.96,84.5,177.9
secado-fermentacion-01,2026-09-26T18:27:30.853Z,32.07,75.1,177.84
secado-fermentacion-01,2026-09-26T18:25:30.692Z,31.85,79.2,178.13
secado-fermentacion-01,2026-09-26T18:23:30.569Z,32.69,80.9,177.72
secado-fermentacion-01,2026-09-26T18:21:30.422Z,32.38,83.3,177.73
secado-fermentacion-01,2026-09-26T18:19:30.282Z,31.8,83.2,177.74
secado-fermentacion-01,2026-09-26T18:17:30.132Z,32.26,83.1,178.18
secado-fermentacion-01,2026-09-26T18:15:29.989Z,31.95,79,178.25
secado-fermentacion-01,2026-09-26T18:13:29.853Z,32.37,84.2,177.74
secado-fermentacion-01,2026-09-26T18:11:29.684Z,32.11,84.3,178.21
secado-fermentacion-01,2026-09-26T18:09:29.538Z,31.74,83,177.79
secado-fermentacion-01,2026-09-26T18:07:29.402Z,32.6,78,178.25
secado-fermentacion-01,2026-09-26T18:05:29.253Z,32.1,80.4,178.25
secado-fermentacion-01,2026-09-26T18:03:29.122Z,32.2,74.7,177.87
secado-fermentacion-01,2026-09-26T18:01:28.992Z,32.16,76.8,178.34
secado-fermentacion-01,2026-09-26T17:59:28.846Z,32.64,80.4,177.81
secado-fermentacion-01,2026-09-26T17:57:28.692Z,31.86,83.6,177.94
secado-fermentacion-01,2026-09-26T17:55:28.544Z,31.78,78,178.33
secado-fermentacion-01,2026-09-26T17:53:28.412Z,31.75,79,178.13
secado-fermentacion-01,2026-09-26T17:51:28.267Z,32.03,81.4,177.92
secado-fermentacion-01,2026-09-26T17:49:28.118Z,31.74,85,178.18
secado-fermentacion-01,2026-09-26T17:47:27.978Z,31.96,85.6,178.11
secado-fermentacion-01,2026-09-26T17:45:27.828Z,32.37,83.1,178.28
secado-fermentacion-01,2026-09-26T17:43:27.689Z,32.37,85.9,177.83
secado-fermentacion-01,2026-09-26T17:41:27.537Z,32.51,81.8,178.04
secado-fermentacion-01,2026-09-26T17:39:27.395Z,32.09,79.2,178
secado-fermentacion-01,2026-09-26T17:07:46.801Z,32.19,74.5,178.37
secado-fermentacion-01,2026-09-26T17:05:46.655Z,32.7,74.9,178.31
secado-fermentacion-01,2026-09-26T17:03:46.518Z,31.65,75.8,177.99
secado-fermentacion-01,2026-09-26T17:01:46.373Z,32.26,84.1,178.05
secado-fermentacion-01,2026-09-26T16:59:46.234Z,31.9,76,178.04
secado-fermentacion-01,2026-09-26T16:57:46.1Z,32.31,74.5,178.45
secado-fermentacion-01,2026-09-26T16:55:45.946Z,31.69,80.8,178.45
secado-fermentacion-01,2026-09-26T16:53:45.805Z,31.89,82,178.46
secado-fermentacion-01,2026-09-26T16:51:45.663Z,32.03,75.8,178.13
secado-fermentacion-01,2026-09-26T16:49:45.529Z,32.11,80.8,178.51
secado-fermentacion-01,2026-09-26T16:47:45.383Z,32.12,80.9,178.3
secado-fermentacion-01,2026-09-26T16:45:45.246Z,31.58,76.3,177.97
secado-fermentacion-01,2026-09-26T16:43:45.103Z,32.26,83.1,178.3
secado-fermentacion-01,2026-09-26T16:41:44.968Z,31.81,82,178.08
secado-fermentacion-01,2026-09-26T16:39:44.823Z,32.37,75.1,178.28
secado-fermentacion-01,2026-09-26T16:37:44.686Z,31.94,82.3,178.06
secado-fermentacion-01,2026-09-26T16:35:44.544Z,31.75,77.6,178.17
secado-fermentacion-01,2026-09-26T16:33:44.408Z,31.6,81.3,178.58
secado-fermentacion-01,2026-09-26T16:31:44.269Z,32.42,76,178.53
secado-fermentacion-01,2026-09-26T16:29:44.118Z,31.93,75.7,178.11
secado-fermentacion-01,2026-09-26T16:27:43.988Z,32.03,77,178.3
secado-fermentacion-01,2026-09-26T16:25:43.854Z,31.97,74.7,178.57
secado-fermentacion-01,2026-09-26T16:23:43.715Z,32.38,74.1,178.24
secado-fermentacion-01,2026-09-26T16:21:43.579Z,31.58,81.8,178.4
secado-fermentacion-01,2026-09-26T16:19:43.431Z,32.07,84.6,178.18
secado-fermentacion-01,2026-09-26T16:17:43.296Z,32.25,80.7,178.26
secado-fermentacion-01,2026-09-26T16:15:43.16Z,32.08,77.6,178.61
secado-fermentacion-01,2026-09-26T16:13:43.015Z,31.49,77.1,178.45
secado-fermentacion-01,2026-09-26T16:11:42.881Z,31.7,79.2,178.46
secado-fermentacion-01,2026-09-26T16:09:42.723Z,31.79,78.4,178.12
secado-fermentacion-01,2026-09-26T16:07:42.584Z,31.76,82.8,178.57
secado-fermentacion-01,2026-09-26T16:05:42.443Z,32.33,79.2,178.57
secado-fermentacion-01,2026-09-26T16:03:42.298Z,31.84,81.2,178.2
secado-fermentacion-01,2026-09-26T16:01:42.172Z,32.56,80.6,178.23
secado-fermentacion-01,2026-09-26T15:59:42.019Z,32.42,79.2,178.58
secado-fermentacion-01,2026-09-26T15:57:41.888Z,31.78,83.4,178.43
secado-fermentacion-01,2026-09-26T15:55:41.74Z,31.99,83.9,178.56
secado-fermentacion-01,2026-09-26T15:53:41.598Z,32.47,74.8,178.14
secado-fermentacion-01,2026-09-26T15:51:41.459Z,31.5,83.1,178.21
secado-fermentacion-01,2026-09-26T15:49:41.321Z,32.03,79.7,178.42
secado-fermentacion-01,2026-09-26T15:47:41.179Z,31.96,77.9,178.48
secado-fermentacion-01,2026-09-26T15:45:41.036Z,31.89,82.4,178.49
secado-fermentacion-01,2026-09-26T15:43:40.917Z,32.38,75.5,178.28
secado-fermentacion-01,2026-09-26T15:41:40.761Z,31.98,76.2,178.2
secado-fermentacion-01,2026-09-26T15:39:40.621Z,31.41,75.1,178.53
secado-fermentacion-01,2026-09-26T15:37:40.478Z,32.02,84,178.57
secado-fermentacion-01,2026-09-26T15:35:40.348Z,32.38,82.1,178.46
secado-fermentacion-01,2026-09-26T15:33:40.198Z,32.44,80.5,178.42
secado-fermentacion-01,2026-09-26T15:31:40.054Z,31.78,85.1,178.4
secado-fermentacion-01,2026-09-26T15:29:39.912Z,32.55,78.5,178.63
secado-fermentacion-01,2026-09-26T15:27:39.773Z,32.08,85.1,178.54
secado-fermentacion-01,2026-09-26T15:25:39.631Z,32.42,81.7,178.42
secado-fermentacion-01,2026-09-26T15:23:39.488Z,31.4,83.2,178.63
secado-fermentacion-01,2026-09-26T15:21:39.339Z,31.99,77.8,178.66
secado-fermentacion-01,2026-09-26T15:19:39.205Z,31.64,82.6,178.49
secado-fermentacion-01,2026-09-26T15:17:39.054Z,32.25,81,178.48
secado-fermentacion-01,2026-09-26T15:15:38.917Z,31.67,76.2,178.65
secado-fermentacion-01,2026-09-26T15:13:38.799Z,31.56,80.5,178.43
secado-fermentacion-01,2026-09-26T15:11:38.64Z,32,79.1,178.43
secado-fermentacion-01,2026-09-26T15:09:38.515Z,31.4,83.3,178.45
secado-fermentacion-01,2026-09-26T15:07:38.368Z,31.35,85.7,178.34
secado-fermentacion-01,2026-09-26T15:05:38.233Z,31.57,74.8,178.53
secado-fermentacion-01,2026-09-26T15:03:38.084Z,32.25,77.3,178.58
secado-fermentacion-01,2026-09-26T15:01:37.943Z,31.39,77.7,178.51
secado-fermentacion-01,2026-09-26T14:59:37.804Z,32.05,76.6,178.76
secado-fermentacion-01,2026-09-26T14:57:37.659Z,32.28,74.2,178.73
secado-fermentacion-01,2026-09-26T14:55:37.527Z,32.38,83.8,178.62
secado-fermentacion-01,2026-09-26T14:53:37.338Z,31.89,77.2,178.33
secado-fermentacion-01,2026-09-26T14:51:37.197Z,31.8,79.1,178.47
secado-fermentacion-01,2026-09-26T14:49:37.069Z,31.8,77.7,178.68
secado-fermentacion-01,2026-09-26T14:47:36.915Z,31.73,82.9,178.63
secado-fermentacion-01,2026-09-26T14:45:36.776Z,31.72,74.7,178.33
secado-fermentacion-01,2026-09-26T14:43:36.639Z,31.79,84.9,178.66
secado-fermentacion-01,2026-09-26T14:41:36.489Z,32.04,81.6,178.67
secado-fermentacion-01,2026-09-26T14:39:36.34Z,31.63,77,178.31
secado-fermentacion-01,2026-09-26T14:37:36.211Z,32.4,83.2,178.76
secado-fermentacion-01,2026-09-26T14:35:36.069Z,31.64,74.4,178.51
secado-fermentacion-01,2026-09-26T14:33:35.922Z,31.95,85.7,178.47
secado-fermentacion-01,2026-09-26T14:31:35.784Z,31.37,84.9,178.79
secado-fermentacion-01,2026-09-26T14:29:35.645Z,31.58,74.9,178.86
secado-fermentacion-01,2026-09-26T14:27:35.503Z,31.93,81.3,178.94
secado-fermentacion-01,2026-09-26T14:25:35.362Z,31.68,81,178.82
secado-fermentacion-01,2026-09-26T14:23:35.214Z,31.39,78,178.8
secado-fermentacion-01,2026-09-26T14:21:35.068Z,31.42,74.8,178.62
secado-fermentacion-01,2026-09-26T14:19:34.934Z,31.67,81.2,178.82
secado-fermentacion-01,2026-09-26T14:17:34.799Z,31.35,78.1,178.76
secado-fermentacion-01,2026-09-26T14:15:34.655Z,31.7,83.6,178.93
secado-fermentacion-01,2026-09-26T14:13:34.517Z,32.13,85.7,178.58
secado-fermentacion-01,2026-09-26T14:11:34.374Z,31.89,81.6,178.63
secado-fermentacion-01,2026-09-26T14:09:34.237Z,31.7,78.1,178.69
secado-fermentacion-01,2026-09-26T14:07:34.084Z,31.92,85.6,178.43
secado-fermentacion-01,2026-09-26T14:05:33.945Z,32.05,81,178.48
secado-fermentacion-01,2026-09-26T14:03:33.812Z,32.1,80.2,178.65
secado-fermentacion-01,2026-09-26T14:01:33.663Z,31.77,76.5,178.94
secado-fermentacion-01,2026-09-26T13:59:33.527Z,31.97,82.2,178.65
secado-fermentacion-01,2026-09-26T13:57:33.376Z,32.23,76.8,178.72
secado-fermentacion-01,2026-09-26T13:55:33.236Z,32.29,75.1,178.83
secado-fermentacion-01,2026-09-26T13:53:33.086Z,31.33,85.3,178.95
secado-fermentacion-01,2026-09-26T13:51:32.939Z,31.38,80.1,178.68
secado-fermentacion-01,2026-09-26T13:49:32.799Z,31.52,81.4,178.83
